query_id,ndcg10_ft_small,mrr_ft_small,recall10_ft_small,ndcg10_lora,mrr_lora,recall10_lora,ndcg10_ft_base,mrr_ft_base,recall10_ft_base
4,1.0,1.0,0.29411764705882354,1.0,1.0,0.29411764705882354,1.0,1.0,0.29411764705882354
130,1.0,1.0,1.0,1.0,1.0,1.0,1.0,1.0,1.0
155,0.7653606369886217,1.0,0.6666666666666666,0.0,0.08333333333333333,0.0,0.49818925746641285,0.5,0.6666666666666666
210,0.3333333333333333,0.14285714285714285,1.0,0.3562071871080222,0.16666666666666666,1.0,0.43067655807339306,0.25,1.0
232,0.841492960259019,1.0,0.6153846153846154,0.7967610662472993,1.0,0.5384615384615384,0.7116179486056783,1.0,0.46153846153846156
237,0.13886244387355456,0.5,0.09090909090909091,0.349966777951421,1.0,0.2727272727272727,0.6214990811334173,0.5,0.6363636363636364
245,0.7162874455029682,0.5,0.4,0.4883491838252098,0.5,0.25,0.73855677575495,1.0,0.35
248,0.2658200052773918,0.5,0.2222222222222222,0.5682963021961283,1.0,0.4444444444444444,0.3737447110538568,1.0,0.3333333333333333
260,0.1909208661789347,0.5,0.16666666666666666,0.3026024134988135,1.0,0.16666666666666666,0.3026024134988135,1.0,0.16666666666666666
266,1.0,1.0,0.2702702702702703,1.0,1.0,0.2702702702702703,1.0,1.0,0.2702702702702703
270,0.727329844310522,1.0,0.5,0.6316243658611128,1.0,0.5,0.7151857987862358,1.0,0.5
369,0.9363792118010483,1.0,0.3333333333333333,0.9216017310213247,1.0,0.3333333333333333,1.0,1.0,0.37037037037037035
375,0.8486026589039901,1.0,0.3333333333333333,0.9216017310213247,1.0,0.375,0.9216017310213247,1.0,0.375
425,0.46047467141697834,0.5,0.5,0.2799049256968263,0.25,0.375,0.23938361568734454,0.5,0.25
592,0.43707943365237834,1.0,0.42857142857142855,0.27487633291429087,1.0,0.14285714285714285,0.4995958068998837,1.0,0.42857142857142855
672,0.4412576003965278,1.0,0.4,0.660108188927379,1.0,0.8,0.45221360703148816,1.0,0.4
701,0.9363792118010483,1.0,0.5,0.9337457765456111,1.0,0.5,0.9363792118010483,1.0,0.5
702,1.0,1.0,0.6666666666666666,1.0,1.0,0.6666666666666666,1.0,1.0,0.6666666666666666
740,0.6684881776649959,1.0,0.5714285714285714,0.6966213915501555,0.5,0.8571428571428571,0.751913064286563,1.0,0.7142857142857143
747,0.4006705181006301,0.5,0.2857142857142857,0.29409459795966886,0.25,0.2857142857142857,0.22082856303278733,0.2,0.21428571428571427
811,0.857980942822373,1.0,0.34782608695652173,0.8482378089219648,1.0,0.34782608695652173,0.8454256604216018,1.0,0.34782608695652173
828,0.5509662124799076,1.0,0.2631578947368421,0.543100812154742,0.5,0.3157894736842105,0.6145870006788593,1.0,0.3157894736842105
851,0.7279965505724832,1.0,0.6666666666666666,0.5884007307468622,1.0,0.5555555555555556,0.7407933245435487,1.0,0.6666666666666666
852,0.5637884576902257,1.0,0.3333333333333333,0.49509403248815553,0.5,0.4166666666666667,0.5637884576902257,1.0,0.3333333333333333
855,1.0,1.0,0.3125,1.0,1.0,0.3125,0.9052116356304495,1.0,0.28125
882,0.38685280723454163,0.2,1.0,0.3562071871080222,0.16666666666666666,1.0,0.3562071871080222,0.16666666666666666,1.0
888,0.7631925784528223,1.0,0.5384615384615384,0.8200685179888284,1.0,0.6153846153846154,0.7682269253321375,1.0,0.5384615384615384
901,0.62851089260591,0.5,0.5833333333333334,0.713654010247531,0.5,0.6666666666666666,0.7510916729774055,1.0,0.6666666666666666
937,0.6901935063354876,1.0,0.4,0.6530488081313036,1.0,0.4,0.7100226348397881,1.0,0.4666666666666667
1122,1.0,1.0,0.29411764705882354,1.0,1.0,0.29411764705882354,1.0,1.0,0.29411764705882354
1126,0.3187704634136789,1.0,0.2222222222222222,0.33627415762678564,1.0,0.2222222222222222,0.2350455494144854,1.0,0.1111111111111111
1170,1.0,1.0,0.7142857142857143,1.0,1.0,0.7142857142857143,0.9363792118010483,1.0,0.6428571428571429
1178,0.0,0.043478260869565216,0.0,0.0,0.07692307692307693,0.0,0.0,0.07142857142857142,0.0
1368,0.9216017310213247,1.0,0.375,0.8454256604216018,1.0,0.3333333333333333,0.9337457765456111,1.0,0.375
1373,0.9135277613190136,1.0,1.0,0.8807346094186412,1.0,1.0,0.9752652438087496,1.0,1.0
1430,0.8701249883466594,1.0,0.5333333333333333,0.8364586133797037,1.0,0.5333333333333333,0.9363792118010483,1.0,0.6
1431,0.4412851793128929,1.0,0.26666666666666666,0.20483424751859092,0.3333333333333333,0.13333333333333333,0.5894280199323519,1.0,0.3333333333333333
1437,0.4772656487866462,1.0,0.375,0.5699628525923491,1.0,0.5,0.44089430605518526,1.0,0.375
1440,0.7065443116025598,0.5,0.26666666666666666,0.77990823370192,0.5,0.3,0.77990823370192,0.5,0.3
1508,1.0,1.0,1.0,1.0,1.0,1.0,1.0,1.0,1.0
1538,0.92663607790064,1.0,0.75,0.8357804136936722,1.0,0.6666666666666666,0.9052116356304495,1.0,0.75
1658,0.7034066032439749,1.0,0.6,0.718362797268624,1.0,0.6,0.6906478832608419,1.0,0.6
1727,0.32558463453628983,0.25,0.5,0.40448290061716013,0.2,0.6666666666666666,0.10086747116627115,0.14285714285714285,0.16666666666666666
1762,1.0,1.0,0.625,1.0,1.0,0.625,1.0,1.0,0.625
1798,1.0,1.0,1.0,1.0,1.0,1.0,1.0,1.0,1.0
1870,0.0,0.07692307692307693,0.0,0.0,0.034482758620689655,0.0,0.0,0.07142857142857142,0.0
1921,1.0,1.0,1.0,0.43067655807339306,0.25,1.0,1.0,1.0,1.0
1924,0.7542686714597937,1.0,0.4117647058823529,0.7000949683025057,1.0,0.4117647058823529,0.6698623505528799,0.5,0.47058823529411764
1955,1.0,1.0,0.5263157894736842,1.0,1.0,0.5263157894736842,1.0,1.0,0.5263157894736842
1959,0.38685280723454163,0.2,1.0,0.38685280723454163,0.2,1.0,0.3562071871080222,0.16666666666666666,1.0
1982,0.2601000397495698,0.25,0.3333333333333333,0.15787352928426804,0.16666666666666666,0.2222222222222222,0.25910213749656824,0.25,0.3333333333333333
1983,1.0,1.0,0.3448275862068966,1.0,1.0,0.3448275862068966,1.0,1.0,0.3448275862068966
2027,1.0,1.0,1.0,1.0,1.0,1.0,1.0,1.0,1.0
2059,0.7849818707050383,1.0,0.7,0.7116179486056783,1.0,0.6,0.7702043899253147,1.0,0.7
2107,0.3026024134988135,1.0,0.16666666666666666,0.3936948167222716,1.0,0.3333333333333333,0.3026024134988135,1.0,0.16666666666666666
2112,0.8357804136936722,1.0,0.36363636363636365,0.693761356516045,1.0,0.2727272727272727,0.769526190239283,1.0,0.3181818181818182
2115,0.8643145546088339,1.0,0.5333333333333333,1.0,1.0,0.6666666666666666,0.9216017310213247,1.0,0.6
2135,0.6366824387328317,1.0,0.5,0.3853585682515056,0.5,0.5,0.7541985434892589,1.0,0.75
2177,0.975788054854922,1.0,1.0,0.9318171001351273,1.0,1.0,0.873659246283982,1.0,1.0
2181,0.4678747406062546,1.0,0.4444444444444444,0.45829844189213576,1.0,0.4444444444444444,0.3771375656178508,1.0,0.3333333333333333
2195,0.8503449055347546,1.0,1.0,0.9197207891481876,1.0,1.0,0.9197207891481876,1.0,1.0
2210,1.0,1.0,0.5882352941176471,0.9148568823583791,1.0,0.5294117647058824,0.9305687780632229,1.0,0.5294117647058824
2213,0.7967610662472993,1.0,0.7,0.791726719367984,1.0,0.7,0.8701249883466594,1.0,0.8
2224,1.0,1.0,1.0,0.6309297535714575,0.5,1.0,1.0,1.0,1.0
2240,0.7909506325094736,1.0,0.5,0.8630152897016883,1.0,0.5714285714285714,0.8643145546088339,1.0,0.5714285714285714
2248,0.0,0.09090909090909091,0.0,0.6309297535714575,0.5,1.0,0.38685280723454163,0.2,1.0
2270,0.6366824387328317,1.0,0.5,0.6366824387328317,1.0,0.5,0.7598336331031966,1.0,0.75
2425,0.6149518506608848,1.0,0.2857142857142857,0.5114531979843773,0.5,0.2857142857142857,0.5996943318813954,1.0,0.2857142857142857
2430,0.6399441431116328,1.0,0.3333333333333333,0.643121141594021,1.0,0.3333333333333333,0.5075394027672819,1.0,0.2777777777777778
2456,0.9363792118010483,1.0,0.36,1.0,1.0,0.4,1.0,1.0,0.4
2460,0.9558295932317544,1.0,1.0,0.9558295932317544,1.0,1.0,0.9709286432396583,1.0,1.0
2467,0.6216966993238303,1.0,0.3,0.6023277671368328,1.0,0.3,0.6879509227782193,1.0,0.35
2472,0.36181498356361597,0.1111111111111111,1.0,0.45749452618986164,0.25,1.0,0.0,0.07142857142857142,0.0
2498,0.38820476264318793,0.25,0.29411764705882354,0.4193979998881983,1.0,0.23529411764705882,0.791726719367984,1.0,0.4117647058823529
2511,0.5868720866710774,1.0,0.25,0.5875502863571092,1.0,0.25,0.6659485553357845,1.0,0.2916666666666667
2512,0.37259075411082276,0.2,0.2631578947368421,0.2297956100746854,0.2,0.15789473684210525,0.28744763646920174,0.16666666666666666,0.21052631578947367
2516,0.5887498202463202,1.0,0.4166666666666667,0.6366587127404282,1.0,0.5,0.605504765619221,1.0,0.4166666666666667
2521,0.571614567891588,0.3333333333333333,0.2916666666666667,0.6004311286161026,0.5,0.2916666666666667,0.6163668470816235,0.5,0.2916666666666667
2525,0.38820476264318793,0.25,0.38461538461538464,0.35294615824339626,0.5,0.3076923076923077,0.2902597849695646,0.5,0.23076923076923078
2528,0.7909506325094736,1.0,0.3888888888888889,0.7116179486056783,1.0,0.3333333333333333,1.0,1.0,0.5555555555555556
2539,0.35805441083232703,0.5,0.42857142857142855,0.289465316692894,0.25,0.42857142857142855,0.18953836965473142,0.16666666666666666,0.2857142857142857
2544,1.0,1.0,0.4166666666666667,1.0,1.0,0.4166666666666667,1.0,1.0,0.4166666666666667
2584,0.7721596254947204,1.0,0.23333333333333334,0.6772733739526912,1.0,0.2,0.8318477135310892,1.0,0.26666666666666666
2593,0.7125523635307983,1.0,0.3333333333333333,0.5837154733670049,1.0,0.2777777777777778,0.5455017237786199,0.5,0.3333333333333333
2649,0.7573821447149967,1.0,0.3888888888888889,0.5774250016294137,0.3333333333333333,0.3888888888888889,0.9363792118010483,1.0,0.5
2677,0.8482378089219648,1.0,0.36363636363636365,1.0,1.0,0.45454545454545453,1.0,1.0,0.45454545454545453
2678,0.49075483234705974,1.0,0.4444444444444444,0.33627415762678564,1.0,0.2222222222222222,0.49544719753574207,0.5,0.5555555555555556
2691,0.3391602052736161,1.0,0.2,0.2188505885308512,0.16666666666666666,0.4,0.3391602052736161,1.0,0.2
2694,0.8415908474314977,1.0,0.4,0.92663607790064,1.0,0.45,0.9363792118010483,1.0,0.45
2769,1.0,1.0,0.30303030303030304,1.0,1.0,0.30303030303030304,1.0,1.0,0.30303030303030304
2770,0.7971998030554314,1.0,0.75,0.9032222912290939,1.0,0.875,0.8595719806811872,1.0,0.875
2793,0.9216017310213247,1.0,0.75,0.8512360941594275,1.0,0.6666666666666666,0.8482378089219648,1.0,0.6666666666666666
2799,0.8611375561264456,1.0,0.24324324324324326,0.9148568823583791,1.0,0.24324324324324326,1.0,1.0,0.2702702702702703
2800,0.5875502863571092,1.0,0.5,0.3062386434839552,0.25,0.3333333333333333,0.6180396628416766,1.0,0.5
2809,1.0,1.0,0.35714285714285715,1.0,1.0,0.35714285714285715,1.0,1.0,0.35714285714285715
2812,0.10209739512291163,0.1111111111111111,0.2,0.21398626473452756,0.5,0.2,0.14606834984270645,0.25,0.2
2829,0.7280855459907166,1.0,0.4666666666666667,0.8263333286520084,1.0,0.5333333333333333,0.6874708847784539,1.0,0.4666666666666667
2830,0.7827392871477703,1.0,0.3076923076923077,0.8200685179888284,1.0,0.3076923076923077,0.8603818544462509,1.0,0.3076923076923077
2833,0.38685280723454163,0.2,1.0,0.5,0.3333333333333333,1.0,0.3562071871080222,0.16666666666666666,1.0
2856,1.0,1.0,1.0,1.0,1.0,1.0,1.0,1.0,1.0
2933,0.7668091220635322,1.0,0.75,0.7757386182436072,1.0,0.75,0.4693608375942211,0.3333333333333333,0.75
2948,0.8899603164338973,1.0,1.0,0.9178287402913374,1.0,1.0,0.9058653015743079,1.0,1.0
2961,0.6309297535714575,0.5,1.0,1.0,1.0,1.0,1.0,1.0,1.0
3013,0.5716349530699038,0.5,0.42857142857142855,0.6214990811334173,0.5,0.5,0.6062415623539281,0.5,0.5
3059,0.6739577727076379,1.0,0.6,0.8200261225503443,1.0,0.8,0.6661998717660157,1.0,0.6
3095,0.0,0.08333333333333333,0.0,0.3562071871080222,0.16666666666666666,1.0,0.6309297535714575,0.5,1.0
3170,1.0,1.0,1.0,0.5,0.3333333333333333,1.0,1.0,1.0,1.0
3183,0.571614567891588,0.3333333333333333,0.7,0.5964984284535197,0.5,0.7,0.62851089260591,0.5,0.7
3213,0.8013122149737618,1.0,0.8,0.9284591831945489,1.0,1.0,0.8122682216087223,1.0,0.8
3214,0.7573821447149967,1.0,0.6363636363636364,0.73855677575495,1.0,0.6363636363636364,0.7353797772725618,1.0,0.6363636363636364
3252,0.9363792118010483,1.0,0.4090909090909091,0.9363792118010483,1.0,0.4090909090909091,0.9363792118010483,1.0,0.4090909090909091
3315,1.0,1.0,0.2857142857142857,1.0,1.0,0.2857142857142857,1.0,1.0,0.2857142857142857
3319,0.6096199500078984,0.5,0.75,0.7246262544989281,1.0,0.75,0.8318724637288826,1.0,0.75
3323,0.92663607790064,1.0,0.3333333333333333,1.0,1.0,0.37037037037037035,1.0,1.0,0.37037037037037035
3374,0.77990823370192,0.5,0.2727272727272727,0.88995411685096,1.0,0.2727272727272727,0.8611375561264456,1.0,0.2727272727272727
3386,0.685819076903371,1.0,0.5555555555555556,0.4717528440092104,0.3333333333333333,0.5555555555555556,0.760965594441447,1.0,0.6666666666666666
3412,1.0,1.0,0.29411764705882354,0.9305687780632229,1.0,0.2647058823529412,1.0,1.0,0.29411764705882354
3427,0.8603818544462509,1.0,0.7272727272727273,0.7967610662472993,1.0,0.6363636363636364,0.727329844310522,1.0,0.5454545454545454
3428,0.7039180890341347,1.0,0.6666666666666666,0.7039180890341347,1.0,0.6666666666666666,0.7653606369886217,1.0,0.6666666666666666
3451,0.6238470455881189,1.0,0.5,0.5058520011127918,1.0,0.5,0.5337936505754552,1.0,0.5
3453,0.4378068560756645,0.3333333333333333,0.4166666666666667,0.35314377643380923,1.0,0.25,0.5396413938630011,1.0,0.4166666666666667
3498,0.0,0.07692307692307693,0.0,0.6309297535714575,0.5,1.0,1.0,1.0,1.0
3575,0.322805924221174,0.5,0.375,0.2839024240836242,0.3333333333333333,0.375,0.5524279938262765,0.5,0.625
3600,0.718362797268624,1.0,0.42857142857142855,0.7007731679885375,1.0,0.42857142857142855,0.5363559634917964,0.5,0.42857142857142855
3608,0.5912352048230277,0.5,1.0,0.5012658353418871,0.25,1.0,0.38685280723454163,0.5,0.5
3630,0.8165901947515999,1.0,0.5333333333333333,0.5965377185773229,1.0,0.3333333333333333,0.826813366651774,1.0,0.5333333333333333
3637,0.6310473491188939,1.0,0.75,0.6975637657739948,1.0,0.75,0.4822987244600303,0.5,0.75
3651,1.0,1.0,1.0,1.0,1.0,1.0,1.0,1.0,1.0
3670,0.787702056960637,1.0,0.75,0.9438661545147249,1.0,1.0,0.75369761125927,1.0,0.75
3691,1.0,1.0,0.8333333333333334,0.9337457765456111,1.0,0.75,1.0,1.0,0.8333333333333334
3726,0.8058467414416308,1.0,0.8333333333333334,0.8480740740411332,1.0,0.8333333333333334,0.7935180200065873,1.0,0.8333333333333334
3732,0.9363792118010483,1.0,0.6,0.9337457765456111,1.0,0.6,0.9363792118010483,1.0,0.6
3744,0.5017289690294564,1.0,0.29411764705882354,0.4283650469300963,1.0,0.23529411764705882,0.6843830725976621,1.0,0.35294117647058826
3745,0.6366824387328317,1.0,0.5,0.5855700749881525,1.0,0.5,0.5855700749881525,1.0,0.5
3796,0.6713527276121545,1.0,0.75,0.626376385711402,1.0,0.75,0.626376385711402,1.0,0.75
3812,1.0,1.0,0.35714285714285715,1.0,1.0,0.35714285714285715,1.0,1.0,0.35714285714285715
3884,0.9093183643170807,1.0,1.0,0.9683310355387569,1.0,1.0,0.8694488421726408,1.0,0.8571428571428571
3907,0.3171937659698004,0.2,0.6666666666666666,0.3235866969737877,0.16666666666666666,0.6666666666666666,0.7039180890341347,1.0,0.6666666666666666
3925,0.8205228949141828,1.0,0.38095238095238093,0.7381919257729246,1.0,0.3333333333333333,0.7600791051976192,1.0,0.3333333333333333
3929,0.447734522612947,0.5,0.5,0.48864468918810133,1.0,0.4,0.6366587127404282,1.0,0.6
3933,0.4637282884073714,1.0,0.375,0.586202141404402,1.0,0.5,0.586202141404402,1.0,0.5
3955,0.4260276605334036,0.3333333333333333,0.3125,0.24355227021012354,0.25,0.1875,0.5708588662113935,0.5,0.375
4080,0.36926780146674987,0.25,0.6666666666666666,0.6132756769356656,0.5,1.0,0.3235866969737877,0.16666666666666666,0.6666666666666666
4084,0.30315953217404545,0.2,0.3333333333333333,0.3190952506395665,0.3333333333333333,0.3333333333333333,0.47215670662474735,1.0,0.3333333333333333
4102,1.0,1.0,0.3448275862068966,1.0,1.0,0.3448275862068966,1.0,1.0,0.3448275862068966
4108,0.0,0.09090909090909091,0.0,0.38685280723454163,0.2,1.0,0.43067655807339306,0.25,1.0
4121,0.7951657524814092,1.0,0.6666666666666666,0.9148568823583791,1.0,0.75,0.706583601726363,1.0,0.5
4179,0.3562071871080222,0.16666666666666666,1.0,0.3562071871080222,0.16666666666666666,1.0,0.43067655807339306,0.25,1.0
4182,1.0,1.0,0.5882352941176471,1.0,1.0,0.5882352941176471,1.0,1.0,0.5882352941176471
4272,0.2685357229842324,0.2,0.5,0.5032251913410369,1.0,0.5,0.3638184934971571,0.5,0.5
4294,1.0,1.0,0.45454545454545453,1.0,1.0,0.45454545454545453,1.0,1.0,0.45454545454545453
4330,0.568808955610168,1.0,0.4444444444444444,0.5050654558782978,1.0,0.4444444444444444,0.6395647163312487,1.0,0.5555555555555556
4417,0.43067655807339306,0.25,1.0,1.0,1.0,1.0,0.5,0.3333333333333333,1.0
4449,0.9764093402750902,1.0,1.0,0.9848330959553522,1.0,1.0,0.8932076516505887,1.0,0.8571428571428571
4473,0.9337457765456111,1.0,0.5,0.92663607790064,1.0,0.5,0.9305687780632229,1.0,0.5
4532,1.0,1.0,0.5555555555555556,1.0,1.0,0.5555555555555556,1.0,1.0,0.5555555555555556
4550,0.570404489286039,1.0,0.5,0.5887498202463202,1.0,0.5,0.5142842514302276,1.0,0.5
4642,0.6969383549984333,1.0,0.5,0.6025064803817582,1.0,0.4166666666666667,0.7753366239771086,1.0,0.5833333333333334
4905,0.9363792118010483,1.0,0.6428571428571429,0.7859162856301584,1.0,0.5,0.9305687780632229,1.0,0.6428571428571429
5010,0.8572048559638626,1.0,0.8,0.727329844310522,1.0,0.6,0.8701249883466594,1.0,0.8
5170,0.5104418534059961,1.0,0.4444444444444444,0.4278934357480805,0.5,0.4444444444444444,0.5447249629530071,1.0,0.4444444444444444
5248,0.5215784827120727,0.5,0.5454545454545454,0.5617131059245699,0.5,0.5454545454545454,0.6468562235661909,0.5,0.6363636363636364
5358,1.0,1.0,0.5882352941176471,0.7791714369672128,1.0,0.4117647058823529,1.0,1.0,0.5882352941176471
5378,1.0,1.0,0.37037037037037035,1.0,1.0,0.37037037037037035,1.0,1.0,0.37037037037037035
5385,1.0,1.0,1.0,1.0,1.0,1.0,1.0,1.0,1.0
5814,0.9705437052559006,1.0,1.0,0.9705437052559006,1.0,1.0,0.958214983820857,1.0,1.0
5997,1.0,1.0,1.0,0.6509209298071326,0.5,1.0,0.6052602440527057,0.5,1.0
6003,0.6508205185601091,1.0,0.6666666666666666,0.4776237035032179,0.5,0.6666666666666666,0.6713860725233041,1.0,0.6666666666666666
6050,1.0,1.0,0.3448275862068966,1.0,1.0,0.3448275862068966,1.0,1.0,0.3448275862068966
6071,0.727329844310522,1.0,0.5454545454545454,0.7909506325094736,1.0,0.6363636363636364,0.9337457765456111,1.0,0.8181818181818182
6074,0.8454256604216018,1.0,0.3076923076923077,0.8512360941594275,1.0,0.3076923076923077,0.8263333286520084,1.0,0.3076923076923077
6099,1.0,1.0,0.625,1.0,1.0,0.625,1.0,1.0,0.625
6102,0.7827392871477703,1.0,0.8,0.7877736340270853,1.0,0.8,0.6442227883107536,0.5,0.7
6105,0.9216017310213247,1.0,0.6923076923076923,0.9216017310213247,1.0,0.6923076923076923,0.9337457765456111,1.0,0.6923076923076923
6108,0.7720617383222419,1.0,0.5833333333333334,0.7503359712972109,1.0,0.5833333333333334,0.7670273914429266,1.0,0.5833333333333334
6110,0.9216017310213247,1.0,0.6,0.92663607790064,1.0,0.6,1.0,1.0,0.6666666666666666
6114,0.7791714369672128,1.0,0.7,0.8454256604216018,1.0,0.8,0.8572048559638626,1.0,0.8
6117,1.0,1.0,0.625,1.0,1.0,0.625,1.0,1.0,0.625
6119,0.8048109992093391,1.0,0.6666666666666666,0.88995411685096,1.0,0.75,0.88995411685096,1.0,0.75
6122,0.8701249883466594,1.0,0.6666666666666666,0.8701249883466594,1.0,0.6666666666666666,0.8701249883466594,1.0,0.6666666666666666
6194,0.8359212563489483,1.0,0.8888888888888888,0.6796138625365872,1.0,0.6666666666666666,0.7408978625034318,1.0,0.6666666666666666
6197,1.0,1.0,0.625,1.0,1.0,0.625,1.0,1.0,0.625
6200,1.0,1.0,0.9090909090909091,1.0,1.0,0.9090909090909091,0.9337457765456111,1.0,0.8181818181818182
6201,0.5462574254588146,0.3333333333333333,0.5384615384615384,0.5309999066793253,0.25,0.5384615384615384,0.575073986183329,0.5,0.5384615384615384
6203,1.0,1.0,0.6666666666666666,1.0,1.0,0.6666666666666666,1.0,1.0,0.6666666666666666
6207,1.0,1.0,0.6666666666666666,1.0,1.0,0.6666666666666666,1.0,1.0,0.6666666666666666
6211,1.0,1.0,0.625,1.0,1.0,0.625,1.0,1.0,0.625
6217,0.9148568823583791,1.0,0.6428571428571429,0.7663491917568949,1.0,0.5714285714285714,0.9337457765456111,1.0,0.6428571428571429
6222,1.0,1.0,0.5882352941176471,1.0,1.0,0.5882352941176471,1.0,1.0,0.5882352941176471
6223,1.0,1.0,0.7142857142857143,1.0,1.0,0.7142857142857143,1.0,1.0,0.7142857142857143
6237,0.7827392871477703,1.0,0.8,0.826813366651774,1.0,0.8,0.7663491917568949,1.0,0.8
6238,0.7600791051976192,1.0,0.4666666666666667,0.7753366239771086,1.0,0.4666666666666667,0.857980942822373,1.0,0.5333333333333333
6274,1.0,1.0,0.625,1.0,1.0,0.625,1.0,1.0,0.625
6275,1.0,1.0,0.625,1.0,1.0,0.625,1.0,1.0,0.625
6278,1.0,1.0,0.625,1.0,1.0,0.625,1.0,1.0,0.625
6280,0.8187026689573268,1.0,0.875,0.9249372331423046,1.0,1.0,0.882892613843742,1.0,0.875
6283,1.0,1.0,0.7692307692307693,1.0,1.0,0.7692307692307693,1.0,1.0,0.7692307692307693
6300,0.0,0.03333333333333333,0.0,0.0,0.05555555555555555,0.0,0.3010299956639812,0.1111111111111111,1.0
6321,1.0,1.0,1.0,1.0,1.0,1.0,0.5706417189553201,0.3333333333333333,1.0
6327,0.4673791184803735,0.25,0.5,0.4673791184803735,0.25,0.5,0.5309999066793253,0.25,0.5833333333333334
6330,0.8553475075669357,1.0,0.6153846153846154,0.8572048559638626,1.0,0.6153846153846154,0.8669479898642711,1.0,0.6153846153846154
6347,0.9619991470595832,1.0,1.0,0.9550236580992476,1.0,1.0,0.9493885684853097,1.0,1.0
6391,0.5552448576790283,0.5,0.2857142857142857,0.5135081645717172,1.0,0.23809523809523808,0.5368103404171508,0.5,0.2857142857142857
6445,0.9619991470595832,1.0,1.0,0.9493885684853097,1.0,1.0,0.9619991470595832,1.0,1.0
6471,0.9709286432396583,1.0,1.0,0.9828920819566879,1.0,1.0,1.0,1.0,1.0
6491,1.0,1.0,0.6666666666666666,1.0,1.0,0.6666666666666666,1.0,1.0,0.6666666666666666
6506,1.0,1.0,0.2777777777777778,1.0,1.0,0.2777777777777778,1.0,1.0,0.2777777777777778
6522,1.0,1.0,1.0,1.0,1.0,1.0,1.0,1.0,1.0
6529,0.9216017310213247,1.0,0.6923076923076923,0.92663607790064,1.0,0.6923076923076923,0.9363792118010483,1.0,0.6923076923076923
6532,1.0,1.0,0.625,1.0,1.0,0.625,1.0,1.0,0.625
6534,1.0,1.0,1.0,0.9876712785649565,1.0,1.0,1.0,1.0,1.0
6540,0.8364586133797037,1.0,0.7272727272727273,0.9337457765456111,1.0,0.8181818181818182,0.8572048559638626,1.0,0.7272727272727273
6544,0.4518648409659428,1.0,0.4,0.37642556710092695,0.25,0.5,0.5391870169376467,1.0,0.5
6546,0.9132861715058803,1.0,1.0,1.0,1.0,1.0,1.0,1.0,1.0
6548,1.0,1.0,0.625,1.0,1.0,0.625,1.0,1.0,0.625
6633,1.0,1.0,0.38461538461538464,1.0,1.0,0.38461538461538464,1.0,1.0,0.38461538461538464
6651,0.88995411685096,1.0,0.5294117647058824,0.8611375561264456,1.0,0.5294117647058824,0.9305687780632229,1.0,0.5294117647058824
6763,0.8301054527851841,1.0,0.75,0.8815140373113173,1.0,0.875,0.8219345592466819,1.0,0.75
6809,0.9363792118010483,1.0,0.6428571428571429,0.9216017310213247,1.0,0.6428571428571429,0.92663607790064,1.0,0.6428571428571429
6881,0.9148568823583791,1.0,0.6428571428571429,0.8512360941594275,1.0,0.5714285714285714,0.9305687780632229,1.0,0.6428571428571429
6882,1.0,1.0,0.7142857142857143,1.0,1.0,0.7142857142857143,1.0,1.0,0.7142857142857143
6884,0.9216017310213247,1.0,0.6923076923076923,0.7827392871477703,1.0,0.6153846153846154,0.9148568823583791,1.0,0.6923076923076923
7073,1.0,1.0,0.625,1.0,1.0,0.625,1.0,1.0,0.625
7122,0.5958595188912911,1.0,0.3125,0.17947710508581738,0.3333333333333333,0.125,0.24618570546556087,0.25,0.1875
7135,1.0,1.0,0.625,1.0,1.0,0.625,1.0,1.0,0.625
7136,1.0,1.0,0.625,1.0,1.0,0.625,1.0,1.0,0.625
7139,0.9053568677805113,1.0,1.0,0.730074127023885,0.5,0.875,0.848793892424921,1.0,0.875
7150,1.0,1.0,1.0,0.9017290978091301,1.0,0.875,0.9202054614375518,1.0,0.875
7160,0.9305687780632229,1.0,0.6,1.0,1.0,0.6666666666666666,1.0,1.0,0.6666666666666666
7162,1.0,1.0,0.625,1.0,1.0,0.625,1.0,1.0,0.625
7165,0.9197207891481876,1.0,1.0,0.9197207891481876,1.0,1.0,0.9197207891481876,1.0,1.0
7178,1.0,1.0,0.7142857142857143,1.0,1.0,0.7142857142857143,1.0,1.0,0.7142857142857143
7180,0.6309297535714575,0.5,1.0,0.5,0.3333333333333333,1.0,0.38685280723454163,0.2,1.0
7192,0.8603818544462509,1.0,0.7272727272727273,0.8553475075669357,1.0,0.7272727272727273,0.8669479898642711,1.0,0.7272727272727273
7196,1.0,1.0,0.38461538461538464,1.0,1.0,0.38461538461538464,1.0,1.0,0.38461538461538464
7209,1.0,1.0,0.625,1.0,1.0,0.625,1.0,1.0,0.625
7360,1.0,1.0,0.6666666666666666,1.0,1.0,0.6666666666666666,1.0,1.0,0.6666666666666666
7390,0.9337457765456111,1.0,0.2571428571428571,0.88995411685096,1.0,0.2571428571428571,0.8701249883466594,1.0,0.22857142857142856
7422,1.0,1.0,1.0,1.0,1.0,1.0,1.0,1.0,1.0
7429,1.0,1.0,1.0,1.0,1.0,1.0,1.0,1.0,1.0
7569,1.0,1.0,1.0,1.0,1.0,1.0,1.0,1.0,1.0
7630,0.9558295932317544,1.0,1.0,0.9267582364714125,1.0,1.0,0.9058653015743079,1.0,1.0
7661,0.4920922491350003,0.25,0.7142857142857143,0.6739672725099674,1.0,0.7142857142857143,0.5866623542750545,0.5,0.7142857142857143
7686,1.0,1.0,0.625,1.0,1.0,0.625,1.0,1.0,0.625
7761,0.7315682114753617,0.5,1.0,0.6836127878533236,0.5,1.0,0.9108532513310018,1.0,1.0
7789,0.20829366581033185,0.5,0.13333333333333333,0.17993148201117182,0.25,0.13333333333333333,0.2777045025687934,0.16666666666666666,0.26666666666666666
7791,0.92663607790064,1.0,0.6,0.9148568823583791,1.0,0.6,0.92663607790064,1.0,0.6
7793,1.0,1.0,0.625,1.0,1.0,0.625,1.0,1.0,0.625
7794,0.7721596254947204,1.0,0.6363636363636364,0.7569021067152311,1.0,0.6363636363636364,0.7215194105726963,1.0,0.6363636363636364
7827,0.8482378089219648,1.0,0.5714285714285714,0.769526190239283,1.0,0.5,0.8389574121760603,1.0,0.5714285714285714
7834,0.38685280723454163,0.5,0.5,0.6131471927654584,1.0,0.5,0.6131471927654584,1.0,0.5
7852,0.9197207891481876,1.0,1.0,1.0,1.0,1.0,1.0,1.0,1.0
7918,0.9469024295259745,1.0,1.0,0.8854598815714874,1.0,1.0,0.5307212739772434,0.5,0.6666666666666666
7919,0.4415801103577823,0.2,1.0,0.45560514958746035,0.2,1.0,0.19342640361727081,0.125,0.5
7930,1.0,1.0,0.6666666666666666,1.0,1.0,0.6666666666666666,1.0,1.0,0.6666666666666666
7941,0.8117214645716768,1.0,0.7777777777777778,0.8383162086599406,1.0,0.7777777777777778,0.6941986898644341,0.5,0.7777777777777778
7952,0.6804503724350792,1.0,0.5454545454545454,0.6177639991612476,1.0,0.45454545454545453,0.6758704024811183,1.0,0.5454545454545454
7956,1.0,1.0,0.625,1.0,1.0,0.625,1.0,1.0,0.625
7971,0.9619991470595832,1.0,1.0,1.0,1.0,1.0,1.0,1.0,1.0
7976,0.46927872602275644,1.0,0.3333333333333333,0.6049306994552042,1.0,0.6666666666666666,0.46927872602275644,1.0,0.3333333333333333
7979,0.9052116356304495,1.0,0.6,0.92663607790064,1.0,0.6,1.0,1.0,0.6666666666666666
7983,0.9052116356304495,1.0,0.6923076923076923,0.9216017310213247,1.0,0.6923076923076923,0.9305687780632229,1.0,0.6923076923076923
8026,0.5531464700081437,1.0,0.4,0.5531464700081437,1.0,0.4,0.6511857558395008,1.0,0.6
8033,0.9363792118010483,1.0,0.75,1.0,1.0,0.8333333333333334,0.9363792118010483,1.0,0.75
8035,0.9363792118010483,1.0,0.3333333333333333,0.9363792118010483,1.0,0.3333333333333333,1.0,1.0,0.37037037037037035
8051,0.9550236580992476,1.0,1.0,0.8712137160156971,1.0,1.0,0.7327711443782634,0.5,1.0
8213,1.0,1.0,0.7142857142857143,1.0,1.0,0.7142857142857143,1.0,1.0,0.7142857142857143
8214,0.27727342735504823,0.25,0.4,0.24816574496561808,0.25,0.4,0.2826335043946801,0.3333333333333333,0.4
8215,0.7215194105726963,1.0,0.5833333333333334,0.6214011939609387,0.5,0.5833333333333334,0.6378891765242929,0.5,0.5833333333333334
8216,1.0,1.0,0.625,1.0,1.0,0.625,1.0,1.0,0.625
8218,0.6920788373899057,1.0,0.5714285714285714,0.7041249493150388,1.0,0.5714285714285714,0.6920788373899057,1.0,0.5714285714285714
8221,0.9216017310213247,1.0,0.75,0.9216017310213247,1.0,0.75,0.92663607790064,1.0,0.75
8224,0.3265208687926954,0.3333333333333333,0.42857142857142855,0.37138978232323294,0.5,0.42857142857142855,0.3897233752935702,0.5,0.42857142857142855
8329,0.9305687780632229,1.0,0.47368421052631576,0.9305687780632229,1.0,0.47368421052631576,0.88995411685096,1.0,0.47368421052631576
8334,1.0,1.0,0.625,1.0,1.0,0.625,1.0,1.0,0.625
8335,1.0,1.0,0.625,1.0,1.0,0.625,1.0,1.0,0.625
8339,1.0,1.0,0.7692307692307693,1.0,1.0,0.7692307692307693,1.0,1.0,0.7692307692307693
8340,1.0,1.0,0.6666666666666666,1.0,1.0,0.6666666666666666,1.0,1.0,0.6666666666666666
8351,1.0,1.0,0.625,1.0,1.0,0.625,1.0,1.0,0.625
8354,1.0,1.0,0.625,1.0,1.0,0.625,1.0,1.0,0.625
8457,0.8379265695293115,1.0,0.7777777777777778,0.7671490385915721,1.0,0.7777777777777778,0.7713707099946514,1.0,0.6666666666666666
8466,0.92663607790064,1.0,0.75,0.9052116356304495,1.0,0.75,0.9148568823583791,1.0,0.75
8469,1.0,1.0,0.7142857142857143,1.0,1.0,0.7142857142857143,1.0,1.0,0.7142857142857143
8477,0.9674679834891693,1.0,1.0,1.0,1.0,1.0,1.0,1.0,1.0
8478,0.9202054614375518,1.0,0.875,0.9202054614375518,1.0,0.875,0.9202054614375518,1.0,0.875
8514,0.7193074786775863,1.0,0.6666666666666666,0.9495662644168644,1.0,1.0,0.7465703892530458,0.5,1.0
8580,1.0,1.0,0.625,1.0,1.0,0.625,1.0,1.0,0.625
8614,1.0,1.0,1.0,1.0,1.0,1.0,1.0,1.0,1.0
8691,0.8178341711089538,1.0,0.75,0.8219345592466819,1.0,0.75,0.7457912185292984,1.0,0.625
8711,1.0,1.0,0.7142857142857143,1.0,1.0,0.7142857142857143,1.0,1.0,0.7142857142857143
8714,0.314880130667631,1.0,0.2,0.35895421017163476,1.0,0.2,0.15840915256850252,0.25,0.2
8716,0.9796825595768973,1.0,1.0,0.9833032486989473,1.0,1.0,0.9796825595768973,1.0,1.0
8838,0.39639187290150935,1.0,0.3,0.37183505243062814,0.5,0.4,0.5357086937004183,1.0,0.5
8855,0.8494348345648929,1.0,1.0,0.8262373741149447,1.0,1.0,0.854105797972385,1.0,1.0
8873,0.8389574121760603,1.0,0.6666666666666666,0.8512360941594275,1.0,0.6666666666666666,1.0,1.0,0.8333333333333334
8874,0.7587492362187309,0.5,0.8888888888888888,0.7316692432915052,0.5,0.8888888888888888,0.8666957122118546,1.0,0.8888888888888888
8895,0.9216514835285049,1.0,0.8888888888888888,0.9258513847149256,1.0,0.8888888888888888,0.9230390249121357,1.0,0.8888888888888888
8896,0.9052116356304495,1.0,0.6923076923076923,0.9216017310213247,1.0,0.6923076923076923,0.9148568823583791,1.0,0.6923076923076923
8897,0.9242560749182925,1.0,1.0,0.8807440226933967,1.0,1.0,0.8705806580079682,1.0,1.0
8908,0.77990823370192,0.5,0.5294117647058824,0.8415908474314977,1.0,0.47058823529411764,0.7411902110103873,1.0,0.4117647058823529
8909,1.0,1.0,1.0,1.0,1.0,1.0,1.0,1.0,1.0
8963,0.9148568823583791,1.0,0.3103448275862069,0.7975167679274939,1.0,0.27586206896551724,0.7827392871477703,1.0,0.27586206896551724
9014,0.6766267238974651,1.0,0.625,0.7240829646115216,1.0,0.625,0.7052464806461334,1.0,0.625
9044,0.21000823726012655,0.25,0.2857142857142857,0.2673727751494076,0.16666666666666666,0.42857142857142855,0.2967220657542463,0.25,0.42857142857142855
9047,0.7885497208855957,1.0,0.5384615384615384,0.8048109992093391,1.0,0.6153846153846154,0.7948833326720566,1.0,0.6153846153846154
9067,1.0,1.0,0.7142857142857143,1.0,1.0,0.7142857142857143,1.0,1.0,0.7142857142857143
9081,1.0,1.0,0.6666666666666666,1.0,1.0,0.6666666666666666,1.0,1.0,0.6666666666666666
9090,1.0,1.0,0.625,1.0,1.0,0.625,1.0,1.0,0.625
9138,1.0,1.0,0.625,1.0,1.0,0.625,1.0,1.0,0.625
9141,0.9216017310213247,1.0,0.2727272727272727,1.0,1.0,0.30303030303030304,1.0,1.0,0.30303030303030304
9147,0.9148568823583791,1.0,0.6428571428571429,0.9305687780632229,1.0,0.6428571428571429,0.9052116356304495,1.0,0.6428571428571429
9155,0.6320787427864673,0.5,0.5833333333333334,0.7241528458281337,1.0,0.5833333333333334,0.7104770117651427,0.5,0.6666666666666666
9162,0.5527460588826718,0.5,0.46153846153846156,0.6835381846158709,1.0,0.46153846153846156,0.8200685179888284,1.0,0.6153846153846154
9164,0.9120345678990496,1.0,0.875,1.0,1.0,1.0,0.8358912271816661,1.0,0.75
9199,0.6629389851625659,1.0,0.5555555555555556,0.8016381468019373,1.0,0.7777777777777778,0.7812486170804571,1.0,0.7777777777777778
9319,1.0,1.0,0.6666666666666666,1.0,1.0,0.6666666666666666,1.0,1.0,0.6666666666666666
9333,0.6473362615659566,1.0,0.5454545454545454,0.6442227883107536,0.5,0.6363636363636364,0.5220328596374271,0.5,0.5454545454545454
9353,0.5399873388995391,0.5,0.5,0.4896484487323553,0.3333333333333333,0.5,0.4760705018418427,0.5,0.4166666666666667
9379,0.92663607790064,1.0,0.6923076923076923,0.8630152897016883,1.0,0.6153846153846154,0.823699893396571,1.0,0.6153846153846154
9389,0.9202054614375518,1.0,0.875,0.7680578490001237,1.0,0.75,0.8189080569732083,1.0,0.75
9443,0.668306326910793,1.0,0.35294117647058826,0.6025064803817582,1.0,0.29411764705882354,0.8553475075669357,1.0,0.47058823529411764
9449,0.5832678409476796,1.0,0.6,0.36005461457723403,0.5,0.4,0.29039140533630226,0.3333333333333333,0.4
9457,0.7084653751049538,0.5,1.0,0.8357173251870647,1.0,1.0,0.8245149522908418,1.0,1.0
9468,0.8669479898642711,1.0,0.2857142857142857,0.8006937664098821,1.0,0.25,0.9337457765456111,1.0,0.32142857142857145
9469,1.0,1.0,0.2857142857142857,1.0,1.0,0.2857142857142857,1.0,1.0,0.2857142857142857
9481,1.0,1.0,0.8333333333333334,1.0,1.0,0.8333333333333334,1.0,1.0,0.8333333333333334
9483,0.77990823370192,0.5,0.2727272727272727,0.713654010247531,0.5,0.24242424242424243,0.7065443116025598,0.5,0.24242424242424243
9484,0.20438239758848611,0.14285714285714285,0.5,0.23719771276929622,0.2,0.5,0.23719771276929622,0.2,0.5
9500,0.9363792118010483,1.0,0.6,0.9363792118010483,1.0,0.6,1.0,1.0,0.6666666666666666
9518,1.0,1.0,0.29411764705882354,1.0,1.0,0.29411764705882354,1.0,1.0,0.29411764705882354
9522,1.0,1.0,1.0,1.0,1.0,1.0,1.0,1.0,1.0
9539,1.0,1.0,0.5,1.0,1.0,0.5,1.0,1.0,0.5
9547,0.9052116356304495,1.0,0.6428571428571429,0.92663607790064,1.0,0.6428571428571429,1.0,1.0,0.7142857142857143
9560,0.0,0.07692307692307693,0.0,0.20438239758848611,0.14285714285714285,0.5,0.20438239758848611,0.14285714285714285,0.5
9565,0.56264752084969,0.3333333333333333,0.3684210526315789,0.6062415623539281,0.5,0.3684210526315789,0.5676818677290052,0.3333333333333333,0.3684210526315789
9582,1.0,1.0,1.0,1.0,1.0,1.0,1.0,1.0,1.0
9586,1.0,1.0,0.625,1.0,1.0,0.625,1.0,1.0,0.625
9591,1.0,1.0,0.3225806451612903,1.0,1.0,0.3225806451612903,1.0,1.0,0.3225806451612903
9594,1.0,1.0,0.625,1.0,1.0,0.625,1.0,1.0,0.625
9595,0.5413996682199069,1.0,0.5,0.5205067333228022,1.0,0.5,0.5585075862632192,1.0,0.5
9606,0.6934264036172708,0.5,1.0,0.6934264036172708,0.5,1.0,0.6934264036172708,0.5,1.0
9635,0.9709286432396583,1.0,1.0,0.9447176050778178,1.0,1.0,0.4864687556375333,0.3333333333333333,0.75
9960,0.8701249883466594,1.0,0.7272727272727273,0.9363792118010483,1.0,0.8181818181818182,0.9337457765456111,1.0,0.8181818181818182
9961,0.7059054020403313,1.0,0.42857142857142855,0.8512360941594275,1.0,0.5714285714285714,0.6871952210980249,1.0,0.42857142857142855
10090,1.0,1.0,0.625,1.0,1.0,0.625,1.0,1.0,0.625
10096,1.0,1.0,1.0,1.0,1.0,1.0,1.0,1.0,1.0
10098,0.8521705090845474,1.0,0.7272727272727273,0.8318477135310892,1.0,0.7272727272727273,0.8553475075669357,1.0,0.7272727272727273
10100,1.0,1.0,0.6666666666666666,1.0,1.0,0.6666666666666666,1.0,1.0,0.6666666666666666
10103,1.0,1.0,0.3125,1.0,1.0,0.3125,1.0,1.0,0.3125
10104,1.0,1.0,0.8333333333333334,1.0,1.0,0.8333333333333334,1.0,1.0,0.8333333333333334
10111,0.8389574121760603,1.0,0.7272727272727273,0.8603818544462509,1.0,0.7272727272727273,0.713654010247531,0.5,0.7272727272727273
10159,0.5805485932475565,0.5,0.75,0.6947702914378464,0.5,1.0,0.8927537907700456,1.0,1.0
10160,1.0,1.0,0.625,1.0,1.0,0.625,1.0,1.0,0.625
10168,1.0,1.0,1.0,1.0,1.0,1.0,1.0,1.0,1.0
10224,1.0,1.0,0.7692307692307693,1.0,1.0,0.7692307692307693,1.0,1.0,0.7692307692307693
10292,0.8550956239938449,1.0,0.7777777777777778,0.8550956239938449,1.0,0.7777777777777778,0.9090719693810213,1.0,0.8888888888888888
10311,1.0,1.0,0.43478260869565216,1.0,1.0,0.43478260869565216,1.0,1.0,0.43478260869565216
10338,1.0,1.0,0.625,1.0,1.0,0.625,1.0,1.0,0.625
10341,1.0,1.0,1.0,1.0,1.0,1.0,1.0,1.0,1.0
10346,1.0,1.0,0.625,1.0,1.0,0.625,1.0,1.0,0.625
10350,1.0,1.0,0.625,1.0,1.0,0.625,1.0,1.0,0.625
10351,0.8486026589039901,1.0,0.24242424242424243,0.8389574121760603,1.0,0.24242424242424243,1.0,1.0,0.30303030303030304
10352,0.5774250016294137,0.3333333333333333,0.6363636363636364,0.6320787427864673,0.5,0.6363636363636364,0.685119869332369,0.5,0.7272727272727273
10356,1.0,1.0,0.30303030303030304,1.0,1.0,0.30303030303030304,1.0,1.0,0.30303030303030304
10357,1.0,1.0,0.625,1.0,1.0,0.625,1.0,1.0,0.625
10400,1.0,1.0,0.2777777777777778,1.0,1.0,0.2777777777777778,1.0,1.0,0.2777777777777778
10414,0.7299222417644611,0.5,1.0,0.6355827475831716,0.5,0.8,0.843537875344446,1.0,0.8
10432,1.0,1.0,0.625,1.0,1.0,0.625,1.0,1.0,0.625
10520,1.0,1.0,1.0,1.0,1.0,1.0,0.9950883841893561,1.0,1.0
10521,0.727329844310522,1.0,0.6,0.727329844310522,1.0,0.6,0.727329844310522,1.0,0.6
10544,1.0,1.0,1.0,0.9963488021549354,1.0,1.0,0.9090080656255759,1.0,0.875
10592,0.8611375561264456,1.0,0.2727272727272727,0.77990823370192,0.5,0.2727272727272727,0.8611375561264456,1.0,0.2727272727272727
10604,0.9971876401972103,1.0,1.0,1.0,1.0,1.0,1.0,1.0,1.0
10606,0.843537875344446,1.0,0.8,0.7227265726449519,1.0,0.6,0.8539316501572937,1.0,0.8
10627,0.8508957228074243,1.0,0.7777777777777778,0.8550956239938449,1.0,0.7777777777777778,0.9230390249121357,1.0,0.8888888888888888
10660,0.5,0.3333333333333333,1.0,0.43067655807339306,0.25,1.0,0.5,0.3333333333333333,1.0
10670,1.0,1.0,0.9090909090909091,1.0,1.0,0.9090909090909091,1.0,1.0,0.9090909090909091
10700,0.3352780388452758,0.3333333333333333,0.42857142857142855,0.6354736156000877,0.5,0.8571428571428571,0.4443361827137307,1.0,0.42857142857142855
10711,1.0,1.0,0.6666666666666666,1.0,1.0,0.6666666666666666,1.0,1.0,0.6666666666666666
10718,0.4935232796777482,1.0,0.3333333333333333,0.49456228788854273,1.0,0.5,0.5846156829012062,1.0,0.5
10719,1.0,1.0,0.2777777777777778,1.0,1.0,0.2777777777777778,1.0,1.0,0.2777777777777778
10721,0.36650177721905447,1.0,0.2857142857142857,0.27487633291429087,1.0,0.14285714285714285,0.5389601661911458,1.0,0.5714285714285714
10723,1.0,1.0,0.625,1.0,1.0,0.625,1.0,1.0,0.625
10727,0.8454256604216018,1.0,0.2857142857142857,0.7655934900767002,1.0,0.25,0.77990823370192,0.5,0.32142857142857145
10736,0.8318724637288826,1.0,0.75,0.7757386182436072,1.0,0.75,0.6975637657739948,1.0,0.75
10737,0.5637884576902257,1.0,0.4,0.5637884576902257,1.0,0.4,0.5637884576902257,1.0,0.4
10743,0.11751610475642714,0.1111111111111111,0.25,0.13905617951077562,0.16666666666666666,0.25,0.0,0.05,0.0
10745,1.0,1.0,0.625,1.0,1.0,0.625,1.0,1.0,0.625
10746,1.0,1.0,0.625,1.0,1.0,0.625,1.0,1.0,0.625
10747,1.0,1.0,0.8333333333333334,0.9363792118010483,1.0,0.75,0.77990823370192,0.5,0.75
10750,0.9337457765456111,1.0,0.9,0.9337457765456111,1.0,0.9,0.9337457765456111,1.0,0.9
10791,1.0,1.0,0.5263157894736842,1.0,1.0,0.5263157894736842,1.0,1.0,0.5263157894736842
10831,0.5078961547485289,1.0,0.5,0.5855700749881525,1.0,0.5,0.7030861797445797,1.0,0.75
10849,1.0,1.0,0.3125,1.0,1.0,0.3125,1.0,1.0,0.3125
10852,1.0,1.0,1.0,1.0,1.0,1.0,1.0,1.0,1.0
10859,1.0,1.0,0.30303030303030304,1.0,1.0,0.30303030303030304,1.0,1.0,0.30303030303030304
10868,0.8669479898642711,1.0,0.5714285714285714,0.9216017310213247,1.0,0.6428571428571429,0.8701249883466594,1.0,0.5714285714285714
10876,1.0,1.0,0.30303030303030304,1.0,1.0,0.30303030303030304,0.9363792118010483,1.0,0.2727272727272727
10881,1.0,1.0,1.0,1.0,1.0,1.0,1.0,1.0,1.0
10895,1.0,1.0,0.8333333333333334,1.0,1.0,0.8333333333333334,1.0,1.0,0.8333333333333334
10904,0.7526136409516659,1.0,0.6666666666666666,0.7402849195166223,1.0,0.6666666666666666,0.8233886037520212,1.0,0.8333333333333334
10930,0.88995411685096,1.0,0.8181818181818182,0.8415908474314977,1.0,0.7272727272727273,0.9148568823583791,1.0,0.8181818181818182
10985,0.7484853057448934,0.5,1.0,0.8886733622104969,1.0,1.0,0.8393423304510702,1.0,1.0
11002,0.7329799437316435,1.0,0.7142857142857143,0.5111476226367828,0.3333333333333333,0.7142857142857143,0.4937149230730916,0.25,0.7142857142857143
11004,1.0,1.0,0.3225806451612903,1.0,1.0,0.3225806451612903,1.0,1.0,0.3225806451612903
11061,0.08274602130532004,0.1111111111111111,0.14285714285714285,0.09162544430476362,0.14285714285714285,0.14285714285714285,0.18462675384408755,0.16666666666666666,0.2857142857142857
11082,1.0,1.0,1.0,1.0,1.0,1.0,1.0,1.0,1.0
11106,1.0,1.0,1.0,1.0,1.0,1.0,1.0,1.0,1.0
11131,0.5568380918423016,0.25,0.8571428571428571,0.44687905456720073,0.2,0.7142857142857143,1.0,1.0,1.0
11150,1.0,1.0,0.625,1.0,1.0,0.625,1.0,1.0,0.625
11151,1.0,1.0,0.625,1.0,1.0,0.625,1.0,1.0,0.625
11158,0.9148568823583791,1.0,0.6923076923076923,0.77990823370192,0.5,0.6923076923076923,1.0,1.0,0.7692307692307693
11161,1.0,1.0,0.625,1.0,1.0,0.625,1.0,1.0,0.625
11162,0.9305687780632229,1.0,0.34615384615384615,0.8357804136936722,1.0,0.3076923076923077,0.7720617383222419,1.0,0.2692307692307692
11163,1.0,1.0,1.0,1.0,1.0,1.0,1.0,1.0,1.0
11164,1.0,1.0,0.24390243902439024,1.0,1.0,0.24390243902439024,1.0,1.0,0.24390243902439024
11167,1.0,1.0,0.625,1.0,1.0,0.625,1.0,1.0,0.625
11172,1.0,1.0,0.625,1.0,1.0,0.625,1.0,1.0,0.625
11183,1.0,1.0,0.7142857142857143,1.0,1.0,0.7142857142857143,1.0,1.0,0.7142857142857143
11194,0.6797310500037655,0.5,1.0,0.8529278650606567,1.0,1.0,0.8854598815714874,1.0,1.0
11201,0.77990823370192,0.5,0.9,0.56264752084969,0.3333333333333333,0.7,0.7162874455029682,0.5,0.8
11223,1.0,1.0,0.7142857142857143,1.0,1.0,0.7142857142857143,1.0,1.0,0.7142857142857143
11240,0.591176585485452,1.0,0.6,0.6060398578158167,1.0,0.6,0.48522855511632257,1.0,0.4
11244,0.8006937664098821,1.0,0.7,0.791726719367984,1.0,0.7,0.7818048722226502,1.0,0.7
11299,0.9202054614375518,1.0,0.875,0.9202054614375518,1.0,0.875,1.0,1.0,1.0
11342,0.9148568823583791,1.0,0.75,0.9305687780632229,1.0,0.75,0.8630152897016883,1.0,0.6666666666666666
11359,0.6133596113736139,1.0,0.5555555555555556,0.38414982660706115,1.0,0.3333333333333333,0.6625493460319368,1.0,0.5555555555555556
11376,1.0,1.0,0.6666666666666666,1.0,1.0,0.6666666666666666,1.0,1.0,0.6666666666666666
11488,0.9197207891481876,1.0,1.0,0.8772153153380493,1.0,1.0,1.0,1.0,1.0
11490,0.747935059673333,1.0,0.4117647058823529,0.7084409501232901,1.0,0.35294117647058826,0.7312625444731049,1.0,0.4117647058823529
11532,1.0,1.0,0.4,1.0,1.0,0.4,1.0,1.0,0.4
11539,1.0,1.0,1.0,1.0,1.0,1.0,1.0,1.0,1.0
11549,1.0,1.0,0.6666666666666666,1.0,1.0,0.6666666666666666,1.0,1.0,0.6666666666666666
11565,1.0,1.0,0.625,1.0,1.0,0.625,1.0,1.0,0.625
11603,0.7756199604526248,1.0,0.8,0.8539316501572937,1.0,0.8,0.8539316501572937,1.0,0.8
11664,1.0,1.0,0.2777777777777778,1.0,1.0,0.2777777777777778,1.0,1.0,0.2777777777777778
11673,1.0,1.0,1.0,1.0,1.0,1.0,1.0,1.0,1.0
11695,1.0,1.0,0.9090909090909091,1.0,1.0,0.9090909090909091,1.0,1.0,0.9090909090909091
11699,0.8122682216087223,1.0,0.8,0.830419897363192,1.0,0.8,0.7426050123677904,1.0,0.8
11700,1.0,1.0,0.8333333333333334,0.8006937664098821,1.0,0.5833333333333334,0.9305687780632229,1.0,0.75
12098,1.0,1.0,0.7142857142857143,1.0,1.0,0.7142857142857143,1.0,1.0,0.7142857142857143
12189,0.21840743681816419,0.16666666666666666,0.5,0.18457569677956817,0.1111111111111111,0.5,0.19342640361727081,0.125,0.5
12341,0.77990823370192,0.5,0.6428571428571429,0.7917063341896683,1.0,0.5714285714285714,0.7104770117651427,0.5,0.5714285714285714
12618,0.4346298575932763,0.3333333333333333,0.3125,0.4647456832249362,0.25,0.375,0.7116179486056783,1.0,0.375
12711,1.0,1.0,0.6666666666666666,1.0,1.0,0.6666666666666666,1.0,1.0,0.6666666666666666
12821,0.9876712785649565,1.0,1.0,0.9671081267272549,1.0,1.0,0.958214983820857,1.0,1.0
12835,0.8553475075669357,1.0,0.7272727272727273,0.9216017310213247,1.0,0.8181818181818182,0.9337457765456111,1.0,0.8181818181818182
12836,1.0,1.0,0.625,1.0,1.0,0.625,1.0,1.0,0.625
12848,1.0,1.0,0.625,1.0,1.0,0.625,1.0,1.0,0.625
12851,1.0,1.0,0.625,1.0,1.0,0.625,1.0,1.0,0.625
12856,0.7471589728148226,1.0,0.4117647058823529,0.4883491838252098,0.5,0.29411764705882354,0.6325414799409712,1.0,0.29411764705882354
12857,1.0,1.0,0.6666666666666666,1.0,1.0,0.6666666666666666,1.0,1.0,0.6666666666666666
12859,0.9363792118010483,1.0,0.6,1.0,1.0,0.6666666666666666,1.0,1.0,0.6666666666666666
12862,1.0,1.0,0.625,1.0,1.0,0.625,1.0,1.0,0.625
12923,0.7720617383222419,1.0,0.5833333333333334,0.769526190239283,1.0,0.5833333333333334,0.7538142945344394,1.0,0.5833333333333334
12946,1.0,1.0,0.625,1.0,1.0,0.625,1.0,1.0,0.625
12973,0.7996927414142981,1.0,0.8571428571428571,0.8468274504638792,1.0,0.8571428571428571,0.4990283278655561,1.0,0.42857142857142855
12986,1.0,1.0,0.625,1.0,1.0,0.625,1.0,1.0,0.625
12989,1.0,1.0,0.625,1.0,1.0,0.625,1.0,1.0,0.625
12990,1.0,1.0,0.625,1.0,1.0,0.625,1.0,1.0,0.625
12992,0.92663607790064,1.0,0.6923076923076923,1.0,1.0,0.7692307692307693,0.9337457765456111,1.0,0.6923076923076923
13025,0.5056427642465516,0.5,0.5,0.628164947569372,1.0,0.5,0.6313419460517602,1.0,0.5
13058,0.5113553108118987,0.5,0.5454545454545454,0.56264752084969,0.3333333333333333,0.6363636363636364,0.46111430781719365,0.3333333333333333,0.5454545454545454
13102,0.7254521107352793,1.0,0.5833333333333334,0.7506372960520511,1.0,0.5833333333333334,0.92663607790064,1.0,0.75
13106,0.28351493630661895,0.5,0.1875,0.5582604437617529,1.0,0.3125,0.4354747455750673,1.0,0.25
13110,1.0,1.0,0.6666666666666666,1.0,1.0,0.6666666666666666,1.0,1.0,0.6666666666666666
13114,1.0,1.0,1.0,1.0,1.0,1.0,1.0,1.0,1.0
13141,1.0,1.0,0.8333333333333334,1.0,1.0,0.8333333333333334,1.0,1.0,0.8333333333333334
13151,0.9060254355346823,1.0,1.0,0.9674679834891693,1.0,1.0,0.9674679834891693,1.0,1.0
13194,0.975788054854922,1.0,1.0,0.9609247825245575,1.0,1.0,1.0,1.0,1.0
13198,0.7827392871477703,1.0,0.6153846153846154,0.694765116060299,0.5,0.6153846153846154,0.8611375561264456,1.0,0.6923076923076923
13252,1.0,1.0,0.2857142857142857,1.0,1.0,0.2857142857142857,1.0,1.0,0.2857142857142857
13254,0.6620158551732018,1.0,0.6,0.6843830725976621,1.0,0.6,0.6059848036189868,1.0,0.5
13264,0.7537624778216617,1.0,0.6666666666666666,0.6930221935231563,1.0,0.5555555555555556,0.6930221935231563,1.0,0.5555555555555556
13271,0.8971754588393883,1.0,0.8571428571428571,0.9020870746500321,1.0,0.8571428571428571,0.9911205770005563,1.0,1.0
13272,1.0,1.0,0.625,1.0,1.0,0.625,1.0,1.0,0.625
13275,1.0,1.0,0.3125,1.0,1.0,0.3125,1.0,1.0,0.3125
13279,1.0,1.0,1.0,1.0,1.0,1.0,1.0,1.0,1.0
13288,0.7059054020403313,1.0,0.5,0.6523706084452718,1.0,0.5,0.7315449642824575,1.0,0.5833333333333334
13299,0.8415908474314977,1.0,0.5714285714285714,0.8415908474314977,1.0,0.5714285714285714,0.8200685179888284,1.0,0.5714285714285714
13332,1.0,1.0,0.4166666666666667,1.0,1.0,0.4166666666666667,1.0,1.0,0.4166666666666667
13334,0.9363792118010483,1.0,0.36,0.9363792118010483,1.0,0.36,0.9363792118010483,1.0,0.36
13335,1.0,1.0,1.0,1.0,1.0,1.0,1.0,1.0,1.0
13336,1.0,1.0,0.625,1.0,1.0,0.625,1.0,1.0,0.625
13337,1.0,1.0,0.625,1.0,1.0,0.625,1.0,1.0,0.625
13338,1.0,1.0,0.625,1.0,1.0,0.625,1.0,1.0,0.625
13348,1.0,1.0,1.0,0.8701249883466594,1.0,0.8,1.0,1.0,1.0
13353,0.43067655807339306,0.25,1.0,0.5,0.3333333333333333,1.0,0.5,0.3333333333333333,1.0
13356,0.8175295903539445,1.0,1.0,0.8175295903539445,1.0,1.0,0.8772153153380493,1.0,1.0
13357,0.6366824387328317,1.0,0.5,0.6366824387328317,1.0,0.5,0.6366824387328317,1.0,0.5
13359,1.0,1.0,0.29411764705882354,1.0,1.0,0.29411764705882354,1.0,1.0,0.29411764705882354
13396,1.0,1.0,0.625,1.0,1.0,0.625,1.0,1.0,0.625
13413,1.0,1.0,0.7692307692307693,1.0,1.0,0.7692307692307693,1.0,1.0,0.7692307692307693
13502,0.6836127878533236,0.5,1.0,0.6505998846696008,0.5,1.0,0.6325004241086446,0.3333333333333333,1.0
13511,0.9337457765456111,1.0,0.6428571428571429,0.9305687780632229,1.0,0.6428571428571429,0.857980942822373,1.0,0.5714285714285714
13513,0.7241528458281337,1.0,0.4375,0.647053841756604,1.0,0.375,0.7015099647232446,0.5,0.5
13514,1.0,1.0,0.625,1.0,1.0,0.625,1.0,1.0,0.625
13523,0.6969179698201176,1.0,0.4666666666666667,0.5455017237786199,0.5,0.4,0.6969179698201176,1.0,0.4666666666666667
13531,0.49344424459786884,0.3333333333333333,0.75,0.553486104522623,0.5,0.75,0.876848805629635,1.0,1.0
13532,1.0,1.0,0.7142857142857143,0.8389574121760603,1.0,0.5714285714285714,1.0,1.0,0.7142857142857143
13535,1.0,1.0,0.8333333333333334,1.0,1.0,0.8333333333333334,1.0,1.0,0.8333333333333334
13540,1.0,1.0,0.625,1.0,1.0,0.625,1.0,1.0,0.625
13544,0.9148568823583791,1.0,0.6,0.92663607790064,1.0,0.6,0.9305687780632229,1.0,0.6
13546,1.0,1.0,0.6666666666666666,1.0,1.0,0.6666666666666666,1.0,1.0,0.6666666666666666
13547,0.7757386182436072,1.0,0.75,0.502373740777944,0.3333333333333333,0.75,0.7495275800817669,1.0,0.75
13548,0.791726719367984,1.0,0.35,0.6867151830982592,1.0,0.3,0.8415908474314977,1.0,0.4
13555,1.0,1.0,1.0,0.6309297535714575,0.5,1.0,0.6309297535714575,0.5,1.0
13559,1.0,1.0,0.6666666666666666,1.0,1.0,0.6666666666666666,1.0,1.0,0.6666666666666666
13560,0.72471451675439,1.0,0.6666666666666666,0.6854831540674774,1.0,0.6666666666666666,0.6967728672917265,1.0,0.6666666666666666
13566,0.9740298100854947,1.0,1.0,0.9876712785649565,1.0,1.0,1.0,1.0,1.0
13568,1.0,1.0,0.625,1.0,1.0,0.625,1.0,1.0,0.625
13826,1.0,1.0,1.0,1.0,1.0,1.0,1.0,1.0,1.0
13831,1.0,1.0,0.625,1.0,1.0,0.625,1.0,1.0,0.625
13833,0.6399441431116328,1.0,0.42857142857142855,0.6216966993238303,1.0,0.42857142857142855,0.6745711375739729,1.0,0.42857142857142855
13838,0.49700386494564425,0.25,0.7142857142857143,0.5009716721344439,0.25,0.7142857142857143,0.5715493285677677,0.25,0.8571428571428571
13998,1.0,1.0,0.625,1.0,1.0,0.625,1.0,1.0,0.625
14002,0.6812060741152738,1.0,0.22580645161290322,0.6090726157997784,1.0,0.1935483870967742,0.7026305163854646,1.0,0.22580645161290322
14028,0.9363792118010483,1.0,0.5294117647058824,0.77990823370192,0.5,0.5294117647058824,0.92663607790064,1.0,0.5294117647058824
14029,0.9878316351280036,1.0,1.0,0.889918709778036,1.0,0.8571428571428571,0.8104616303452686,1.0,0.7142857142857143
14031,1.0,1.0,0.625,1.0,1.0,0.625,1.0,1.0,0.625
14037,0.7058075148678529,1.0,0.35294117647058826,0.6816808362189439,1.0,0.35294117647058826,0.8643145546088339,1.0,0.47058823529411764
14059,0.6802547535551715,1.0,0.7142857142857143,0.6066186211834831,0.5,0.7142857142857143,0.45378308474750184,0.3333333333333333,0.5714285714285714
14117,0.4157726138414092,0.5,0.5,0.18833918526767934,0.14285714285714285,0.3333333333333333,0.5896084319766757,0.5,0.6666666666666666
14207,0.3333333333333333,0.14285714285714285,1.0,0.0,0.06666666666666667,0.0,0.0,0.05,0.0
14427,1.0,1.0,0.7142857142857143,0.9363792118010483,1.0,0.6428571428571429,0.9363792118010483,1.0,0.6428571428571429
14429,1.0,1.0,0.625,1.0,1.0,0.625,1.0,1.0,0.625
14430,1.0,1.0,0.625,1.0,1.0,0.625,1.0,1.0,0.625
14435,1.0,1.0,0.625,1.0,1.0,0.625,1.0,1.0,0.625
14438,1.0,1.0,0.625,1.0,1.0,0.625,1.0,1.0,0.625
14451,0.7653606369886217,1.0,0.6666666666666666,0.0,0.07142857142857142,0.0,0.7653606369886217,1.0,0.6666666666666666
14646,1.0,1.0,0.625,1.0,1.0,0.625,1.0,1.0,0.625
14723,1.0,1.0,0.625,1.0,1.0,0.625,1.0,1.0,0.625
14729,1.0,1.0,0.6666666666666666,1.0,1.0,0.6666666666666666,1.0,1.0,0.6666666666666666
14801,1.0,1.0,0.625,1.0,1.0,0.625,1.0,1.0,0.625
14807,1.0,1.0,1.0,1.0,1.0,1.0,1.0,1.0,1.0
14817,0.5372903784169164,0.5,0.5454545454545454,0.4990267326507383,0.3333333333333333,0.5454545454545454,0.6371130896657825,0.5,0.6363636363636364
14822,0.9216017310213247,1.0,0.6428571428571429,0.92663607790064,1.0,0.6428571428571429,0.9363792118010483,1.0,0.6428571428571429
14824,1.0,1.0,0.6666666666666666,0.77990823370192,0.5,0.6,0.88995411685096,1.0,0.6
14825,1.0,1.0,1.0,1.0,1.0,1.0,1.0,1.0,1.0
14851,1.0,1.0,0.8333333333333334,1.0,1.0,0.8333333333333334,1.0,1.0,0.8333333333333334
14921,0.08372491399919348,0.16666666666666666,0.1111111111111111,0.15787352928426804,0.16666666666666666,0.2222222222222222,0.2350455494144854,1.0,0.1111111111111111
14931,1.0,1.0,0.8333333333333334,1.0,1.0,0.8333333333333334,0.9337457765456111,1.0,0.75
15143,0.747935059673333,1.0,0.3888888888888889,0.6652907408280684,1.0,0.3333333333333333,0.6901935063354876,1.0,0.3333333333333333
15207,1.0,1.0,0.625,1.0,1.0,0.625,1.0,1.0,0.625
15217,1.0,1.0,0.5882352941176471,1.0,1.0,0.5882352941176471,1.0,1.0,0.5882352941176471
15287,0.6404396043008396,1.0,0.6666666666666666,0.6432519641036295,1.0,0.6666666666666666,0.6693132849432657,1.0,0.6666666666666666
15305,1.0,1.0,0.8333333333333334,0.9337457765456111,1.0,0.75,1.0,1.0,0.8333333333333334
15319,1.0,1.0,1.0,1.0,1.0,1.0,1.0,1.0,1.0
15330,1.0,1.0,0.6666666666666666,1.0,1.0,0.6666666666666666,0.9363792118010483,1.0,0.6
15335,0.8065735963827293,1.0,1.0,0.8065735963827293,1.0,1.0,0.6131471927654584,1.0,0.5
15338,0.44615333764087994,1.0,0.4,0.4599715079731103,1.0,0.4,0.45221360703148816,1.0,0.4
15352,0.9305687780632229,1.0,0.6428571428571429,0.9305687780632229,1.0,0.6428571428571429,0.9305687780632229,1.0,0.6428571428571429
15362,1.0,1.0,0.7142857142857143,1.0,1.0,0.7142857142857143,0.8643145546088339,1.0,0.5714285714285714
15364,1.0,1.0,0.6666666666666666,1.0,1.0,0.6666666666666666,1.0,1.0,0.6666666666666666
15367,0.9337457765456111,1.0,0.8181818181818182,0.9337457765456111,1.0,0.8181818181818182,0.9363792118010483,1.0,0.8181818181818182
15428,1.0,1.0,0.7142857142857143,1.0,1.0,0.7142857142857143,1.0,1.0,0.7142857142857143
15434,1.0,1.0,1.0,1.0,1.0,1.0,1.0,1.0,1.0
15436,0.9305687780632229,1.0,0.6923076923076923,0.9305687780632229,1.0,0.6923076923076923,0.9363792118010483,1.0,0.6923076923076923
15437,0.8016381468019373,1.0,0.7777777777777778,0.7713707099946514,1.0,0.6666666666666666,0.8987713917876999,1.0,0.8888888888888888
15438,0.6320787427864673,0.5,0.2692307692307692,0.6364741801035539,1.0,0.23076923076923078,0.7788065869851875,1.0,0.2692307692307692
15441,0.8048109992093391,1.0,0.5714285714285714,0.8263333286520084,1.0,0.5714285714285714,0.88995411685096,1.0,0.6428571428571429
15443,0.88995411685096,1.0,0.391304347826087,0.8357804136936722,1.0,0.34782608695652173,0.6547216238913565,1.0,0.2608695652173913
15444,0.7967610662472993,1.0,0.4375,0.5837154733670049,1.0,0.3125,0.5075394027672819,1.0,0.3125
15447,0.5,0.3333333333333333,1.0,1.0,1.0,1.0,0.43067655807339306,0.25,1.0
15453,0.8669479898642711,1.0,0.7272727272727273,1.0,1.0,0.9090909090909091,0.9337457765456111,1.0,0.8181818181818182
15458,1.0,1.0,1.0,1.0,1.0,1.0,1.0,1.0,1.0
15461,1.0,1.0,0.7142857142857143,1.0,1.0,0.7142857142857143,1.0,1.0,0.7142857142857143
15464,1.0,1.0,0.3333333333333333,1.0,1.0,0.3333333333333333,1.0,1.0,0.3333333333333333
15466,0.6339753813071975,1.0,0.35294117647058826,0.6025064803817582,1.0,0.29411764705882354,0.6749359875559983,1.0,0.35294117647058826
15479,0.9895948844467957,1.0,1.0,0.9937947856332163,1.0,1.0,1.0,1.0,1.0
15480,0.6941986898644341,0.5,0.7777777777777778,0.6941986898644341,0.5,0.7777777777777778,0.9090719693810213,1.0,0.8888888888888888
15833,0.6618313225363276,1.0,0.23076923076923078,0.7280855459907166,1.0,0.2692307692307692,0.826813366651774,1.0,0.3076923076923077
15840,0.13032376591037065,0.25,0.16666666666666666,0.0,0.08333333333333333,0.0,0.2820132694023928,0.5,0.3333333333333333
15895,0.9279611693743142,1.0,1.0,0.787702056960637,1.0,0.75,0.8796542634124673,1.0,1.0
15932,0.9052116356304495,1.0,0.25,1.0,1.0,0.2777777777777778,1.0,1.0,0.2777777777777778
15944,1.0,1.0,0.7142857142857143,1.0,1.0,0.7142857142857143,1.0,1.0,0.7142857142857143
15979,1.0,1.0,0.4,1.0,1.0,0.4,1.0,1.0,0.4
16007,1.0,1.0,0.6666666666666666,1.0,1.0,0.6666666666666666,1.0,1.0,0.6666666666666666
16152,1.0,1.0,0.3333333333333333,1.0,1.0,0.3333333333333333,0.92663607790064,1.0,0.3
16154,1.0,1.0,0.29411764705882354,1.0,1.0,0.29411764705882354,1.0,1.0,0.29411764705882354
16203,0.8104616303452686,1.0,0.7142857142857143,0.8932076516505887,1.0,0.8571428571428571,0.8104616303452686,1.0,0.7142857142857143
16538,0.8669479898642711,1.0,0.7272727272727273,0.9337457765456111,1.0,0.8181818181818182,0.9337457765456111,1.0,0.8181818181818182
17007,1.0,1.0,1.0,1.0,1.0,1.0,1.0,1.0,1.0
17020,1.0,1.0,0.35714285714285715,0.7655934900767002,1.0,0.25,1.0,1.0,0.35714285714285715
17061,1.0,1.0,0.625,1.0,1.0,0.625,1.0,1.0,0.625
17113,1.0,1.0,0.625,1.0,1.0,0.625,1.0,1.0,0.625
17173,0.9337457765456111,1.0,0.75,0.6473362615659566,1.0,0.5,0.9363792118010483,1.0,0.75
17240,1.0,1.0,0.5555555555555556,1.0,1.0,0.5555555555555556,1.0,1.0,0.5555555555555556
17242,0.9363792118010483,1.0,0.6428571428571429,0.9363792118010483,1.0,0.6428571428571429,0.9363792118010483,1.0,0.6428571428571429
17247,1.0,1.0,0.625,1.0,1.0,0.625,1.0,1.0,0.625
17248,1.0,1.0,0.625,1.0,1.0,0.625,1.0,1.0,0.625
17286,0.4883491838252098,0.5,0.25,0.7007731679885375,1.0,0.3,0.8318477135310892,1.0,0.4
17595,0.5982291239616433,1.0,0.6666666666666666,0.6114902967340504,1.0,0.6666666666666666,0.8829374068620366,1.0,0.8333333333333334
17672,1.0,1.0,0.7692307692307693,1.0,1.0,0.7692307692307693,1.0,1.0,0.7692307692307693
17697,0.49818925746641285,0.5,0.6666666666666666,0.49818925746641285,0.5,0.6666666666666666,0.39106560501896365,0.3333333333333333,0.6666666666666666
17704,1.0,1.0,0.625,1.0,1.0,0.625,1.0,1.0,0.625
17717,1.0,1.0,0.7142857142857143,0.9363792118010483,1.0,0.6428571428571429,0.9363792118010483,1.0,0.6428571428571429
17851,0.8603818544462509,1.0,0.3076923076923077,0.8521705090845474,1.0,0.3076923076923077,0.9363792118010483,1.0,0.34615384615384615
17863,0.9052116356304495,1.0,0.2571428571428571,0.8611375561264456,1.0,0.2571428571428571,1.0,1.0,0.2857142857142857
17864,1.0,1.0,0.625,1.0,1.0,0.625,1.0,1.0,0.625
17868,0.3316936730892072,0.25,0.21052631578947367,0.5810820381115674,1.0,0.2631578947368421,0.5415879285615246,1.0,0.2631578947368421
17906,0.8553475075669357,1.0,0.7272727272727273,0.841492960259019,1.0,0.7272727272727273,0.8669479898642711,1.0,0.7272727272727273
18053,0.727329844310522,1.0,0.5,0.7967610662472993,1.0,0.5833333333333334,0.7151857987862358,1.0,0.5
18064,1.0,1.0,0.625,1.0,1.0,0.625,1.0,1.0,0.625
18067,0.5363559634917964,0.5,0.4,0.2369053087196564,0.2,0.2,0.4735717030454862,0.5,0.3333333333333333
18070,1.0,1.0,0.625,1.0,1.0,0.625,1.0,1.0,0.625
18072,0.7917063341896683,1.0,0.6666666666666666,0.7411902110103873,1.0,0.5833333333333334,0.8318477135310892,1.0,0.6666666666666666
18080,0.6325414799409712,1.0,0.4166666666666667,0.6117952373568122,1.0,0.4166666666666667,0.8553475075669357,1.0,0.6666666666666666
18081,1.0,1.0,0.8333333333333334,0.9363792118010483,1.0,0.75,1.0,1.0,0.8333333333333334
18082,0.9305687780632229,1.0,0.6,0.9337457765456111,1.0,0.6,0.9305687780632229,1.0,0.6
18084,0.9058653015743079,1.0,1.0,0.8285418996677884,1.0,1.0,0.9279611693743142,1.0,1.0
18100,1.0,1.0,0.625,1.0,1.0,0.625,1.0,1.0,0.625
18103,1.0,1.0,0.625,1.0,1.0,0.625,1.0,1.0,0.625
18104,1.0,1.0,0.29411764705882354,1.0,1.0,0.29411764705882354,1.0,1.0,0.29411764705882354
18113,0.34685330469621795,0.3333333333333333,0.23529411764705882,0.5548010254700118,1.0,0.29411764705882354,0.6306637463657284,1.0,0.35294117647058826
18114,1.0,1.0,0.7692307692307693,1.0,1.0,0.7692307692307693,1.0,1.0,0.7692307692307693
18115,0.647053841756604,1.0,0.375,0.7917063341896683,1.0,0.5,0.8454256604216018,1.0,0.5
18121,0.7506372960520511,1.0,0.3888888888888889,0.72891152902702,1.0,0.3888888888888889,0.5965173333990071,1.0,0.3333333333333333
18122,1.0,1.0,0.625,1.0,1.0,0.625,1.0,1.0,0.625
18125,0.7585866543655181,1.0,1.0,0.7737459235132745,1.0,1.0,0.8529278650606567,1.0,1.0
18127,0.88995411685096,1.0,0.6923076923076923,0.9305687780632229,1.0,0.6923076923076923,1.0,1.0,0.7692307692307693
18128,0.857980942822373,1.0,0.5714285714285714,0.8521705090845474,1.0,0.5714285714285714,0.9363792118010483,1.0,0.6428571428571429
18131,0.7542686714597937,1.0,0.4117647058823529,0.7600791051976192,1.0,0.4117647058823529,0.713654010247531,0.5,0.47058823529411764
18132,1.0,1.0,0.7142857142857143,1.0,1.0,0.7142857142857143,1.0,1.0,0.7142857142857143
18133,0.8611375561264456,1.0,0.6,1.0,1.0,0.6666666666666666,0.9305687780632229,1.0,0.6
18135,0.9363792118010483,1.0,0.75,1.0,1.0,0.8333333333333334,1.0,1.0,0.8333333333333334
18139,0.9216017310213247,1.0,0.9,0.8512360941594275,1.0,0.8,0.823699893396571,1.0,0.8
18144,1.0,1.0,0.625,1.0,1.0,0.625,1.0,1.0,0.625
18148,0.8611375561264456,1.0,0.3,0.685119869332369,0.5,0.26666666666666666,0.77990823370192,0.5,0.3
18149,1.0,1.0,0.6666666666666666,1.0,1.0,0.6666666666666666,1.0,1.0,0.6666666666666666
18150,0.8315546295836225,1.0,1.0,0.8315546295836225,1.0,1.0,0.8065735963827293,1.0,1.0
18151,0.5725185965839159,0.5,0.7142857142857143,0.6739672725099674,1.0,0.7142857142857143,0.6036200820108314,0.5,0.7142857142857143
18154,0.9052116356304495,1.0,0.6923076923076923,0.8486026589039901,1.0,0.6153846153846154,0.841492960259019,1.0,0.6153846153846154
18159,1.0,1.0,0.625,1.0,1.0,0.625,1.0,1.0,0.625
18166,0.8165901947515999,1.0,0.25806451612903225,1.0,1.0,0.3225806451612903,0.8701249883466594,1.0,0.25806451612903225
18168,0.8482378089219648,1.0,0.36363636363636365,0.8482378089219648,1.0,0.36363636363636365,0.8482378089219648,1.0,0.36363636363636365
18169,1.0,1.0,0.625,1.0,1.0,0.625,1.0,1.0,0.625
18183,0.8412976538766465,1.0,0.8888888888888888,0.8021233956408991,1.0,0.8888888888888888,0.8932904563001185,1.0,0.8888888888888888
18184,1.0,1.0,0.625,1.0,1.0,0.625,1.0,1.0,0.625
18185,1.0,1.0,0.7142857142857143,1.0,1.0,0.7142857142857143,1.0,1.0,0.7142857142857143
18186,1.0,1.0,0.6666666666666666,1.0,1.0,0.6666666666666666,1.0,1.0,0.6666666666666666
18199,0.6504460199135362,0.5,0.8,0.8200261225503443,1.0,0.8,0.7447855140948257,0.5,1.0
18203,1.0,1.0,0.625,1.0,1.0,0.625,1.0,1.0,0.625
18210,1.0,1.0,0.2777777777777778,1.0,1.0,0.2777777777777778,0.92663607790064,1.0,0.25
18212,0.9363792118010483,1.0,0.8181818181818182,0.8572048559638626,1.0,0.7272727272727273,0.8205228949141828,1.0,0.7272727272727273
18224,1.0,1.0,0.625,1.0,1.0,0.625,1.0,1.0,0.625
18225,1.0,1.0,0.6666666666666666,0.9363792118010483,1.0,0.6,0.9337457765456111,1.0,0.6
18228,1.0,1.0,0.625,1.0,1.0,0.625,1.0,1.0,0.625
18231,1.0,1.0,0.6666666666666666,1.0,1.0,0.6666666666666666,1.0,1.0,0.6666666666666666
18234,0.9305687780632229,1.0,0.6428571428571429,0.9305687780632229,1.0,0.6428571428571429,0.92663607790064,1.0,0.6428571428571429
18235,1.0,1.0,0.625,1.0,1.0,0.625,1.0,1.0,0.625
18289,0.0,0.07142857142857142,0.0,0.0,0.041666666666666664,0.0,0.0,0.06666666666666667,0.0
18391,0.718362797268624,1.0,0.2857142857142857,0.8454256604216018,1.0,0.38095238095238093,0.706583601726363,1.0,0.2857142857142857
18394,0.7453016244178956,1.0,0.30434782608695654,0.7471589728148226,1.0,0.30434782608695654,0.8357804136936722,1.0,0.34782608695652173
18430,0.6067216003536937,0.5,0.21875,0.7353797772725618,1.0,0.21875,0.77990823370192,0.5,0.28125
18558,1.0,1.0,0.8333333333333334,1.0,1.0,0.8333333333333334,1.0,1.0,0.8333333333333334
18559,0.44821456061271275,0.5,0.2777777777777778,0.36362370706892466,0.5,0.2222222222222222,0.416566946442348,0.5,0.2777777777777778
18560,0.0,0.09090909090909091,0.0,0.35914753008966527,0.5,0.5,0.0,0.06666666666666667,0.0
18566,0.8454256604216018,1.0,0.7272727272727273,0.8603818544462509,1.0,0.7272727272727273,0.8512360941594275,1.0,0.7272727272727273
18594,0.5205324778030482,1.0,0.5,0.3026024134988135,1.0,0.16666666666666666,0.7419486469368769,1.0,0.8333333333333334
18604,0.7313676349198184,1.0,0.7777777777777778,0.7651654956278677,1.0,0.7777777777777778,0.8446905084406404,1.0,0.7777777777777778
18606,1.0,1.0,1.0,1.0,1.0,1.0,0.6309297535714575,0.5,1.0
18610,0.9709286432396583,1.0,1.0,0.9709286432396583,1.0,1.0,0.9709286432396583,1.0,1.0
18617,1.0,1.0,0.6666666666666666,1.0,1.0,0.6666666666666666,1.0,1.0,0.6666666666666666
18635,0.7322962005285631,1.0,0.6666666666666666,0.6238470455881189,1.0,0.5,0.644824486427155,1.0,0.5
18715,0.8115558478722846,1.0,0.6666666666666666,0.685119869332369,0.5,0.6666666666666666,0.826813366651774,1.0,0.6666666666666666
18716,0.4451989745299882,0.5,0.2777777777777778,0.45953262310069537,1.0,0.2222222222222222,0.5868924718493931,1.0,0.2777777777777778
18723,1.0,1.0,0.7692307692307693,1.0,1.0,0.7692307692307693,1.0,1.0,0.7692307692307693
18725,1.0,1.0,1.0,1.0,1.0,1.0,1.0,1.0,1.0
18732,0.9438661545147249,1.0,1.0,0.7315682114753617,0.5,1.0,0.7486761295186739,0.5,1.0
18735,1.0,1.0,0.625,1.0,1.0,0.625,1.0,1.0,0.625
18745,0.9337457765456111,1.0,0.6428571428571429,0.9337457765456111,1.0,0.6428571428571429,1.0,1.0,0.7142857142857143
18748,0.88995411685096,1.0,0.6923076923076923,0.8611375561264456,1.0,0.6923076923076923,0.9305687780632229,1.0,0.6923076923076923
18752,1.0,1.0,0.45454545454545453,1.0,1.0,0.45454545454545453,1.0,1.0,0.45454545454545453
18754,0.8112689688197959,1.0,0.75,0.6672627586698946,0.5,0.75,0.7606163843126555,1.0,0.75
18759,0.8550956239938449,1.0,0.7777777777777778,0.842126470715732,1.0,0.7777777777777778,0.8351142097265216,1.0,0.7777777777777778
18762,1.0,1.0,0.7142857142857143,1.0,1.0,0.7142857142857143,1.0,1.0,0.7142857142857143
18765,0.9671081267272549,1.0,1.0,0.9833032486989473,1.0,1.0,0.9740298100854947,1.0,1.0
18771,0.7663491917568949,1.0,0.7272727272727273,0.6311443278613472,0.5,0.6363636363636364,0.7065443116025598,0.5,0.7272727272727273
18783,0.867043684838194,1.0,1.0,1.0,1.0,1.0,0.867043684838194,1.0,1.0
18784,1.0,1.0,0.625,1.0,1.0,0.625,1.0,1.0,0.625
18787,1.0,1.0,0.7142857142857143,1.0,1.0,0.7142857142857143,1.0,1.0,0.7142857142857143
18789,1.0,1.0,0.625,1.0,1.0,0.625,1.0,1.0,0.625
18790,1.0,1.0,0.5,1.0,1.0,0.5,1.0,1.0,0.5
18792,0.11751610475642714,0.1111111111111111,0.25,0.0,0.09090909090909091,0.0,0.25657228426720274,0.16666666666666666,0.5
18805,0.8263333286520084,1.0,0.8,0.7529694065526482,1.0,0.7,0.6906478832608419,1.0,0.6
18819,1.0,1.0,0.2857142857142857,1.0,1.0,0.2857142857142857,0.8643145546088339,1.0,0.22857142857142856
18824,1.0,1.0,0.3225806451612903,1.0,1.0,0.3225806451612903,1.0,1.0,0.3225806451612903
18826,1.0,1.0,0.625,1.0,1.0,0.625,1.0,1.0,0.625
18828,0.8248239677678635,1.0,0.8,0.7227265726449519,1.0,0.6,0.9505310077117097,1.0,1.0
18831,0.09791292534996782,0.16666666666666666,0.14285714285714285,0.13743816645714543,0.3333333333333333,0.14285714285714285,0.36650177721905447,1.0,0.2857142857142857
18835,0.7315449642824575,1.0,0.5,0.6969179698201176,1.0,0.5,0.73855677575495,1.0,0.5
18838,1.0,1.0,1.0,1.0,1.0,1.0,1.0,1.0,1.0
18841,1.0,1.0,0.6666666666666666,1.0,1.0,0.6666666666666666,1.0,1.0,0.6666666666666666
18843,0.769526190239283,1.0,0.5833333333333334,0.7655934900767002,1.0,0.5833333333333334,0.8263333286520084,1.0,0.6666666666666666
18845,1.0,1.0,0.5263157894736842,1.0,1.0,0.5263157894736842,1.0,1.0,0.5263157894736842
18855,1.0,1.0,0.7142857142857143,0.9363792118010483,1.0,0.6428571428571429,1.0,1.0,0.7142857142857143
18857,0.7104770117651427,0.5,0.6666666666666666,0.6698623505528799,0.5,0.6666666666666666,0.7065443116025598,0.5,0.6666666666666666
18860,0.7039180890341347,1.0,0.6666666666666666,0.7039180890341347,1.0,0.6666666666666666,0.6257049680303419,1.0,0.6666666666666666
18864,0.9337457765456111,1.0,0.9,0.9363792118010483,1.0,0.9,0.92663607790064,1.0,0.9
18868,0.817692920012317,1.0,0.8571428571428571,0.8814949540977741,1.0,0.8571428571428571,0.7957503936198024,1.0,0.7142857142857143
18871,0.9674679834891693,1.0,1.0,0.9469024295259745,1.0,1.0,0.9674679834891693,1.0,1.0
18872,1.0,1.0,0.7142857142857143,1.0,1.0,0.7142857142857143,1.0,1.0,0.7142857142857143
18873,1.0,1.0,0.7142857142857143,1.0,1.0,0.7142857142857143,1.0,1.0,0.7142857142857143
18881,1.0,1.0,0.4166666666666667,0.8357804136936722,1.0,0.3333333333333333,0.9216017310213247,1.0,0.375
18882,0.8712137160156971,1.0,1.0,0.6096199500078984,0.5,0.75,0.9176551163528843,1.0,1.0
18885,1.0,1.0,0.6666666666666666,1.0,1.0,0.6666666666666666,0.9216017310213247,1.0,0.6
18948,0.36215764044273824,0.3333333333333333,0.42857142857142855,0.47703673137227204,0.5,0.5714285714285714,0.31086582344538494,0.5,0.2857142857142857
18987,0.5232184379652837,0.5,0.6666666666666666,0.4146024846865028,0.5,0.4444444444444444,0.6812295365863211,0.5,0.7777777777777778
19049,1.0,1.0,0.625,1.0,1.0,0.625,1.0,1.0,0.625
19056,0.7104770117651427,0.5,0.7272727272727273,0.7663491917568949,1.0,0.7272727272727273,0.7015099647232446,0.5,0.7272727272727273
19409,1.0,1.0,0.2857142857142857,1.0,1.0,0.2857142857142857,1.0,1.0,0.2857142857142857
19412,1.0,1.0,0.6666666666666666,1.0,1.0,0.6666666666666666,1.0,1.0,0.6666666666666666
19413,0.9148568823583791,1.0,0.5625,0.314880130667631,1.0,0.125,0.7600791051976192,1.0,0.4375
19501,0.26774614184997625,0.2,0.375,0.3438894825673598,0.2,0.5,0.4215260167047073,0.2,0.625
19567,0.6804503724350792,1.0,0.35294117647058826,0.6437684113853991,1.0,0.35294117647058826,0.8415908474314977,1.0,0.47058823529411764
19687,1.0,1.0,0.8333333333333334,1.0,1.0,0.8333333333333334,1.0,1.0,0.8333333333333334
19713,1.0,1.0,0.9090909090909091,1.0,1.0,0.9090909090909091,1.0,1.0,0.9090909090909091
19722,0.7908387778091585,1.0,0.7142857142857143,0.7041249493150388,1.0,0.5714285714285714,0.8104616303452686,1.0,0.7142857142857143
19803,0.0,0.05555555555555555,0.0,0.0,0.05,0.0,0.0,0.058823529411764705,0.0
19890,0.694765116060299,0.5,0.26666666666666666,0.77990823370192,0.5,0.3,0.77990823370192,0.5,0.3
19892,1.0,1.0,0.2777777777777778,1.0,1.0,0.2777777777777778,1.0,1.0,0.2777777777777778
19894,1.0,1.0,0.625,1.0,1.0,0.625,1.0,1.0,0.625
19896,1.0,1.0,0.625,1.0,1.0,0.625,1.0,1.0,0.625
19907,1.0,1.0,0.625,1.0,1.0,0.625,1.0,1.0,0.625
19981,0.77990823370192,0.5,0.75,0.7215194105726963,1.0,0.5833333333333334,0.77990823370192,0.5,0.75
20174,0.36724566222618554,0.25,0.5,0.3133689519796274,0.14285714285714285,0.5,0.3631452740884575,0.25,0.5
20178,1.0,1.0,0.8333333333333334,1.0,1.0,0.8333333333333334,1.0,1.0,0.8333333333333334
20181,1.0,1.0,0.9090909090909091,1.0,1.0,0.9090909090909091,1.0,1.0,0.9090909090909091
20186,1.0,1.0,0.7692307692307693,1.0,1.0,0.7692307692307693,1.0,1.0,0.7692307692307693
20322,1.0,1.0,1.0,1.0,1.0,1.0,1.0,1.0,1.0
20445,0.1208113026994942,0.16666666666666666,0.2,0.1208113026994942,0.16666666666666666,0.2,0.14606834984270645,0.25,0.2
20447,0.92663607790064,1.0,0.9,0.8611375561264456,1.0,0.9,0.9305687780632229,1.0,0.9
20771,0.6379893060953273,0.5,1.0,0.5548265038690208,0.25,1.0,0.7827141072039429,1.0,1.0
20928,0.3903800499921017,1.0,0.25,0.3903800499921017,1.0,0.25,0.3903800499921017,1.0,0.25
20929,1.0,1.0,0.35714285714285715,1.0,1.0,0.35714285714285715,1.0,1.0,0.35714285714285715
20964,0.2640681225725909,0.25,0.5,0.6131471927654584,1.0,0.5,0.6131471927654584,1.0,0.5
20979,1.0,1.0,0.7142857142857143,0.9363792118010483,1.0,0.6428571428571429,0.92663607790064,1.0,0.6428571428571429
20981,1.0,1.0,0.625,1.0,1.0,0.625,1.0,1.0,0.625
21035,1.0,1.0,1.0,1.0,1.0,1.0,1.0,1.0,1.0
21037,0.38685280723454163,0.2,1.0,0.5,0.3333333333333333,1.0,0.0,0.09090909090909091,0.0
21039,1.0,1.0,0.7142857142857143,1.0,1.0,0.7142857142857143,0.92663607790064,1.0,0.6428571428571429
21041,1.0,1.0,0.5263157894736842,0.9363792118010483,1.0,0.47368421052631576,0.9363792118010483,1.0,0.47368421052631576
21043,1.0,1.0,1.0,1.0,1.0,1.0,1.0,1.0,1.0
21045,0.9305687780632229,1.0,0.6,1.0,1.0,0.6666666666666666,1.0,1.0,0.6666666666666666
21049,1.0,1.0,0.7142857142857143,1.0,1.0,0.7142857142857143,1.0,1.0,0.7142857142857143
21050,1.0,1.0,0.9090909090909091,0.8701249883466594,1.0,0.7272727272727273,0.9337457765456111,1.0,0.8181818181818182
21052,0.6214990811334173,0.5,0.3333333333333333,0.8512360941594275,1.0,0.38095238095238093,0.6758704024811183,1.0,0.2857142857142857
21056,0.5481351590340574,0.5,0.5,0.7104770117651427,0.5,0.6666666666666666,0.6352557412688554,0.5,0.5833333333333334
21057,0.5730249097309823,1.0,0.6,0.5773584151532217,1.0,0.6,0.49661976912920763,0.5,0.6
21067,0.2460378879321994,0.16666666666666666,0.375,0.21078558563971428,0.3333333333333333,0.25,0.5617919590538469,1.0,0.5
21114,0.7977228895450266,1.0,1.0,0.7977228895450266,1.0,1.0,0.8315546295836225,1.0,1.0
21152,0.7973123008848118,1.0,0.75,0.6958825154185628,1.0,0.625,0.6663212538075456,1.0,0.625
21179,0.8611375561264456,1.0,0.6,0.77990823370192,0.5,0.6,0.8611375561264456,1.0,0.6
21195,1.0,1.0,1.0,1.0,1.0,1.0,1.0,1.0,1.0
21243,0.7039180890341347,1.0,0.6666666666666666,0.86034433104172,1.0,1.0,0.7039180890341347,1.0,0.6666666666666666
21244,0.7951657524814092,1.0,0.32,0.7827392871477703,1.0,0.32,0.5580759111248786,1.0,0.2
21245,0.92663607790064,1.0,0.6923076923076923,0.92663607790064,1.0,0.6923076923076923,0.9305687780632229,1.0,0.6923076923076923
21247,0.88995411685096,1.0,0.9,0.92663607790064,1.0,0.9,0.713654010247531,0.5,0.8
21249,1.0,1.0,0.6666666666666666,1.0,1.0,0.6666666666666666,1.0,1.0,0.6666666666666666
21251,0.8389574121760603,1.0,0.7272727272727273,0.8486026589039901,1.0,0.7272727272727273,0.8643145546088339,1.0,0.7272727272727273
21253,1.0,1.0,1.0,1.0,1.0,1.0,1.0,1.0,1.0
21254,0.92663607790064,1.0,0.8181818181818182,0.9363792118010483,1.0,0.8181818181818182,0.7846170207230131,1.0,0.6363636363636364
21264,0.9216514835285049,1.0,0.8888888888888888,0.9292442392789195,1.0,0.8888888888888888,0.9292442392789195,1.0,0.8888888888888888
21273,1.0,1.0,0.7142857142857143,1.0,1.0,0.7142857142857143,1.0,1.0,0.7142857142857143
21277,1.0,1.0,0.625,1.0,1.0,0.625,1.0,1.0,0.625
21282,0.8218104166998356,1.0,0.7777777777777778,0.6930221935231563,1.0,0.5555555555555556,0.8317213551625277,1.0,0.7777777777777778
21284,1.0,1.0,0.6666666666666666,1.0,1.0,0.6666666666666666,1.0,1.0,0.6666666666666666
21290,0.5543375550857161,0.5,0.75,0.5646436081071458,0.5,0.75,0.6436579276931672,1.0,0.75
21295,0.88995411685096,1.0,0.8181818181818182,0.92663607790064,1.0,0.8181818181818182,0.9216017310213247,1.0,0.8181818181818182
21315,0.575073986183329,0.5,0.25,0.6678262889110272,1.0,0.21428571428571427,0.8669479898642711,1.0,0.2857142857142857
21321,0.9363792118010483,1.0,0.6923076923076923,1.0,1.0,0.7692307692307693,1.0,1.0,0.7692307692307693
21327,0.6990965951279143,1.0,0.8333333333333334,0.7140069974742134,1.0,0.8333333333333334,0.606719472279063,1.0,0.6666666666666666
21331,0.9305687780632229,1.0,0.6,0.9337457765456111,1.0,0.6,0.9337457765456111,1.0,0.6
21335,0.7751482523375256,1.0,0.6666666666666666,0.8662406555609836,1.0,0.8333333333333334,0.7751482523375256,1.0,0.6666666666666666
21339,0.9337457765456111,1.0,0.47368421052631576,1.0,1.0,0.5263157894736842,1.0,1.0,0.5263157894736842
21343,0.9337457765456111,1.0,0.6923076923076923,0.8669479898642711,1.0,0.6153846153846154,0.9337457765456111,1.0,0.6923076923076923
21358,0.6340499455108034,0.5,1.0,0.6797310500037655,0.5,1.0,0.42495990177520937,0.125,1.0
21363,0.6257049680303419,1.0,0.6666666666666666,0.4525081529734507,0.5,0.6666666666666666,0.6508205185601091,1.0,0.6666666666666666
21364,1.0,1.0,0.2857142857142857,1.0,1.0,0.2857142857142857,1.0,1.0,0.2857142857142857
21368,0.8630152897016883,1.0,0.7272727272727273,0.9216017310213247,1.0,0.8181818181818182,0.9052116356304495,1.0,0.8181818181818182
21373,0.6331992944486873,1.0,0.6,0.4705561169627618,0.5,0.5,0.5771493379489848,1.0,0.5
21376,1.0,1.0,0.625,1.0,1.0,0.625,1.0,1.0,0.625
21379,0.7381919257729246,1.0,0.7,0.7859162856301584,1.0,0.7,0.6316243658611128,1.0,0.6
21431,1.0,1.0,0.5263157894736842,1.0,1.0,0.5263157894736842,0.9337457765456111,1.0,0.47368421052631576
21442,0.7877736340270853,1.0,0.7272727272727273,0.7917063341896683,1.0,0.7272727272727273,0.7849818707050383,1.0,0.6363636363636364
21450,1.0,1.0,0.625,1.0,1.0,0.625,1.0,1.0,0.625
21452,0.9216017310213247,1.0,0.6923076923076923,1.0,1.0,0.7692307692307693,0.9337457765456111,1.0,0.6923076923076923
21462,1.0,1.0,0.8333333333333334,1.0,1.0,0.8333333333333334,1.0,1.0,0.8333333333333334
21467,1.0,1.0,0.8333333333333334,1.0,1.0,0.8333333333333334,1.0,1.0,0.8333333333333334
21470,0.8603818544462509,1.0,0.25,0.9305687780632229,1.0,0.28125,0.9337457765456111,1.0,0.28125
21499,1.0,1.0,0.625,1.0,1.0,0.625,1.0,1.0,0.625
21500,1.0,1.0,0.7142857142857143,0.9337457765456111,1.0,0.6428571428571429,1.0,1.0,0.7142857142857143
21511,0.7125523635307983,1.0,0.6,0.6489315753318466,1.0,0.5,0.727329844310522,1.0,0.6
21515,0.9337457765456111,1.0,0.45,0.9337457765456111,1.0,0.45,1.0,1.0,0.5
21518,0.43734888382569426,0.5,0.6666666666666666,0.38268031849431083,0.3333333333333333,0.6666666666666666,0.5726073975563163,0.3333333333333333,1.0
21537,1.0,1.0,0.6666666666666666,1.0,1.0,0.6666666666666666,1.0,1.0,0.6666666666666666
21548,1.0,1.0,0.9090909090909091,1.0,1.0,0.9090909090909091,1.0,1.0,0.9090909090909091
21550,1.0,1.0,0.625,1.0,1.0,0.625,1.0,1.0,0.625
21551,0.796670591535181,0.5,1.0,0.796670591535181,0.5,1.0,0.796670591535181,0.5,1.0
21563,0.8611375561264456,1.0,0.75,0.9148568823583791,1.0,0.75,0.92663607790064,1.0,0.75
21565,1.0,1.0,1.0,1.0,1.0,1.0,1.0,1.0,1.0
21576,0.42914113378860663,1.0,0.3076923076923077,0.44821456061271275,0.5,0.38461538461538464,0.7151857987862358,1.0,0.46153846153846156
21622,1.0,1.0,1.0,1.0,1.0,1.0,1.0,1.0,1.0
21625,0.9337457765456111,1.0,0.75,0.9305687780632229,1.0,0.75,0.92663607790064,1.0,0.75
21627,0.8815140373113173,1.0,0.875,0.8581578576524914,1.0,0.875,0.8954707052463013,1.0,0.875
21635,1.0,1.0,0.6666666666666666,1.0,1.0,0.6666666666666666,1.0,1.0,0.6666666666666666
21641,0.6618313225363276,1.0,0.6,0.6207622843987103,1.0,0.5,0.6267310462031456,1.0,0.6
21663,0.6105858728157117,1.0,0.5,0.5842273861585909,1.0,0.5,0.7016782760391699,1.0,0.6666666666666666
21710,1.0,1.0,0.625,1.0,1.0,0.625,1.0,1.0,0.625
21716,1.0,1.0,0.625,1.0,1.0,0.625,1.0,1.0,0.625
21717,0.6121005180971476,0.5,0.8333333333333334,0.711318759689527,1.0,0.6666666666666666,0.7326752083234244,1.0,0.8333333333333334
21722,1.0,1.0,0.43478260869565216,1.0,1.0,0.43478260869565216,1.0,1.0,0.43478260869565216
21742,0.6083169141195839,1.0,0.2777777777777778,0.67175898907361,1.0,0.3333333333333333,0.7183424120903082,1.0,0.3888888888888889
21743,0.88995411685096,1.0,0.375,0.88995411685096,1.0,0.375,0.9337457765456111,1.0,0.375
21745,1.0,1.0,0.6666666666666666,1.0,1.0,0.6666666666666666,1.0,1.0,0.6666666666666666
21746,1.0,1.0,0.7692307692307693,1.0,1.0,0.7692307692307693,1.0,1.0,0.7692307692307693
21755,1.0,1.0,0.625,1.0,1.0,0.625,1.0,1.0,0.625
21756,1.0,1.0,0.625,1.0,1.0,0.625,1.0,1.0,0.625
21758,0.8603818544462509,1.0,0.6153846153846154,0.8364586133797037,1.0,0.6153846153846154,0.8669479898642711,1.0,0.6153846153846154
21765,1.0,1.0,0.625,1.0,1.0,0.625,1.0,1.0,0.625
21766,1.0,1.0,1.0,1.0,1.0,1.0,1.0,1.0,1.0
21770,1.0,1.0,0.625,1.0,1.0,0.625,1.0,1.0,0.625
21773,1.0,1.0,0.6666666666666666,1.0,1.0,0.6666666666666666,1.0,1.0,0.6666666666666666
21774,1.0,1.0,0.8333333333333334,1.0,1.0,0.8333333333333334,1.0,1.0,0.8333333333333334
21778,1.0,1.0,0.7692307692307693,1.0,1.0,0.7692307692307693,1.0,1.0,0.7692307692307693
21793,0.0,0.03225806451612903,0.0,0.0,0.034482758620689655,0.0,0.0,0.06666666666666667,0.0
21805,1.0,1.0,0.625,1.0,1.0,0.625,1.0,1.0,0.625
21807,1.0,1.0,1.0,0.9363792118010483,1.0,0.9,1.0,1.0,1.0
21810,1.0,1.0,0.625,1.0,1.0,0.625,1.0,1.0,0.625
21812,0.9066276098484507,1.0,1.0,0.9010126104210695,1.0,1.0,0.7653606369886217,1.0,0.6666666666666666
21825,0.7678620595110026,1.0,0.8,0.5681000400692752,0.5,0.8,0.9708923176105698,1.0,1.0
21832,0.9818483242455303,1.0,1.0,0.7738931964842558,0.5,1.0,0.9896062251871525,1.0,1.0
21937,0.5,0.3333333333333333,1.0,0.5,0.3333333333333333,1.0,0.6309297535714575,0.5,1.0
21941,0.8503449055347546,1.0,1.0,0.9197207891481876,1.0,1.0,0.48247555939075504,0.25,1.0
21947,0.7967610662472993,1.0,0.3333333333333333,0.7059054020403313,1.0,0.2857142857142857,0.7859162856301584,1.0,0.3333333333333333
21948,1.0,1.0,0.3448275862068966,1.0,1.0,0.3448275862068966,1.0,1.0,0.3448275862068966
21949,0.9674679834891693,1.0,1.0,0.9134015924715543,1.0,1.0,0.9217868789962071,1.0,1.0
21958,0.4736364032178,0.25,0.7142857142857143,0.32323192692014274,0.3333333333333333,0.42857142857142855,0.2927542585654466,0.25,0.42857142857142855
21959,1.0,1.0,0.8333333333333334,0.9363792118010483,1.0,0.75,0.92663607790064,1.0,0.75
21966,0.8630152897016883,1.0,0.8,0.8572048559638626,1.0,0.8,0.8630152897016883,1.0,0.8
21968,1.0,1.0,0.7692307692307693,1.0,1.0,0.7692307692307693,1.0,1.0,0.7692307692307693
21971,0.897617883552293,1.0,1.0,0.7928580195906539,0.5,1.0,0.7424242840075184,0.5,1.0
21972,1.0,1.0,1.0,1.0,1.0,1.0,1.0,1.0,1.0
21973,0.8508957228074243,1.0,0.7777777777777778,0.8508957228074243,1.0,0.7777777777777778,0.8550956239938449,1.0,0.7777777777777778
21976,0.8669479898642711,1.0,0.5714285714285714,0.9148568823583791,1.0,0.6428571428571429,0.9216017310213247,1.0,0.6428571428571429
21985,0.823699893396571,1.0,0.7272727272727273,0.7917063341896683,1.0,0.7272727272727273,0.7948833326720566,1.0,0.7272727272727273
21988,0.8677498204895239,1.0,1.0,0.8599919195479018,1.0,1.0,0.9747429528567877,1.0,1.0
21992,1.0,1.0,1.0,1.0,1.0,1.0,1.0,1.0,1.0
21995,1.0,1.0,0.6666666666666666,1.0,1.0,0.6666666666666666,1.0,1.0,0.6666666666666666
22003,0.8006937664098821,1.0,0.6363636363636364,0.7222954974312067,1.0,0.5454545454545454,0.8643145546088339,1.0,0.7272727272727273
22004,1.0,1.0,0.7142857142857143,1.0,1.0,0.7142857142857143,1.0,1.0,0.7142857142857143
22011,1.0,1.0,0.625,1.0,1.0,0.625,1.0,1.0,0.625
22021,0.7246262544989281,1.0,0.75,0.7095272044910244,1.0,0.75,0.7095272044910244,1.0,0.75
22026,1.0,1.0,0.6666666666666666,1.0,1.0,0.6666666666666666,1.0,1.0,0.6666666666666666
22028,0.9216017310213247,1.0,0.6428571428571429,0.9337457765456111,1.0,0.6428571428571429,1.0,1.0,0.7142857142857143
22117,1.0,1.0,0.625,1.0,1.0,0.625,1.0,1.0,0.625
22118,1.0,1.0,0.2857142857142857,1.0,1.0,0.2857142857142857,1.0,1.0,0.2857142857142857
22119,1.0,1.0,0.6666666666666666,1.0,1.0,0.6666666666666666,1.0,1.0,0.6666666666666666
22240,0.6309297535714575,0.5,1.0,1.0,1.0,1.0,0.43067655807339306,0.25,1.0
22250,1.0,1.0,0.2777777777777778,1.0,1.0,0.2777777777777778,1.0,1.0,0.2777777777777778
22253,1.0,1.0,0.3448275862068966,1.0,1.0,0.3448275862068966,1.0,1.0,0.3448275862068966
22255,0.9438661545147249,1.0,1.0,0.9438661545147249,1.0,1.0,0.9709286432396583,1.0,1.0
22259,0.6652907408280684,1.0,0.6,0.73855677575495,1.0,0.7,0.6555476069276601,1.0,0.6
22309,0.45920859271393394,1.0,0.375,0.5901779130901621,1.0,0.5,0.35604826641420984,0.25,0.5
22343,1.0,1.0,0.4,1.0,1.0,0.4,1.0,1.0,0.4
22358,0.8611375561264456,1.0,0.47368421052631576,0.9052116356304495,1.0,0.47368421052631576,0.9305687780632229,1.0,0.47368421052631576
22399,0.8611375561264456,1.0,0.6923076923076923,0.8701249883466594,1.0,0.6153846153846154,0.9363792118010483,1.0,0.6923076923076923
22440,0.36926780146674987,0.25,0.6666666666666666,0.49818925746641285,0.5,0.6666666666666666,0.39106560501896365,0.3333333333333333,0.6666666666666666
22492,0.9216017310213247,1.0,0.34615384615384615,0.88995411685096,1.0,0.34615384615384615,1.0,1.0,0.38461538461538464
22563,0.7982650576674577,0.5,1.0,0.7982650576674577,0.5,1.0,0.7815683063664048,0.5,1.0
22582,0.643121141594021,1.0,0.1875,0.7453016244178956,1.0,0.21875,0.7877736340270853,1.0,0.25
22584,0.8643145546088339,1.0,0.5,0.8364586133797037,1.0,0.5,0.6421867266689011,1.0,0.3125
22600,0.5711601909662337,1.0,0.6,0.9337457765456111,1.0,0.9,0.5363559634917964,0.5,0.6
22616,1.0,1.0,0.6666666666666666,1.0,1.0,0.6666666666666666,1.0,1.0,0.6666666666666666
22618,1.0,1.0,0.6666666666666666,1.0,1.0,0.6666666666666666,1.0,1.0,0.6666666666666666
22623,0.6479443292923117,0.5,0.7777777777777778,0.7419698208848267,0.5,0.8888888888888888,0.8021233956408991,1.0,0.8888888888888888
22650,0.9148568823583791,1.0,0.6,0.9363792118010483,1.0,0.6,0.9337457765456111,1.0,0.6
22910,0.6868169791563724,1.0,0.6666666666666666,0.842126470715732,1.0,0.7777777777777778,0.6875082266586884,1.0,0.6666666666666666
22925,0.8701249883466594,1.0,0.7272727272727273,0.8701249883466594,1.0,0.7272727272727273,0.8701249883466594,1.0,0.7272727272727273
22972,0.8630152897016883,1.0,0.5333333333333333,0.9305687780632229,1.0,0.6,0.9148568823583791,1.0,0.6
22974,0.8630152897016883,1.0,0.4,0.7967610662472993,1.0,0.35,0.9363792118010483,1.0,0.45
22979,0.6468562235661909,0.5,0.5384615384615384,0.6281460426238845,0.5,0.5384615384615384,0.8611375561264456,1.0,0.6923076923076923
22980,1.0,1.0,1.0,1.0,1.0,1.0,1.0,1.0,1.0
22985,0.961701088650451,1.0,1.0,0.9833032486989473,1.0,1.0,1.0,1.0,1.0
23032,1.0,1.0,0.625,1.0,1.0,0.625,1.0,1.0,0.625
23036,1.0,1.0,0.625,1.0,1.0,0.625,1.0,1.0,0.625
23108,1.0,1.0,0.625,1.0,1.0,0.625,1.0,1.0,0.625
23110,0.8006937664098821,1.0,0.3888888888888889,0.8512360941594275,1.0,0.4444444444444444,0.9216017310213247,1.0,0.5
23111,0.8643145546088339,1.0,0.6153846153846154,0.9305687780632229,1.0,0.6923076923076923,0.7975167679274939,1.0,0.6153846153846154
23115,0.38685280723454163,0.5,0.5,0.3065735963827292,0.3333333333333333,0.5,0.38685280723454163,0.5,0.5
23122,1.0,1.0,0.625,1.0,1.0,0.625,1.0,1.0,0.625
23127,0.8541058313273973,1.0,1.0,0.7419486469368769,1.0,0.8333333333333334,1.0,1.0,1.0
23134,0.7957013235190329,0.5,1.0,0.8356822319453922,1.0,0.8571428571428571,0.6199539926743891,0.3333333333333333,0.8571428571428571
23137,1.0,1.0,0.6666666666666666,1.0,1.0,0.6666666666666666,1.0,1.0,0.6666666666666666
23142,1.0,1.0,0.625,1.0,1.0,0.625,1.0,1.0,0.625
23144,1.0,1.0,0.6666666666666666,1.0,1.0,0.6666666666666666,0.9337457765456111,1.0,0.6
23147,0.0,0.07692307692307693,0.0,0.2836929289153804,0.125,0.6666666666666666,0.20210734650054757,0.25,0.3333333333333333
23155,1.0,1.0,0.625,1.0,1.0,0.625,1.0,1.0,0.625
23219,0.6131471927654584,1.0,0.5,0.6131471927654584,1.0,0.5,0.6131471927654584,1.0,0.5
23224,0.4852658227346317,0.3333333333333333,0.75,0.2406672991267921,0.125,0.5,0.5765708893292185,0.3333333333333333,1.0
23241,0.16716045496620227,0.16666666666666666,0.3333333333333333,0.0,0.09090909090909091,0.0,0.23463936301137822,0.3333333333333333,0.3333333333333333
23282,0.0,0.09090909090909091,0.0,0.2890648263178879,0.1,1.0,0.3562071871080222,0.16666666666666666,1.0
23318,0.6281460426238845,0.5,0.4375,0.5527460588826718,0.5,0.375,0.543100812154742,0.5,0.375
23331,0.4644147025690223,1.0,0.42857142857142855,0.3785242784377222,0.5,0.42857142857142855,0.3385669807178284,0.3333333333333333,0.42857142857142855
23354,0.7510916729774055,1.0,0.4444444444444444,0.37859880603906126,1.0,0.16666666666666666,1.0,1.0,0.5555555555555556
23398,0.9052116356304495,1.0,0.8181818181818182,0.8611375561264456,1.0,0.8181818181818182,0.8611375561264456,1.0,0.8181818181818182
23422,1.0,1.0,0.625,1.0,1.0,0.625,1.0,1.0,0.625
23457,0.7380396325465057,1.0,0.625,0.8255857570917466,1.0,0.75,0.6560653628579188,0.5,0.75
23460,0.9783978399515039,1.0,1.0,0.8534811121179371,1.0,0.8333333333333334,0.4383072252272689,0.5,0.5
23462,0.9950883841893561,1.0,1.0,0.9083745556952363,1.0,0.8571428571428571,0.9815441540827995,1.0,1.0
23471,0.75369761125927,1.0,0.75,0.7365896932159578,1.0,0.75,0.8048099750039491,1.0,0.75
23472,0.43067655807339306,0.25,1.0,0.38685280723454163,0.2,1.0,0.43067655807339306,0.25,1.0
23483,1.0,1.0,0.6666666666666666,1.0,1.0,0.6666666666666666,1.0,1.0,0.6666666666666666
23492,1.0,1.0,0.5555555555555556,1.0,1.0,0.5555555555555556,1.0,1.0,0.5555555555555556
23502,1.0,1.0,0.625,1.0,1.0,0.625,1.0,1.0,0.625
23503,0.38941412718428836,0.3333333333333333,0.5,0.44626791679630323,0.25,0.6666666666666666,0.1785641173248663,0.1111111111111111,0.3333333333333333
23509,1.0,1.0,0.7142857142857143,1.0,1.0,0.7142857142857143,1.0,1.0,0.7142857142857143
23511,0.9267582364714125,1.0,1.0,1.0,1.0,1.0,1.0,1.0,1.0
23513,0.8932498536862836,1.0,1.0,0.8922108454754891,1.0,0.8333333333333334,0.9740298100854947,1.0,1.0
23515,0.15642624200758548,0.14285714285714285,0.3333333333333333,0.43734888382569426,0.5,0.6666666666666666,0.16716045496620227,0.16666666666666666,0.3333333333333333
23518,1.0,1.0,0.625,1.0,1.0,0.625,1.0,1.0,0.625
23523,1.0,1.0,0.9090909090909091,0.6563033086078547,1.0,0.6363636363636364,0.9363792118010483,1.0,0.8181818181818182
23525,1.0,1.0,0.9090909090909091,1.0,1.0,0.9090909090909091,1.0,1.0,0.9090909090909091
23643,1.0,1.0,0.625,1.0,1.0,0.625,1.0,1.0,0.625
23646,0.34762911100514526,0.3333333333333333,0.5,0.2179300643042347,0.2,0.3333333333333333,0.32558463453628983,0.25,0.5
23695,0.9216017310213247,1.0,0.36,0.92663607790064,1.0,0.36,0.88995411685096,1.0,0.36
23799,0.3333333333333333,0.14285714285714285,1.0,0.0,0.07692307692307693,0.0,0.5,0.3333333333333333,1.0
23944,0.961701088650451,1.0,1.0,0.9671081267272549,1.0,1.0,0.9740298100854947,1.0,1.0
23995,1.0,1.0,0.7692307692307693,1.0,1.0,0.7692307692307693,1.0,1.0,0.7692307692307693
24044,1.0,1.0,0.45454545454545453,1.0,1.0,0.45454545454545453,1.0,1.0,0.45454545454545453
24045,0.7503696232576679,1.0,0.7777777777777778,0.6804007197472356,0.5,0.7777777777777778,0.8317213551625277,1.0,0.7777777777777778
24047,0.9216017310213247,1.0,0.75,0.7720617383222419,1.0,0.5833333333333334,0.8611375561264456,1.0,0.75
24050,0.870608685426993,1.0,0.8333333333333334,0.9274624750390078,1.0,1.0,0.6419711018425817,0.5,0.8333333333333334
24051,0.5104379394614381,0.3333333333333333,0.8,0.41774584760242617,0.3333333333333333,0.6,0.4138385819070219,0.3333333333333333,0.6
24058,0.845519325279726,1.0,0.7777777777777778,0.8508957228074243,1.0,0.7777777777777778,0.7671708088082309,1.0,0.6666666666666666
24061,0.841492960259019,1.0,0.27586206896551724,0.9337457765456111,1.0,0.3103448275862069,0.7655934900767002,1.0,0.2413793103448276
24161,0.6508205185601091,1.0,0.6666666666666666,0.6364391809889587,1.0,0.6666666666666666,0.6364391809889587,1.0,0.6666666666666666
24162,0.18154179253735267,0.2,0.3333333333333333,0.16716045496620227,0.16666666666666666,0.3333333333333333,0.13565197343244778,0.1,0.3333333333333333
24319,0.9337457765456111,1.0,0.24324324324324326,0.9337457765456111,1.0,0.24324324324324326,1.0,1.0,0.2702702702702703
24344,1.0,1.0,0.625,1.0,1.0,0.625,1.0,1.0,0.625
24358,1.0,1.0,0.625,1.0,1.0,0.625,1.0,1.0,0.625
24366,1.0,1.0,0.625,1.0,1.0,0.625,1.0,1.0,0.625
24370,1.0,1.0,0.9090909090909091,1.0,1.0,0.9090909090909091,1.0,1.0,0.9090909090909091
24375,1.0,1.0,0.9090909090909091,1.0,1.0,0.9090909090909091,1.0,1.0,0.9090909090909091
24422,0.9223260797603763,1.0,1.0,0.6975637657739948,1.0,0.75,0.9619991470595832,1.0,1.0
24429,0.92663607790064,1.0,0.9,0.9337457765456111,1.0,0.9,0.9337457765456111,1.0,0.9
24438,0.4362932381209216,1.0,0.3333333333333333,0.2350455494144854,1.0,0.1111111111111111,0.40432209650495937,1.0,0.3333333333333333
24440,0.8048099750039491,1.0,0.75,0.8048099750039491,1.0,0.75,0.8318724637288826,1.0,0.75
24454,0.6165641057516339,1.0,0.5714285714285714,0.7032779342457537,1.0,0.7142857142857143,0.6891341765546152,1.0,0.7142857142857143
24461,0.6172839611614819,1.0,0.2777777777777778,0.3156169274023381,0.25,0.2222222222222222,0.5072380780124418,0.5,0.2777777777777778
24476,0.9793656319464775,1.0,1.0,0.9860433320650158,1.0,1.0,0.8668509484976332,1.0,0.875
24489,1.0,1.0,0.7692307692307693,0.9337457765456111,1.0,0.6923076923076923,0.9305687780632229,1.0,0.6923076923076923
24490,0.713654010247531,0.5,0.38095238095238093,0.7104770117651427,0.5,0.38095238095238093,0.6410457898283654,0.3333333333333333,0.38095238095238093
24494,0.4087190681031838,0.3333333333333333,0.5555555555555556,0.4921221843189124,0.5,0.5555555555555556,0.6316501627973692,0.5,0.7777777777777778
24497,1.0,1.0,0.7142857142857143,1.0,1.0,0.7142857142857143,0.9337457765456111,1.0,0.6428571428571429
24603,0.8669479898642711,1.0,0.3076923076923077,0.8006937664098821,1.0,0.2692307692307692,0.8669479898642711,1.0,0.3076923076923077
24634,1.0,1.0,0.6666666666666666,1.0,1.0,0.6666666666666666,1.0,1.0,0.6666666666666666
24635,0.9083745556952363,1.0,0.8571428571428571,0.9083745556952363,1.0,0.8571428571428571,0.9020870746500321,1.0,0.8571428571428571
24638,1.0,1.0,0.6666666666666666,1.0,1.0,0.6666666666666666,0.9305687780632229,1.0,0.6
24685,0.8643145546088339,1.0,0.6666666666666666,0.7542686714597937,1.0,0.5833333333333334,0.9148568823583791,1.0,0.75
24712,0.8521705090845474,1.0,0.27586206896551724,0.7353797772725618,1.0,0.2413793103448276,0.8318477135310892,1.0,0.27586206896551724
24740,0.7630946912803437,1.0,0.35,0.7788065869851875,1.0,0.35,0.5965377185773229,1.0,0.25
24747,0.6309297535714575,0.5,1.0,0.43067655807339306,0.25,1.0,0.5,0.3333333333333333,1.0
24748,0.7778721720600673,1.0,0.4666666666666667,0.6804503724350792,1.0,0.4,0.5637884576902257,1.0,0.26666666666666666
24752,0.6924048374257172,1.0,0.6666666666666666,0.7183750273402226,1.0,0.6666666666666666,0.45390362024822023,1.0,0.3333333333333333
24754,1.0,1.0,0.29411764705882354,1.0,1.0,0.29411764705882354,1.0,1.0,0.29411764705882354
24757,1.0,1.0,0.38461538461538464,1.0,1.0,0.38461538461538464,1.0,1.0,0.38461538461538464
24758,1.0,1.0,0.625,1.0,1.0,0.625,1.0,1.0,0.625
24777,0.9337457765456111,1.0,0.6428571428571429,1.0,1.0,0.7142857142857143,1.0,1.0,0.7142857142857143
24784,0.5721065642519196,1.0,0.5555555555555556,0.5057477751290633,0.5,0.5555555555555556,0.6395647163312487,1.0,0.5555555555555556
24786,0.37221133799821404,0.25,0.5714285714285714,0.3672997221875701,0.25,0.5714285714285714,0.40152199973400043,0.3333333333333333,0.5714285714285714
24800,1.0,1.0,0.7142857142857143,1.0,1.0,0.7142857142857143,1.0,1.0,0.7142857142857143
24805,0.77990823370192,0.5,0.8181818181818182,0.8611375561264456,1.0,0.8181818181818182,0.8611375561264456,1.0,0.8181818181818182
24876,1.0,1.0,0.3225806451612903,1.0,1.0,0.3225806451612903,1.0,1.0,0.3225806451612903
24877,0.9363792118010483,1.0,0.8181818181818182,0.9363792118010483,1.0,0.8181818181818182,1.0,1.0,0.9090909090909091
24886,0.9337457765456111,1.0,0.6428571428571429,1.0,1.0,0.7142857142857143,1.0,1.0,0.7142857142857143
24895,0.9363792118010483,1.0,0.6428571428571429,0.9363792118010483,1.0,0.6428571428571429,0.9363792118010483,1.0,0.6428571428571429
24903,1.0,1.0,1.0,1.0,1.0,1.0,1.0,1.0,1.0
24907,0.6744687194723645,1.0,0.75,0.7134173741846355,1.0,0.625,0.7506354880634314,1.0,0.75
24910,0.7975167679274939,1.0,0.7272727272727273,0.8263333286520084,1.0,0.7272727272727273,0.8669479898642711,1.0,0.7272727272727273
24918,0.4500112274528524,0.5,0.5,0.44264722767425335,0.25,0.6666666666666666,0.8331636716948345,1.0,0.8333333333333334
25020,0.5508095940041026,0.25,1.0,0.5508095940041026,0.25,1.0,0.6182885020492784,0.3333333333333333,1.0
25114,0.6240505200038379,0.5,1.0,0.38685280723454163,0.5,0.5,0.6131471927654584,1.0,0.5
25188,0.842126470715732,1.0,0.7777777777777778,0.915446269161721,1.0,0.8888888888888888,0.9292442392789195,1.0,0.8888888888888888
25486,0.8701249883466594,1.0,0.32,0.9052116356304495,1.0,0.36,0.8701249883466594,1.0,0.32
25487,0.6309297535714575,0.5,1.0,0.6309297535714575,0.5,1.0,1.0,1.0,1.0
25622,0.9202054614375518,1.0,0.875,0.8910635073822442,1.0,0.875,0.8735286486161714,1.0,0.875
25759,0.6850948573248621,1.0,0.6666666666666666,0.6818624649454275,1.0,0.6666666666666666,0.6800761159906735,1.0,0.6666666666666666
25787,0.8205228949141828,1.0,0.5,0.599976751690748,0.5,0.4375,0.5309999066793253,0.25,0.4375
25821,1.0,1.0,0.6666666666666666,1.0,1.0,0.6666666666666666,1.0,1.0,0.6666666666666666
25908,0.9828920819566879,1.0,1.0,0.9709286432396583,1.0,1.0,0.9828920819566879,1.0,1.0
26155,1.0,1.0,0.625,1.0,1.0,0.625,1.0,1.0,0.625
26159,0.8550956239938449,1.0,0.7777777777777778,0.8550956239938449,1.0,0.7777777777777778,0.915446269161721,1.0,0.8888888888888888
26160,0.9062487935025676,1.0,0.875,0.8178341711089538,1.0,0.75,0.8984972075197749,1.0,0.875
26166,1.0,1.0,0.38461538461538464,1.0,1.0,0.38461538461538464,1.0,1.0,0.38461538461538464
26217,0.7065443116025598,0.5,0.25,0.7104770117651427,0.5,0.25,0.6117559472330091,0.5,0.21875
26236,0.8669479898642711,1.0,0.7272727272727273,0.8643145546088339,1.0,0.7272727272727273,0.8553475075669357,1.0,0.7272727272727273
26240,0.9337457765456111,1.0,0.6923076923076923,0.9337457765456111,1.0,0.6923076923076923,1.0,1.0,0.7692307692307693
26252,1.0,1.0,0.7692307692307693,1.0,1.0,0.7692307692307693,1.0,1.0,0.7692307692307693
26261,0.9305687780632229,1.0,0.6923076923076923,0.8669479898642711,1.0,0.6153846153846154,0.8669479898642711,1.0,0.6153846153846154
26284,0.9937947856332163,1.0,1.0,1.0,1.0,1.0,1.0,1.0,1.0
26287,0.533722528236359,0.5,0.2857142857142857,0.7215194105726963,1.0,0.3333333333333333,0.5017100640839689,0.5,0.2857142857142857
26290,0.5754994188159136,1.0,0.4444444444444444,0.5917935853108561,1.0,0.4444444444444444,0.48457138819693474,1.0,0.3333333333333333
26312,0.7041249493150388,1.0,0.5714285714285714,0.7835820287478061,1.0,0.7142857142857143,0.5857421563596759,1.0,0.42857142857142855
26326,0.6214990811334173,0.5,0.5833333333333334,0.8521705090845474,1.0,0.6666666666666666,0.7065443116025598,0.5,0.6666666666666666
26328,1.0,1.0,0.625,1.0,1.0,0.625,1.0,1.0,0.625
26330,1.0,1.0,1.0,1.0,1.0,1.0,1.0,1.0,1.0
26338,0.6563441316651529,1.0,0.6666666666666666,0.6796138625365872,1.0,0.6666666666666666,0.7279965505724832,1.0,0.6666666666666666
26343,0.8508957228074243,1.0,0.7777777777777778,0.8349233540959466,1.0,0.7777777777777778,0.8349233540959466,1.0,0.7777777777777778
26344,0.8175295903539445,1.0,1.0,0.8315546295836225,1.0,1.0,0.8315546295836225,1.0,1.0
26361,1.0,1.0,0.625,1.0,1.0,0.625,1.0,1.0,0.625
26363,1.0,1.0,0.625,1.0,1.0,0.625,1.0,1.0,0.625
26365,1.0,1.0,0.7142857142857143,1.0,1.0,0.7142857142857143,0.9363792118010483,1.0,0.6428571428571429
26399,0.8611375561264456,1.0,0.2571428571428571,0.9216017310213247,1.0,0.2571428571428571,0.92663607790064,1.0,0.2571428571428571
26415,1.0,1.0,0.7142857142857143,1.0,1.0,0.7142857142857143,1.0,1.0,0.7142857142857143
26425,1.0,1.0,1.0,1.0,1.0,1.0,0.9305687780632229,1.0,0.9
26449,0.77990823370192,0.5,0.45,0.77990823370192,0.5,0.45,0.9052116356304495,1.0,0.45
26455,0.0,0.08333333333333333,0.0,0.19519002499605084,0.3333333333333333,0.25,0.0,0.0625,0.0
26457,0.8701249883466594,1.0,0.5333333333333333,0.8643145546088339,1.0,0.5333333333333333,0.8701249883466594,1.0,0.5333333333333333
26530,0.9782917460822231,1.0,1.0,0.9860433320650158,1.0,1.0,0.9672068480996276,1.0,1.0
26616,1.0,1.0,0.3448275862068966,1.0,1.0,0.3448275862068966,0.8205228949141828,1.0,0.27586206896551724
26618,1.0,1.0,0.6666666666666666,1.0,1.0,0.6666666666666666,1.0,1.0,0.6666666666666666
26620,1.0,1.0,0.35714285714285715,0.9363792118010483,1.0,0.32142857142857145,1.0,1.0,0.35714285714285715
26889,0.88995411685096,1.0,0.2727272727272727,0.8512360941594275,1.0,0.24242424242424243,0.9052116356304495,1.0,0.2727272727272727
26895,0.3235866969737877,0.16666666666666666,0.6666666666666666,0.5374517914100283,0.3333333333333333,1.0,0.5105347743265789,0.25,1.0
26974,0.9216017310213247,1.0,0.375,0.9337457765456111,1.0,0.375,0.9216017310213247,1.0,0.375
27125,1.0,1.0,0.6666666666666666,1.0,1.0,0.6666666666666666,1.0,1.0,0.6666666666666666
27133,0.4800032020044256,0.3333333333333333,0.35294117647058826,0.3190952506395665,0.3333333333333333,0.23529411764705882,0.6156886473955917,0.5,0.4117647058823529
27211,1.0,1.0,0.625,1.0,1.0,0.625,1.0,1.0,0.625
27222,0.38589303732090646,0.5,0.23529411764705882,0.4642913062995819,0.5,0.29411764705882354,0.29849003527675555,1.0,0.11764705882352941
27226,0.9363792118010483,1.0,0.28125,1.0,1.0,0.3125,0.9216017310213247,1.0,0.28125
27238,0.19195987438972922,0.14285714285714285,0.3333333333333333,0.22578419899983798,0.25,0.3333333333333333,0.4034698846650846,1.0,0.3333333333333333
27243,0.8611375561264456,1.0,0.6,0.9148568823583791,1.0,0.6,0.88995411685096,1.0,0.6
27248,1.0,1.0,0.625,1.0,1.0,0.625,1.0,1.0,0.625
27250,0.9216017310213247,1.0,0.6,1.0,1.0,0.6666666666666666,0.77990823370192,0.5,0.6
27251,1.0,1.0,0.625,1.0,1.0,0.625,1.0,1.0,0.625
27260,0.7654671039995544,1.0,0.7777777777777778,0.7575727398774531,1.0,0.7777777777777778,0.7346926481366479,1.0,0.7777777777777778
27263,1.0,1.0,0.7142857142857143,1.0,1.0,0.7142857142857143,1.0,1.0,0.7142857142857143
27264,0.77990823370192,0.5,0.42857142857142855,0.88995411685096,1.0,0.42857142857142855,0.8611375561264456,1.0,0.42857142857142855
27265,0.8020378746650066,1.0,0.7142857142857143,0.7787926658840255,1.0,0.7142857142857143,0.8104616303452686,1.0,0.7142857142857143
27266,0.370291336443826,0.3333333333333333,0.6666666666666666,0.37590633587120725,0.3333333333333333,0.6666666666666666,0.2960819109658652,0.5,0.3333333333333333
27268,0.9230390249121357,1.0,0.8888888888888888,0.842126470715732,1.0,0.7777777777777778,0.9292442392789195,1.0,0.8888888888888888
27272,1.0,1.0,0.625,1.0,1.0,0.625,1.0,1.0,0.625
27275,0.9337457765456111,1.0,0.6428571428571429,0.9305687780632229,1.0,0.6428571428571429,1.0,1.0,0.7142857142857143
27280,0.5868769423506482,0.3333333333333333,1.0,0.6325004241086446,0.3333333333333333,1.0,0.5981109640835669,0.3333333333333333,1.0
27281,0.9619991470595832,1.0,1.0,0.8036070421010475,1.0,1.0,0.8318724637288826,1.0,0.75
27350,0.7162874455029682,0.5,0.26666666666666666,0.7948833326720566,1.0,0.26666666666666666,0.6371130896657825,0.5,0.23333333333333334
27513,0.5460963797517798,0.5,0.6666666666666666,0.5337676583167362,0.5,0.6666666666666666,0.870608685426993,1.0,0.8333333333333334
27515,0.9305687780632229,1.0,0.6,1.0,1.0,0.6666666666666666,1.0,1.0,0.6666666666666666
27518,1.0,1.0,0.625,1.0,1.0,0.625,1.0,1.0,0.625
27519,0.0,0.09090909090909091,0.0,0.0,0.09090909090909091,0.0,1.0,1.0,1.0
27521,1.0,1.0,0.625,1.0,1.0,0.625,1.0,1.0,0.625
27523,0.92663607790064,1.0,0.32142857142857145,1.0,1.0,0.35714285714285715,0.9363792118010483,1.0,0.32142857142857145
27524,0.9363792118010483,1.0,0.25,0.9216017310213247,1.0,0.25,0.9305687780632229,1.0,0.25
27528,0.6154062275862391,1.0,0.20689655172413793,0.7682269253321375,1.0,0.2413793103448276,0.4705561169627618,0.5,0.1724137931034483
27536,1.0,1.0,0.4166666666666667,1.0,1.0,0.4166666666666667,1.0,1.0,0.4166666666666667
27550,0.3065735963827292,0.3333333333333333,0.5,0.3065735963827292,0.3333333333333333,0.5,0.5109559939712153,0.3333333333333333,1.0
27552,1.0,1.0,0.625,1.0,1.0,0.625,1.0,1.0,0.625
27554,0.9337457765456111,1.0,0.8181818181818182,0.9337457765456111,1.0,0.8181818181818182,0.9337457765456111,1.0,0.8181818181818182
27560,0.9305687780632229,1.0,0.34615384615384615,1.0,1.0,0.38461538461538464,0.7728378251807521,1.0,0.2692307692307692
27578,0.9217868789962071,1.0,1.0,0.9469024295259745,1.0,1.0,0.9674679834891693,1.0,1.0
27634,0.5,0.3333333333333333,1.0,0.43067655807339306,0.25,1.0,0.6309297535714575,0.5,1.0
27661,0.88995411685096,1.0,0.6428571428571429,0.8200685179888284,1.0,0.5714285714285714,0.9052116356304495,1.0,0.6428571428571429
27665,0.8389574121760603,1.0,0.42105263157894735,0.7630946912803437,1.0,0.3684210526315789,0.841492960259019,1.0,0.42105263157894735
27666,1.0,1.0,0.2777777777777778,1.0,1.0,0.2777777777777778,1.0,1.0,0.2777777777777778
27671,0.8389574121760603,1.0,0.26666666666666666,0.841492960259019,1.0,0.26666666666666666,0.88995411685096,1.0,0.3
27676,0.88995411685096,1.0,0.45,0.92663607790064,1.0,0.45,0.9363792118010483,1.0,0.45
27679,0.9337457765456111,1.0,0.47368421052631576,0.9363792118010483,1.0,0.47368421052631576,1.0,1.0,0.5263157894736842
27682,1.0,1.0,0.625,1.0,1.0,0.625,1.0,1.0,0.625
27683,0.9148568823583791,1.0,0.4090909090909091,0.92663607790064,1.0,0.4090909090909091,0.92663607790064,1.0,0.4090909090909091
27685,1.0,1.0,0.6666666666666666,1.0,1.0,0.6666666666666666,1.0,1.0,0.6666666666666666
27721,1.0,1.0,0.6666666666666666,1.0,1.0,0.6666666666666666,1.0,1.0,0.6666666666666666
27723,1.0,1.0,0.6666666666666666,1.0,1.0,0.6666666666666666,1.0,1.0,0.6666666666666666
27732,0.8611375561264456,1.0,0.6428571428571429,0.77990823370192,0.5,0.6428571428571429,0.77990823370192,0.5,0.6428571428571429
27734,0.9305687780632229,1.0,0.375,0.5341769051617136,0.5,0.25,0.7510916729774055,1.0,0.3333333333333333
27736,0.972664731083356,1.0,1.0,0.8936633189697701,1.0,0.8571428571428571,0.8216607272011166,1.0,0.8571428571428571
27748,1.0,1.0,0.6666666666666666,1.0,1.0,0.6666666666666666,1.0,1.0,0.6666666666666666
27802,0.5868720866710774,1.0,0.4,0.6366587127404282,1.0,0.4,0.48993086854170803,0.5,0.4
27803,1.0,1.0,0.625,1.0,1.0,0.625,1.0,1.0,0.625
27904,0.9848330959553522,1.0,1.0,0.7837042816946692,1.0,0.7142857142857143,0.8317144247565925,1.0,1.0
28009,1.0,1.0,1.0,1.0,1.0,1.0,0.9292442392789195,1.0,0.8888888888888888
28011,1.0,1.0,0.29411764705882354,1.0,1.0,0.29411764705882354,1.0,1.0,0.29411764705882354
28040,1.0,1.0,0.625,1.0,1.0,0.625,1.0,1.0,0.625
28051,1.0,1.0,0.7692307692307693,1.0,1.0,0.7692307692307693,1.0,1.0,0.7692307692307693
28111,0.713654010247531,0.5,0.3076923076923077,0.8643145546088339,1.0,0.3076923076923077,0.8006937664098821,1.0,0.2692307692307692
28112,0.8062079522181139,1.0,0.8,0.9318171001351273,1.0,1.0,0.9609247825245575,1.0,1.0
28136,0.48381288316677695,0.3333333333333333,1.0,0.5109559939712153,0.3333333333333333,1.0,0.8175295903539445,1.0,1.0
28179,1.0,1.0,0.625,1.0,1.0,0.625,1.0,1.0,0.625
28181,1.0,1.0,0.5882352941176471,1.0,1.0,0.5882352941176471,0.9305687780632229,1.0,0.5294117647058824
28183,1.0,1.0,0.625,1.0,1.0,0.625,1.0,1.0,0.625
28208,0.7587492362187309,0.5,0.8888888888888888,0.6908058353004402,0.5,0.7777777777777778,0.7545493350323103,0.5,0.8888888888888888
28247,1.0,1.0,1.0,1.0,1.0,1.0,1.0,1.0,1.0
28263,0.9060254355346823,1.0,1.0,0.9217868789962071,1.0,1.0,0.9674679834891693,1.0,1.0
28268,0.7720617383222419,1.0,0.23333333333333334,0.6163668470816235,0.5,0.23333333333333334,0.7948833326720566,1.0,0.26666666666666666
28270,0.9337457765456111,1.0,0.6428571428571429,1.0,1.0,0.7142857142857143,1.0,1.0,0.7142857142857143
28271,1.0,1.0,0.625,1.0,1.0,0.625,1.0,1.0,0.625
28273,0.4448530294934503,1.0,0.2857142857142857,0.5231737964779629,1.0,0.2857142857142857,0.3132848169017409,0.3333333333333333,0.2857142857142857
28274,0.9918291064614978,1.0,1.0,1.0,1.0,1.0,1.0,1.0,1.0
28275,1.0,1.0,0.3333333333333333,0.9216017310213247,1.0,0.3,1.0,1.0,0.3333333333333333
28409,1.0,1.0,0.2857142857142857,1.0,1.0,0.2857142857142857,1.0,1.0,0.2857142857142857
28474,1.0,1.0,0.625,1.0,1.0,0.625,1.0,1.0,0.625
28478,0.5467843942868258,0.3333333333333333,0.7142857142857143,0.3975541925452007,0.3333333333333333,0.5714285714285714,0.5804287515672114,0.25,0.8571428571428571
28479,1.0,1.0,0.625,1.0,1.0,0.625,1.0,1.0,0.625
28482,1.0,1.0,0.625,1.0,1.0,0.625,1.0,1.0,0.625
28495,0.791726719367984,1.0,0.3684210526315789,0.8006937664098821,1.0,0.3684210526315789,0.5716349530699038,0.5,0.3157894736842105
28511,0.72891152902702,1.0,0.3684210526315789,0.747935059673333,1.0,0.3684210526315789,0.6867151830982592,1.0,0.3157894736842105
28538,0.5726073975563163,0.3333333333333333,1.0,0.6132756769356656,0.5,1.0,0.5723986829443736,0.3333333333333333,1.0
28540,1.0,1.0,0.9090909090909091,1.0,1.0,0.9090909090909091,1.0,1.0,0.9090909090909091
28613,1.0,1.0,0.7692307692307693,1.0,1.0,0.7692307692307693,1.0,1.0,0.7692307692307693
28623,0.5413996682199069,1.0,0.5,0.6713527276121545,1.0,0.75,0.6886342695939197,1.0,0.75
28633,0.3010299956639812,0.1111111111111111,1.0,0.43067655807339306,0.25,1.0,0.6309297535714575,0.5,1.0
28635,0.5396413938630011,1.0,0.4166666666666667,0.5321408435198609,1.0,0.3333333333333333,0.47338717040861206,1.0,0.3333333333333333
28636,0.7859162856301584,1.0,0.4666666666666667,0.8701249883466594,1.0,0.5333333333333333,0.5716349530699038,0.5,0.4
28661,0.7564477297898766,1.0,0.6363636363636364,0.6969179698201176,1.0,0.6363636363636364,0.7123736502858729,1.0,0.6363636363636364
28663,0.7897661029179006,1.0,0.75,0.39681468838714024,0.5,0.5,0.7210564623380479,1.0,0.625
28667,1.0,1.0,0.7692307692307693,1.0,1.0,0.7692307692307693,1.0,1.0,0.7692307692307693
28674,1.0,1.0,0.625,1.0,1.0,0.625,1.0,1.0,0.625
28675,0.7233035367188455,1.0,0.75,0.6596435536890074,1.0,0.625,0.6421086949229347,0.5,0.75
28703,1.0,1.0,0.4,1.0,1.0,0.4,1.0,1.0,0.4
28907,1.0,1.0,0.30303030303030304,1.0,1.0,0.30303030303030304,1.0,1.0,0.30303030303030304
28908,1.0,1.0,1.0,0.6309297535714575,0.5,1.0,1.0,1.0,1.0
28914,0.7299800935361876,1.0,0.6666666666666666,0.7641675933748661,1.0,0.6666666666666666,0.8150464777885065,1.0,0.7777777777777778
28928,0.5036067026046992,1.0,0.36363636363636365,0.45374257454118555,1.0,0.2727272727272727,0.5103515512676449,1.0,0.36363636363636365
28930,0.7721596254947204,1.0,0.5384615384615384,0.8389574121760603,1.0,0.6153846153846154,0.8486026589039901,1.0,0.6153846153846154
28986,0.0,0.08333333333333333,0.0,0.0,0.07692307692307693,0.0,0.13565197343244778,0.1,0.3333333333333333
29052,0.6500332220485792,0.5,0.7,0.62851089260591,0.5,0.7,0.7254521107352793,1.0,0.7
29058,0.8315546295836225,1.0,1.0,0.8772153153380493,1.0,1.0,0.9197207891481876,1.0,1.0
29060,0.7534494445524139,1.0,0.6363636363636364,0.8415908474314977,1.0,0.7272727272727273,0.7917063341896683,1.0,0.7272727272727273
29156,0.7542686714597937,1.0,0.7,0.6906478832608419,1.0,0.6,0.7116179486056783,1.0,0.6
29162,0.6969179698201176,1.0,0.7,0.7411902110103873,1.0,0.7,0.8048109992093391,1.0,0.8
29164,0.8454256604216018,1.0,0.5333333333333333,0.62851089260591,0.5,0.4666666666666667,0.8482378089219648,1.0,0.5333333333333333
29177,1.0,1.0,1.0,1.0,1.0,1.0,1.0,1.0,1.0
29179,1.0,1.0,0.6666666666666666,1.0,1.0,0.6666666666666666,1.0,1.0,0.6666666666666666
29182,1.0,1.0,0.2777777777777778,1.0,1.0,0.2777777777777778,1.0,1.0,0.2777777777777778
29185,1.0,1.0,0.625,1.0,1.0,0.625,1.0,1.0,0.625
29189,0.6156886473955917,0.5,0.5833333333333334,0.5747915663739763,0.3333333333333333,0.5833333333333334,0.823699893396571,1.0,0.6666666666666666
29192,1.0,1.0,0.625,1.0,1.0,0.625,1.0,1.0,0.625
29195,0.5931729515195112,0.3333333333333333,1.0,0.6719882468370725,0.5,1.0,0.6653497124326151,0.5,1.0
29198,0.9337457765456111,1.0,0.6428571428571429,1.0,1.0,0.7142857142857143,0.9148568823583791,1.0,0.6428571428571429
29200,0.7254521107352793,1.0,0.6363636363636364,0.5806020001118019,0.5,0.5454545454545454,0.8701249883466594,1.0,0.7272727272727273
29207,0.92663607790064,1.0,0.9,1.0,1.0,1.0,0.7967610662472993,1.0,0.7
29208,0.3980847300545424,0.25,0.6,0.7227265726449519,1.0,0.6,0.6276740030453991,0.5,0.8
29213,1.0,1.0,1.0,1.0,1.0,1.0,1.0,1.0,1.0
29217,1.0,1.0,0.625,1.0,1.0,0.625,1.0,1.0,0.625
29231,0.6366824387328317,1.0,0.5,0.7598336331031966,1.0,0.75,0.6366824387328317,1.0,0.5
29277,1.0,1.0,0.2702702702702703,1.0,1.0,0.2702702702702703,0.9148568823583791,1.0,0.24324324324324326
29281,1.0,1.0,1.0,1.0,1.0,1.0,1.0,1.0,1.0
29285,0.9709286432396583,1.0,1.0,0.9828920819566879,1.0,1.0,0.9279611693743142,1.0,1.0
29287,1.0,1.0,0.625,1.0,1.0,0.625,1.0,1.0,0.625
29292,1.0,1.0,0.4166666666666667,1.0,1.0,0.4166666666666667,1.0,1.0,0.4166666666666667
29301,1.0,1.0,0.6666666666666666,1.0,1.0,0.6666666666666666,1.0,1.0,0.6666666666666666
29303,0.6929852696575346,1.0,0.7,0.741670249010153,1.0,0.7,0.7573821447149967,1.0,0.7
29306,0.6309297535714575,0.5,1.0,0.6309297535714575,0.5,1.0,1.0,1.0,1.0
29308,1.0,1.0,0.7142857142857143,1.0,1.0,0.7142857142857143,1.0,1.0,0.7142857142857143
29312,1.0,1.0,0.625,1.0,1.0,0.625,1.0,1.0,0.625
29315,1.0,1.0,0.7142857142857143,1.0,1.0,0.7142857142857143,1.0,1.0,0.7142857142857143
29317,0.7975167679274939,1.0,0.4,0.7753366239771086,1.0,0.35,0.9337457765456111,1.0,0.45
29320,1.0,1.0,0.5555555555555556,1.0,1.0,0.5555555555555556,1.0,1.0,0.5555555555555556
29322,1.0,1.0,0.6666666666666666,1.0,1.0,0.6666666666666666,1.0,1.0,0.6666666666666666
29323,0.9216017310213247,1.0,0.75,0.92663607790064,1.0,0.75,0.9337457765456111,1.0,0.75
29324,0.40179981797758046,0.3333333333333333,0.6666666666666666,0.6713860725233041,1.0,0.6666666666666666,0.5307212739772434,0.5,0.6666666666666666
29325,1.0,1.0,0.6666666666666666,1.0,1.0,0.6666666666666666,1.0,1.0,0.6666666666666666
29329,1.0,1.0,0.625,1.0,1.0,0.625,1.0,1.0,0.625
29339,0.9020870746500321,1.0,0.8571428571428571,0.8104616303452686,1.0,0.7142857142857143,0.8104616303452686,1.0,0.7142857142857143
29348,1.0,1.0,0.7142857142857143,1.0,1.0,0.7142857142857143,1.0,1.0,0.7142857142857143
29351,1.0,1.0,0.6666666666666666,1.0,1.0,0.6666666666666666,1.0,1.0,0.6666666666666666
29354,1.0,1.0,0.38461538461538464,0.9337457765456111,1.0,0.34615384615384615,1.0,1.0,0.38461538461538464
29371,0.5049197748991976,0.25,1.0,0.5430667908374095,0.3333333333333333,1.0,0.3295827480202853,0.2,0.6666666666666666
29537,0.8553475075669357,1.0,0.26666666666666666,0.7753366239771086,1.0,0.23333333333333334,0.8486026589039901,1.0,0.26666666666666666
29622,1.0,1.0,0.625,1.0,1.0,0.625,1.0,1.0,0.625
29634,0.5670429581667767,1.0,0.29411764705882354,0.6366587127404282,1.0,0.35294117647058826,0.6929852696575346,1.0,0.4117647058823529
29670,0.2640681225725909,0.25,0.5,0.2640681225725909,0.25,0.5,0.2640681225725909,0.25,0.5
29765,0.5154852515822061,0.5,0.75,0.6574017496914832,0.5,1.0,0.5205067333228022,1.0,0.5
29823,1.0,1.0,0.35714285714285715,1.0,1.0,0.35714285714285715,1.0,1.0,0.35714285714285715
29965,1.0,1.0,1.0,1.0,1.0,1.0,1.0,1.0,1.0
29989,0.9363792118010483,1.0,0.5,0.9363792118010483,1.0,0.5,1.0,1.0,0.5555555555555556
29990,0.9363792118010483,1.0,0.5294117647058824,0.92663607790064,1.0,0.5294117647058824,0.9363792118010483,1.0,0.5294117647058824
29993,0.9337457765456111,1.0,0.6428571428571429,0.9305687780632229,1.0,0.6428571428571429,1.0,1.0,0.7142857142857143
29994,1.0,1.0,0.625,1.0,1.0,0.625,1.0,1.0,0.625
30000,0.8701249883466594,1.0,0.6666666666666666,0.8701249883466594,1.0,0.6666666666666666,0.9305687780632229,1.0,0.75
30006,0.3052348839397012,1.0,0.10526315789473684,0.37859880603906126,1.0,0.15789473684210525,0.37183505243062814,0.5,0.21052631578947367
30009,0.9216017310213247,1.0,0.6923076923076923,1.0,1.0,0.7692307692307693,1.0,1.0,0.7692307692307693
30028,1.0,1.0,0.7692307692307693,1.0,1.0,0.7692307692307693,1.0,1.0,0.7692307692307693
30137,1.0,1.0,0.625,1.0,1.0,0.625,1.0,1.0,0.625
30152,1.0,1.0,0.625,1.0,1.0,0.625,1.0,1.0,0.625
30156,0.7007731679885375,1.0,0.6,0.715550648768261,1.0,0.6,0.7967610662472993,1.0,0.7
30160,1.0,1.0,1.0,1.0,1.0,1.0,1.0,1.0,1.0
30239,0.5519699720241615,0.5,0.5454545454545454,0.4673791184803735,0.25,0.5454545454545454,0.575073986183329,0.5,0.6363636363636364
30246,1.0,1.0,0.6666666666666666,1.0,1.0,0.6666666666666666,1.0,1.0,0.6666666666666666
30260,0.4441228664487979,0.5,0.6666666666666666,0.5508095940041026,0.25,1.0,0.9134015924715543,1.0,1.0
30404,1.0,1.0,1.0,1.0,1.0,1.0,0.9950883841893561,1.0,1.0
30470,1.0,1.0,0.6666666666666666,1.0,1.0,0.6666666666666666,1.0,1.0,0.6666666666666666
30490,0.9305687780632229,1.0,0.6428571428571429,0.9305687780632229,1.0,0.6428571428571429,0.9305687780632229,1.0,0.6428571428571429
30492,1.0,1.0,0.8333333333333334,0.8521705090845474,1.0,0.6666666666666666,0.6848374495230164,1.0,0.5833333333333334
30496,0.779777442118739,1.0,0.75,0.6518919677062146,1.0,0.625,0.6497573911547974,1.0,0.625
30497,0.0,0.09090909090909091,0.0,0.31546487678572877,0.125,1.0,0.0,0.07692307692307693,0.0
30499,1.0,1.0,0.6666666666666666,1.0,1.0,0.6666666666666666,1.0,1.0,0.6666666666666666
30501,1.0,1.0,0.7142857142857143,1.0,1.0,0.7142857142857143,1.0,1.0,0.7142857142857143
30505,0.8987713917876999,1.0,0.8888888888888888,0.8987713917876999,1.0,0.8888888888888888,0.9062596095782314,1.0,0.8888888888888888
30508,0.8512360941594275,1.0,0.7272727272727273,0.8115558478722846,1.0,0.7272727272727273,0.8669479898642711,1.0,0.7272727272727273
30512,0.3828807405686639,0.5,0.5,0.419665006636777,1.0,0.3333333333333333,0.5864020318559602,1.0,0.6666666666666666
30516,1.0,1.0,0.625,1.0,1.0,0.625,1.0,1.0,0.625
30520,1.0,1.0,0.7692307692307693,0.77990823370192,0.5,0.6923076923076923,1.0,1.0,0.7692307692307693
30521,1.0,1.0,0.625,1.0,1.0,0.625,1.0,1.0,0.625
30525,0.826813366651774,1.0,0.8,0.7421246259355073,1.0,0.7,0.8318477135310892,1.0,0.8
30527,0.7312625444731049,1.0,0.7,0.7967610662472993,1.0,0.7,0.7849818707050383,1.0,0.7
30528,0.0,0.0625,0.0,0.0,0.07142857142857142,0.0,0.0,0.09090909090909091,0.0
30529,1.0,1.0,0.7692307692307693,0.9363792118010483,1.0,0.6923076923076923,0.9337457765456111,1.0,0.6923076923076923
30554,0.7218018303820491,1.0,0.6363636363636364,0.9363792118010483,1.0,0.8181818181818182,0.6867151830982592,1.0,0.5454545454545454
30561,0.7948833326720566,1.0,0.6666666666666666,0.88995411685096,1.0,0.75,0.8357804136936722,1.0,0.6666666666666666
30580,1.0,1.0,0.625,1.0,1.0,0.625,1.0,1.0,0.625
30600,0.9148568823583791,1.0,0.2727272727272727,0.9363792118010483,1.0,0.2727272727272727,1.0,1.0,0.30303030303030304
30603,0.92663607790064,1.0,0.5294117647058824,0.9337457765456111,1.0,0.5294117647058824,1.0,1.0,0.5882352941176471
30635,0.9197207891481876,1.0,1.0,1.0,1.0,1.0,1.0,1.0,1.0
30642,0.5724962033825488,1.0,0.5555555555555556,0.5316182403381249,1.0,0.5555555555555556,0.5383087035438704,0.3333333333333333,0.6666666666666666
30645,1.0,1.0,0.6666666666666666,1.0,1.0,0.6666666666666666,1.0,1.0,0.6666666666666666
30646,0.9337457765456111,1.0,0.75,0.9148568823583791,1.0,0.75,1.0,1.0,0.8333333333333334
30652,0.8603818544462509,1.0,0.6666666666666666,0.8669479898642711,1.0,0.6666666666666666,0.7859162856301584,1.0,0.5833333333333334
30703,0.9148568823583791,1.0,0.3333333333333333,1.0,1.0,0.37037037037037035,0.9337457765456111,1.0,0.3333333333333333
30711,0.9337457765456111,1.0,0.6923076923076923,0.9363792118010483,1.0,0.6923076923076923,1.0,1.0,0.7692307692307693
30712,1.0,1.0,0.6666666666666666,1.0,1.0,0.6666666666666666,1.0,1.0,0.6666666666666666
30718,0.9363792118010483,1.0,0.8181818181818182,0.9305687780632229,1.0,0.8181818181818182,0.9363792118010483,1.0,0.8181818181818182
31106,0.8603818544462509,1.0,0.8,0.8603818544462509,1.0,0.8,0.8643145546088339,1.0,0.8
31171,0.7728378251807521,1.0,0.7,0.7218018303820491,1.0,0.7,0.7849818707050383,1.0,0.7
31210,0.5277610693352978,1.0,0.42857142857142855,0.5546406709327603,1.0,0.42857142857142855,0.539929434207294,1.0,0.42857142857142855
31220,0.759737292382243,1.0,0.7142857142857143,0.842483313687563,1.0,0.8571428571428571,0.8936633189697701,1.0,0.8571428571428571
31221,0.845519325279726,1.0,0.7777777777777778,0.7809470087087704,1.0,0.7777777777777778,0.9058699704476022,1.0,0.8888888888888888
31224,0.72878684203556,1.0,0.8,0.7731930041332795,1.0,0.8,0.7809509050749017,1.0,0.8
31397,0.7538142945344394,1.0,0.5833333333333334,0.7753366239771086,1.0,0.5833333333333334,0.8454256604216018,1.0,0.6666666666666666
31398,0.8643145546088339,1.0,0.6153846153846154,0.8512360941594275,1.0,0.6153846153846154,0.9216017310213247,1.0,0.6923076923076923
31401,1.0,1.0,0.8333333333333334,1.0,1.0,0.8333333333333334,1.0,1.0,0.8333333333333334
31407,1.0,1.0,0.5882352941176471,1.0,1.0,0.5882352941176471,1.0,1.0,0.5882352941176471
31540,0.26761938846816513,0.3333333333333333,0.4,0.21398626473452756,0.5,0.2,0.8364801667538002,1.0,1.0
31671,0.6182885020492784,0.3333333333333333,1.0,0.6039071644781281,0.3333333333333333,1.0,0.7328286204777911,0.5,1.0
31685,1.0,1.0,1.0,0.9764093402750902,1.0,1.0,0.9911205770005563,1.0,1.0
31731,0.6533933590057491,0.3333333333333333,1.0,0.6533933590057491,0.3333333333333333,1.0,0.8667163765466582,1.0,1.0
31738,1.0,1.0,0.3448275862068966,1.0,1.0,0.3448275862068966,1.0,1.0,0.3448275862068966
31795,1.0,1.0,1.0,1.0,1.0,1.0,1.0,1.0,1.0
31867,1.0,1.0,1.0,0.9047172294870751,1.0,1.0,0.9709286432396583,1.0,1.0
31896,0.5413996682199069,1.0,0.5,0.5413996682199069,1.0,0.5,0.5032251913410369,1.0,0.5
31909,0.75369761125927,1.0,0.75,0.8048099750039491,1.0,0.75,0.8318724637288826,1.0,0.75
32006,1.0,1.0,0.625,1.0,1.0,0.625,1.0,1.0,0.625
32007,0.43889712265598707,0.16666666666666666,0.8,0.34085783682463,0.16666666666666666,0.6,0.7064104889703594,0.5,1.0
32019,0.8006937664098821,1.0,0.30434782608695654,0.7059054020403313,1.0,0.2608695652173913,0.7967610662472993,1.0,0.30434782608695654
32079,1.0,1.0,1.0,1.0,1.0,1.0,1.0,1.0,1.0
32204,1.0,1.0,0.625,1.0,1.0,0.625,1.0,1.0,0.625
32208,0.8454256604216018,1.0,0.4444444444444444,0.9216017310213247,1.0,0.5,0.6777277508780453,1.0,0.3888888888888889
32217,1.0,1.0,1.0,1.0,1.0,1.0,1.0,1.0,1.0
32220,1.0,1.0,0.625,1.0,1.0,0.625,1.0,1.0,0.625
32282,0.8412976538766465,1.0,0.8888888888888888,0.8883662762344955,1.0,0.8888888888888888,0.8488904096270611,1.0,0.8888888888888888
32308,0.5135312443624667,1.0,0.5,0.5205067333228022,1.0,0.5,0.5855700749881525,1.0,0.5
32436,1.0,1.0,0.625,1.0,1.0,0.625,1.0,1.0,0.625
32440,1.0,1.0,0.6666666666666666,0.8611375561264456,1.0,0.6,0.9052116356304495,1.0,0.6
32442,0.7598336331031966,1.0,0.75,0.5101671483174705,0.5,0.75,0.6774887494560811,0.5,1.0
32452,0.8702958572419258,1.0,0.8571428571428571,0.7868709706203588,1.0,0.7142857142857143,0.8824642221139221,1.0,0.8571428571428571
32453,1.0,1.0,0.2777777777777778,1.0,1.0,0.2777777777777778,1.0,1.0,0.2777777777777778
32456,0.7600791051976192,1.0,0.3684210526315789,0.7753366239771086,1.0,0.3684210526315789,0.823699893396571,1.0,0.42105263157894735
32457,0.7827392871477703,1.0,0.34782608695652173,0.7682269253321375,1.0,0.30434782608695654,0.6468562235661909,0.5,0.30434782608695654
32458,0.77990823370192,0.5,0.6923076923076923,0.7162874455029682,0.5,0.6153846153846154,0.77990823370192,0.5,0.6923076923076923
32459,0.8603818544462509,1.0,0.7272727272727273,0.8572048559638626,1.0,0.7272727272727273,1.0,1.0,0.9090909090909091
32465,0.43734888382569426,0.5,0.6666666666666666,0.15642624200758548,0.14285714285714285,0.3333333333333333,0.3171937659698004,0.2,0.6666666666666666
32491,0.8367843608168842,1.0,0.8333333333333334,0.8277566336180305,1.0,0.8333333333333334,0.8069137770714503,1.0,0.8333333333333334
32494,0.8415908474314977,1.0,0.4,0.7759944384848245,1.0,0.4,0.8048109992093391,1.0,0.4
32495,1.0,1.0,1.0,1.0,1.0,1.0,1.0,1.0,1.0
32497,0.5889556853481908,1.0,0.6666666666666666,0.49786328212473263,1.0,0.5,0.48915524981173897,1.0,0.5
32502,1.0,1.0,0.625,1.0,1.0,0.625,1.0,1.0,0.625
32503,1.0,1.0,0.625,1.0,1.0,0.625,1.0,1.0,0.625
32522,0.6548086577531307,1.0,0.6,0.6992148198508501,1.0,0.6,0.7809509050749017,1.0,0.8
32527,0.9963488021549354,1.0,1.0,0.9963488021549354,1.0,1.0,0.9963488021549354,1.0,1.0
32533,1.0,1.0,0.625,1.0,1.0,0.625,1.0,1.0,0.625
32695,1.0,1.0,0.625,1.0,1.0,0.625,1.0,1.0,0.625
32710,1.0,1.0,0.6666666666666666,1.0,1.0,0.6666666666666666,1.0,1.0,0.6666666666666666
32711,0.7748248586952258,1.0,0.7142857142857143,0.6920788373899057,1.0,0.5714285714285714,0.8814949540977741,1.0,0.8571428571428571
32723,1.0,1.0,0.625,1.0,1.0,0.625,1.0,1.0,0.625
32725,1.0,1.0,0.625,1.0,1.0,0.625,1.0,1.0,0.625
32737,0.9363792118010483,1.0,0.6,0.9052116356304495,1.0,0.6,0.88995411685096,1.0,0.6
32739,0.92663607790064,1.0,0.6923076923076923,1.0,1.0,0.7692307692307693,0.9337457765456111,1.0,0.6923076923076923
32747,1.0,1.0,1.0,1.0,1.0,1.0,1.0,1.0,1.0
32779,1.0,1.0,1.0,0.9099466049873366,1.0,1.0,1.0,1.0,1.0
32790,0.9337457765456111,1.0,0.6,0.38271603883851824,0.3333333333333333,0.3333333333333333,0.8415908474314977,1.0,0.5333333333333333
32858,1.0,1.0,0.37037037037037035,1.0,1.0,0.37037037037037035,1.0,1.0,0.37037037037037035
32868,0.7664011030149638,1.0,0.7142857142857143,0.7752805260144072,1.0,0.7142857142857143,0.7899917627398735,1.0,0.7142857142857143
32935,0.8389574121760603,1.0,0.6153846153846154,0.8165901947515999,1.0,0.6153846153846154,0.8611375561264456,1.0,0.6923076923076923
33063,0.6978817289434457,0.5,1.0,0.5931729515195112,0.3333333333333333,1.0,0.9469024295259745,1.0,1.0
33066,1.0,1.0,1.0,1.0,1.0,1.0,1.0,1.0,1.0
33081,1.0,1.0,0.3225806451612903,1.0,1.0,0.3225806451612903,0.9305687780632229,1.0,0.2903225806451613
33141,1.0,1.0,0.29411764705882354,0.92663607790064,1.0,0.2647058823529412,1.0,1.0,0.29411764705882354
33145,0.6891352018239085,0.5,1.0,0.6774887494560811,0.5,1.0,0.7327711443782634,0.5,1.0
33149,1.0,1.0,0.7692307692307693,1.0,1.0,0.7692307692307693,1.0,1.0,0.7692307692307693
33168,0.4725458388387121,0.5,0.5,0.3384787622717923,0.25,0.5,0.644824486427155,1.0,0.5
33193,0.7631925784528223,1.0,0.7,0.8512360941594275,1.0,0.8,0.8630152897016883,1.0,0.8
33195,1.0,1.0,0.625,1.0,1.0,0.625,1.0,1.0,0.625
33273,0.9674679834891693,1.0,1.0,0.6797310500037655,0.5,1.0,0.8854598815714874,1.0,1.0
33278,0.8581578576524914,1.0,0.875,0.8881917374298554,1.0,0.875,0.8653577550776692,1.0,0.875
33293,0.6216966993238303,1.0,0.42857142857142855,0.5184650094568698,0.5,0.42857142857142855,0.6651928536555898,1.0,0.42857142857142855
33297,1.0,1.0,0.625,1.0,1.0,0.625,1.0,1.0,0.625
33409,1.0,1.0,0.7142857142857143,0.9363792118010483,1.0,0.6428571428571429,0.9363792118010483,1.0,0.6428571428571429
33412,0.7909506325094736,1.0,0.6363636363636364,0.727329844310522,1.0,0.5454545454545454,0.9305687780632229,1.0,0.8181818181818182
33421,0.9337457765456111,1.0,0.6428571428571429,1.0,1.0,0.7142857142857143,0.9216017310213247,1.0,0.6428571428571429
33436,0.45374257454118555,1.0,0.2727272727272727,0.46900009332067494,1.0,0.2727272727272727,0.7116179486056783,1.0,0.5454545454545454
33437,0.4322788421471917,0.5,0.2631578947368421,0.3824147140836781,0.5,0.21052631578947367,0.3718539573761156,1.0,0.15789473684210525
33445,1.0,1.0,0.6666666666666666,1.0,1.0,0.6666666666666666,1.0,1.0,0.6666666666666666
33469,1.0,1.0,0.625,1.0,1.0,0.625,1.0,1.0,0.625
33510,0.7653606369886217,1.0,0.6666666666666666,0.7653606369886217,1.0,0.6666666666666666,0.9217868789962071,1.0,1.0
33521,1.0,1.0,1.0,1.0,1.0,1.0,1.0,1.0,1.0
33541,1.0,1.0,0.7692307692307693,1.0,1.0,0.7692307692307693,1.0,1.0,0.7692307692307693
33542,1.0,1.0,0.8333333333333334,1.0,1.0,0.8333333333333334,1.0,1.0,0.8333333333333334
33547,1.0,1.0,0.7142857142857143,1.0,1.0,0.7142857142857143,1.0,1.0,0.7142857142857143
33548,0.9363792118010483,1.0,0.6428571428571429,0.9363792118010483,1.0,0.6428571428571429,0.9363792118010483,1.0,0.6428571428571429
33549,1.0,1.0,0.625,1.0,1.0,0.625,1.0,1.0,0.625
33551,1.0,1.0,0.6666666666666666,1.0,1.0,0.6666666666666666,0.9337457765456111,1.0,0.6
33571,1.0,1.0,0.6666666666666666,1.0,1.0,0.6666666666666666,1.0,1.0,0.6666666666666666
33578,0.6196686079396531,0.5,1.0,0.5931729515195112,0.3333333333333333,1.0,0.6394562303262419,0.5,1.0
33580,1.0,1.0,1.0,1.0,1.0,1.0,1.0,1.0,1.0
33583,0.9493885684853097,1.0,1.0,0.8036070421010475,1.0,1.0,0.9493885684853097,1.0,1.0
33588,1.0,1.0,0.625,1.0,1.0,0.625,1.0,1.0,0.625
33597,0.9052116356304495,1.0,0.9,0.7877736340270853,1.0,0.8,0.9052116356304495,1.0,0.9
33601,1.0,1.0,0.6666666666666666,1.0,1.0,0.6666666666666666,1.0,1.0,0.6666666666666666
33610,1.0,1.0,0.625,1.0,1.0,0.625,1.0,1.0,0.625
33611,1.0,1.0,1.0,1.0,1.0,1.0,1.0,1.0,1.0
33612,0.9277589908435726,1.0,1.0,0.8013122149737618,1.0,0.8,0.9505310077117097,1.0,1.0
33613,1.0,1.0,0.625,1.0,1.0,0.625,1.0,1.0,0.625
33614,0.9216017310213247,1.0,0.6428571428571429,0.9052116356304495,1.0,0.6428571428571429,0.8701249883466594,1.0,0.5714285714285714
33616,0.8529278650606567,1.0,1.0,0.9060254355346823,1.0,1.0,0.9066276098484507,1.0,1.0
33633,0.0,0.07692307692307693,0.0,0.3010299956639812,0.1111111111111111,1.0,0.2890648263178879,0.1,1.0
33639,1.0,1.0,0.7142857142857143,1.0,1.0,0.7142857142857143,1.0,1.0,0.7142857142857143
33641,1.0,1.0,0.6666666666666666,1.0,1.0,0.6666666666666666,1.0,1.0,0.6666666666666666
33642,0.9305687780632229,1.0,0.6,0.9305687780632229,1.0,0.6,0.9305687780632229,1.0,0.6
33643,0.7859162856301584,1.0,0.6363636363636364,0.8669479898642711,1.0,0.7272727272727273,0.9052116356304495,1.0,0.8181818181818182
33644,1.0,1.0,0.6666666666666666,1.0,1.0,0.6666666666666666,1.0,1.0,0.6666666666666666
33645,1.0,1.0,0.7142857142857143,1.0,1.0,0.7142857142857143,1.0,1.0,0.7142857142857143
33654,1.0,1.0,0.625,1.0,1.0,0.625,1.0,1.0,0.625
33656,1.0,1.0,0.7142857142857143,1.0,1.0,0.7142857142857143,1.0,1.0,0.7142857142857143
33662,0.9305687780632229,1.0,0.6428571428571429,0.8553475075669357,1.0,0.5714285714285714,0.8643145546088339,1.0,0.5714285714285714
33665,0.7877736340270853,1.0,0.8,0.8357804136936722,1.0,0.8,0.7663491917568949,1.0,0.8
33672,1.0,1.0,0.625,1.0,1.0,0.625,1.0,1.0,0.625
33674,0.88995411685096,1.0,0.75,0.88995411685096,1.0,0.75,0.8454256604216018,1.0,0.6666666666666666
33727,0.8643145546088339,1.0,0.8,0.8572048559638626,1.0,0.8,0.8603818544462509,1.0,0.8
33859,0.3010299956639812,0.1111111111111111,1.0,0.0,0.07692307692307693,0.0,0.5,0.3333333333333333,1.0
33861,1.0,1.0,0.6666666666666666,1.0,1.0,0.6666666666666666,1.0,1.0,0.6666666666666666
33865,0.3421013776262554,0.5,0.3333333333333333,0.5907272848394974,1.0,0.4166666666666667,0.6046855387118413,1.0,0.4166666666666667
33866,1.0,1.0,0.6666666666666666,1.0,1.0,0.6666666666666666,1.0,1.0,0.6666666666666666
33939,0.5587148206871072,0.5,0.3157894736842105,0.6620158551732018,1.0,0.3157894736842105,0.39401519638101345,0.25,0.2631578947368421
33951,0.7903864795495061,1.0,1.0,0.6131471927654584,1.0,0.5,0.7977228895450266,1.0,1.0
33966,0.2561736782935595,0.5,0.2857142857142857,0.17342765698823948,0.5,0.14285714285714285,0.383435894248366,0.5,0.42857142857142855
34015,0.715550648768261,1.0,0.5454545454545454,0.793584067764911,1.0,0.6363636363636364,0.6618313225363276,1.0,0.5454545454545454
34037,0.9228632535992205,1.0,1.0,0.8297197050122157,1.0,0.8,0.8297197050122157,1.0,0.8
34071,0.3391602052736161,1.0,0.2,0.3391602052736161,1.0,0.2,0.4703652827859579,1.0,0.4
34074,1.0,1.0,1.0,0.6309297535714575,0.5,1.0,1.0,1.0,1.0
34155,1.0,1.0,1.0,1.0,1.0,1.0,1.0,1.0,1.0
34161,0.56264752084969,0.3333333333333333,0.5833333333333334,0.5559026721867444,0.3333333333333333,0.5833333333333334,0.575073986183329,0.5,0.5833333333333334
34179,0.6364391809889587,1.0,0.6666666666666666,0.6132756769356656,0.5,1.0,0.6364391809889587,1.0,0.6666666666666666
34181,0.0,0.030303030303030304,0.0,0.0,0.02564102564102564,0.0,0.0,0.02564102564102564,0.0
34198,1.0,1.0,0.7692307692307693,1.0,1.0,0.7692307692307693,1.0,1.0,0.7692307692307693
34218,1.0,1.0,0.7142857142857143,0.9337457765456111,1.0,0.6428571428571429,0.9363792118010483,1.0,0.6428571428571429
34251,1.0,1.0,0.8333333333333334,1.0,1.0,0.8333333333333334,1.0,1.0,0.8333333333333334
34671,0.4028825752720615,0.3333333333333333,0.6,0.6739577727076379,1.0,0.6,0.38356636737133565,0.5,0.4
34723,0.7725665714262703,1.0,0.8333333333333334,0.7618870795651186,1.0,0.6666666666666666,0.7409096387260824,1.0,0.6666666666666666
34731,1.0,1.0,0.6666666666666666,1.0,1.0,0.6666666666666666,1.0,1.0,0.6666666666666666
34767,0.9216017310213247,1.0,0.6923076923076923,1.0,1.0,0.7692307692307693,0.9363792118010483,1.0,0.6923076923076923
34902,0.8701249883466594,1.0,0.7272727272727273,0.8701249883466594,1.0,0.7272727272727273,0.8701249883466594,1.0,0.7272727272727273
34930,0.7859162856301584,1.0,0.5833333333333334,0.7788065869851875,1.0,0.5833333333333334,0.823699893396571,1.0,0.6666666666666666
34932,0.6772733739526912,1.0,0.42857142857142855,0.5541432109622959,1.0,0.2857142857142857,0.6722390270733758,1.0,0.42857142857142855
35103,0.3065735963827292,0.3333333333333333,0.5,0.3065735963827292,0.3333333333333333,0.5,0.3065735963827292,0.3333333333333333,0.5
35108,1.0,1.0,1.0,1.0,1.0,1.0,1.0,1.0,1.0
35202,0.46927872602275644,1.0,0.3333333333333333,0.7039180890341347,1.0,0.6666666666666666,0.7039180890341347,1.0,0.6666666666666666
35220,0.6366824387328317,1.0,0.5,0.6366824387328317,1.0,0.5,0.6366824387328317,1.0,0.5
35432,1.0,1.0,0.625,1.0,1.0,0.625,1.0,1.0,0.625
35612,0.0,0.07142857142857142,0.0,0.0,0.07142857142857142,0.0,0.31546487678572877,0.125,1.0
35625,0.8263333286520084,1.0,0.4,0.8454256604216018,1.0,0.4,0.6578986223737446,1.0,0.3
35778,0.7903864795495061,1.0,1.0,0.6131471927654584,1.0,0.5,0.8065735963827293,1.0,1.0
35846,0.9363792118010483,1.0,0.3103448275862069,1.0,1.0,0.3448275862068966,1.0,1.0,0.3448275862068966
35850,1.0,1.0,0.35714285714285715,1.0,1.0,0.35714285714285715,1.0,1.0,0.35714285714285715
35906,0.7016190663078014,1.0,0.6666666666666666,0.6525338696093617,1.0,0.5555555555555556,0.6308633055867208,1.0,0.5555555555555556
35916,0.0,0.07142857142857142,0.0,0.0,0.07142857142857142,0.0,0.0,0.09090909090909091,0.0
35918,0.6531466953037822,1.0,0.23076923076923078,0.45718160765461074,0.5,0.19230769230769232,0.7315449642824575,1.0,0.2692307692307692
36021,0.9052116356304495,1.0,0.34615384615384615,1.0,1.0,0.38461538461538464,1.0,1.0,0.38461538461538464
36023,1.0,1.0,0.625,1.0,1.0,0.625,1.0,1.0,0.625
36086,1.0,1.0,0.625,1.0,1.0,0.625,1.0,1.0,0.625
36095,1.0,1.0,0.8333333333333334,0.9216017310213247,1.0,0.75,0.7975167679274939,1.0,0.6666666666666666
36199,1.0,1.0,0.8333333333333334,1.0,1.0,0.8333333333333334,1.0,1.0,0.8333333333333334
36210,1.0,1.0,1.0,1.0,1.0,1.0,1.0,1.0,1.0
36235,0.8357804136936722,1.0,0.6666666666666666,0.7951657524814092,1.0,0.6666666666666666,0.6563033086078547,1.0,0.5833333333333334
36250,1.0,1.0,1.0,1.0,1.0,1.0,1.0,1.0,1.0
36285,1.0,1.0,0.625,1.0,1.0,0.625,1.0,1.0,0.625
36534,1.0,1.0,1.0,0.9363792118010483,1.0,0.9,1.0,1.0,1.0
36551,1.0,1.0,0.5,1.0,1.0,0.5,1.0,1.0,0.5
36601,1.0,1.0,1.0,1.0,1.0,1.0,0.8687949224876582,1.0,0.8
36612,1.0,1.0,1.0,1.0,1.0,1.0,1.0,1.0,1.0
36643,0.9216017310213247,1.0,0.6,0.9363792118010483,1.0,0.6,1.0,1.0,0.6666666666666666
36646,0.0,0.043478260869565216,0.0,0.0,0.08333333333333333,0.0,0.0,0.06666666666666667,0.0
36651,1.0,1.0,0.625,1.0,1.0,0.625,1.0,1.0,0.625
36716,1.0,1.0,0.6666666666666666,1.0,1.0,0.6666666666666666,1.0,1.0,0.6666666666666666
36735,1.0,1.0,0.625,1.0,1.0,0.625,1.0,1.0,0.625
36736,1.0,1.0,0.6666666666666666,1.0,1.0,0.6666666666666666,1.0,1.0,0.6666666666666666
36737,1.0,1.0,0.6666666666666666,1.0,1.0,0.6666666666666666,1.0,1.0,0.6666666666666666
36743,1.0,1.0,0.625,1.0,1.0,0.625,1.0,1.0,0.625
36745,1.0,1.0,0.625,1.0,1.0,0.625,1.0,1.0,0.625
36776,1.0,1.0,0.6666666666666666,1.0,1.0,0.6666666666666666,1.0,1.0,0.6666666666666666
36782,0.7095272044910244,1.0,0.75,0.787702056960637,1.0,0.75,0.7365896932159578,1.0,0.75
36793,0.870608685426993,1.0,0.8333333333333334,0.963487437605205,1.0,1.0,0.958214983820857,1.0,1.0
36834,0.8151303853059922,1.0,1.0,0.8364801667538002,1.0,1.0,0.8151303853059922,1.0,1.0
36884,0.6812060741152738,1.0,0.2692307692307692,0.6659485553357845,1.0,0.2692307692307692,0.6812060741152738,1.0,0.2692307692307692
36888,1.0,1.0,1.0,0.9674679834891693,1.0,1.0,0.9674679834891693,1.0,1.0
36890,1.0,1.0,1.0,1.0,1.0,1.0,1.0,1.0,1.0
36892,0.8798661115702683,1.0,0.875,0.7269547345639102,1.0,0.625,0.6763021500567697,1.0,0.625
36900,1.0,1.0,1.0,1.0,1.0,1.0,1.0,1.0,1.0
36903,0.8710785440003369,1.0,1.0,0.6508205185601091,1.0,0.6666666666666666,0.7864724919925569,1.0,1.0
36906,0.8687949224876582,1.0,0.8,0.9560290452802053,1.0,1.0,0.8687949224876582,1.0,0.8
36907,1.0,1.0,1.0,1.0,1.0,1.0,1.0,1.0,1.0
36908,0.6366824387328317,1.0,0.5,0.6366824387328317,1.0,0.5,0.6366824387328317,1.0,0.5
36910,0.6309297535714575,0.5,1.0,0.6309297535714575,0.5,1.0,0.6309297535714575,0.5,1.0
36916,0.9674679834891693,1.0,1.0,0.9674679834891693,1.0,1.0,1.0,1.0,1.0
36917,0.9325210919548239,1.0,1.0,0.9325210919548239,1.0,1.0,0.7653606369886217,1.0,0.6666666666666666
36921,0.8175295903539445,1.0,1.0,0.8175295903539445,1.0,1.0,0.7903864795495061,1.0,1.0
36926,1.0,1.0,1.0,0.6509209298071326,0.5,1.0,1.0,1.0,1.0
36928,1.0,1.0,0.7692307692307693,1.0,1.0,0.7692307692307693,1.0,1.0,0.7692307692307693
36933,0.9217868789962071,1.0,1.0,0.7653606369886217,1.0,0.6666666666666666,0.7653606369886217,1.0,0.6666666666666666
36935,0.5846156829012062,1.0,0.5,0.43292617940918415,1.0,0.3333333333333333,0.5071367207381853,1.0,0.5
36942,0.9017290978091301,1.0,0.875,0.8255623292180633,1.0,0.875,0.8950513976905918,1.0,0.875
36943,0.715663226334951,0.5,1.0,0.7226387152952866,0.5,1.0,0.9828920819566879,1.0,1.0
36947,0.6601396023754075,1.0,0.6,0.5773584151532217,1.0,0.6,0.5922216874835863,1.0,0.6
37050,0.7322962005285631,1.0,0.6666666666666666,0.7322962005285631,1.0,0.6666666666666666,0.8277566336180305,1.0,0.8333333333333334
37190,0.949671989333555,1.0,1.0,0.9165542635924873,1.0,1.0,0.9165542635924873,1.0,1.0
37226,1.0,1.0,0.625,1.0,1.0,0.625,1.0,1.0,0.625
37290,0.15642624200758548,0.14285714285714285,0.3333333333333333,0.38268031849431083,0.3333333333333333,0.6666666666666666,0.16716045496620227,0.16666666666666666,0.3333333333333333
37292,0.8701249883466594,1.0,0.8,0.8701249883466594,1.0,0.8,0.8701249883466594,1.0,0.8
37331,0.8922108454754891,1.0,0.8333333333333334,0.8922108454754891,1.0,0.8333333333333334,0.8922108454754891,1.0,0.8333333333333334
37339,1.0,1.0,0.3125,0.9148568823583791,1.0,0.28125,1.0,1.0,0.3125
37344,1.0,1.0,1.0,1.0,1.0,1.0,1.0,1.0,1.0
37352,0.4198523768135527,0.3333333333333333,0.2777777777777778,0.5302631099446181,1.0,0.2777777777777778,0.4115325995630327,0.5,0.2777777777777778
37370,1.0,1.0,0.5555555555555556,1.0,1.0,0.5555555555555556,1.0,1.0,0.5555555555555556
37439,0.6131471927654584,1.0,0.5,0.6131471927654584,1.0,0.5,0.6131471927654584,1.0,0.5
37445,0.7948833326720566,1.0,0.6153846153846154,0.7162874455029682,0.5,0.6153846153846154,0.7759944384848245,1.0,0.6153846153846154
37446,1.0,1.0,0.625,1.0,1.0,0.625,1.0,1.0,0.625
37540,1.0,1.0,0.6666666666666666,1.0,1.0,0.6666666666666666,1.0,1.0,0.6666666666666666
37555,0.8364586133797037,1.0,0.5714285714285714,0.7885497208855957,1.0,0.5,0.7467045958894682,1.0,0.5
37592,0.9838048780283076,1.0,1.0,0.9495662644168644,1.0,1.0,0.9783978399515039,1.0,1.0
37604,0.8539316501572937,1.0,0.8,0.7870111744655099,1.0,0.8,0.7719970585389948,1.0,0.8
37617,0.9216017310213247,1.0,0.6923076923076923,0.9305687780632229,1.0,0.6923076923076923,0.9216017310213247,1.0,0.6923076923076923
37618,0.9363792118010483,1.0,0.75,0.9363792118010483,1.0,0.75,0.8603818544462509,1.0,0.6666666666666666
37622,1.0,1.0,0.38461538461538464,1.0,1.0,0.38461538461538464,1.0,1.0,0.38461538461538464
37694,0.857980942822373,1.0,0.6153846153846154,0.6114735274236562,1.0,0.46153846153846156,0.9337457765456111,1.0,0.6923076923076923
37708,1.0,1.0,0.30303030303030304,1.0,1.0,0.30303030303030304,1.0,1.0,0.30303030303030304
37766,1.0,1.0,0.35714285714285715,1.0,1.0,0.35714285714285715,0.9363792118010483,1.0,0.32142857142857145
37769,1.0,1.0,1.0,1.0,1.0,1.0,1.0,1.0,1.0
37810,0.2960819109658652,0.5,0.3333333333333333,0.5833416105149332,0.3333333333333333,1.0,0.49141527484330916,0.25,1.0
37835,1.0,1.0,1.0,1.0,1.0,1.0,1.0,1.0,1.0
37848,0.3503127229879589,0.5,0.36363636363636365,0.28163720273137616,0.16666666666666666,0.36363636363636365,0.3070147303424654,0.5,0.2727272727272727
37866,1.0,1.0,0.625,1.0,1.0,0.625,1.0,1.0,0.625
37883,0.8415908474314977,1.0,0.5714285714285714,0.9216017310213247,1.0,0.6428571428571429,0.92663607790064,1.0,0.6428571428571429
37886,0.8922108454754891,1.0,0.8333333333333334,0.8922108454754891,1.0,0.8333333333333334,0.8922108454754891,1.0,0.8333333333333334
37916,0.8611375561264456,1.0,0.6,0.9052116356304495,1.0,0.6,0.8611375561264456,1.0,0.6
37917,0.31546487678572877,0.125,1.0,0.0,0.07692307692307693,0.0,0.31546487678572877,0.125,1.0
37921,0.8772153153380493,1.0,1.0,0.8175295903539445,1.0,1.0,0.8315546295836225,1.0,1.0
38023,1.0,1.0,0.625,1.0,1.0,0.625,1.0,1.0,0.625
38031,0.77990823370192,0.5,0.6,0.9216017310213247,1.0,0.6,1.0,1.0,0.6666666666666666
38035,0.8550956239938449,1.0,0.7777777777777778,0.7671708088082309,1.0,0.6666666666666666,0.8508957228074243,1.0,0.7777777777777778
38038,1.0,1.0,0.5,1.0,1.0,0.5,1.0,1.0,0.5
38039,0.8687949224876582,1.0,0.8,0.8687949224876582,1.0,0.8,0.9434732991210639,1.0,1.0
38047,0.8838242945899706,1.0,1.0,0.838847952689218,1.0,1.0,0.9447176050778178,1.0,1.0
38052,1.0,1.0,0.625,1.0,1.0,0.625,1.0,1.0,0.625
38057,1.0,1.0,0.7692307692307693,1.0,1.0,0.7692307692307693,1.0,1.0,0.7692307692307693
38101,1.0,1.0,0.625,1.0,1.0,0.625,1.0,1.0,0.625
38106,1.0,1.0,0.625,1.0,1.0,0.625,1.0,1.0,0.625
38110,1.0,1.0,0.6666666666666666,1.0,1.0,0.6666666666666666,1.0,1.0,0.6666666666666666
38112,1.0,1.0,0.6666666666666666,1.0,1.0,0.6666666666666666,1.0,1.0,0.6666666666666666
38115,0.9052116356304495,1.0,0.9,0.7975167679274939,1.0,0.8,0.9305687780632229,1.0,0.9
38119,0.9305687780632229,1.0,0.75,0.8572048559638626,1.0,0.6666666666666666,1.0,1.0,0.8333333333333334
38127,0.88995411685096,1.0,0.6923076923076923,0.9363792118010483,1.0,0.6923076923076923,1.0,1.0,0.7692307692307693
38130,1.0,1.0,0.6666666666666666,1.0,1.0,0.6666666666666666,1.0,1.0,0.6666666666666666
38152,0.92663607790064,1.0,0.5,1.0,1.0,0.5555555555555556,0.8486026589039901,1.0,0.4444444444444444
38157,1.0,1.0,0.625,1.0,1.0,0.625,1.0,1.0,0.625
38159,1.0,1.0,0.625,1.0,1.0,0.625,1.0,1.0,0.625
38168,1.0,1.0,1.0,1.0,1.0,1.0,1.0,1.0,1.0
38228,0.7631925784528223,1.0,0.35,0.535254316775064,1.0,0.2,0.9305687780632229,1.0,0.45
38229,0.4603236742770995,0.3333333333333333,0.6666666666666666,0.5112590391895956,1.0,0.5,0.49503792495918414,0.5,0.6666666666666666
38245,0.7759944384848245,1.0,0.6666666666666666,0.8048109992093391,1.0,0.6666666666666666,0.8165901947515999,1.0,0.6666666666666666
38249,1.0,1.0,0.3333333333333333,1.0,1.0,0.3333333333333333,1.0,1.0,0.3333333333333333
38257,0.8357804136936722,1.0,0.38095238095238093,0.628164947569372,1.0,0.2857142857142857,0.747935059673333,1.0,0.3333333333333333
38268,1.0,1.0,0.625,1.0,1.0,0.625,1.0,1.0,0.625
38276,1.0,1.0,0.625,1.0,1.0,0.625,1.0,1.0,0.625
38277,1.0,1.0,0.6666666666666666,1.0,1.0,0.6666666666666666,1.0,1.0,0.6666666666666666
38278,1.0,1.0,0.7142857142857143,1.0,1.0,0.7142857142857143,1.0,1.0,0.7142857142857143
38281,0.430624116386567,0.2,1.0,0.8503449055347546,1.0,1.0,0.8065735963827293,1.0,1.0
38284,1.0,1.0,0.29411764705882354,1.0,1.0,0.29411764705882354,1.0,1.0,0.29411764705882354
38285,0.7479452570977633,1.0,0.7142857142857143,0.6836550817096437,1.0,0.5714285714285714,0.8498259896365307,1.0,0.8571428571428571
38286,0.5889556853481908,1.0,0.6666666666666666,0.49094159876649285,1.0,0.5,0.6292540836649226,1.0,0.6666666666666666
38289,0.8454256604216018,1.0,0.38095238095238093,1.0,1.0,0.47619047619047616,0.9052116356304495,1.0,0.42857142857142855
38293,1.0,1.0,0.6666666666666666,0.9363792118010483,1.0,0.6,1.0,1.0,0.6666666666666666
38295,0.9937947856332163,1.0,1.0,0.9971876401972103,1.0,1.0,0.9895948844467957,1.0,1.0
38301,1.0,1.0,0.6666666666666666,1.0,1.0,0.6666666666666666,1.0,1.0,0.6666666666666666
38303,1.0,1.0,0.625,1.0,1.0,0.625,1.0,1.0,0.625
38304,1.0,1.0,0.625,1.0,1.0,0.625,1.0,1.0,0.625
38310,1.0,1.0,0.3125,1.0,1.0,0.3125,1.0,1.0,0.3125
38316,0.9052116356304495,1.0,0.6923076923076923,0.9148568823583791,1.0,0.6923076923076923,0.9052116356304495,1.0,0.6923076923076923
38317,1.0,1.0,0.7142857142857143,1.0,1.0,0.7142857142857143,1.0,1.0,0.7142857142857143
38326,1.0,1.0,0.2857142857142857,1.0,1.0,0.2857142857142857,1.0,1.0,0.2857142857142857
38332,1.0,1.0,0.9090909090909091,1.0,1.0,0.9090909090909091,1.0,1.0,0.9090909090909091
38336,1.0,1.0,0.625,1.0,1.0,0.625,1.0,1.0,0.625
38337,1.0,1.0,0.6666666666666666,0.9363792118010483,1.0,0.6,0.92663607790064,1.0,0.6
38345,0.8364586133797037,1.0,0.5714285714285714,0.8454256604216018,1.0,0.5714285714285714,1.0,1.0,0.7142857142857143
38390,0.2837125544970319,1.0,0.16666666666666666,0.2200917662980802,1.0,0.08333333333333333,0.9363792118010483,1.0,0.75
38391,1.0,1.0,0.6666666666666666,1.0,1.0,0.6666666666666666,1.0,1.0,0.6666666666666666
38392,0.9148568823583791,1.0,0.6,0.88995411685096,1.0,0.6,0.77990823370192,0.5,0.6
38409,1.0,1.0,1.0,0.9363792118010483,1.0,0.9,1.0,1.0,1.0
38575,0.8006937664098821,1.0,0.5,0.6870165078530993,1.0,0.42857142857142855,0.6870165078530993,1.0,0.42857142857142855
38683,0.7618870795651186,1.0,0.6666666666666666,0.870608685426993,1.0,0.8333333333333334,0.7751482523375256,1.0,0.6666666666666666
38697,0.92663607790064,1.0,0.6923076923076923,1.0,1.0,0.7692307692307693,0.841492960259019,1.0,0.6153846153846154
38746,1.0,1.0,0.625,1.0,1.0,0.625,1.0,1.0,0.625
38747,0.9202054614375518,1.0,0.875,1.0,1.0,1.0,0.9672068480996276,1.0,1.0
38863,0.7123736502858729,1.0,0.21212121212121213,0.6496872770120412,1.0,0.18181818181818182,0.7663491917568949,1.0,0.24242424242424243
38866,1.0,1.0,0.8333333333333334,1.0,1.0,0.8333333333333334,0.9337457765456111,1.0,0.75
38871,1.0,1.0,0.625,0.92663607790064,1.0,0.5625,0.9216017310213247,1.0,0.5625
38984,1.0,1.0,0.6666666666666666,0.6969383549984333,1.0,0.4,1.0,1.0,0.6666666666666666
39001,0.8643145546088339,1.0,0.4444444444444444,0.8415908474314977,1.0,0.4444444444444444,0.6563033086078547,1.0,0.3888888888888889
39206,1.0,1.0,0.2857142857142857,1.0,1.0,0.2857142857142857,0.8611375561264456,1.0,0.2571428571428571
39330,0.6020521034564039,1.0,0.2631578947368421,0.5231737964779629,1.0,0.21052631578947367,0.542364015420035,1.0,0.21052631578947367
39408,0.88995411685096,1.0,0.375,0.8521705090845474,1.0,0.3333333333333333,1.0,1.0,0.4166666666666667
39411,0.8643145546088339,1.0,0.6153846153846154,0.7759944384848245,1.0,0.6153846153846154,0.8364586133797037,1.0,0.6153846153846154
39424,0.7052464806461334,1.0,0.625,0.7942857986113381,1.0,0.75,0.8009634987298764,1.0,0.75
39425,1.0,1.0,1.0,1.0,1.0,1.0,1.0,1.0,1.0
39427,0.5917935853108561,1.0,0.4444444444444444,0.6597369862291469,1.0,0.5555555555555556,0.46169129645612966,1.0,0.3333333333333333
39623,0.38685280723454163,0.5,0.5,0.3065735963827292,0.3333333333333333,0.5,0.3065735963827292,0.3333333333333333,0.5
39669,1.0,1.0,0.625,1.0,1.0,0.625,1.0,1.0,0.625
39670,1.0,1.0,1.0,1.0,1.0,1.0,1.0,1.0,1.0
39671,0.8669479898642711,1.0,0.7272727272727273,0.7885497208855957,1.0,0.6363636363636364,0.9337457765456111,1.0,0.8181818181818182
39672,1.0,1.0,0.6666666666666666,1.0,1.0,0.6666666666666666,1.0,1.0,0.6666666666666666
39711,0.46900009332067494,1.0,0.23076923076923078,0.5326208815196266,1.0,0.3076923076923077,0.542364015420035,1.0,0.3076923076923077
39852,1.0,1.0,1.0,1.0,1.0,1.0,1.0,1.0,1.0
39888,0.77990823370192,0.5,0.391304347826087,1.0,1.0,0.43478260869565216,1.0,1.0,0.43478260869565216
39905,0.39749351961824186,0.3333333333333333,0.5,0.46111430781719365,0.3333333333333333,0.6,0.38271603883851824,0.3333333333333333,0.5
39906,1.0,1.0,0.7142857142857143,1.0,1.0,0.7142857142857143,1.0,1.0,0.7142857142857143
39908,0.9878316351280036,1.0,1.0,0.9911205770005563,1.0,1.0,0.9799214801447084,1.0,1.0
39959,0.7885497208855957,1.0,0.5384615384615384,0.8512360941594275,1.0,0.6153846153846154,0.8512360941594275,1.0,0.6153846153846154
40015,0.8687949224876582,1.0,0.8,0.8687949224876582,1.0,0.8,0.8687949224876582,1.0,0.8
40087,1.0,1.0,0.625,1.0,1.0,0.625,1.0,1.0,0.625
40088,1.0,1.0,0.38461538461538464,0.9305687780632229,1.0,0.34615384615384615,1.0,1.0,0.38461538461538464
40115,0.7538142945344394,1.0,0.35,0.72891152902702,1.0,0.35,0.7000949683025057,1.0,0.35
40116,0.9230390249121357,1.0,0.8888888888888888,0.9895948844467957,1.0,1.0,0.918839123725715,1.0,0.8888888888888888
40151,1.0,1.0,0.6666666666666666,1.0,1.0,0.6666666666666666,1.0,1.0,0.6666666666666666
40168,0.7909506325094736,1.0,0.6363636363636364,0.7859162856301584,1.0,0.6363636363636364,0.7788065869851875,1.0,0.6363636363636364
40169,0.8851652351563817,1.0,0.875,0.8851652351563817,1.0,0.875,0.8340577965972606,1.0,0.875
40205,0.7467045958894682,1.0,0.5833333333333334,0.6402900881481708,0.5,0.5833333333333334,0.6429235234036081,0.5,0.5833333333333334
40206,0.8603818544462509,1.0,0.7272727272727273,0.8701249883466594,1.0,0.7272727272727273,0.88995411685096,1.0,0.8181818181818182
40211,1.0,1.0,0.625,1.0,1.0,0.625,1.0,1.0,0.625
40215,1.0,1.0,0.7692307692307693,1.0,1.0,0.7692307692307693,1.0,1.0,0.7692307692307693
40222,1.0,1.0,0.6666666666666666,1.0,1.0,0.6666666666666666,1.0,1.0,0.6666666666666666
40224,0.9337457765456111,1.0,0.6923076923076923,0.9363792118010483,1.0,0.6923076923076923,0.9305687780632229,1.0,0.6923076923076923
40235,0.8415908474314977,1.0,0.42105263157894735,0.8115558478722846,1.0,0.42105263157894735,0.8389574121760603,1.0,0.42105263157894735
40237,0.8630152897016883,1.0,0.34782608695652173,0.8643145546088339,1.0,0.34782608695652173,0.8318477135310892,1.0,0.34782608695652173
40254,0.8389574121760603,1.0,0.8,0.88995411685096,1.0,0.9,0.8512360941594275,1.0,0.8
40260,1.0,1.0,0.9090909090909091,1.0,1.0,0.9090909090909091,1.0,1.0,0.9090909090909091
40282,1.0,1.0,0.4,1.0,1.0,0.4,0.7778721720600673,1.0,0.28
40299,0.7630946912803437,1.0,0.6363636363636364,0.699473903081392,1.0,0.5454545454545454,0.7728378251807521,1.0,0.6363636363636364
40300,0.8454256604216018,1.0,0.5333333333333333,0.8521705090845474,1.0,0.5333333333333333,0.9148568823583791,1.0,0.6
40314,0.9363792118010483,1.0,0.6428571428571429,0.9337457765456111,1.0,0.6428571428571429,0.9216017310213247,1.0,0.6428571428571429
40316,0.7034066032439749,1.0,0.25,0.5501126236272345,0.5,0.25,0.7720617383222419,1.0,0.2916666666666667
40317,1.0,1.0,0.7142857142857143,0.8669479898642711,1.0,0.5714285714285714,0.9337457765456111,1.0,0.6428571428571429
40318,0.7219032334853829,0.5,0.875,0.9613085758737653,1.0,1.0,0.6605850585513564,0.3333333333333333,0.875
40326,0.7897661029179006,1.0,0.75,0.6238395628389074,1.0,0.625,0.87710683944726,1.0,0.875
40340,1.0,1.0,0.625,1.0,1.0,0.625,1.0,1.0,0.625
40392,0.7753366239771086,1.0,0.5384615384615384,0.7218018303820491,1.0,0.5384615384615384,0.9337457765456111,1.0,0.6923076923076923
40696,1.0,1.0,1.0,1.0,1.0,1.0,1.0,1.0,1.0
40813,0.9052116356304495,1.0,0.75,0.715550648768261,1.0,0.5,0.77990823370192,0.5,0.75
40823,1.0,1.0,1.0,1.0,1.0,1.0,1.0,1.0,1.0
41209,0.8760157235037968,1.0,0.8333333333333334,0.9740298100854947,1.0,1.0,0.870608685426993,1.0,0.8333333333333334
41258,0.5964984284535197,0.5,0.5833333333333334,0.5914640815742044,0.5,0.5833333333333334,0.7506372960520511,1.0,0.5833333333333334
41271,1.0,1.0,0.625,1.0,1.0,0.625,1.0,1.0,0.625
41276,0.9438661545147249,1.0,1.0,0.9349366583346498,1.0,1.0,1.0,1.0,1.0
41466,0.6457598927679994,0.5,0.75,0.6457598927679994,0.5,0.75,0.8769943416178796,1.0,0.875
41470,0.88995411685096,1.0,0.6,0.88995411685096,1.0,0.6,0.88995411685096,1.0,0.6
41754,0.77523873680463,1.0,0.2916666666666667,0.8165901947515999,1.0,0.3333333333333333,0.8643145546088339,1.0,0.3333333333333333
41755,1.0,1.0,0.6666666666666666,1.0,1.0,0.6666666666666666,1.0,1.0,0.6666666666666666
41762,1.0,1.0,0.6666666666666666,1.0,1.0,0.6666666666666666,1.0,1.0,0.6666666666666666
41763,1.0,1.0,0.3333333333333333,0.8643145546088339,1.0,0.26666666666666666,1.0,1.0,0.3333333333333333
41765,1.0,1.0,0.625,1.0,1.0,0.625,1.0,1.0,0.625
41770,0.9770153702993121,1.0,1.0,0.8824772252927574,1.0,0.8888888888888888,0.8925661774209162,1.0,0.8888888888888888
41894,0.77990823370192,0.5,0.2727272727272727,0.77990823370192,0.5,0.2727272727272727,0.7162874455029682,0.5,0.24242424242424243
41897,0.4183171370339615,0.5,0.4444444444444444,0.3525683241217281,1.0,0.2222222222222222,0.4986491964691611,0.5,0.5555555555555556
42198,0.9148568823583791,1.0,0.5,0.9148568823583791,1.0,0.5,0.9148568823583791,1.0,0.5
42208,1.0,1.0,1.0,1.0,1.0,1.0,1.0,1.0,1.0
42213,0.7534494445524139,1.0,0.5833333333333334,0.7183424120903082,1.0,0.5833333333333334,0.6812060741152738,1.0,0.5833333333333334
42250,0.6386364459525712,0.5,1.0,0.6821597128635729,0.5,1.0,0.7611740324495944,1.0,1.0
42275,0.5277610693352978,1.0,0.42857142857142855,0.31086582344538494,0.5,0.2857142857142857,0.4123144993714363,1.0,0.2857142857142857
42289,1.0,1.0,0.625,1.0,1.0,0.625,1.0,1.0,0.625
42290,0.9216017310213247,1.0,0.3,0.9305687780632229,1.0,0.3,0.9337457765456111,1.0,0.3
42321,1.0,1.0,0.7142857142857143,1.0,1.0,0.7142857142857143,1.0,1.0,0.7142857142857143
42340,1.0,1.0,0.9090909090909091,1.0,1.0,0.9090909090909091,0.9052116356304495,1.0,0.8181818181818182
42430,0.857980942822373,1.0,0.5714285714285714,0.8669479898642711,1.0,0.5714285714285714,1.0,1.0,0.7142857142857143
42440,0.9216017310213247,1.0,0.8181818181818182,0.9363792118010483,1.0,0.8181818181818182,1.0,1.0,0.9090909090909091
42542,0.3197220782574702,0.3333333333333333,0.375,0.14926017916129347,0.1111111111111111,0.25,0.3663771643778127,0.5,0.375
42543,1.0,1.0,0.625,1.0,1.0,0.625,1.0,1.0,0.625
42544,0.46900009332067494,1.0,0.23076923076923078,0.5326208815196266,1.0,0.3076923076923077,0.6235744328990732,1.0,0.38461538461538464
42687,1.0,1.0,1.0,1.0,1.0,1.0,1.0,1.0,1.0
42688,1.0,1.0,0.6666666666666666,0.9363792118010483,1.0,0.6,0.8115558478722846,1.0,0.5333333333333333
42689,0.6901935063354876,1.0,0.4,0.8630152897016883,1.0,0.5333333333333333,0.5645441593704202,1.0,0.3333333333333333
42692,0.9363792118010483,1.0,0.8181818181818182,0.9363792118010483,1.0,0.8181818181818182,1.0,1.0,0.9090909090909091
42696,0.3128047789019752,0.25,0.23529411764705882,0.35705757165090457,0.5,0.23529411764705882,0.39401519638101345,0.25,0.29411764705882354
42781,1.0,1.0,0.625,1.0,1.0,0.625,1.0,1.0,0.625
42790,0.5385571503019203,0.3333333333333333,0.8,0.6217331638029128,0.3333333333333333,1.0,0.6229291093971974,0.3333333333333333,1.0
42811,0.9828920819566879,1.0,1.0,0.9828920819566879,1.0,1.0,0.9709286432396583,1.0,1.0
42864,0.4500112274528524,0.5,0.5,0.42969378702974964,0.5,0.5,0.6013124342022591,1.0,0.5
42945,0.9851514063429595,1.0,1.0,1.0,1.0,1.0,0.8232006379497264,0.5,1.0
42963,0.8925661774209162,1.0,0.8888888888888888,0.9134627261980166,1.0,0.8888888888888888,0.7333729481001816,1.0,0.6666666666666666
42981,0.7000949683025057,1.0,0.7,0.747935059673333,1.0,0.7,0.841492960259019,1.0,0.8
42985,0.6520881886359192,1.0,0.46153846153846156,0.5075394027672819,1.0,0.38461538461538464,0.5430029249822635,0.5,0.46153846153846156
43001,1.0,1.0,0.6666666666666666,1.0,1.0,0.6666666666666666,1.0,1.0,0.6666666666666666
43014,1.0,1.0,1.0,1.0,1.0,1.0,1.0,1.0,1.0
43027,1.0,1.0,0.3448275862068966,0.92663607790064,1.0,0.3103448275862069,0.8701249883466594,1.0,0.27586206896551724
43148,1.0,1.0,0.5263157894736842,1.0,1.0,0.5263157894736842,1.0,1.0,0.5263157894736842
43177,0.8048109992093391,1.0,0.6666666666666666,0.7778721720600673,1.0,0.5833333333333334,0.9148568823583791,1.0,0.75
43183,1.0,1.0,0.625,1.0,1.0,0.625,1.0,1.0,0.625
43190,0.9363792118010483,1.0,0.9,0.8669479898642711,1.0,0.8,0.8669479898642711,1.0,0.8
43192,1.0,1.0,0.7142857142857143,1.0,1.0,0.7142857142857143,1.0,1.0,0.7142857142857143
43193,0.9764093402750902,1.0,1.0,0.9083745556952363,1.0,0.8571428571428571,0.8752074730525699,1.0,0.8571428571428571
43194,1.0,1.0,0.7142857142857143,0.6410457898283654,0.3333333333333333,0.5714285714285714,1.0,1.0,0.7142857142857143
43195,1.0,1.0,0.625,1.0,1.0,0.625,1.0,1.0,0.625
43197,0.44725394111732825,1.0,0.17391304347826086,0.6528642754944295,1.0,0.2608695652173913,0.8512360941594275,1.0,0.34782608695652173
43199,0.8603818544462509,1.0,0.6153846153846154,0.8318477135310892,1.0,0.6153846153846154,0.8553475075669357,1.0,0.6153846153846154
43202,0.6969904532005495,1.0,0.7142857142857143,0.7290121365428439,1.0,0.7142857142857143,0.6690556566993234,1.0,0.7142857142857143
43204,1.0,1.0,0.625,1.0,1.0,0.625,1.0,1.0,0.625
43206,1.0,1.0,0.8333333333333334,1.0,1.0,0.8333333333333334,0.7510916729774055,1.0,0.6666666666666666
43208,1.0,1.0,0.6666666666666666,0.9363792118010483,1.0,0.6,0.9363792118010483,1.0,0.6
43209,0.7264127302306637,1.0,0.5384615384615384,0.72891152902702,1.0,0.5384615384615384,0.6816604510406282,1.0,0.5384615384615384
43212,0.9148568823583791,1.0,0.9,0.92663607790064,1.0,0.9,0.77990823370192,0.5,0.9
43227,0.7113062262147116,0.5,1.0,0.9043980816456213,1.0,1.0,0.8930068676327362,1.0,1.0
43230,0.77990823370192,0.5,0.6,0.9305687780632229,1.0,0.6,0.92663607790064,1.0,0.6
43233,0.8572048559638626,1.0,0.7272727272727273,0.7542686714597937,1.0,0.6363636363636364,0.826813366651774,1.0,0.7272727272727273
43234,1.0,1.0,0.6666666666666666,1.0,1.0,0.6666666666666666,1.0,1.0,0.6666666666666666
43240,0.5423247252962318,0.5,0.25,0.7162874455029682,0.5,0.3333333333333333,0.8200685179888284,1.0,0.3333333333333333
43243,0.6992148198508501,1.0,0.6,0.6661998717660157,1.0,0.6,0.7227265726449519,1.0,0.6
43251,1.0,1.0,0.625,1.0,1.0,0.625,1.0,1.0,0.625
43254,1.0,1.0,0.625,1.0,1.0,0.625,1.0,1.0,0.625
43258,1.0,1.0,0.625,1.0,1.0,0.625,1.0,1.0,0.625
43265,0.6163668470816235,0.5,0.2692307692307692,0.7917063341896683,1.0,0.3076923076923077,0.9148568823583791,1.0,0.34615384615384615
43267,1.0,1.0,0.6666666666666666,1.0,1.0,0.6666666666666666,1.0,1.0,0.6666666666666666
43273,0.9216017310213247,1.0,0.6,0.92663607790064,1.0,0.6,1.0,1.0,0.6666666666666666
43274,1.0,1.0,0.625,1.0,1.0,0.625,1.0,1.0,0.625
43298,0.6004311286161026,0.5,0.5384615384615384,0.7827392871477703,1.0,0.6153846153846154,0.88995411685096,1.0,0.6923076923076923
43304,1.0,1.0,0.6666666666666666,1.0,1.0,0.6666666666666666,1.0,1.0,0.6666666666666666
43307,0.9337457765456111,1.0,0.9,0.8669479898642711,1.0,0.8,0.9363792118010483,1.0,0.9
43311,0.4825387500873844,0.3333333333333333,0.6,0.38223600083875253,0.25,0.5,0.8357804136936722,1.0,0.8
43317,0.9337457765456111,1.0,0.6923076923076923,0.8669479898642711,1.0,0.6153846153846154,1.0,1.0,0.7692307692307693
43318,1.0,1.0,0.4,1.0,1.0,0.4,0.9305687780632229,1.0,0.36
43320,1.0,1.0,0.625,1.0,1.0,0.625,1.0,1.0,0.625
43321,1.0,1.0,0.625,1.0,1.0,0.625,1.0,1.0,0.625
43328,1.0,1.0,0.625,1.0,1.0,0.625,1.0,1.0,0.625
43337,1.0,1.0,0.625,1.0,1.0,0.625,1.0,1.0,0.625
43338,0.92663607790064,1.0,0.75,0.8630152897016883,1.0,0.6666666666666666,0.9363792118010483,1.0,0.75
43339,0.41485737122490635,0.3333333333333333,0.5714285714285714,0.3354002917921389,0.3333333333333333,0.42857142857142855,0.30360907438403256,0.3333333333333333,0.42857142857142855
43341,1.0,1.0,0.4,1.0,1.0,0.4,1.0,1.0,0.4
43342,1.0,1.0,0.625,1.0,1.0,0.625,1.0,1.0,0.625
43343,1.0,1.0,0.6666666666666666,1.0,1.0,0.6666666666666666,1.0,1.0,0.6666666666666666
43349,0.9363792118010483,1.0,0.6428571428571429,0.92663607790064,1.0,0.6428571428571429,1.0,1.0,0.7142857142857143
43353,0.2890648263178879,0.1,1.0,1.0,1.0,1.0,0.3010299956639812,0.1111111111111111,1.0
43354,0.8494348345648929,1.0,1.0,0.4144299250118475,0.5,0.5,0.7495275800817669,1.0,0.75
43361,0.805516250204893,1.0,0.7777777777777778,0.781144079120574,1.0,0.7777777777777778,0.8149419398286234,1.0,0.7777777777777778
43365,0.9337457765456111,1.0,0.6428571428571429,0.8364586133797037,1.0,0.5714285714285714,1.0,1.0,0.7142857142857143
43366,0.7175177623223635,1.0,0.75,0.7097661763395708,1.0,0.75,0.8237523265073413,1.0,0.875
43367,1.0,1.0,0.625,1.0,1.0,0.625,1.0,1.0,0.625
43372,0.6309297535714575,0.5,1.0,0.6309297535714575,0.5,1.0,0.6309297535714575,0.5,1.0
43378,1.0,1.0,1.0,1.0,1.0,1.0,1.0,1.0,1.0
43382,1.0,1.0,0.625,1.0,1.0,0.625,1.0,1.0,0.625
43386,1.0,1.0,0.29411764705882354,1.0,1.0,0.29411764705882354,1.0,1.0,0.29411764705882354
43390,1.0,1.0,0.6666666666666666,1.0,1.0,0.6666666666666666,1.0,1.0,0.6666666666666666
43393,0.7104770117651427,0.5,0.6153846153846154,0.8364586133797037,1.0,0.6153846153846154,1.0,1.0,0.7692307692307693
43394,0.7606395682357036,0.5,1.0,1.0,1.0,1.0,0.7045057227504283,0.5,1.0
43395,0.9363792118010483,1.0,0.6,0.9305687780632229,1.0,0.6,1.0,1.0,0.6666666666666666
43407,1.0,1.0,0.625,1.0,1.0,0.625,1.0,1.0,0.625
43411,1.0,1.0,0.7692307692307693,1.0,1.0,0.7692307692307693,1.0,1.0,0.7692307692307693
43415,0.5833416105149332,0.3333333333333333,1.0,0.9325210919548239,1.0,1.0,0.9217868789962071,1.0,1.0
43418,0.4202024810692814,0.2,0.75,0.24630238874073,0.5,0.25,0.2532778777010656,0.14285714285714285,0.5
43425,1.0,1.0,0.3125,1.0,1.0,0.3125,1.0,1.0,0.3125
43434,1.0,1.0,0.625,1.0,1.0,0.625,1.0,1.0,0.625
43438,1.0,1.0,0.7692307692307693,1.0,1.0,0.7692307692307693,1.0,1.0,0.7692307692307693
43447,0.8701249883466594,1.0,0.6666666666666666,0.8512360941594275,1.0,0.6666666666666666,0.8263333286520084,1.0,0.6666666666666666
43463,1.0,1.0,0.625,1.0,1.0,0.625,1.0,1.0,0.625
43464,0.6309297535714575,0.5,1.0,1.0,1.0,1.0,1.0,1.0,1.0
43481,1.0,1.0,0.625,1.0,1.0,0.625,1.0,1.0,0.625
43488,1.0,1.0,0.625,1.0,1.0,0.625,1.0,1.0,0.625
43495,1.0,1.0,1.0,1.0,1.0,1.0,1.0,1.0,1.0
43512,1.0,1.0,0.6666666666666666,1.0,1.0,0.6666666666666666,1.0,1.0,0.6666666666666666
43606,0.8379265695293115,1.0,0.7777777777777778,0.8349233540959466,1.0,0.7777777777777778,0.9062596095782314,1.0,0.8888888888888888
43660,0.6726934039987302,1.0,0.6363636363636364,0.6659485553357845,1.0,0.6363636363636364,0.571614567891588,0.3333333333333333,0.6363636363636364
43815,0.6504550807234148,1.0,0.6666666666666666,0.5586982332653505,1.0,0.5555555555555556,0.6504550807234148,1.0,0.6666666666666666
43816,0.8053706965939338,1.0,0.75,0.6949410105562138,1.0,0.625,0.6924367055893798,1.0,0.625
43840,1.0,1.0,0.625,1.0,1.0,0.625,1.0,1.0,0.625
43843,0.9363792118010483,1.0,0.5625,1.0,1.0,0.625,0.8701249883466594,1.0,0.5
43844,1.0,1.0,0.6666666666666666,1.0,1.0,0.6666666666666666,1.0,1.0,0.6666666666666666
43850,1.0,1.0,0.625,1.0,1.0,0.625,1.0,1.0,0.625
43854,0.9202054614375518,1.0,0.875,0.9641803458261542,1.0,1.0,0.9098999913476322,1.0,0.875
43858,1.0,1.0,0.625,1.0,1.0,0.625,1.0,1.0,0.625
43859,1.0,1.0,0.3125,1.0,1.0,0.3125,1.0,1.0,0.3125
43860,0.6461194268314838,1.0,0.3,0.7167674835027339,1.0,0.35,0.7000949683025057,1.0,0.35
43862,0.9216017310213247,1.0,0.8181818181818182,0.9337457765456111,1.0,0.8181818181818182,1.0,1.0,0.9090909090909091
43864,0.8486026589039901,1.0,0.2962962962962963,0.9337457765456111,1.0,0.3333333333333333,0.9148568823583791,1.0,0.3333333333333333
43867,0.9337457765456111,1.0,0.5294117647058824,1.0,1.0,0.5882352941176471,1.0,1.0,0.5882352941176471
43869,1.0,1.0,0.47619047619047616,1.0,1.0,0.47619047619047616,1.0,1.0,0.47619047619047616
43901,1.0,1.0,1.0,1.0,1.0,1.0,1.0,1.0,1.0
44096,0.8603818544462509,1.0,0.47058823529411764,0.7967610662472993,1.0,0.4117647058823529,0.9305687780632229,1.0,0.5294117647058824
44105,0.9930783166417602,1.0,1.0,0.9838048780283076,1.0,1.0,0.9930783166417602,1.0,1.0
44122,0.49456228788854273,1.0,0.5,0.5058520011127918,1.0,0.5,0.4034698846650846,1.0,0.3333333333333333
44283,0.77990823370192,0.5,0.2903225806451613,1.0,1.0,0.3225806451612903,1.0,1.0,0.3225806451612903
44304,0.8454256604216018,1.0,0.6666666666666666,0.88995411685096,1.0,0.75,0.8200685179888284,1.0,0.6666666666666666
44305,0.7631925784528223,1.0,0.7,0.6879509227782193,1.0,0.7,0.8415908474314977,1.0,0.8
44450,1.0,1.0,0.5555555555555556,1.0,1.0,0.5555555555555556,0.9305687780632229,1.0,0.5
44506,1.0,1.0,1.0,1.0,1.0,1.0,1.0,1.0,1.0
44531,0.5842273861585909,1.0,0.5,0.5842273861585909,1.0,0.5,0.644824486427155,1.0,0.5
44547,0.9216017310213247,1.0,0.2903225806451613,0.77990823370192,0.5,0.2903225806451613,1.0,1.0,0.3225806451612903
44591,0.7093753650484101,1.0,0.3888888888888889,0.6848374495230164,1.0,0.3888888888888889,0.7663491917568949,1.0,0.4444444444444444
44609,1.0,1.0,0.6666666666666666,1.0,1.0,0.6666666666666666,1.0,1.0,0.6666666666666666
44610,0.9216017310213247,1.0,0.6428571428571429,0.9363792118010483,1.0,0.6428571428571429,1.0,1.0,0.7142857142857143
44612,0.7877736340270853,1.0,0.6666666666666666,0.7280855459907166,1.0,0.5833333333333334,0.7917063341896683,1.0,0.6666666666666666
44631,1.0,1.0,0.625,1.0,1.0,0.625,1.0,1.0,0.625
44663,1.0,1.0,1.0,1.0,1.0,1.0,1.0,1.0,1.0
44743,0.9156857657441142,1.0,0.875,0.8910635073822442,1.0,0.875,0.9202054614375518,1.0,0.875
44746,0.9052116356304495,1.0,0.42857142857142855,0.7885497208855957,1.0,0.3333333333333333,0.9148568823583791,1.0,0.42857142857142855
44757,0.9337457765456111,1.0,0.6,0.9363792118010483,1.0,0.6,1.0,1.0,0.6666666666666666
44762,1.0,1.0,0.625,1.0,1.0,0.625,1.0,1.0,0.625
44854,0.8415908474314977,1.0,0.26666666666666666,1.0,1.0,0.3333333333333333,0.9363792118010483,1.0,0.3
44891,0.8315546295836225,1.0,1.0,0.6131471927654584,1.0,0.5,0.6131471927654584,1.0,0.5
44908,0.8069494904756505,1.0,0.8571428571428571,0.713924570229861,0.5,0.8571428571428571,0.7251236670857091,0.5,0.8571428571428571
44925,0.23386470445736623,0.16666666666666666,0.4,0.13120507751234178,0.2,0.2,0.21398626473452756,0.5,0.2
44926,1.0,1.0,0.38461538461538464,1.0,1.0,0.38461538461538464,1.0,1.0,0.38461538461538464
44936,1.0,1.0,1.0,1.0,1.0,1.0,1.0,1.0,1.0
44972,1.0,1.0,0.625,1.0,1.0,0.625,1.0,1.0,0.625
44975,1.0,1.0,0.2777777777777778,1.0,1.0,0.2777777777777778,1.0,1.0,0.2777777777777778
45016,0.8315546295836225,1.0,1.0,0.9197207891481876,1.0,1.0,0.9197207891481876,1.0,1.0
45022,0.9363792118010483,1.0,0.9,0.9337457765456111,1.0,0.9,0.8643145546088339,1.0,0.8
45057,1.0,1.0,1.0,1.0,1.0,1.0,1.0,1.0,1.0
45063,0.5846156829012062,1.0,0.5,0.5846156829012062,1.0,0.5,0.5889837127672155,1.0,0.5
45083,1.0,1.0,0.6666666666666666,1.0,1.0,0.6666666666666666,1.0,1.0,0.6666666666666666
45337,0.9258513847149256,1.0,0.8888888888888888,0.9292442392789195,1.0,0.8888888888888888,1.0,1.0,1.0
45390,1.0,1.0,0.43478260869565216,1.0,1.0,0.43478260869565216,1.0,1.0,0.43478260869565216
45395,1.0,1.0,0.625,1.0,1.0,0.625,1.0,1.0,0.625
45763,0.9216017310213247,1.0,0.3,1.0,1.0,0.3333333333333333,0.9305687780632229,1.0,0.3
45950,0.8512360941594275,1.0,0.38095238095238093,0.6530488081313036,1.0,0.2857142857142857,0.8482378089219648,1.0,0.38095238095238093
45960,0.3724928669383442,0.25,0.2631578947368421,0.7353797772725618,1.0,0.3684210526315789,1.0,1.0,0.5263157894736842
46002,0.9828920819566879,1.0,1.0,0.9709286432396583,1.0,1.0,0.9828920819566879,1.0,1.0
46013,0.8194270280062366,1.0,1.0,0.7864724919925569,1.0,1.0,0.9134015924715543,1.0,1.0
46017,0.791726719367984,1.0,0.6363636363636364,0.7600791051976192,1.0,0.6363636363636364,0.6141069626790936,1.0,0.5454545454545454
46091,0.5929734460267241,1.0,0.5714285714285714,0.49177157880420375,1.0,0.42857142857142855,0.5784854072983234,1.0,0.5714285714285714
46102,0.31809711311243327,0.3333333333333333,0.42857142857142855,0.3975796519395046,0.5,0.42857142857142855,0.47643720378768994,0.5,0.5714285714285714
46160,0.9216017310213247,1.0,0.3333333333333333,0.8611375561264456,1.0,0.3333333333333333,1.0,1.0,0.37037037037037035
46640,0.9279611693743142,1.0,1.0,0.24630238874073,0.5,0.25,0.7606395682357036,0.5,1.0
46648,1.0,1.0,0.43478260869565216,1.0,1.0,0.43478260869565216,1.0,1.0,0.43478260869565216
46668,0.8965508479224736,1.0,1.0,0.7848693006025946,0.5,1.0,0.9930783166417602,1.0,1.0
46811,0.9216017310213247,1.0,0.6923076923076923,1.0,1.0,0.7692307692307693,1.0,1.0,0.7692307692307693
46812,0.9683310355387569,1.0,1.0,0.8118374955798289,0.5,1.0,0.9803771474638899,1.0,1.0
46837,1.0,1.0,0.625,1.0,1.0,0.625,1.0,1.0,0.625
46838,0.5797748398812457,0.5,1.0,0.5173087569496825,0.25,1.0,0.6039071644781281,0.3333333333333333,1.0
46849,0.9305687780632229,1.0,0.6923076923076923,0.92663607790064,1.0,0.6923076923076923,0.9305687780632229,1.0,0.6923076923076923
46853,0.694765116060299,0.5,0.7272727272727273,0.7104770117651427,0.5,0.7272727272727273,0.88995411685096,1.0,0.8181818181818182
46858,1.0,1.0,0.625,1.0,1.0,0.625,1.0,1.0,0.625
46882,0.7663491917568949,1.0,0.6666666666666666,0.7663491917568949,1.0,0.6666666666666666,0.7663491917568949,1.0,0.6666666666666666
46887,0.5861163849908828,1.0,0.4166666666666667,0.6969383549984333,1.0,0.5,0.6207622843987103,1.0,0.4166666666666667
46888,0.4443361827137307,1.0,0.42857142857142855,0.4099457554142625,0.3333333333333333,0.5714285714285714,0.670110851603087,1.0,0.7142857142857143
46889,0.5801476231864474,1.0,0.3333333333333333,0.5958595188912911,1.0,0.3333333333333333,0.6437684113853991,1.0,0.4
46917,0.7210564623380479,1.0,0.625,0.6004833831800817,1.0,0.5,0.40220288192895065,1.0,0.375
47010,0.77990823370192,0.5,0.3103448275862069,0.77990823370192,0.5,0.3103448275862069,0.8611375561264456,1.0,0.3103448275862069
47024,1.0,1.0,0.6666666666666666,1.0,1.0,0.6666666666666666,1.0,1.0,0.6666666666666666
47073,0.9258513847149256,1.0,0.8888888888888888,0.845519325279726,1.0,0.7777777777777778,0.9230390249121357,1.0,0.8888888888888888
47085,0.7846170207230131,1.0,0.5833333333333334,0.92663607790064,1.0,0.75,0.8630152897016883,1.0,0.6666666666666666
47122,0.8205228949141828,1.0,0.4,0.92663607790064,1.0,0.45,0.88995411685096,1.0,0.45
47241,0.9876712785649565,1.0,1.0,0.9930783166417602,1.0,1.0,0.9930783166417602,1.0,1.0
47325,0.8165901947515999,1.0,0.5714285714285714,0.88995411685096,1.0,0.6428571428571429,0.6698623505528799,0.5,0.5714285714285714
47329,0.662791942031712,1.0,0.3,0.5483327772244703,1.0,0.25,0.6117748521784965,1.0,0.3
47454,0.9217868789962071,1.0,1.0,0.9066276098484507,1.0,1.0,0.9010126104210695,1.0,1.0
47546,0.702900100608962,1.0,0.6666666666666666,0.7757676815928758,1.0,0.7777777777777778,0.7483860802939635,1.0,0.6666666666666666
47547,0.7569021067152311,1.0,0.3888888888888889,0.8643145546088339,1.0,0.4444444444444444,0.4381081808305046,1.0,0.2222222222222222
47550,0.699473903081392,1.0,0.3,0.7538142945344394,1.0,0.35,0.741670249010153,1.0,0.35
47567,1.0,1.0,0.625,1.0,1.0,0.625,1.0,1.0,0.625
47595,1.0,1.0,0.7142857142857143,0.9305687780632229,1.0,0.6428571428571429,1.0,1.0,0.7142857142857143
47627,1.0,1.0,0.7142857142857143,1.0,1.0,0.7142857142857143,1.0,1.0,0.7142857142857143
47719,1.0,1.0,0.3225806451612903,1.0,1.0,0.3225806451612903,1.0,1.0,0.3225806451612903
47723,0.8486026589039901,1.0,0.5333333333333333,0.7778721720600673,1.0,0.4666666666666667,0.9216017310213247,1.0,0.6
47729,0.6318532842514007,0.3333333333333333,1.0,0.8318724637288826,1.0,0.75,0.8318724637288826,1.0,0.75
47739,1.0,1.0,0.625,1.0,1.0,0.625,1.0,1.0,0.625
47751,1.0,1.0,1.0,0.7827141072039429,1.0,1.0,1.0,1.0,1.0
47758,1.0,1.0,0.5,1.0,1.0,0.5,1.0,1.0,0.5
47763,1.0,1.0,0.35714285714285715,1.0,1.0,0.35714285714285715,1.0,1.0,0.35714285714285715
47770,1.0,1.0,0.625,1.0,1.0,0.625,1.0,1.0,0.625
47777,1.0,1.0,0.625,1.0,1.0,0.625,1.0,1.0,0.625
47779,1.0,1.0,0.625,1.0,1.0,0.625,1.0,1.0,0.625
47780,1.0,1.0,0.625,1.0,1.0,0.625,1.0,1.0,0.625
47781,1.0,1.0,0.625,1.0,1.0,0.625,1.0,1.0,0.625
47789,0.77990823370192,0.5,0.42857142857142855,1.0,1.0,0.47619047619047616,1.0,1.0,0.47619047619047616
47791,1.0,1.0,0.625,1.0,1.0,0.625,1.0,1.0,0.625
47794,1.0,1.0,0.5263157894736842,1.0,1.0,0.5263157894736842,1.0,1.0,0.5263157894736842
47801,0.9363792118010483,1.0,0.47368421052631576,0.9148568823583791,1.0,0.47368421052631576,1.0,1.0,0.5263157894736842
47805,0.2863459897524693,1.0,0.16666666666666666,0.46975579500086934,1.0,0.3333333333333333,0.5582604437617529,1.0,0.4166666666666667
47806,1.0,1.0,0.7142857142857143,1.0,1.0,0.7142857142857143,1.0,1.0,0.7142857142857143
47808,1.0,1.0,0.625,1.0,1.0,0.625,1.0,1.0,0.625
47818,1.0,1.0,0.7142857142857143,1.0,1.0,0.7142857142857143,0.9337457765456111,1.0,0.6428571428571429
47820,1.0,1.0,0.625,1.0,1.0,0.625,1.0,1.0,0.625
47840,0.9502262648327977,1.0,1.0,0.971476156593264,1.0,1.0,0.9571479481910375,1.0,1.0
47926,0.5012658353418871,0.25,1.0,0.39780880120575696,0.14285714285714285,1.0,0.5706417189553201,0.3333333333333333,1.0
47927,1.0,1.0,0.6666666666666666,1.0,1.0,0.6666666666666666,1.0,1.0,0.6666666666666666
47945,1.0,1.0,0.625,1.0,1.0,0.625,1.0,1.0,0.625
48100,1.0,1.0,0.9090909090909091,1.0,1.0,0.9090909090909091,1.0,1.0,0.9090909090909091
48121,0.9363792118010483,1.0,0.75,0.9148568823583791,1.0,0.75,0.9363792118010483,1.0,0.75
48123,1.0,1.0,0.7142857142857143,1.0,1.0,0.7142857142857143,1.0,1.0,0.7142857142857143
48162,0.24630238874073,0.5,0.25,0.3903800499921017,1.0,0.25,0.3903800499921017,1.0,0.25
48240,0.48381288316677695,0.3333333333333333,1.0,0.19342640361727081,0.125,0.5,0.0,0.07692307692307693,0.0
48245,1.0,1.0,0.625,1.0,1.0,0.625,1.0,1.0,0.625
48574,1.0,1.0,0.625,1.0,1.0,0.625,1.0,1.0,0.625
48584,0.7015099647232446,0.5,0.7272727272727273,0.7877736340270853,1.0,0.7272727272727273,0.8603818544462509,1.0,0.7272727272727273
48694,1.0,1.0,1.0,1.0,1.0,1.0,1.0,1.0,1.0
48726,0.9363792118010483,1.0,0.5625,1.0,1.0,0.625,0.9363792118010483,1.0,0.5625
48790,1.0,1.0,0.38461538461538464,0.88995411685096,1.0,0.34615384615384615,0.7909506325094736,1.0,0.2692307692307692
49345,1.0,1.0,0.625,1.0,1.0,0.625,1.0,1.0,0.625
49355,1.0,1.0,1.0,0.38685280723454163,0.2,1.0,0.6309297535714575,0.5,1.0
49555,0.9537123696623918,1.0,1.0,0.8829374068620366,1.0,0.8333333333333334,0.9833032486989473,1.0,1.0
49581,1.0,1.0,0.625,1.0,1.0,0.625,1.0,1.0,0.625
49584,1.0,1.0,0.625,1.0,1.0,0.625,1.0,1.0,0.625
49602,0.9165542635924873,1.0,1.0,0.949671989333555,1.0,1.0,0.9641803458261542,1.0,1.0
49776,0.841492960259019,1.0,0.8,0.8603818544462509,1.0,0.8,0.9052116356304495,1.0,0.9
49857,1.0,1.0,1.0,1.0,1.0,1.0,1.0,1.0,1.0
50064,0.77990823370192,0.5,0.6923076923076923,0.77990823370192,0.5,0.6923076923076923,0.77990823370192,0.5,0.6923076923076923
50092,0.0,0.07692307692307693,0.0,0.0,0.07142857142857142,0.0,0.11706259313796355,0.2,0.16666666666666666
50101,0.8486026589039901,1.0,0.6153846153846154,0.9337457765456111,1.0,0.6923076923076923,0.9363792118010483,1.0,0.6923076923076923
50105,1.0,1.0,0.35714285714285715,1.0,1.0,0.35714285714285715,1.0,1.0,0.35714285714285715
50149,0.9337457765456111,1.0,0.8181818181818182,0.9337457765456111,1.0,0.8181818181818182,1.0,1.0,0.9090909090909091
50221,1.0,1.0,0.5,1.0,1.0,0.5,1.0,1.0,0.5
50232,0.7353797772725618,1.0,0.28,0.6594803070902427,1.0,0.24,0.7877736340270853,1.0,0.32
50280,0.7967610662472993,1.0,0.6363636363636364,0.793584067764911,1.0,0.6363636363636364,0.7846170207230131,1.0,0.6363636363636364
50309,0.38685280723454163,0.2,1.0,0.43067655807339306,0.25,1.0,0.31546487678572877,0.125,1.0
50318,0.5946976087835997,1.0,0.5,0.6296253372353893,1.0,0.625,0.6707284516716029,1.0,0.625
50376,1.0,1.0,0.2777777777777778,1.0,1.0,0.2777777777777778,1.0,1.0,0.2777777777777778
50392,1.0,1.0,0.4,1.0,1.0,0.4,1.0,1.0,0.4
50452,0.46111430781719365,0.3333333333333333,0.5454545454545454,0.3476293915547283,0.3333333333333333,0.36363636363636365,0.49827103097054376,0.5,0.45454545454545453
50453,0.0,0.08333333333333333,0.0,0.3010299956639812,0.1111111111111111,1.0,0.0,0.06666666666666667,0.0
50455,1.0,1.0,1.0,1.0,1.0,1.0,1.0,1.0,1.0
50457,1.0,1.0,0.5,0.92663607790064,1.0,0.45,0.88995411685096,1.0,0.45
50654,1.0,1.0,1.0,0.9937947856332163,1.0,1.0,0.9895948844467957,1.0,1.0
50657,0.7027284035579431,1.0,0.4375,0.7215194105726963,1.0,0.4375,0.9337457765456111,1.0,0.5625
50658,0.2188505885308512,0.16666666666666666,0.4,0.23386470445736623,0.16666666666666666,0.4,0.2591217516005785,0.25,0.4
50660,1.0,1.0,0.625,1.0,1.0,0.625,1.0,1.0,0.625
50661,1.0,1.0,0.9090909090909091,1.0,1.0,0.9090909090909091,1.0,1.0,0.9090909090909091
50727,1.0,1.0,0.7692307692307693,1.0,1.0,0.7692307692307693,1.0,1.0,0.7692307692307693
50731,0.49661976912920763,0.5,0.6,0.5087403079104241,1.0,0.4,0.5087403079104241,1.0,0.4
50949,1.0,1.0,0.7142857142857143,1.0,1.0,0.7142857142857143,1.0,1.0,0.7142857142857143
50954,1.0,1.0,1.0,1.0,1.0,1.0,1.0,1.0,1.0
50955,0.8971754588393883,1.0,0.8571428571428571,0.889918709778036,1.0,0.8571428571428571,0.8971754588393883,1.0,0.8571428571428571
50956,1.0,1.0,0.47619047619047616,0.9305687780632229,1.0,0.42857142857142855,1.0,1.0,0.47619047619047616
50959,0.8550956239938449,1.0,0.7777777777777778,0.9230390249121357,1.0,0.8888888888888888,0.8550956239938449,1.0,0.7777777777777778
51125,0.7065443116025598,0.5,0.8,0.7975167679274939,1.0,0.8,0.7753366239771086,1.0,0.7
51193,1.0,1.0,1.0,1.0,1.0,1.0,1.0,1.0,1.0
51234,1.0,1.0,0.6666666666666666,1.0,1.0,0.6666666666666666,1.0,1.0,0.6666666666666666
51275,1.0,1.0,0.8333333333333334,1.0,1.0,0.8333333333333334,1.0,1.0,0.8333333333333334
51283,0.9363792118010483,1.0,0.6,0.9337457765456111,1.0,0.6,0.9337457765456111,1.0,0.6
51293,0.72891152902702,1.0,0.5833333333333334,0.6505132600483448,1.0,0.5,0.8643145546088339,1.0,0.6666666666666666
51300,0.521740333252319,1.0,0.4444444444444444,0.5350110949021187,1.0,0.4444444444444444,0.49834758809747426,1.0,0.4444444444444444
51301,0.9047172294870751,1.0,1.0,0.7606395682357036,0.5,1.0,0.653894291235738,0.5,1.0
51307,0.727329844310522,1.0,0.46153846153846156,0.727329844310522,1.0,0.46153846153846156,0.727329844310522,1.0,0.46153846153846156
51476,0.9305687780632229,1.0,0.9,0.8415908474314977,1.0,0.8,1.0,1.0,1.0
51656,0.42914113378860663,1.0,0.3333333333333333,0.37148910739409025,1.0,0.25,0.4505655760587973,1.0,0.3333333333333333
51734,0.5462574254588146,0.3333333333333333,0.5384615384615384,1.0,1.0,0.7692307692307693,1.0,1.0,0.7692307692307693
51737,0.5147714448836774,0.5,0.6,0.7972541056822071,1.0,0.8,0.8687949224876582,1.0,0.8
51749,1.0,1.0,0.4,1.0,1.0,0.4,1.0,1.0,0.4
51786,0.6739577727076379,1.0,0.6,0.6661998717660157,1.0,0.6,0.6552438651310554,1.0,0.6
51798,1.0,1.0,0.5263157894736842,1.0,1.0,0.5263157894736842,1.0,1.0,0.5263157894736842
51842,1.0,1.0,1.0,1.0,1.0,1.0,1.0,1.0,1.0
51850,0.7328286204777911,0.5,1.0,0.7328286204777911,0.5,1.0,0.7328286204777911,0.5,1.0
51882,1.0,1.0,1.0,1.0,1.0,1.0,1.0,1.0,1.0
51926,0.9971876401972103,1.0,1.0,1.0,1.0,1.0,1.0,1.0,1.0
51961,0.9363792118010483,1.0,0.6923076923076923,0.9363792118010483,1.0,0.6923076923076923,0.9363792118010483,1.0,0.6923076923076923
51963,1.0,1.0,0.625,1.0,1.0,0.625,1.0,1.0,0.625
51982,0.7877736340270853,1.0,0.25,0.9363792118010483,1.0,0.28125,0.7759944384848245,1.0,0.25
52026,1.0,1.0,0.6666666666666666,1.0,1.0,0.6666666666666666,1.0,1.0,0.6666666666666666
52525,1.0,1.0,0.8333333333333334,1.0,1.0,0.8333333333333334,1.0,1.0,0.8333333333333334
52533,0.8389574121760603,1.0,0.4444444444444444,0.7104770117651427,0.5,0.4444444444444444,0.8611375561264456,1.0,0.5
52536,1.0,1.0,0.7692307692307693,1.0,1.0,0.7692307692307693,1.0,1.0,0.7692307692307693
52547,1.0,1.0,0.625,1.0,1.0,0.625,1.0,1.0,0.625
52548,0.9052116356304495,1.0,0.391304347826087,0.9337457765456111,1.0,0.391304347826087,0.8611375561264456,1.0,0.391304347826087
52790,0.3562071871080222,0.16666666666666666,1.0,0.3562071871080222,0.16666666666666666,1.0,0.3562071871080222,0.16666666666666666,1.0
52806,0.5531464700081437,1.0,0.4,0.6601396023754075,1.0,0.6,0.6739577727076379,1.0,0.6
52810,1.0,1.0,1.0,0.9878316351280036,1.0,1.0,0.9950883841893561,1.0,1.0
52811,1.0,1.0,0.8333333333333334,1.0,1.0,0.8333333333333334,1.0,1.0,0.8333333333333334
52866,1.0,1.0,1.0,1.0,1.0,1.0,1.0,1.0,1.0
52902,0.7233035367188455,1.0,0.75,0.7233035367188455,1.0,0.75,0.5516485659336006,0.3333333333333333,0.75
52906,0.6774944350794183,1.0,0.8333333333333334,0.5658128877595395,0.5,0.8333333333333334,0.7157933464289674,1.0,0.8333333333333334
52909,0.7975167679274939,1.0,0.8,0.8669479898642711,1.0,0.8,0.9305687780632229,1.0,0.9
52918,1.0,1.0,0.6666666666666666,1.0,1.0,0.6666666666666666,1.0,1.0,0.6666666666666666
52929,0.8521705090845474,1.0,0.7272727272727273,0.8603818544462509,1.0,0.7272727272727273,0.9052116356304495,1.0,0.8181818181818182
52933,1.0,1.0,0.29411764705882354,1.0,1.0,0.29411764705882354,1.0,1.0,0.29411764705882354
53044,0.7815683063664048,0.5,1.0,0.6383504127205318,0.5,0.8333333333333334,0.8883444449388405,1.0,1.0
53135,0.7809509050749017,1.0,0.8,0.7864489426433972,1.0,0.8,0.8357799744028239,1.0,0.8
53137,1.0,1.0,1.0,1.0,1.0,1.0,1.0,1.0,1.0
53291,0.8611375561264456,1.0,0.2647058823529412,1.0,1.0,0.29411764705882354,1.0,1.0,0.29411764705882354
53349,0.9911205770005563,1.0,1.0,0.8784964149251224,1.0,0.8571428571428571,0.9950883841893561,1.0,1.0
53352,0.7456919575934262,1.0,0.6666666666666666,0.7526136409516659,1.0,0.6666666666666666,0.7322962005285631,1.0,0.6666666666666666
53481,0.7100226348397881,1.0,0.5384615384615384,0.8603818544462509,1.0,0.6153846153846154,1.0,1.0,0.7692307692307693
53581,0.9363792118010483,1.0,0.8181818181818182,0.9337457765456111,1.0,0.8181818181818182,1.0,1.0,0.9090909090909091
53625,0.7312625444731049,1.0,0.35,0.8482378089219648,1.0,0.4,0.7909506325094736,1.0,0.35
53734,0.9363792118010483,1.0,0.36,0.8701249883466594,1.0,0.32,0.9305687780632229,1.0,0.36
53740,0.8301054527851841,1.0,0.75,0.8698774507711068,1.0,0.875,0.9202054614375518,1.0,0.875
53757,1.0,1.0,0.625,1.0,1.0,0.625,1.0,1.0,0.625
53853,1.0,1.0,0.625,1.0,1.0,0.625,1.0,1.0,0.625
53990,1.0,1.0,1.0,1.0,1.0,1.0,1.0,1.0,1.0
54095,0.8276904491046954,1.0,1.0,0.7486761295186739,0.5,1.0,0.7315682114753617,0.5,1.0
54106,1.0,1.0,0.6666666666666666,1.0,1.0,0.6666666666666666,1.0,1.0,0.6666666666666666
54144,0.6131471927654584,1.0,0.5,0.38685280723454163,0.5,0.5,0.38685280723454163,0.5,0.5
54212,1.0,1.0,1.0,0.9292442392789195,1.0,0.8888888888888888,1.0,1.0,1.0
54249,1.0,1.0,1.0,1.0,1.0,1.0,1.0,1.0,1.0
54319,1.0,1.0,0.625,1.0,1.0,0.625,1.0,1.0,0.625
54327,1.0,1.0,0.9090909090909091,1.0,1.0,0.9090909090909091,1.0,1.0,0.9090909090909091
54538,0.8899603164338973,1.0,1.0,0.8756458727267332,1.0,1.0,0.9828920819566879,1.0,1.0
54575,1.0,1.0,1.0,1.0,1.0,1.0,1.0,1.0,1.0
54576,1.0,1.0,1.0,1.0,1.0,1.0,1.0,1.0,1.0
54818,1.0,1.0,1.0,1.0,1.0,1.0,1.0,1.0,1.0
54859,0.9337457765456111,1.0,0.9,0.9337457765456111,1.0,0.9,1.0,1.0,1.0
54862,0.92663607790064,1.0,0.47368421052631576,0.77990823370192,0.5,0.47368421052631576,0.8611375561264456,1.0,0.47368421052631576
54958,1.0,1.0,0.625,1.0,1.0,0.625,1.0,1.0,0.625
54962,1.0,1.0,0.625,1.0,1.0,0.625,1.0,1.0,0.625
54988,0.6728499236252581,1.0,0.5555555555555556,0.6020941629041775,1.0,0.4444444444444444,0.6020941629041775,1.0,0.4444444444444444
54995,1.0,1.0,0.625,1.0,1.0,0.625,1.0,1.0,0.625
55003,0.7471589728148226,1.0,0.5833333333333334,0.7093753650484101,1.0,0.5833333333333334,0.7600791051976192,1.0,0.5833333333333334
55049,1.0,1.0,0.7142857142857143,1.0,1.0,0.7142857142857143,1.0,1.0,0.7142857142857143
55099,0.3026024134988135,1.0,0.16666666666666666,0.4034698846650846,1.0,0.3333333333333333,0.3900741276002217,1.0,0.3333333333333333
55207,1.0,1.0,0.5555555555555556,1.0,1.0,0.5555555555555556,1.0,1.0,0.5555555555555556
55263,0.2640681225725909,0.25,0.5,0.20438239758848611,0.14285714285714285,0.5,0.38685280723454163,0.5,0.5
55268,0.5580759111248786,1.0,0.38461538461538464,0.6651928536555898,1.0,0.46153846153846156,0.496393297395301,0.3333333333333333,0.46153846153846156
55269,0.9148568823583791,1.0,0.391304347826087,0.8603818544462509,1.0,0.34782608695652173,0.9052116356304495,1.0,0.391304347826087
55271,0.9363792118010483,1.0,0.6,0.8643145546088339,1.0,0.5333333333333333,0.9363792118010483,1.0,0.6
55287,0.8415908474314977,1.0,0.7272727272727273,0.8512360941594275,1.0,0.7272727272727273,1.0,1.0,0.9090909090909091
55289,1.0,1.0,1.0,0.5,0.3333333333333333,1.0,0.6309297535714575,0.5,1.0
55416,0.843537875344446,1.0,0.8,0.8687949224876582,1.0,0.8,0.830419897363192,1.0,0.8
55417,0.9337457765456111,1.0,0.6,1.0,1.0,0.6666666666666666,0.9216017310213247,1.0,0.6
55419,0.7322538581500238,1.0,0.625,0.7322538581500238,1.0,0.625,0.7322538581500238,1.0,0.625
55511,1.0,1.0,0.35714285714285715,1.0,1.0,0.35714285714285715,0.88995411685096,1.0,0.32142857142857145
55518,0.9363792118010483,1.0,0.6428571428571429,0.9337457765456111,1.0,0.6428571428571429,1.0,1.0,0.7142857142857143
55559,0.8550956239938449,1.0,0.7777777777777778,0.9258513847149256,1.0,0.8888888888888888,0.9937947856332163,1.0,1.0
55562,1.0,1.0,0.6666666666666666,1.0,1.0,0.6666666666666666,1.0,1.0,0.6666666666666666
55613,1.0,1.0,0.9090909090909091,0.92663607790064,1.0,0.8181818181818182,1.0,1.0,0.9090909090909091
55797,0.8701249883466594,1.0,0.8,0.8643145546088339,1.0,0.8,0.7849818707050383,1.0,0.7
55817,0.9337457765456111,1.0,0.9,0.9305687780632229,1.0,0.9,0.9363792118010483,1.0,0.9
55835,0.8468274504638792,1.0,0.8571428571428571,0.7320106757154954,1.0,0.7142857142857143,0.738689504510803,0.5,1.0
55839,0.8364586133797037,1.0,0.5714285714285714,0.88995411685096,1.0,0.6428571428571429,0.9148568823583791,1.0,0.6428571428571429
55844,0.7728378251807521,1.0,0.6363636363636364,0.8200685179888284,1.0,0.7272727272727273,0.7827392871477703,1.0,0.7272727272727273
55846,0.7065443116025598,0.5,0.2962962962962963,0.7162874455029682,0.5,0.2962962962962963,0.9052116356304495,1.0,0.3333333333333333
55851,1.0,1.0,0.43478260869565216,1.0,1.0,0.43478260869565216,1.0,1.0,0.43478260869565216
55879,0.6266634044003,1.0,0.5555555555555556,0.5553271489180154,1.0,0.4444444444444444,0.623270549836306,1.0,0.5555555555555556
55887,0.8318477135310892,1.0,0.4,0.6062415623539281,0.5,0.35,0.9337457765456111,1.0,0.45
55967,0.7573821447149967,1.0,0.3684210526315789,0.7241528458281337,1.0,0.3684210526315789,0.72891152902702,1.0,0.3684210526315789
55972,1.0,1.0,0.3333333333333333,1.0,1.0,0.3333333333333333,1.0,1.0,0.3333333333333333
56024,1.0,1.0,0.6666666666666666,1.0,1.0,0.6666666666666666,1.0,1.0,0.6666666666666666
56086,0.4703652827859579,1.0,0.4,0.5087403079104241,1.0,0.4,0.4703652827859579,1.0,0.4
56123,0.6340499455108034,0.5,1.0,0.5508095940041026,0.25,1.0,0.9060254355346823,1.0,1.0
56193,1.0,1.0,0.5263157894736842,1.0,1.0,0.5263157894736842,1.0,1.0,0.5263157894736842
56211,0.5926825204089029,1.0,0.375,0.2915590498767101,0.2,0.25,0.8603818544462509,1.0,0.5
56313,0.8050310013659313,1.0,0.7777777777777778,0.7241184471695276,1.0,0.6666666666666666,0.7462742600311302,1.0,0.6666666666666666
56372,0.8603818544462509,1.0,0.8,0.571614567891588,0.3333333333333333,0.7,0.9305687780632229,1.0,0.9
56391,0.7227265726449519,1.0,0.6,0.6548086577531307,1.0,0.6,0.7227265726449519,1.0,0.6
56419,1.0,1.0,0.35714285714285715,1.0,1.0,0.35714285714285715,1.0,1.0,0.35714285714285715
56426,1.0,1.0,0.6666666666666666,0.9052116356304495,1.0,0.6,1.0,1.0,0.6666666666666666
56429,0.6934264036172708,0.5,1.0,1.0,1.0,1.0,1.0,1.0,1.0
56438,0.9325210919548239,1.0,1.0,0.9325210919548239,1.0,1.0,0.8710785440003369,1.0,1.0
56439,1.0,1.0,0.9090909090909091,1.0,1.0,0.9090909090909091,1.0,1.0,0.9090909090909091
56447,0.4367467095119258,0.3333333333333333,0.6666666666666666,0.6338412308988606,0.5,1.0,0.6797310500037655,0.5,1.0
56449,0.8485833840018,1.0,1.0,0.7045057227504283,0.5,1.0,0.8927537907700456,1.0,1.0
56453,1.0,1.0,1.0,1.0,1.0,1.0,1.0,1.0,1.0
56455,0.2090493674905264,0.14285714285714285,0.21428571428571427,0.21801641453242443,0.16666666666666666,0.21428571428571427,0.32195053918879885,0.25,0.2857142857142857
56459,0.919261353975986,1.0,1.0,0.7569060528760422,1.0,0.8,0.975788054854922,1.0,1.0
56463,1.0,1.0,0.625,1.0,1.0,0.625,1.0,1.0,0.625
56464,1.0,1.0,0.2777777777777778,1.0,1.0,0.2777777777777778,1.0,1.0,0.2777777777777778
56465,1.0,1.0,0.7692307692307693,0.9216017310213247,1.0,0.6923076923076923,1.0,1.0,0.7692307692307693
56476,0.5447919799171685,0.2,0.8571428571428571,0.27228439096005147,0.16666666666666666,0.42857142857142855,0.46533490048440107,0.2,0.7142857142857143
56485,0.8357804136936722,1.0,0.6153846153846154,0.8389574121760603,1.0,0.6153846153846154,0.826813366651774,1.0,0.6153846153846154
56487,0.0,0.06666666666666667,0.0,0.0,0.06666666666666667,0.0,0.0,0.09090909090909091,0.0
56488,1.0,1.0,0.38461538461538464,0.9363792118010483,1.0,0.34615384615384615,1.0,1.0,0.38461538461538464
56490,0.7000949683025057,1.0,0.7,0.7280855459907166,1.0,0.7,0.6352557412688554,0.5,0.7
56491,0.3133689519796274,0.14285714285714285,0.5,0.5623141563604865,0.3333333333333333,0.75,0.4112205466147878,0.2,0.625
56508,1.0,1.0,0.625,1.0,1.0,0.625,1.0,1.0,0.625
56510,0.848793892424921,1.0,0.875,0.7820145169351078,1.0,0.75,0.8735286486161714,1.0,0.875
56512,0.7778721720600673,1.0,0.6363636363636364,0.8415908474314977,1.0,0.7272727272727273,0.8521705090845474,1.0,0.7272727272727273
56518,1.0,1.0,0.625,1.0,1.0,0.625,1.0,1.0,0.625
56520,1.0,1.0,0.625,1.0,1.0,0.625,1.0,1.0,0.625
56522,1.0,1.0,0.625,1.0,1.0,0.625,1.0,1.0,0.625
56626,0.9181890364255552,1.0,1.0,0.8627545507313896,1.0,0.8333333333333334,0.9322447939063515,1.0,1.0
56662,1.0,1.0,0.625,1.0,1.0,0.625,1.0,1.0,0.625
56663,1.0,1.0,0.625,1.0,1.0,0.625,1.0,1.0,0.625
56665,1.0,1.0,0.3448275862068966,1.0,1.0,0.3448275862068966,0.8701249883466594,1.0,0.27586206896551724
56720,0.7791714369672128,1.0,0.6363636363636364,0.7859162856301584,1.0,0.6363636363636364,0.769526190239283,1.0,0.6363636363636364
56766,0.617319681505689,1.0,0.6666666666666666,0.46927872602275644,1.0,0.3333333333333333,0.6713860725233041,1.0,0.6666666666666666
56874,1.0,1.0,1.0,1.0,1.0,1.0,1.0,1.0,1.0
56904,1.0,1.0,0.625,1.0,1.0,0.625,1.0,1.0,0.625
56908,0.48522855511632257,1.0,0.4,0.6601396023754075,1.0,0.6,0.6108377030333358,1.0,0.6
56917,0.5734923014668308,0.5,0.5,0.5022037311331264,0.5,0.4166666666666667,0.5072380780124418,0.5,0.4166666666666667
56949,1.0,1.0,0.7692307692307693,1.0,1.0,0.7692307692307693,1.0,1.0,0.7692307692307693
56983,1.0,1.0,1.0,1.0,1.0,1.0,0.5249810332008933,0.3333333333333333,1.0
57055,0.6238470455881189,1.0,0.5,0.5842273861585909,1.0,0.5,0.5337936505754552,1.0,0.5
57070,0.3562071871080222,0.16666666666666666,1.0,0.3333333333333333,0.14285714285714285,1.0,0.2890648263178879,0.1,1.0
57073,1.0,1.0,0.7142857142857143,1.0,1.0,0.7142857142857143,1.0,1.0,0.7142857142857143
57086,0.9337457765456111,1.0,0.6428571428571429,0.8611375561264456,1.0,0.6428571428571429,0.9337457765456111,1.0,0.6428571428571429
57193,1.0,1.0,0.625,1.0,1.0,0.625,1.0,1.0,0.625
57282,0.791726719367984,1.0,0.4666666666666667,0.92663607790064,1.0,0.6,0.8643145546088339,1.0,0.5333333333333333
57373,1.0,1.0,0.7692307692307693,1.0,1.0,0.7692307692307693,1.0,1.0,0.7692307692307693
57380,1.0,1.0,0.625,1.0,1.0,0.625,1.0,1.0,0.625
58113,0.9818483242455303,1.0,1.0,0.9896062251871525,1.0,1.0,1.0,1.0,1.0
58184,1.0,1.0,0.4,1.0,1.0,0.4,1.0,1.0,0.4
58229,0.7885497208855957,1.0,0.6363636363636364,0.7885497208855957,1.0,0.6363636363636364,0.791726719367984,1.0,0.6363636363636364
58381,1.0,1.0,0.5263157894736842,1.0,1.0,0.5263157894736842,1.0,1.0,0.5263157894736842
58414,1.0,1.0,0.625,1.0,1.0,0.625,1.0,1.0,0.625
58460,0.6967728672917265,1.0,0.6666666666666666,0.6924048374257172,1.0,0.6666666666666666,0.6105858728157117,1.0,0.5
58462,1.0,1.0,0.3225806451612903,0.9305687780632229,1.0,0.2903225806451613,0.8115558478722846,1.0,0.25806451612903225
58465,1.0,1.0,0.6666666666666666,1.0,1.0,0.6666666666666666,1.0,1.0,0.6666666666666666
58471,0.5,0.3333333333333333,1.0,1.0,1.0,1.0,1.0,1.0,1.0
58475,0.88995411685096,1.0,0.42857142857142855,0.9052116356304495,1.0,0.42857142857142855,0.9216017310213247,1.0,0.42857142857142855
58483,1.0,1.0,0.37037037037037035,1.0,1.0,0.37037037037037035,1.0,1.0,0.37037037037037035
58484,1.0,1.0,1.0,0.9202054614375518,1.0,0.875,1.0,1.0,1.0
58487,0.8669479898642711,1.0,0.25806451612903225,0.8701249883466594,1.0,0.25806451612903225,0.9363792118010483,1.0,0.2903225806451613
58488,0.5914517171388353,0.5,0.7142857142857143,0.5987084662001877,0.5,0.7142857142857143,0.44593524594535644,0.5,0.5714285714285714
58497,1.0,1.0,0.2857142857142857,1.0,1.0,0.2857142857142857,1.0,1.0,0.2857142857142857
58498,0.5543110021543998,1.0,0.6,0.660108188927379,1.0,0.8,0.5873259502392343,1.0,0.6
58499,1.0,1.0,0.5555555555555556,1.0,1.0,0.5555555555555556,1.0,1.0,0.5555555555555556
58501,1.0,1.0,0.2702702702702703,1.0,1.0,0.2702702702702703,1.0,1.0,0.2702702702702703
58708,1.0,1.0,0.8333333333333334,1.0,1.0,0.8333333333333334,1.0,1.0,0.8333333333333334
58710,0.45379693233402835,1.0,0.3333333333333333,0.3278743552539445,0.5,0.3333333333333333,0.3875426811710551,1.0,0.3333333333333333
58736,0.41183384043543503,0.16666666666666666,1.0,0.3706656904013186,0.125,1.0,0.5912352048230277,0.5,1.0
58779,0.8451426945798564,1.0,0.875,0.7730997420002009,1.0,0.875,0.8377089944423254,1.0,0.875
59002,0.77990823370192,0.5,0.6923076923076923,0.6410457898283654,0.3333333333333333,0.6153846153846154,0.9148568823583791,1.0,0.6923076923076923
59084,1.0,1.0,1.0,1.0,1.0,1.0,0.5,0.3333333333333333,1.0
59132,1.0,1.0,1.0,1.0,1.0,1.0,1.0,1.0,1.0
59155,0.0,0.06666666666666667,0.0,0.3010299956639812,0.1111111111111111,1.0,0.0,0.06666666666666667,0.0
59182,0.22018418776246548,0.3333333333333333,0.2857142857142857,0.2673727751494076,0.16666666666666666,0.42857142857142855,0.5823418282052036,1.0,0.5714285714285714
59202,0.7536526491624604,1.0,0.8333333333333334,0.7183750273402226,1.0,0.6666666666666666,0.6941911863804712,1.0,0.8333333333333334
59304,0.3661148839678423,0.25,0.6,0.6523502879857568,1.0,0.8,0.3753127131864053,0.25,0.6
59306,1.0,1.0,0.625,1.0,1.0,0.625,1.0,1.0,0.625
59308,0.541343095843681,0.5,0.625,0.6097348505782719,0.5,0.75,0.5426309012477634,1.0,0.5
59319,0.9337457765456111,1.0,0.5,0.8701249883466594,1.0,0.4444444444444444,0.8701249883466594,1.0,0.4444444444444444
59322,1.0,1.0,0.625,1.0,1.0,0.625,1.0,1.0,0.625
59330,1.0,1.0,0.37037037037037035,1.0,1.0,0.37037037037037035,1.0,1.0,0.37037037037037035
59334,0.841492960259019,1.0,0.5714285714285714,0.8364586133797037,1.0,0.5714285714285714,0.8643145546088339,1.0,0.5714285714285714
59341,1.0,1.0,1.0,1.0,1.0,1.0,1.0,1.0,1.0
59343,0.8207658584763088,1.0,0.8,0.8248239677678635,1.0,0.8,0.7864489426433972,1.0,0.8
59344,0.6049306994552042,1.0,0.6666666666666666,0.46927872602275644,1.0,0.3333333333333333,0.46927872602275644,1.0,0.3333333333333333
59347,0.8175295903539445,1.0,1.0,0.8503449055347546,1.0,1.0,1.0,1.0,1.0
59365,0.6105456988825855,1.0,0.6666666666666666,0.6105456988825855,1.0,0.6666666666666666,0.6049306994552042,1.0,0.6666666666666666
59368,0.9197207891481876,1.0,1.0,0.9197207891481876,1.0,1.0,0.9197207891481876,1.0,1.0
59371,1.0,1.0,1.0,1.0,1.0,1.0,1.0,1.0,1.0
59374,1.0,1.0,1.0,1.0,1.0,1.0,1.0,1.0,1.0
59378,1.0,1.0,0.625,1.0,1.0,0.625,1.0,1.0,0.625
59388,1.0,1.0,1.0,1.0,1.0,1.0,1.0,1.0,1.0
59506,0.92663607790064,1.0,0.28125,0.7573821447149967,1.0,0.21875,0.857980942822373,1.0,0.25
59632,1.0,1.0,0.3448275862068966,0.9337457765456111,1.0,0.3103448275862069,0.9305687780632229,1.0,0.3103448275862069
59673,1.0,1.0,0.625,1.0,1.0,0.625,1.0,1.0,0.625
59716,1.0,1.0,0.625,1.0,1.0,0.625,1.0,1.0,0.625
59717,1.0,1.0,0.625,1.0,1.0,0.625,1.0,1.0,0.625
59722,1.0,1.0,0.625,1.0,1.0,0.625,1.0,1.0,0.625
59723,1.0,1.0,0.625,1.0,1.0,0.625,1.0,1.0,0.625
59724,1.0,1.0,0.625,1.0,1.0,0.625,1.0,1.0,0.625
59725,0.9363792118010483,1.0,0.4090909090909091,0.8603818544462509,1.0,0.36363636363636365,1.0,1.0,0.45454545454545453
59726,1.0,1.0,0.2777777777777778,0.92663607790064,1.0,0.25,0.92663607790064,1.0,0.25
59734,1.0,1.0,1.0,1.0,1.0,1.0,1.0,1.0,1.0
59736,0.6309297535714575,0.5,1.0,1.0,1.0,1.0,0.38685280723454163,0.2,1.0
59742,0.6530488081313036,1.0,0.3,0.6569815082938865,1.0,0.3,0.73855677575495,1.0,0.35
59744,0.5518331289811786,0.3333333333333333,1.0,0.5847876649948583,0.3333333333333333,1.0,0.7928654229965442,1.0,1.0
59745,1.0,1.0,0.6666666666666666,1.0,1.0,0.6666666666666666,1.0,1.0,0.6666666666666666
59749,1.0,1.0,0.6666666666666666,1.0,1.0,0.6666666666666666,1.0,1.0,0.6666666666666666
59750,1.0,1.0,0.625,1.0,1.0,0.625,1.0,1.0,0.625
59777,0.9363792118010483,1.0,0.9,0.9363792118010483,1.0,0.9,0.9305687780632229,1.0,0.9
59851,0.92663607790064,1.0,0.4090909090909091,0.92663607790064,1.0,0.4090909090909091,0.8611375561264456,1.0,0.4090909090909091
60215,0.9363792118010483,1.0,0.47368421052631576,1.0,1.0,0.5263157894736842,0.9216017310213247,1.0,0.47368421052631576
60217,0.6364391809889587,1.0,0.6666666666666666,0.7928654229965442,1.0,1.0,0.8070380459557518,1.0,1.0
60221,0.7728378251807521,1.0,0.4117647058823529,0.7951657524814092,1.0,0.47058823529411764,0.7967610662472993,1.0,0.4117647058823529
60223,0.15130120674940675,0.3333333333333333,0.16666666666666666,0.45928466606630497,0.5,0.5,0.18293214719087555,0.125,0.3333333333333333
60292,0.6563033086078547,1.0,0.5833333333333334,0.7314470771099789,1.0,0.5833333333333334,0.7631925784528223,1.0,0.5833333333333334
60302,1.0,1.0,0.625,1.0,1.0,0.625,1.0,1.0,0.625
60409,0.8255857570917466,1.0,0.75,0.8111564709904158,1.0,0.75,0.7892144143602857,1.0,0.75
60410,0.6509209298071326,0.5,1.0,0.6509209298071326,0.5,1.0,0.5706417189553201,0.3333333333333333,1.0
60416,0.9363792118010483,1.0,0.5625,0.8006937664098821,1.0,0.4375,0.9363792118010483,1.0,0.5625
60418,0.8512360941594275,1.0,0.6153846153846154,0.46900009332067494,1.0,0.23076923076923078,0.7885497208855957,1.0,0.5384615384615384
60426,0.854105797972385,1.0,1.0,0.5710484753586336,0.25,1.0,0.8485833840018,1.0,1.0
60430,1.0,1.0,0.7142857142857143,1.0,1.0,0.7142857142857143,1.0,1.0,0.7142857142857143
60524,0.9066276098484507,1.0,1.0,0.9066276098484507,1.0,1.0,1.0,1.0,1.0
60527,1.0,1.0,1.0,1.0,1.0,1.0,1.0,1.0,1.0
60542,0.2807081466403135,0.2,0.42857142857142855,0.2247194739855928,0.25,0.2857142857142857,0.347446403717272,0.3333333333333333,0.42857142857142855
60831,0.92663607790064,1.0,0.32142857142857145,0.9216017310213247,1.0,0.32142857142857145,0.7917063341896683,1.0,0.2857142857142857
60835,1.0,1.0,1.0,1.0,1.0,1.0,1.0,1.0,1.0
60839,0.8572048559638626,1.0,0.5714285714285714,0.8643145546088339,1.0,0.5714285714285714,0.857980942822373,1.0,0.5714285714285714
60842,0.6780494608112013,1.0,0.375,0.6117952373568122,1.0,0.3125,0.627507133061656,1.0,0.3125
60853,1.0,1.0,0.625,1.0,1.0,0.625,1.0,1.0,0.625
60889,1.0,1.0,0.9090909090909091,0.9337457765456111,1.0,0.8181818181818182,0.7720617383222419,1.0,0.6363636363636364
60981,0.9148568823583791,1.0,0.2571428571428571,0.9148568823583791,1.0,0.2571428571428571,1.0,1.0,0.2857142857142857
61008,1.0,1.0,0.625,1.0,1.0,0.625,1.0,1.0,0.625
61068,0.7885497208855957,1.0,0.6363636363636364,0.7721596254947204,1.0,0.6363636363636364,0.727329844310522,1.0,0.5454545454545454
61089,1.0,1.0,0.2777777777777778,1.0,1.0,0.2777777777777778,0.9305687780632229,1.0,0.25
61107,1.0,1.0,0.625,1.0,1.0,0.625,1.0,1.0,0.625
61125,1.0,1.0,1.0,1.0,1.0,1.0,1.0,1.0,1.0
61180,0.9674679834891693,1.0,1.0,1.0,1.0,1.0,1.0,1.0,1.0
61204,0.7215194105726963,1.0,0.7,0.7569021067152311,1.0,0.7,0.6442227883107536,0.5,0.7
61206,0.7534494445524139,1.0,0.2692307692307692,0.92663607790064,1.0,0.34615384615384615,0.8389574121760603,1.0,0.3076923076923077
61211,1.0,1.0,0.6666666666666666,1.0,1.0,0.6666666666666666,1.0,1.0,0.6666666666666666
61217,1.0,1.0,0.8333333333333334,1.0,1.0,0.8333333333333334,1.0,1.0,0.8333333333333334
61250,1.0,1.0,1.0,1.0,1.0,1.0,1.0,1.0,1.0
61301,1.0,1.0,0.625,1.0,1.0,0.625,1.0,1.0,0.625
61339,0.09803928583135704,0.1,0.2,0.4531981631642389,0.25,0.8,0.24410763567406352,0.25,0.4
61343,0.7041249493150388,1.0,0.5714285714285714,0.6920788373899057,1.0,0.5714285714285714,0.6920788373899057,1.0,0.5714285714285714
61467,0.8611375561264456,1.0,0.2903225806451613,0.9052116356304495,1.0,0.2903225806451613,0.9337457765456111,1.0,0.2903225806451613
61469,1.0,1.0,0.625,1.0,1.0,0.625,1.0,1.0,0.625
61498,0.7751482523375256,1.0,0.6666666666666666,0.7751482523375256,1.0,0.6666666666666666,0.9671081267272549,1.0,1.0
61531,0.7753366239771086,1.0,0.4375,0.49667571720465364,0.5,0.375,0.9148568823583791,1.0,0.5625
61532,1.0,1.0,0.2777777777777778,1.0,1.0,0.2777777777777778,1.0,1.0,0.2777777777777778
61533,1.0,1.0,0.4,1.0,1.0,0.4,1.0,1.0,0.4
61535,1.0,1.0,0.625,1.0,1.0,0.625,1.0,1.0,0.625
61538,0.6840182226156366,1.0,0.35294117647058826,0.5739723394665965,1.0,0.29411764705882354,0.823699893396571,1.0,0.47058823529411764
61608,0.6383504127205318,0.5,0.8333333333333334,0.7773228980348948,1.0,0.8333333333333334,0.7815683063664048,0.5,1.0
61611,0.0,0.06666666666666667,0.0,0.0,0.041666666666666664,0.0,0.0,0.03125,0.0
61625,1.0,1.0,0.9090909090909091,1.0,1.0,0.9090909090909091,1.0,1.0,0.9090909090909091
61679,0.627507133061656,1.0,0.45454545454545453,0.668306326910793,1.0,0.5454545454545454,0.6969383549984333,1.0,0.5454545454545454
61771,1.0,1.0,1.0,1.0,1.0,1.0,1.0,1.0,1.0
61795,0.44830398990253034,1.0,0.2857142857142857,0.44830398990253034,1.0,0.2857142857142857,0.44830398990253034,1.0,0.2857142857142857
61802,1.0,1.0,0.8333333333333334,1.0,1.0,0.8333333333333334,1.0,1.0,0.8333333333333334
61804,0.5350178183966501,1.0,0.42857142857142855,0.5310500112078504,1.0,0.42857142857142855,0.539929434207294,1.0,0.42857142857142855
61810,0.0,0.03125,0.0,0.0,0.02631578947368421,0.0,0.0,0.02631578947368421,0.0
61843,1.0,1.0,1.0,1.0,1.0,1.0,1.0,1.0,1.0
61898,0.9202054614375518,1.0,0.875,0.9963488021549354,1.0,1.0,0.9202054614375518,1.0,0.875
61920,1.0,1.0,0.2857142857142857,0.9363792118010483,1.0,0.2571428571428571,1.0,1.0,0.2857142857142857
61954,0.6898286563534622,1.0,0.3333333333333333,0.6961622681399229,1.0,0.3333333333333333,0.7257345305446319,1.0,0.3888888888888889
61955,0.7538142945344394,1.0,0.5833333333333334,0.8115558478722846,1.0,0.6666666666666666,0.9305687780632229,1.0,0.75
61967,1.0,1.0,0.625,1.0,1.0,0.625,1.0,1.0,0.625
61972,1.0,1.0,0.7142857142857143,0.9337457765456111,1.0,0.6428571428571429,1.0,1.0,0.7142857142857143
61980,1.0,1.0,0.625,1.0,1.0,0.625,1.0,1.0,0.625
61981,1.0,1.0,0.9090909090909091,0.8643145546088339,1.0,0.7272727272727273,1.0,1.0,0.9090909090909091
61984,0.7030861797445797,1.0,0.75,0.5294362295028773,1.0,0.5,0.29007579773858083,0.2,0.5
61986,0.21398626473452756,0.5,0.2,0.22290869782240583,0.16666666666666666,0.4,0.4138385819070219,0.3333333333333333,0.6
61995,0.46927872602275644,1.0,0.3333333333333333,0.46927872602275644,1.0,0.3333333333333333,0.46927872602275644,1.0,0.3333333333333333
61998,1.0,1.0,0.6666666666666666,0.9363792118010483,1.0,0.6,1.0,1.0,0.6666666666666666
61999,0.7164850636933813,1.0,0.3333333333333333,0.6156886473955917,0.5,0.3333333333333333,0.7573821447149967,1.0,0.3333333333333333
62002,0.8406229988864187,1.0,0.875,0.6497573911547974,1.0,0.625,0.8881917374298554,1.0,0.875
62005,1.0,1.0,0.625,1.0,1.0,0.625,1.0,1.0,0.625
62018,0.8922108454754891,1.0,0.8333333333333334,0.8922108454754891,1.0,0.8333333333333334,0.8922108454754891,1.0,0.8333333333333334
62021,0.7827392871477703,1.0,0.47058823529411764,0.7065443116025598,0.5,0.47058823529411764,1.0,1.0,0.5882352941176471
62023,1.0,1.0,1.0,1.0,1.0,1.0,1.0,1.0,1.0
62025,0.7787672064897213,1.0,0.8571428571428571,0.7899917627398735,1.0,0.7142857142857143,0.8118374955798289,0.5,1.0
62029,0.6309297535714575,0.5,1.0,0.6309297535714575,0.5,1.0,0.6309297535714575,0.5,1.0
62041,1.0,1.0,0.7142857142857143,1.0,1.0,0.7142857142857143,1.0,1.0,0.7142857142857143
62047,0.8553475075669357,1.0,0.8,0.7827392871477703,1.0,0.8,0.7720617383222419,1.0,0.7
62048,1.0,1.0,0.6666666666666666,1.0,1.0,0.6666666666666666,1.0,1.0,0.6666666666666666
62049,1.0,1.0,0.6666666666666666,1.0,1.0,0.6666666666666666,1.0,1.0,0.6666666666666666
62051,1.0,1.0,0.29411764705882354,1.0,1.0,0.29411764705882354,1.0,1.0,0.29411764705882354
62080,0.7751482523375256,1.0,0.6666666666666666,0.870608685426993,1.0,0.8333333333333334,0.8760157235037968,1.0,0.8333333333333334
62104,1.0,1.0,0.625,1.0,1.0,0.625,1.0,1.0,0.625
62105,1.0,1.0,0.2702702702702703,1.0,1.0,0.2702702702702703,0.9363792118010483,1.0,0.24324324324324326
62107,1.0,1.0,0.6666666666666666,1.0,1.0,0.6666666666666666,1.0,1.0,0.6666666666666666
62109,0.9337457765456111,1.0,0.75,1.0,1.0,0.8333333333333334,1.0,1.0,0.8333333333333334
62304,0.37566986542073244,0.5,0.3076923076923077,0.29990503169749444,0.5,0.23076923076923078,0.4378068560756645,0.3333333333333333,0.38461538461538464
62438,0.8048109992093391,1.0,0.5714285714285714,0.88995411685096,1.0,0.6428571428571429,0.7917063341896683,1.0,0.5714285714285714
62501,1.0,1.0,0.29411764705882354,1.0,1.0,0.29411764705882354,1.0,1.0,0.29411764705882354
62510,1.0,1.0,0.625,1.0,1.0,0.625,1.0,1.0,0.625
62584,0.6316243658611128,1.0,0.2727272727272727,0.5933607200949347,1.0,0.22727272727272727,0.7670273914429266,1.0,0.3181818181818182
62585,0.6835381846158709,1.0,0.35294117647058826,0.611019150498302,1.0,0.29411764705882354,0.7241528458281337,1.0,0.4117647058823529
62593,1.0,1.0,0.6666666666666666,1.0,1.0,0.6666666666666666,1.0,1.0,0.6666666666666666
62606,0.8643145546088339,1.0,0.7272727272727273,0.8553475075669357,1.0,0.7272727272727273,0.8701249883466594,1.0,0.7272727272727273
62704,1.0,1.0,0.625,1.0,1.0,0.625,1.0,1.0,0.625
62802,1.0,1.0,0.6666666666666666,1.0,1.0,0.6666666666666666,1.0,1.0,0.6666666666666666
62850,0.9550236580992476,1.0,1.0,0.9709286432396583,1.0,1.0,0.9550236580992476,1.0,1.0
62873,0.92663607790064,1.0,0.6923076923076923,0.8611375561264456,1.0,0.6923076923076923,0.9148568823583791,1.0,0.6923076923076923
63061,1.0,1.0,0.6666666666666666,1.0,1.0,0.6666666666666666,1.0,1.0,0.6666666666666666
63102,0.9148568823583791,1.0,0.3,0.88995411685096,1.0,0.3,0.77990823370192,0.5,0.3
63105,0.857980942822373,1.0,0.3076923076923077,1.0,1.0,0.38461538461538464,1.0,1.0,0.38461538461538464
63126,0.9337457765456111,1.0,0.75,0.9216017310213247,1.0,0.75,0.9052116356304495,1.0,0.75
63127,1.0,1.0,0.7692307692307693,1.0,1.0,0.7692307692307693,1.0,1.0,0.7692307692307693
63133,0.8512360941594275,1.0,0.6153846153846154,0.8263333286520084,1.0,0.6153846153846154,0.9363792118010483,1.0,0.6923076923076923
63139,0.8854598815714874,1.0,1.0,0.5508095940041026,0.25,1.0,0.7928654229965442,1.0,1.0
63147,1.0,1.0,0.6666666666666666,1.0,1.0,0.6666666666666666,1.0,1.0,0.6666666666666666
63174,1.0,1.0,0.6666666666666666,1.0,1.0,0.6666666666666666,1.0,1.0,0.6666666666666666
63181,0.8454256604216018,1.0,0.5714285714285714,0.8415908474314977,1.0,0.5714285714285714,0.8669479898642711,1.0,0.5714285714285714
63356,0.6870165078530993,1.0,0.2727272727272727,0.4728935033594544,0.3333333333333333,0.2727272727272727,0.62851089260591,0.5,0.3181818181818182
63367,1.0,1.0,0.625,1.0,1.0,0.625,1.0,1.0,0.625
63401,0.16958010263680806,0.3333333333333333,0.2,0.10699313236726378,0.125,0.2,0.44615333764087994,1.0,0.4
63696,1.0,1.0,0.6666666666666666,1.0,1.0,0.6666666666666666,1.0,1.0,0.6666666666666666
63705,1.0,1.0,0.43478260869565216,1.0,1.0,0.43478260869565216,1.0,1.0,0.43478260869565216
63715,0.3157774392560288,0.3333333333333333,0.42857142857142855,0.5978614511309026,0.5,0.7142857142857143,0.39089038191247993,0.25,0.5714285714285714
63735,0.7129980666289261,1.0,0.625,0.7210564623380479,1.0,0.625,0.7277341624565862,1.0,0.625
63766,1.0,1.0,0.6666666666666666,1.0,1.0,0.6666666666666666,1.0,1.0,0.6666666666666666
63797,0.9305687780632229,1.0,0.42857142857142855,0.9216017310213247,1.0,0.42857142857142855,1.0,1.0,0.47619047619047616
63879,0.9292442392789195,1.0,0.8888888888888888,0.9292442392789195,1.0,0.8888888888888888,0.9292442392789195,1.0,0.8888888888888888
63909,0.8572048559638626,1.0,0.5714285714285714,0.7885497208855957,1.0,0.5,0.8643145546088339,1.0,0.5714285714285714
64034,0.3391602052736161,1.0,0.2,0.3391602052736161,1.0,0.2,0.10699313236726378,0.125,0.2
64070,1.0,1.0,0.6666666666666666,1.0,1.0,0.6666666666666666,0.9337457765456111,1.0,0.6
64076,0.752998787180638,1.0,0.8,0.6113708024380936,0.5,0.8,0.8539316501572937,1.0,0.8
64079,0.9363792118010483,1.0,0.6428571428571429,1.0,1.0,0.7142857142857143,1.0,1.0,0.7142857142857143
64081,0.7162874455029682,0.5,0.4,0.6410457898283654,0.3333333333333333,0.4,0.6429235234036081,0.5,0.35
64086,1.0,1.0,0.625,1.0,1.0,0.625,1.0,1.0,0.625
64088,0.2874203074791966,0.14285714285714285,0.5,0.2874203074791966,0.14285714285714285,0.5,0.6458634946379493,1.0,0.6666666666666666
64197,1.0,1.0,1.0,1.0,1.0,1.0,1.0,1.0,1.0
64232,1.0,1.0,1.0,1.0,1.0,1.0,1.0,1.0,1.0
64235,1.0,1.0,0.38461538461538464,1.0,1.0,0.38461538461538464,0.9337457765456111,1.0,0.34615384615384615
64285,0.8201749498438573,1.0,0.8333333333333334,0.72471451675439,1.0,0.6666666666666666,0.5943907508440193,1.0,0.5
64335,1.0,1.0,0.3125,1.0,1.0,0.3125,1.0,1.0,0.3125
64338,1.0,1.0,0.625,1.0,1.0,0.625,1.0,1.0,0.625
64342,1.0,1.0,0.625,1.0,1.0,0.625,1.0,1.0,0.625
64344,1.0,1.0,0.625,1.0,1.0,0.625,1.0,1.0,0.625
64348,1.0,1.0,0.6666666666666666,1.0,1.0,0.6666666666666666,1.0,1.0,0.6666666666666666
64352,0.951231200062686,1.0,1.0,0.933819260234181,1.0,1.0,0.9221235176732561,1.0,1.0
64357,0.718362797268624,1.0,0.5454545454545454,0.6141069626790936,1.0,0.5454545454545454,0.7065632165480473,1.0,0.6363636363636364
64360,1.0,1.0,0.6666666666666666,0.9337457765456111,1.0,0.6,0.77990823370192,0.5,0.6
64364,0.7104770117651427,0.5,0.6666666666666666,0.7015099647232446,0.5,0.6666666666666666,0.7877736340270853,1.0,0.6666666666666666
64412,0.8611375561264456,1.0,0.2903225806451613,0.9148568823583791,1.0,0.2903225806451613,0.8611375561264456,1.0,0.2903225806451613
64420,1.0,1.0,0.3333333333333333,0.8006937664098821,1.0,0.23333333333333334,0.9337457765456111,1.0,0.3
64467,0.7015099647232446,0.5,0.6666666666666666,0.6500332220485792,0.5,0.5833333333333334,0.8669479898642711,1.0,0.6666666666666666
64554,1.0,1.0,0.47619047619047616,1.0,1.0,0.47619047619047616,1.0,1.0,0.47619047619047616
64604,1.0,1.0,1.0,1.0,1.0,1.0,1.0,1.0,1.0
64642,0.510383374527714,1.0,0.375,0.34304271142002485,1.0,0.25,0.4968460141484392,1.0,0.375
64648,0.7059054020403313,1.0,0.2608695652173913,0.7818048722226502,1.0,0.30434782608695654,0.6378891765242929,0.5,0.30434782608695654
64650,0.8630152897016883,1.0,0.6153846153846154,0.8415908474314977,1.0,0.6153846153846154,0.7702043899253147,1.0,0.5384615384615384
64651,0.5874682201074466,0.3333333333333333,0.75,0.562733463916196,0.3333333333333333,0.75,0.47476803181524563,0.3333333333333333,0.625
64670,0.9453078548481746,1.0,1.0,0.858594026354055,1.0,1.0,1.0,1.0,1.0
64681,0.7967610662472993,1.0,0.5833333333333334,0.7967610662472993,1.0,0.5833333333333334,0.8643145546088339,1.0,0.6666666666666666
64750,1.0,1.0,1.0,0.9674679834891693,1.0,1.0,1.0,1.0,1.0
64752,0.5857421563596759,1.0,0.42857142857142855,0.6724559848537957,1.0,0.5714285714285714,0.6724559848537957,1.0,0.5714285714285714
65208,1.0,1.0,0.5882352941176471,0.9363792118010483,1.0,0.5294117647058824,1.0,1.0,0.5882352941176471
65257,0.8021574504628256,1.0,0.8333333333333334,0.8021574504628256,1.0,0.8333333333333334,0.8829374068620366,1.0,0.8333333333333334
65258,0.8088412634217226,1.0,0.7777777777777778,0.7338856015142214,1.0,0.6666666666666666,0.9770153702993121,1.0,1.0
65260,1.0,1.0,0.3448275862068966,1.0,1.0,0.3448275862068966,1.0,1.0,0.3448275862068966
65262,0.92663607790064,1.0,0.3103448275862069,1.0,1.0,0.3448275862068966,0.7951657524814092,1.0,0.27586206896551724
65271,0.15642624200758548,0.14285714285714285,0.3333333333333333,0.14126697285982898,0.1111111111111111,0.3333333333333333,0.18154179253735267,0.2,0.3333333333333333
65278,0.3562071871080222,0.16666666666666666,1.0,0.38685280723454163,0.2,1.0,0.38685280723454163,0.2,1.0
65285,0.45699707501773656,1.0,0.25,0.643121141594021,1.0,0.375,0.7778721720600673,1.0,0.4375
65286,0.429595510713961,0.3333333333333333,0.3125,0.43277250919634924,0.3333333333333333,0.3125,0.533722528236359,0.5,0.375
65300,0.741670249010153,1.0,0.6363636363636364,0.5501126236272345,0.5,0.5454545454545454,0.6371130896657825,0.5,0.6363636363636364
65303,0.5159624448948676,0.5,0.5714285714285714,0.5160592384474267,0.3333333333333333,0.7142857142857143,0.29964126719523293,0.3333333333333333,0.42857142857142855
65304,0.9363792118010483,1.0,0.6428571428571429,0.9363792118010483,1.0,0.6428571428571429,0.9363792118010483,1.0,0.6428571428571429
65306,0.7145882195859141,1.0,0.6666666666666666,0.7750434027136732,1.0,0.7777777777777778,0.7750434027136732,1.0,0.7777777777777778
65313,0.8521705090845474,1.0,0.25,0.8512360941594275,1.0,0.25,0.9216017310213247,1.0,0.28125
65345,0.9138523351597089,1.0,1.0,0.7698461250098078,0.5,1.0,0.9963488021549354,1.0,1.0
65349,0.8572048559638626,1.0,0.27586206896551724,0.8572048559638626,1.0,0.27586206896551724,0.8603818544462509,1.0,0.27586206896551724
65381,0.9493885684853097,1.0,1.0,0.7397466333385988,0.5,1.0,0.9709286432396583,1.0,1.0
65389,0.88995411685096,1.0,0.75,0.9052116356304495,1.0,0.75,0.9216017310213247,1.0,0.75
65404,0.812653045383133,1.0,1.0,0.7928654229965442,1.0,1.0,0.7653606369886217,1.0,0.6666666666666666
65410,0.7859363362324141,0.5,1.0,0.5175725363450439,0.5,0.6666666666666666,0.41140458397539986,0.2,0.6666666666666666
65414,1.0,1.0,0.625,1.0,1.0,0.625,1.0,1.0,0.625
65419,0.9305687780632229,1.0,0.9,0.8205228949141828,1.0,0.8,0.9337457765456111,1.0,0.9
65423,0.7151857987862358,1.0,0.5454545454545454,0.7151857987862358,1.0,0.5454545454545454,0.7859162856301584,1.0,0.6363636363636364
65426,0.9305687780632229,1.0,0.6428571428571429,0.88995411685096,1.0,0.6428571428571429,0.88995411685096,1.0,0.6428571428571429
65427,1.0,1.0,1.0,1.0,1.0,1.0,1.0,1.0,1.0
65429,1.0,1.0,0.625,1.0,1.0,0.625,1.0,1.0,0.625
65430,1.0,1.0,0.625,1.0,1.0,0.625,1.0,1.0,0.625
65438,1.0,1.0,0.6666666666666666,1.0,1.0,0.6666666666666666,1.0,1.0,0.6666666666666666
65446,1.0,1.0,0.625,1.0,1.0,0.625,1.0,1.0,0.625
65499,0.8847838959703267,1.0,0.8571428571428571,0.9020870746500321,1.0,0.8571428571428571,0.6462661152375239,1.0,0.5714285714285714
65514,1.0,1.0,0.8333333333333334,1.0,1.0,0.8333333333333334,1.0,1.0,0.8333333333333334
65516,1.0,1.0,1.0,1.0,1.0,1.0,1.0,1.0,1.0
65534,1.0,1.0,0.625,1.0,1.0,0.625,1.0,1.0,0.625
65536,1.0,1.0,0.625,1.0,1.0,0.625,1.0,1.0,0.625
65539,0.9216017310213247,1.0,0.5,0.9337457765456111,1.0,0.5,0.88995411685096,1.0,0.5
65543,1.0,1.0,0.625,1.0,1.0,0.625,1.0,1.0,0.625
65546,1.0,1.0,0.6666666666666666,1.0,1.0,0.6666666666666666,1.0,1.0,0.6666666666666666
65547,1.0,1.0,0.6666666666666666,0.92663607790064,1.0,0.6,1.0,1.0,0.6666666666666666
65553,1.0,1.0,1.0,1.0,1.0,1.0,1.0,1.0,1.0
65565,1.0,1.0,1.0,1.0,1.0,1.0,1.0,1.0,1.0
65632,1.0,1.0,0.625,1.0,1.0,0.625,1.0,1.0,0.625
65635,0.4088509304831694,0.5,0.5,0.72471451675439,1.0,0.6666666666666666,0.5413753343496285,1.0,0.5
65638,0.9337457765456111,1.0,0.8181818181818182,0.8603818544462509,1.0,0.7272727272727273,0.9305687780632229,1.0,0.8181818181818182
65641,1.0,1.0,1.0,0.43067655807339306,0.25,1.0,0.5,0.3333333333333333,1.0
65642,0.8435385085913265,1.0,0.8571428571428571,0.9374836267524947,1.0,1.0,0.7868709706203588,1.0,0.7142857142857143
65650,1.0,1.0,0.35714285714285715,1.0,1.0,0.35714285714285715,1.0,1.0,0.35714285714285715
65651,0.39780880120575696,0.14285714285714285,1.0,0.36181498356361597,0.1111111111111111,1.0,0.448643819352159,0.25,1.0
65655,1.0,1.0,0.3448275862068966,1.0,1.0,0.3448275862068966,0.9363792118010483,1.0,0.3103448275862069
65664,0.9337457765456111,1.0,0.2727272727272727,0.9216017310213247,1.0,0.2727272727272727,1.0,1.0,0.30303030303030304
65665,0.9918291064614978,1.0,1.0,0.8232006379497264,0.5,1.0,0.8623312528041955,1.0,0.875
65668,0.653362686448447,1.0,0.5555555555555556,0.6195648257403976,1.0,0.5555555555555556,0.623270549836306,1.0,0.5555555555555556
65670,0.9337457765456111,1.0,0.3,0.92663607790064,1.0,0.3,1.0,1.0,0.3333333333333333
65675,0.6131471927654584,1.0,0.5,0.6131471927654584,1.0,0.5,0.6131471927654584,1.0,0.5
65732,1.0,1.0,0.625,1.0,1.0,0.625,1.0,1.0,0.625
65734,0.8277720769620966,1.0,0.8571428571428571,0.7796142215590064,1.0,0.8571428571428571,0.6782877985798182,0.5,0.8571428571428571
65736,1.0,1.0,0.625,1.0,1.0,0.625,1.0,1.0,0.625
65737,1.0,1.0,1.0,1.0,1.0,1.0,1.0,1.0,1.0
65744,0.7606395682357036,0.5,1.0,0.9047172294870751,1.0,1.0,0.9438661545147249,1.0,1.0
65745,0.9363792118010483,1.0,0.9,0.8482378089219648,1.0,0.8,0.8572048559638626,1.0,0.8
65761,1.0,1.0,1.0,1.0,1.0,1.0,1.0,1.0,1.0
65762,0.7377693065954244,1.0,0.7142857142857143,0.7845258373696504,1.0,0.8571428571428571,0.6573429591465089,1.0,0.7142857142857143
65775,0.5430029249822635,0.5,0.6,0.6320787427864673,0.5,0.7,0.35106842466815347,0.16666666666666666,0.5
65781,1.0,1.0,1.0,0.9134015924715543,1.0,1.0,1.0,1.0,1.0
65833,0.8939775118263373,1.0,0.875,0.8881917374298554,1.0,0.875,0.8030980752812937,1.0,0.75
65864,1.0,1.0,0.625,1.0,1.0,0.625,1.0,1.0,0.625
65865,0.9674679834891693,1.0,1.0,0.9469024295259745,1.0,1.0,0.9674679834891693,1.0,1.0
65867,0.6309297535714575,0.5,1.0,0.43067655807339306,0.25,1.0,0.43067655807339306,0.25,1.0
65885,0.9216017310213247,1.0,0.8181818181818182,0.9216017310213247,1.0,0.8181818181818182,0.9305687780632229,1.0,0.8181818181818182
65917,1.0,1.0,0.35714285714285715,1.0,1.0,0.35714285714285715,1.0,1.0,0.35714285714285715
65929,0.9363792118010483,1.0,0.34615384615384615,0.9216017310213247,1.0,0.34615384615384615,0.49828993591603116,1.0,0.15384615384615385
66073,0.92663607790064,1.0,0.6,1.0,1.0,0.6666666666666666,0.88995411685096,1.0,0.6
66078,0.3235866969737877,0.16666666666666666,0.6666666666666666,0.3235866969737877,0.16666666666666666,0.6666666666666666,0.3235866969737877,0.16666666666666666,0.6666666666666666
66084,0.9337457765456111,1.0,0.6923076923076923,0.9216017310213247,1.0,0.6923076923076923,0.9337457765456111,1.0,0.6923076923076923
66091,0.9305687780632229,1.0,0.8181818181818182,0.8603818544462509,1.0,0.7272727272727273,1.0,1.0,0.9090909090909091
66093,0.561240270496232,0.5,0.625,0.5673656574390138,1.0,0.5,0.29688809590528403,0.25,0.375
66094,1.0,1.0,0.35714285714285715,1.0,1.0,0.35714285714285715,1.0,1.0,0.35714285714285715
66096,0.9896062251871525,1.0,1.0,0.9747429528567877,1.0,1.0,0.951231200062686,1.0,1.0
66101,0.8669479898642711,1.0,0.34782608695652173,0.8669479898642711,1.0,0.34782608695652173,0.7849818707050383,1.0,0.30434782608695654
66111,0.5965173333990071,1.0,0.2608695652173913,0.5232512984721257,1.0,0.21739130434782608,0.4977962688668736,1.0,0.21739130434782608
66123,1.0,1.0,0.7142857142857143,1.0,1.0,0.7142857142857143,1.0,1.0,0.7142857142857143
66124,1.0,1.0,1.0,0.7122630665145961,0.5,1.0,0.5239472913541398,0.3333333333333333,1.0
66240,1.0,1.0,0.625,1.0,1.0,0.625,1.0,1.0,0.625
66271,0.6112833214150002,0.5,1.0,0.37590633587120725,0.3333333333333333,0.6666666666666666,0.6256646589861505,0.5,1.0
66322,0.889918709778036,1.0,0.8571428571428571,0.7685912559873825,1.0,0.8571428571428571,0.9799214801447084,1.0,1.0
66329,1.0,1.0,0.625,1.0,1.0,0.625,1.0,1.0,0.625
66332,0.4123144993714363,1.0,0.2857142857142857,0.3727892582642587,1.0,0.2857142857142857,0.39325912586965384,1.0,0.2857142857142857
66385,0.8318477135310892,1.0,0.38095238095238093,0.9052116356304495,1.0,0.42857142857142855,0.9337457765456111,1.0,0.42857142857142855
66402,0.8318724637288826,1.0,0.75,0.9493885684853097,1.0,1.0,0.9447176050778178,1.0,1.0
66485,1.0,1.0,0.625,1.0,1.0,0.625,1.0,1.0,0.625
66486,1.0,1.0,0.3448275862068966,1.0,1.0,0.3448275862068966,1.0,1.0,0.3448275862068966
66505,1.0,1.0,1.0,1.0,1.0,1.0,0.9896062251871525,1.0,1.0
66567,0.8364586133797037,1.0,0.36363636363636365,0.8701249883466594,1.0,0.36363636363636365,0.8454256604216018,1.0,0.36363636363636365
66570,0.77990823370192,0.5,0.6428571428571429,0.8165901947515999,1.0,0.5714285714285714,0.7877736340270853,1.0,0.5714285714285714
66571,0.8263333286520084,1.0,0.32,0.7104770117651427,0.5,0.32,0.8669479898642711,1.0,0.32
66589,1.0,1.0,0.625,1.0,1.0,0.625,1.0,1.0,0.625
66622,0.6240505200038379,0.5,1.0,0.6240505200038379,0.5,1.0,0.6240505200038379,0.5,1.0
66638,1.0,1.0,0.3125,1.0,1.0,0.3125,1.0,1.0,0.3125
66665,1.0,1.0,0.625,1.0,1.0,0.625,1.0,1.0,0.625
66691,0.8772153153380493,1.0,1.0,0.8503449055347546,1.0,1.0,0.9197207891481876,1.0,1.0
66751,0.7778721720600673,1.0,0.23333333333333334,0.7788065869851875,1.0,0.23333333333333334,0.9337457765456111,1.0,0.3
66795,1.0,1.0,0.625,1.0,1.0,0.625,1.0,1.0,0.625
66796,0.9363792118010483,1.0,0.391304347826087,0.9363792118010483,1.0,0.391304347826087,0.92663607790064,1.0,0.391304347826087
66803,0.9305687780632229,1.0,0.3333333333333333,1.0,1.0,0.37037037037037035,0.9305687780632229,1.0,0.3333333333333333
66843,1.0,1.0,0.625,1.0,1.0,0.625,1.0,1.0,0.625
66860,0.46662341680017894,0.5,0.35714285714285715,0.4936790360674166,1.0,0.2857142857142857,0.4735717030454862,0.5,0.35714285714285715
66869,1.0,1.0,0.9090909090909091,1.0,1.0,0.9090909090909091,0.8200685179888284,1.0,0.7272727272727273
66942,0.7819835854675756,1.0,0.7,0.7315449642824575,1.0,0.7,0.7909506325094736,1.0,0.7
66945,1.0,1.0,1.0,0.6797310500037655,0.5,1.0,1.0,1.0,1.0
66946,0.8411523906828934,1.0,0.8333333333333334,0.8400853550530742,1.0,0.8333333333333334,0.8367843608168842,1.0,0.8333333333333334
66952,1.0,1.0,0.4,1.0,1.0,0.4,0.9363792118010483,1.0,0.36
66966,0.4644147025690223,1.0,0.42857142857142855,0.4644147025690223,1.0,0.42857142857142855,0.4995958068998837,1.0,0.42857142857142855
66983,1.0,1.0,0.3225806451612903,1.0,1.0,0.3225806451612903,1.0,1.0,0.3225806451612903
66985,1.0,1.0,0.2777777777777778,1.0,1.0,0.2777777777777778,1.0,1.0,0.2777777777777778
67059,0.32584372089811503,0.16666666666666666,0.6,0.562068903096022,1.0,0.6,0.33596209958027784,0.16666666666666666,0.6
67398,1.0,1.0,0.3225806451612903,1.0,1.0,0.3225806451612903,1.0,1.0,0.3225806451612903
68074,0.897617883552293,1.0,1.0,0.8090791338210653,1.0,0.8333333333333334,1.0,1.0,1.0
68097,1.0,1.0,0.8333333333333334,1.0,1.0,0.8333333333333334,1.0,1.0,0.8333333333333334
68126,0.6352557412688554,0.5,0.6363636363636364,0.5847192329112589,0.5,0.6363636363636364,0.694765116060299,0.5,0.7272727272727273
68172,0.6203974344166849,1.0,0.35714285714285715,0.6804503724350792,1.0,0.42857142857142855,0.6122496142821666,1.0,0.35714285714285715
68174,0.9363792118010483,1.0,0.42857142857142855,1.0,1.0,0.47619047619047616,0.9363792118010483,1.0,0.42857142857142855
68205,0.5012658353418871,0.25,1.0,0.448643819352159,0.25,1.0,0.41183384043543503,0.16666666666666666,1.0
68207,0.5724250321999883,0.25,1.0,0.8326783988613894,1.0,1.0,0.6386364459525712,0.5,1.0
68208,0.9305687780632229,1.0,0.8181818181818182,0.9305687780632229,1.0,0.8181818181818182,0.9305687780632229,1.0,0.8181818181818182
68219,1.0,1.0,0.5263157894736842,1.0,1.0,0.5263157894736842,1.0,1.0,0.5263157894736842
68224,1.0,1.0,0.3333333333333333,1.0,1.0,0.3333333333333333,1.0,1.0,0.3333333333333333
68225,0.9305687780632229,1.0,0.6428571428571429,0.9305687780632229,1.0,0.6428571428571429,1.0,1.0,0.7142857142857143
68226,0.8696762340896294,1.0,0.8333333333333334,0.8626199664389337,1.0,0.8333333333333334,0.9580803995284011,1.0,1.0
68230,0.8630152897016883,1.0,0.42105263157894735,0.8006937664098821,1.0,0.3684210526315789,0.823699893396571,1.0,0.42105263157894735
68233,0.7827141072039429,1.0,1.0,0.5205067333228022,1.0,0.5,0.6713527276121545,1.0,0.75
68235,1.0,1.0,0.7142857142857143,1.0,1.0,0.7142857142857143,1.0,1.0,0.7142857142857143
68237,1.0,1.0,0.7692307692307693,1.0,1.0,0.7692307692307693,1.0,1.0,0.7692307692307693
68241,0.6736002216239915,1.0,0.625,0.4995027880064961,0.3333333333333333,0.625,0.6229476371168512,1.0,0.625
68242,0.4340013854116349,0.16666666666666666,0.8,0.10699313236726378,0.125,0.2,0.09803928583135704,0.1,0.2
68247,0.9197207891481876,1.0,1.0,0.8772153153380493,1.0,1.0,0.8772153153380493,1.0,1.0
68249,0.9363792118010483,1.0,0.8181818181818182,0.9363792118010483,1.0,0.8181818181818182,0.8701249883466594,1.0,0.7272727272727273
68250,0.7312625444731049,1.0,0.7,0.793584067764911,1.0,0.7,0.6468562235661909,0.5,0.7
68252,0.4103737754674528,1.0,0.375,0.5534089895040297,1.0,0.5,0.6708409495009832,1.0,0.625
68253,0.8767055912339932,1.0,0.8571428571428571,0.7709363892380909,1.0,0.7142857142857143,0.8767055912339932,1.0,0.8571428571428571
68255,0.8415908474314977,1.0,0.25,0.791726719367984,1.0,0.21875,0.9363792118010483,1.0,0.28125
68289,1.0,1.0,0.625,1.0,1.0,0.625,1.0,1.0,0.625
68293,0.9818483242455303,1.0,1.0,0.9277589908435726,1.0,1.0,0.8891085695884217,1.0,1.0
68294,1.0,1.0,0.6666666666666666,1.0,1.0,0.6666666666666666,1.0,1.0,0.6666666666666666
68295,0.7909355713617177,1.0,0.8571428571428571,0.8153732461559126,1.0,0.8571428571428571,0.7441790405874915,1.0,0.7142857142857143
68520,1.0,1.0,1.0,0.9930783166417602,1.0,1.0,1.0,1.0,1.0
68563,1.0,1.0,0.625,1.0,1.0,0.625,1.0,1.0,0.625
68588,1.0,1.0,1.0,1.0,1.0,1.0,1.0,1.0,1.0
68589,1.0,1.0,1.0,1.0,1.0,1.0,1.0,1.0,1.0
68749,0.9305687780632229,1.0,0.6923076923076923,0.9363792118010483,1.0,0.6923076923076923,1.0,1.0,0.7692307692307693
68794,1.0,1.0,0.35714285714285715,0.9148568823583791,1.0,0.32142857142857145,1.0,1.0,0.35714285714285715
68803,0.3576223542196109,1.0,0.2857142857142857,0.43707943365237834,1.0,0.42857142857142855,0.43707943365237834,1.0,0.42857142857142855
68827,0.9202054614375518,1.0,0.875,0.9933222998814618,1.0,1.0,0.9062487935025676,1.0,0.875
68845,0.9963488021549354,1.0,1.0,0.9963488021549354,1.0,1.0,0.9963488021549354,1.0,1.0
68967,0.4703652827859579,1.0,0.4,0.5982819568741946,1.0,0.6,0.5724626779088695,1.0,0.6
68981,1.0,1.0,0.625,1.0,1.0,0.625,1.0,1.0,0.625
69035,1.0,1.0,0.7142857142857143,1.0,1.0,0.7142857142857143,1.0,1.0,0.7142857142857143
69170,1.0,1.0,0.6666666666666666,1.0,1.0,0.6666666666666666,1.0,1.0,0.6666666666666666
69234,0.9709286432396583,1.0,1.0,0.8756458727267332,1.0,1.0,0.9550236580992476,1.0,1.0
69239,0.625524935148309,0.3333333333333333,1.0,0.6766372988929881,0.5,1.0,0.6374883738653385,0.3333333333333333,1.0
69262,1.0,1.0,1.0,0.9818483242455303,1.0,1.0,1.0,1.0,1.0
69288,0.6399441431116328,1.0,0.35294117647058826,0.7183424120903082,1.0,0.4117647058823529,0.6726934039987302,1.0,0.4117647058823529
69301,0.8553475075669357,1.0,0.5714285714285714,0.685119869332369,0.5,0.5714285714285714,0.7951657524814092,1.0,0.5714285714285714
69368,1.0,1.0,0.2702702702702703,0.92663607790064,1.0,0.24324324324324326,1.0,1.0,0.2702702702702703
69433,1.0,1.0,0.5,1.0,1.0,0.5,1.0,1.0,0.5
69457,1.0,1.0,0.6666666666666666,1.0,1.0,0.6666666666666666,1.0,1.0,0.6666666666666666
69467,0.9216017310213247,1.0,0.6,0.9148568823583791,1.0,0.6,0.9052116356304495,1.0,0.6
69476,0.6772733739526912,1.0,0.3,0.741670249010153,1.0,0.35,0.706583601726363,1.0,0.3
69478,1.0,1.0,0.37037037037037035,1.0,1.0,0.37037037037037035,1.0,1.0,0.37037037037037035
69535,1.0,1.0,0.2777777777777778,1.0,1.0,0.2777777777777778,1.0,1.0,0.2777777777777778
69553,0.544221363816962,1.0,0.35714285714285715,0.39956887138389763,1.0,0.21428571428571427,0.545155778742082,1.0,0.35714285714285715
69690,0.490168314029901,1.0,0.5,0.4931948163033746,1.0,0.5,0.6846851196065872,1.0,0.625
69756,0.9052116356304495,1.0,0.3,0.9052116356304495,1.0,0.3,0.9216017310213247,1.0,0.3
69757,0.7218018303820491,1.0,0.35,0.5964984284535197,0.5,0.35,0.9148568823583791,1.0,0.45
69778,0.8553475075669357,1.0,0.5,0.8572048559638626,1.0,0.5,0.793584067764911,1.0,0.4375
69801,0.5113553108118987,0.5,0.5454545454545454,0.5309999066793253,0.25,0.6363636363636364,0.5501126236272345,0.5,0.5454545454545454
69878,0.8364586133797037,1.0,0.25,0.9305687780632229,1.0,0.28125,0.8482378089219648,1.0,0.25
69969,0.8603818544462509,1.0,0.8,0.9305687780632229,1.0,0.9,0.8415908474314977,1.0,0.8
69976,0.9363792118010483,1.0,0.9,0.9363792118010483,1.0,0.9,0.9363792118010483,1.0,0.9
69982,0.6291031399287499,1.0,0.5,0.7783633190900434,1.0,0.75,0.6057825067661952,1.0,0.5
69985,0.5774250016294137,0.3333333333333333,0.5833333333333334,0.7241528458281337,1.0,0.5833333333333334,0.7257345305446319,1.0,0.5833333333333334
69988,0.8065735963827293,1.0,1.0,1.0,1.0,1.0,0.3706656904013186,0.125,1.0
69989,0.5331149116882513,0.3333333333333333,0.8333333333333334,0.5557841073665669,0.3333333333333333,0.8333333333333334,0.6634386775986221,0.3333333333333333,1.0
69991,0.7486361493410435,0.5,1.0,0.6821985438252814,0.5,1.0,0.6036129014964715,0.5,0.8
69993,1.0,1.0,0.6666666666666666,1.0,1.0,0.6666666666666666,1.0,1.0,0.6666666666666666
69997,0.9337457765456111,1.0,0.75,0.9337457765456111,1.0,0.75,0.9305687780632229,1.0,0.75
70001,0.9148568823583791,1.0,0.75,0.9148568823583791,1.0,0.75,0.92663607790064,1.0,0.75
70002,0.7982650576674577,0.5,1.0,1.0,1.0,1.0,0.9099466049873366,1.0,1.0
70009,1.0,1.0,0.625,1.0,1.0,0.625,1.0,1.0,0.625
70011,1.0,1.0,0.625,1.0,1.0,0.625,1.0,1.0,0.625
70015,1.0,1.0,0.7692307692307693,1.0,1.0,0.7692307692307693,1.0,1.0,0.7692307692307693
70017,1.0,1.0,0.625,1.0,1.0,0.625,1.0,1.0,0.625
70018,0.6295304155921457,0.3333333333333333,0.8571428571428571,0.8971754588393883,1.0,0.8571428571428571,0.9950883841893561,1.0,1.0
70021,1.0,1.0,0.625,1.0,1.0,0.625,1.0,1.0,0.625
70022,0.8603818544462509,1.0,0.6666666666666666,0.8643145546088339,1.0,0.6666666666666666,0.8006937664098821,1.0,0.5833333333333334
70026,1.0,1.0,0.625,1.0,1.0,0.625,1.0,1.0,0.625
70029,1.0,1.0,0.625,1.0,1.0,0.625,1.0,1.0,0.625
70030,1.0,1.0,0.8333333333333334,0.9337457765456111,1.0,0.75,0.9216017310213247,1.0,0.75
70031,1.0,1.0,0.625,1.0,1.0,0.625,1.0,1.0,0.625
70032,0.7753366239771086,1.0,0.5384615384615384,0.77523873680463,1.0,0.5384615384615384,0.826813366651774,1.0,0.6153846153846154
70034,1.0,1.0,0.625,1.0,1.0,0.625,1.0,1.0,0.625
70044,1.0,1.0,0.625,1.0,1.0,0.625,1.0,1.0,0.625
70045,1.0,1.0,0.625,1.0,1.0,0.625,1.0,1.0,0.625
70050,1.0,1.0,0.4,0.7917063341896683,1.0,0.32,1.0,1.0,0.4
70071,1.0,1.0,0.625,1.0,1.0,0.625,1.0,1.0,0.625
70090,1.0,1.0,0.625,1.0,1.0,0.625,1.0,1.0,0.625
70160,1.0,1.0,0.6666666666666666,0.9337457765456111,1.0,0.6,0.88995411685096,1.0,0.6
70164,0.8270433092474515,1.0,1.0,0.678294684588588,0.5,1.0,0.5363781864793108,0.5,0.75
70165,0.8200685179888284,1.0,0.6666666666666666,0.8364586133797037,1.0,0.6666666666666666,0.7510916729774055,1.0,0.6666666666666666
70166,0.5788060776291201,0.5,0.7142857142857143,0.7032779342457537,1.0,0.7142857142857143,0.6969904532005495,1.0,0.7142857142857143
70222,0.9363792118010483,1.0,0.75,0.9363792118010483,1.0,0.75,1.0,1.0,0.8333333333333334
70225,0.8318724637288826,1.0,0.75,0.8048099750039491,1.0,0.75,0.787702056960637,1.0,0.75
70229,0.727329844310522,1.0,0.5,0.6154062275862391,1.0,0.5,0.29345568839744024,1.0,0.16666666666666666
70259,0.8191079142140382,1.0,0.8333333333333334,0.9274624750390078,1.0,1.0,0.7500319600404106,1.0,0.8333333333333334
70296,0.8104616303452686,1.0,0.7142857142857143,0.8104616303452686,1.0,0.7142857142857143,0.8104616303452686,1.0,0.7142857142857143
70297,0.7653606369886217,1.0,0.6666666666666666,0.7653606369886217,1.0,0.6666666666666666,0.7653606369886217,1.0,0.6666666666666666
70370,0.9337457765456111,1.0,0.8181818181818182,0.8643145546088339,1.0,0.7272727272727273,0.9305687780632229,1.0,0.8181818181818182
70379,1.0,1.0,0.8333333333333334,1.0,1.0,0.8333333333333334,1.0,1.0,0.8333333333333334
70429,0.8006937664098821,1.0,0.4666666666666667,0.8006937664098821,1.0,0.4666666666666667,0.633219679627003,1.0,0.3333333333333333
70464,0.6182885020492784,0.3333333333333333,1.0,0.8529278650606567,1.0,1.0,0.8854598815714874,1.0,1.0
70469,1.0,1.0,0.8333333333333334,1.0,1.0,0.8333333333333334,1.0,1.0,0.8333333333333334
70479,1.0,1.0,0.6666666666666666,0.88995411685096,1.0,0.6,0.9148568823583791,1.0,0.6
70481,1.0,1.0,1.0,1.0,1.0,1.0,1.0,1.0,1.0
70491,1.0,1.0,0.625,1.0,1.0,0.625,1.0,1.0,0.625
70504,0.9337457765456111,1.0,0.47368421052631576,1.0,1.0,0.5263157894736842,1.0,1.0,0.5263157894736842
70536,1.0,1.0,0.625,1.0,1.0,0.625,1.0,1.0,0.625
70554,1.0,1.0,0.6666666666666666,1.0,1.0,0.6666666666666666,1.0,1.0,0.6666666666666666
70632,0.9580803995284011,1.0,1.0,0.8616875151015702,1.0,1.0,0.9311777582765324,1.0,1.0
70638,0.8829374068620366,1.0,0.8333333333333334,0.8922108454754891,1.0,0.8333333333333334,0.8829374068620366,1.0,0.8333333333333334
70647,0.6691255538181727,1.0,0.3157894736842105,0.6025064803817582,1.0,0.2631578947368421,0.5769706247040592,1.0,0.2631578947368421
70650,0.9363792118010483,1.0,0.75,0.9363792118010483,1.0,0.75,0.9337457765456111,1.0,0.75
70655,0.8669479898642711,1.0,0.3076923076923077,0.6969179698201176,1.0,0.2692307692307692,1.0,1.0,0.38461538461538464
70685,0.9782917460822231,1.0,1.0,0.6627430629764571,0.5,0.75,0.9963488021549354,1.0,1.0
70713,1.0,1.0,1.0,0.9747429528567877,1.0,1.0,1.0,1.0,1.0
70727,0.7877736340270853,1.0,0.2857142857142857,0.7759944384848245,1.0,0.2857142857142857,0.77990823370192,0.5,0.32142857142857145
70730,0.6131471927654584,1.0,0.5,0.6131471927654584,1.0,0.5,0.8065735963827293,1.0,1.0
70734,1.0,1.0,0.625,1.0,1.0,0.625,1.0,1.0,0.625
70854,1.0,1.0,1.0,1.0,1.0,1.0,1.0,1.0,1.0
70879,1.0,1.0,0.625,1.0,1.0,0.625,1.0,1.0,0.625
70909,0.7315449642824575,1.0,0.3181818181818182,0.8389574121760603,1.0,0.36363636363636365,0.841492960259019,1.0,0.36363636363636365
70984,1.0,1.0,1.0,1.0,1.0,1.0,1.0,1.0,1.0
71133,0.4560429847391163,0.25,0.6666666666666666,0.22141616913382872,0.25,0.3333333333333333,0.4672453576353393,0.3333333333333333,0.6666666666666666
71134,0.8115558478722846,1.0,0.3076923076923077,0.77990823370192,0.5,0.34615384615384615,0.6410457898283654,0.3333333333333333,0.3076923076923077
71138,0.3903800499921017,1.0,0.25,0.19519002499605084,0.3333333333333333,0.25,0.3903800499921017,1.0,0.25
71146,0.8486026589039901,1.0,0.7272727272727273,0.7818048722226502,1.0,0.6363636363636364,0.9216017310213247,1.0,0.8181818181818182
71161,1.0,1.0,0.7692307692307693,1.0,1.0,0.7692307692307693,1.0,1.0,0.7692307692307693
71179,0.32703966649239957,0.5,0.4,0.6661998717660157,1.0,0.6,0.5502528928628452,1.0,0.6
71192,0.9083745556952363,1.0,0.8571428571428571,0.8702958572419258,1.0,0.8571428571428571,0.9083745556952363,1.0,0.8571428571428571
71200,0.510927102244958,1.0,0.4444444444444444,0.5279455476191028,1.0,0.4444444444444444,0.2350455494144854,1.0,0.1111111111111111
71214,0.715696758318853,1.0,0.75,0.6422813708518126,1.0,0.75,0.787702056960637,1.0,0.75
71295,0.0,0.05555555555555555,0.0,0.0,0.027777777777777776,0.0,0.0,0.030303030303030304,0.0
71313,0.6309297535714575,0.5,1.0,0.6309297535714575,0.5,1.0,1.0,1.0,1.0
71338,1.0,1.0,1.0,1.0,1.0,1.0,1.0,1.0,1.0
71343,1.0,1.0,1.0,1.0,1.0,1.0,1.0,1.0,1.0
71409,1.0,1.0,0.625,1.0,1.0,0.625,1.0,1.0,0.625
71410,0.19587129117873783,0.3333333333333333,0.2222222222222222,0.3007943623267188,0.5,0.3333333333333333,0.29657269092363947,0.16666666666666666,0.4444444444444444
71411,1.0,1.0,0.30303030303030304,1.0,1.0,0.30303030303030304,1.0,1.0,0.30303030303030304
71412,0.6129699722429848,1.0,0.5555555555555556,0.6171698734294052,1.0,0.6666666666666666,0.6161719711764038,1.0,0.5555555555555556
71415,1.0,1.0,0.625,1.0,1.0,0.625,1.0,1.0,0.625
71418,0.9216017310213247,1.0,0.4090909090909091,0.7241528458281337,1.0,0.3181818181818182,0.49545888247018083,0.5,0.22727272727272727
71419,1.0,1.0,0.6666666666666666,1.0,1.0,0.6666666666666666,1.0,1.0,0.6666666666666666
71424,1.0,1.0,0.625,1.0,1.0,0.625,1.0,1.0,0.625
71428,1.0,1.0,0.625,1.0,1.0,0.625,1.0,1.0,0.625
71432,0.9216017310213247,1.0,0.3333333333333333,0.8701249883466594,1.0,0.2962962962962963,0.9363792118010483,1.0,0.3333333333333333
71442,0.7653606369886217,1.0,0.6666666666666666,0.9469024295259745,1.0,1.0,0.9674679834891693,1.0,1.0
71466,1.0,1.0,0.625,1.0,1.0,0.625,1.0,1.0,0.625
71533,1.0,1.0,0.625,1.0,1.0,0.625,1.0,1.0,0.625
71597,1.0,1.0,1.0,1.0,1.0,1.0,1.0,1.0,1.0
71600,0.8523720832560094,1.0,0.875,0.8659094436352842,1.0,0.875,0.7942857986113381,1.0,0.75
71608,1.0,1.0,0.625,1.0,1.0,0.625,1.0,1.0,0.625
71620,0.9337457765456111,1.0,0.25,0.9337457765456111,1.0,0.25,0.92663607790064,1.0,0.25
71749,0.5857421563596759,1.0,0.42857142857142855,0.6684881776649959,1.0,0.5714285714285714,0.5857421563596759,1.0,0.42857142857142855
71760,1.0,1.0,1.0,1.0,1.0,1.0,1.0,1.0,1.0
71761,1.0,1.0,1.0,1.0,1.0,1.0,1.0,1.0,1.0
71766,0.3333333333333333,0.14285714285714285,1.0,0.6309297535714575,0.5,1.0,1.0,1.0,1.0
71768,0.6835381846158709,1.0,0.42857142857142855,0.5708588662113935,0.5,0.42857142857142855,0.9148568823583791,1.0,0.6428571428571429
71769,0.92663607790064,1.0,0.6,0.9337457765456111,1.0,0.6,0.9363792118010483,1.0,0.6
71781,0.7917063341896683,1.0,0.6666666666666666,0.8512360941594275,1.0,0.6666666666666666,0.6898286563534622,1.0,0.5
71782,0.9337457765456111,1.0,0.6923076923076923,0.9363792118010483,1.0,0.6923076923076923,0.92663607790064,1.0,0.6923076923076923
71784,0.29096343487431736,0.2,0.42857142857142855,0.3557092775816186,0.16666666666666666,0.5714285714285714,0.5857421563596759,1.0,0.42857142857142855
71785,0.8550956239938449,1.0,0.7777777777777778,0.9258513847149256,1.0,0.8888888888888888,0.8550956239938449,1.0,0.7777777777777778
71898,1.0,1.0,0.8333333333333334,1.0,1.0,0.8333333333333334,1.0,1.0,0.8333333333333334
71901,1.0,1.0,1.0,1.0,1.0,1.0,1.0,1.0,1.0
71938,1.0,1.0,0.29411764705882354,1.0,1.0,0.29411764705882354,1.0,1.0,0.29411764705882354
71942,1.0,1.0,0.625,1.0,1.0,0.625,1.0,1.0,0.625
71946,1.0,1.0,0.6666666666666666,1.0,1.0,0.6666666666666666,1.0,1.0,0.6666666666666666
71949,0.3967293407545449,1.0,0.3333333333333333,0.21905299129122976,0.5,0.2222222222222222,0.39391698095175504,1.0,0.3333333333333333
71957,0.7827141072039429,1.0,1.0,0.8036070421010475,1.0,1.0,0.8207149601443599,1.0,1.0
72006,1.0,1.0,0.625,1.0,1.0,0.625,1.0,1.0,0.625
72145,0.4323181322709948,1.0,0.21428571428571427,0.5103515512676449,1.0,0.2857142857142857,0.5837154733670049,1.0,0.35714285714285715
72150,0.46927872602275644,1.0,0.3333333333333333,0.46927872602275644,1.0,0.3333333333333333,0.46927872602275644,1.0,0.3333333333333333
72191,1.0,1.0,0.625,1.0,1.0,0.625,1.0,1.0,0.625
72253,1.0,1.0,1.0,1.0,1.0,1.0,1.0,1.0,1.0
72258,1.0,1.0,0.625,1.0,1.0,0.625,1.0,1.0,0.625
72278,0.9337457765456111,1.0,0.8181818181818182,0.741670249010153,1.0,0.6363636363636364,0.9148568823583791,1.0,0.8181818181818182
72433,0.9709286432396583,1.0,1.0,0.9709286432396583,1.0,1.0,0.9828920819566879,1.0,1.0
72567,0.8458581824477313,1.0,0.8571428571428571,0.9414514339412945,1.0,1.0,0.9103499485143787,1.0,1.0
72570,0.8932076516505887,1.0,0.8571428571428571,0.8104616303452686,1.0,0.7142857142857143,0.6026508139946835,0.3333333333333333,0.8571428571428571
72576,0.22400556151517556,0.5,0.16666666666666666,0.13886244387355456,0.5,0.08333333333333333,0.22082856303278733,0.2,0.25
72599,0.640591412903011,1.0,0.375,0.6531466953037822,1.0,0.375,0.7951657524814092,1.0,0.5
72640,1.0,1.0,0.625,1.0,1.0,0.625,1.0,1.0,0.625
72641,1.0,1.0,1.0,1.0,1.0,1.0,1.0,1.0,1.0
72723,0.7222954974312067,1.0,0.5454545454545454,0.7791714369672128,1.0,0.6363636363636364,0.8572048559638626,1.0,0.7272727272727273
72768,0.6131471927654584,1.0,0.5,0.7903864795495061,1.0,1.0,0.6131471927654584,1.0,0.5
72832,1.0,1.0,0.4,0.9363792118010483,1.0,0.36,0.9305687780632229,1.0,0.36
72898,0.685119869332369,0.5,0.8,0.7162874455029682,0.5,0.8,0.9363792118010483,1.0,0.9
72958,0.7967610662472993,1.0,0.4666666666666667,0.7655934900767002,1.0,0.4666666666666667,0.8572048559638626,1.0,0.5333333333333333
72968,1.0,1.0,0.625,1.0,1.0,0.625,1.0,1.0,0.625
73005,1.0,1.0,1.0,1.0,1.0,1.0,1.0,1.0,1.0
73013,0.6934264036172708,0.5,1.0,0.6934264036172708,0.5,1.0,1.0,1.0,1.0
73169,0.8315546295836225,1.0,1.0,0.8175295903539445,1.0,1.0,0.8315546295836225,1.0,1.0
73270,0.6701421017823512,1.0,0.5555555555555556,0.6804426793756726,1.0,0.5555555555555556,0.6701421017823512,1.0,0.5555555555555556
73315,0.5014839712467825,1.0,0.5,0.5203978935105924,1.0,0.5,0.40871634619071356,0.5,0.5
73375,1.0,1.0,0.625,1.0,1.0,0.625,1.0,1.0,0.625
73419,1.0,1.0,1.0,0.9337457765456111,1.0,0.9,1.0,1.0,1.0
73508,0.49820370960044086,0.5,0.75,0.36331756126716835,0.3333333333333333,0.5,0.2856436410275446,0.25,0.5
73533,0.9052116356304495,1.0,0.47368421052631576,0.8200685179888284,1.0,0.42105263157894735,0.8611375561264456,1.0,0.47368421052631576
73570,1.0,1.0,0.7142857142857143,1.0,1.0,0.7142857142857143,1.0,1.0,0.7142857142857143
73579,1.0,1.0,0.625,1.0,1.0,0.625,1.0,1.0,0.625
73590,1.0,1.0,0.7142857142857143,1.0,1.0,0.7142857142857143,1.0,1.0,0.7142857142857143
73605,0.6870165078530993,1.0,0.2727272727272727,0.7605591431973849,1.0,0.3181818181818182,0.5766692999492191,0.5,0.2727272727272727
73638,1.0,1.0,0.625,1.0,1.0,0.625,1.0,1.0,0.625
73837,1.0,1.0,0.9090909090909091,1.0,1.0,0.9090909090909091,0.8669479898642711,1.0,0.7272727272727273
73847,1.0,1.0,1.0,0.9325210919548239,1.0,1.0,1.0,1.0,1.0
73902,0.9933222998814618,1.0,1.0,0.9202054614375518,1.0,0.875,0.9933222998814618,1.0,1.0
73974,1.0,1.0,1.0,1.0,1.0,1.0,1.0,1.0,1.0
73997,0.8318724637288826,1.0,0.75,0.8318724637288826,1.0,0.75,0.75369761125927,1.0,0.75
74012,0.5724626779088695,1.0,0.6,0.4371994911049732,1.0,0.4,0.48522855511632257,1.0,0.4
74067,0.8318724637288826,1.0,0.75,0.8318724637288826,1.0,0.75,0.7541985434892589,1.0,0.75
74129,0.4710361549625274,0.5,0.38461538461538464,0.4105719800676482,0.3333333333333333,0.38461538461538464,0.747935059673333,1.0,0.5384615384615384
74153,1.0,1.0,0.5882352941176471,1.0,1.0,0.5882352941176471,1.0,1.0,0.5882352941176471
74179,0.599976751690748,0.5,0.5833333333333334,0.575073986183329,0.5,0.5833333333333334,0.8006937664098821,1.0,0.5833333333333334
74268,0.92663607790064,1.0,0.32142857142857145,0.9305687780632229,1.0,0.32142857142857145,0.9148568823583791,1.0,0.32142857142857145
74300,1.0,1.0,0.8333333333333334,1.0,1.0,0.8333333333333334,1.0,1.0,0.8333333333333334
74324,1.0,1.0,0.3125,1.0,1.0,0.3125,0.793584067764911,1.0,0.21875
74354,1.0,1.0,0.8333333333333334,1.0,1.0,0.8333333333333334,1.0,1.0,0.8333333333333334
74394,1.0,1.0,0.625,1.0,1.0,0.625,1.0,1.0,0.625
74513,0.9363792118010483,1.0,0.9,0.9337457765456111,1.0,0.9,0.9216017310213247,1.0,0.9
74566,0.5912352048230277,0.5,1.0,0.39564672360221187,0.16666666666666666,1.0,0.2640681225725909,0.25,0.5
74702,0.8486026589039901,1.0,0.6153846153846154,0.8643145546088339,1.0,0.6153846153846154,0.9052116356304495,1.0,0.6923076923076923
74809,1.0,1.0,0.47619047619047616,1.0,1.0,0.47619047619047616,1.0,1.0,0.47619047619047616
74819,0.5012658353418871,0.25,1.0,0.39780880120575696,0.14285714285714285,1.0,0.9197207891481876,1.0,1.0
74919,1.0,1.0,0.6666666666666666,1.0,1.0,0.6666666666666666,1.0,1.0,0.6666666666666666
74920,0.8701249883466594,1.0,0.6666666666666666,0.9363792118010483,1.0,0.75,0.8701249883466594,1.0,0.6666666666666666
74963,0.42520843362602384,1.0,0.15789473684210525,0.5621931439243355,1.0,0.2631578947368421,0.5483327772244703,1.0,0.2631578947368421
74970,0.7720911544214064,1.0,1.0,0.7720911544214064,1.0,1.0,0.7720911544214064,1.0,1.0
75017,0.92663607790064,1.0,0.45,1.0,1.0,0.5,0.45374257454118555,1.0,0.15
75022,0.6154062275862391,1.0,0.6,0.6816604510406282,1.0,0.7,0.45841207143847545,0.5,0.5
75039,0.7778721720600673,1.0,0.5833333333333334,0.7191184989488185,1.0,0.5833333333333334,0.7104770117651427,0.5,0.6666666666666666
75112,0.6713860725233041,1.0,0.6666666666666666,0.812653045383133,1.0,1.0,0.86034433104172,1.0,1.0
75130,1.0,1.0,0.3448275862068966,1.0,1.0,0.3448275862068966,1.0,1.0,0.3448275862068966
75132,1.0,1.0,0.625,1.0,1.0,0.625,1.0,1.0,0.625
75156,0.8263333286520084,1.0,0.7272727272727273,0.7467045958894682,1.0,0.6363636363636364,0.8630152897016883,1.0,0.7272727272727273
75193,1.0,1.0,0.6666666666666666,1.0,1.0,0.6666666666666666,1.0,1.0,0.6666666666666666
75324,0.9363792118010483,1.0,0.2727272727272727,0.8415908474314977,1.0,0.24242424242424243,0.8205228949141828,1.0,0.24242424242424243
75362,1.0,1.0,0.625,1.0,1.0,0.625,1.0,1.0,0.625
75408,0.9165542635924873,1.0,1.0,0.9135277613190136,1.0,1.0,0.9135277613190136,1.0,1.0
75411,1.0,1.0,0.9090909090909091,1.0,1.0,0.9090909090909091,1.0,1.0,0.9090909090909091
75471,1.0,1.0,1.0,1.0,1.0,1.0,1.0,1.0,1.0
75473,0.31546487678572877,0.125,1.0,0.5,0.3333333333333333,1.0,0.38685280723454163,0.2,1.0
75475,1.0,1.0,0.625,1.0,1.0,0.625,1.0,1.0,0.625
75478,0.88995411685096,1.0,0.6923076923076923,0.9216017310213247,1.0,0.6923076923076923,0.7534494445524139,1.0,0.5384615384615384
75479,0.7846170207230131,1.0,0.5833333333333334,0.8482378089219648,1.0,0.6666666666666666,0.7624164915943119,1.0,0.5833333333333334
75521,0.9441592263400607,1.0,1.0,0.9099466049873366,1.0,1.0,0.7982650576674577,0.5,1.0
75524,1.0,1.0,0.7142857142857143,1.0,1.0,0.7142857142857143,1.0,1.0,0.7142857142857143
75569,0.3391602052736161,1.0,0.2,0.3391602052736161,1.0,0.2,0.3391602052736161,1.0,0.2
75578,0.9292442392789195,1.0,0.8888888888888888,0.9292442392789195,1.0,0.8888888888888888,0.9292442392789195,1.0,0.8888888888888888
75595,1.0,1.0,0.3125,1.0,1.0,0.3125,0.9052116356304495,1.0,0.28125
75698,1.0,1.0,1.0,1.0,1.0,1.0,1.0,1.0,1.0
75843,1.0,1.0,1.0,1.0,1.0,1.0,1.0,1.0,1.0
75986,0.0,0.041666666666666664,0.0,0.38685280723454163,0.2,1.0,0.0,0.02857142857142857,0.0
76010,0.7315449642824575,1.0,0.2413793103448276,0.6698623505528799,0.5,0.27586206896551724,0.685119869332369,0.5,0.27586206896551724
76014,1.0,1.0,0.5882352941176471,0.88995411685096,1.0,0.5294117647058824,1.0,1.0,0.5882352941176471
76023,0.8318724637288826,1.0,0.75,0.8318724637288826,1.0,0.75,0.8318724637288826,1.0,0.75
76028,1.0,1.0,0.5263157894736842,1.0,1.0,0.5263157894736842,1.0,1.0,0.5263157894736842
76029,0.6489315753318466,1.0,0.45454545454545453,0.627507133061656,1.0,0.45454545454545453,0.727329844310522,1.0,0.5454545454545454
76031,0.9708923176105698,1.0,1.0,0.9708923176105698,1.0,1.0,0.9818483242455303,1.0,1.0
76178,0.0,0.08333333333333333,0.0,0.0,0.06666666666666667,0.0,0.2890648263178879,0.1,1.0
76179,0.8539316501572937,1.0,0.8,0.8539316501572937,1.0,0.8,0.8687949224876582,1.0,0.8
76181,1.0,1.0,0.625,1.0,1.0,0.625,1.0,1.0,0.625
76183,0.0,0.09090909090909091,0.0,0.18457569677956817,0.1111111111111111,0.5,0.17723928678404774,0.1,0.5
76185,0.4892835987503299,0.3333333333333333,0.6,0.5925846332364245,1.0,0.6,0.447734522612947,0.5,0.5
76193,0.42495990177520937,0.125,1.0,0.47084972088011423,0.2,1.0,0.4716276524567204,0.16666666666666666,1.0
76214,0.6177639991612476,1.0,0.5,0.5022037311331264,0.5,0.5,0.6840182226156366,1.0,0.6
76269,0.9363792118010483,1.0,0.6428571428571429,1.0,1.0,0.7142857142857143,1.0,1.0,0.7142857142857143
76299,0.92663607790064,1.0,0.2571428571428571,0.9305687780632229,1.0,0.2571428571428571,0.9305687780632229,1.0,0.2571428571428571
76300,0.9216017310213247,1.0,0.32142857142857145,0.9363792118010483,1.0,0.32142857142857145,1.0,1.0,0.35714285714285715
76335,0.7713707099946514,1.0,0.6666666666666666,0.7767471075223498,1.0,0.6666666666666666,0.7713707099946514,1.0,0.6666666666666666
76344,0.38685280723454163,0.5,0.5,0.38685280723454163,0.5,0.5,0.38685280723454163,0.5,0.5
76348,0.9963488021549354,1.0,1.0,0.9933222998814618,1.0,1.0,1.0,1.0,1.0
76363,0.7065443116025598,0.5,0.7272727272727273,0.685119869332369,0.5,0.7272727272727273,0.7503359712972109,1.0,0.6363636363636364
76919,0.6754160255557639,1.0,0.3157894736842105,0.6620158551732018,1.0,0.3157894736842105,0.39401519638101345,0.25,0.2631578947368421
76961,1.0,1.0,0.625,1.0,1.0,0.625,1.0,1.0,0.625
77039,1.0,1.0,0.8333333333333334,1.0,1.0,0.8333333333333334,1.0,1.0,0.8333333333333334
77083,1.0,1.0,0.2857142857142857,1.0,1.0,0.2857142857142857,1.0,1.0,0.2857142857142857
77090,0.841492960259019,1.0,0.7272727272727273,0.8572048559638626,1.0,0.7272727272727273,0.7682269253321375,1.0,0.6363636363636364
77165,0.5727555047321238,1.0,0.25,0.8389574121760603,1.0,0.4,0.7605591431973849,1.0,0.35
77168,1.0,1.0,1.0,1.0,1.0,1.0,1.0,1.0,1.0
77306,0.7909506325094736,1.0,0.7,0.793584067764911,1.0,0.7,0.7909506325094736,1.0,0.7
77307,0.8187245042096152,1.0,0.8571428571428571,0.7392674247768478,1.0,0.7142857142857143,0.7837042816946692,1.0,0.7142857142857143
77322,1.0,1.0,0.7142857142857143,1.0,1.0,0.7142857142857143,1.0,1.0,0.7142857142857143
77327,0.8710785440003369,1.0,1.0,0.8710785440003369,1.0,1.0,0.9134015924715543,1.0,1.0
77336,0.3391602052736161,1.0,0.2,0.3391602052736161,1.0,0.2,0.3391602052736161,1.0,0.2
77337,1.0,1.0,0.6666666666666666,0.9337457765456111,1.0,0.6,0.9337457765456111,1.0,0.6
77347,0.7885497208855957,1.0,0.4375,0.8603818544462509,1.0,0.5,0.8553475075669357,1.0,0.5
77362,1.0,1.0,0.625,1.0,1.0,0.625,1.0,1.0,0.625
77368,0.88995411685096,1.0,0.6923076923076923,0.7877736340270853,1.0,0.6153846153846154,0.9052116356304495,1.0,0.6923076923076923
77403,0.9337457765456111,1.0,0.45,0.713654010247531,0.5,0.4,0.9216017310213247,1.0,0.45
77406,1.0,1.0,0.625,1.0,1.0,0.625,1.0,1.0,0.625
77409,0.7227265726449519,1.0,0.6,0.8207658584763088,1.0,0.8,0.7227265726449519,1.0,0.6
77420,1.0,1.0,1.0,1.0,1.0,1.0,1.0,1.0,1.0
77436,0.6429235234036081,0.5,0.3684210526315789,0.7015099647232446,0.5,0.42105263157894735,0.741670249010153,1.0,0.3684210526315789
77437,0.8701249883466594,1.0,0.47058823529411764,0.9363792118010483,1.0,0.5294117647058824,0.8643145546088339,1.0,0.47058823529411764
77507,1.0,1.0,1.0,1.0,1.0,1.0,1.0,1.0,1.0
77508,0.5637884576902257,1.0,0.3076923076923077,0.6300426811446147,1.0,0.38461538461538464,0.6086182388744241,1.0,0.38461538461538464
77511,0.558226059985166,0.3333333333333333,1.0,0.46927872602275644,1.0,0.3333333333333333,0.5267175784514114,0.3333333333333333,1.0
77512,0.7375728492866022,1.0,0.6666666666666666,0.685819076903371,1.0,0.5555555555555556,0.7599676921884454,1.0,0.6666666666666666
77515,1.0,1.0,0.8333333333333334,1.0,1.0,0.8333333333333334,1.0,1.0,0.8333333333333334
77519,1.0,1.0,0.625,1.0,1.0,0.625,1.0,1.0,0.625
77529,0.9337457765456111,1.0,0.6428571428571429,0.9337457765456111,1.0,0.6428571428571429,1.0,1.0,0.7142857142857143
77533,1.0,1.0,0.6666666666666666,1.0,1.0,0.6666666666666666,1.0,1.0,0.6666666666666666
77537,1.0,1.0,0.6666666666666666,1.0,1.0,0.6666666666666666,1.0,1.0,0.6666666666666666
77542,0.77990823370192,0.5,0.6,0.77990823370192,0.5,0.6,0.77990823370192,0.5,0.6
77552,0.793584067764911,1.0,0.6363636363636364,0.7967610662472993,1.0,0.6363636363636364,0.8006937664098821,1.0,0.6363636363636364
77555,1.0,1.0,0.625,1.0,1.0,0.625,1.0,1.0,0.625
77559,1.0,1.0,0.6666666666666666,1.0,1.0,0.6666666666666666,1.0,1.0,0.6666666666666666
77564,1.0,1.0,0.6666666666666666,1.0,1.0,0.6666666666666666,1.0,1.0,0.6666666666666666
77565,0.9148568823583791,1.0,0.2727272727272727,1.0,1.0,0.30303030303030304,0.8512360941594275,1.0,0.24242424242424243
77568,0.9363792118010483,1.0,0.8181818181818182,0.92663607790064,1.0,0.8181818181818182,0.9363792118010483,1.0,0.8181818181818182
77569,1.0,1.0,0.625,1.0,1.0,0.625,1.0,1.0,0.625
77571,1.0,1.0,0.7142857142857143,1.0,1.0,0.7142857142857143,1.0,1.0,0.7142857142857143
77572,0.8701249883466594,1.0,0.8,0.9305687780632229,1.0,0.9,1.0,1.0,1.0
77573,1.0,1.0,1.0,1.0,1.0,1.0,1.0,1.0,1.0
77577,0.6509209298071326,0.5,1.0,0.6934264036172708,0.5,1.0,0.38685280723454163,0.5,0.5
77593,0.841492960259019,1.0,0.5333333333333333,0.7791714369672128,1.0,0.4666666666666667,0.9337457765456111,1.0,0.6
77615,0.5933607200949347,1.0,0.17857142857142858,0.5933607200949347,1.0,0.17857142857142858,0.6840182226156366,1.0,0.21428571428571427
77640,0.9828920819566879,1.0,1.0,0.9267582364714125,1.0,1.0,1.0,1.0,1.0
77649,0.7975167679274939,1.0,0.8,0.7975167679274939,1.0,0.8,0.7975167679274939,1.0,0.8
77651,0.6046855387118413,1.0,0.45454545454545453,0.7534494445524139,1.0,0.6363636363636364,0.7859162856301584,1.0,0.6363636363636364
77663,1.0,1.0,0.625,1.0,1.0,0.625,1.0,1.0,0.625
77665,1.0,1.0,0.6666666666666666,1.0,1.0,0.6666666666666666,1.0,1.0,0.6666666666666666
77668,0.9643632283499571,1.0,1.0,0.9683310355387569,1.0,1.0,0.9731203984025376,1.0,1.0
77671,0.9052116356304495,1.0,0.75,0.9052116356304495,1.0,0.75,0.9052116356304495,1.0,0.75
77763,0.7151857987862358,1.0,0.5,0.8643145546088339,1.0,0.6666666666666666,0.791726719367984,1.0,0.5833333333333334
77773,0.31546487678572877,0.125,1.0,0.3010299956639812,0.1111111111111111,1.0,0.43067655807339306,0.25,1.0
77784,0.8740803371737863,1.0,0.875,0.779777442118739,1.0,0.75,0.9502236778911698,1.0,1.0
77797,0.7166492644739908,1.0,0.625,0.8030980752812937,1.0,0.75,0.8111564709904158,1.0,0.75
77800,0.3903800499921017,1.0,0.25,0.15101961822780524,0.2,0.25,0.19519002499605084,0.3333333333333333,0.25
77805,0.8611375561264456,1.0,0.6428571428571429,0.88995411685096,1.0,0.6428571428571429,0.9363792118010483,1.0,0.6428571428571429
77811,1.0,1.0,0.7692307692307693,1.0,1.0,0.7692307692307693,1.0,1.0,0.7692307692307693
77823,0.8701249883466594,1.0,0.22857142857142856,0.9337457765456111,1.0,0.2571428571428571,1.0,1.0,0.2857142857142857
77824,0.7467045958894682,1.0,0.5833333333333334,0.7720617383222419,1.0,0.5833333333333334,0.6871952210980249,1.0,0.5
77826,1.0,1.0,1.0,0.6309297535714575,0.5,1.0,0.6309297535714575,0.5,1.0
77829,0.7967610662472993,1.0,0.5384615384615384,0.77523873680463,1.0,0.5384615384615384,1.0,1.0,0.7692307692307693
77831,1.0,1.0,0.29411764705882354,1.0,1.0,0.29411764705882354,1.0,1.0,0.29411764705882354
77832,0.9842184869190973,1.0,1.0,0.9937947856332163,1.0,1.0,0.9937947856332163,1.0,1.0
77866,0.2258169302025588,0.16666666666666666,0.3333333333333333,0.1175227747072427,0.3333333333333333,0.1111111111111111,0.20845080532622157,0.3333333333333333,0.2222222222222222
77867,1.0,1.0,0.625,1.0,1.0,0.625,1.0,1.0,0.625
77868,1.0,1.0,0.4,1.0,1.0,0.4,1.0,1.0,0.4
77869,0.9363792118010483,1.0,0.8181818181818182,1.0,1.0,0.9090909090909091,0.8701249883466594,1.0,0.7272727272727273
77887,0.9447176050778178,1.0,1.0,0.9493885684853097,1.0,1.0,0.6271823208439088,0.3333333333333333,1.0
77888,0.7885497208855957,1.0,0.5384615384615384,0.8521705090845474,1.0,0.6153846153846154,0.8701249883466594,1.0,0.6153846153846154
77954,0.3543334123470583,1.0,0.2857142857142857,0.23535109180711325,0.3333333333333333,0.2857142857142857,0.27487633291429087,1.0,0.14285714285714285
77955,1.0,1.0,1.0,1.0,1.0,1.0,1.0,1.0,1.0
77974,1.0,1.0,1.0,1.0,1.0,1.0,1.0,1.0,1.0
77989,0.5271064966405457,1.0,0.25,0.6929852696575346,1.0,0.4375,0.6122496142821666,1.0,0.3125
78019,0.9337457765456111,1.0,0.8181818181818182,0.9337457765456111,1.0,0.8181818181818182,1.0,1.0,0.9090909090909091
78023,1.0,1.0,0.625,1.0,1.0,0.625,1.0,1.0,0.625
78034,0.2826335043946801,0.3333333333333333,0.4,0.3571610374319355,0.25,0.6,0.8549453387073992,1.0,1.0
78074,1.0,1.0,0.6666666666666666,1.0,1.0,0.6666666666666666,1.0,1.0,0.6666666666666666
78076,1.0,1.0,1.0,1.0,1.0,1.0,1.0,1.0,1.0
78083,0.6389751319299919,0.25,1.0,0.5681128288016104,0.3333333333333333,0.8333333333333334,0.6635732618910778,0.3333333333333333,1.0
78084,1.0,1.0,0.6666666666666666,1.0,1.0,0.6666666666666666,1.0,1.0,0.6666666666666666
78085,0.8189080569732083,1.0,0.75,0.9017290978091301,1.0,0.875,0.9782917460822231,1.0,1.0
78086,0.7849818707050383,1.0,0.6363636363636364,0.7778721720600673,1.0,0.6363636363636364,0.7720617383222419,1.0,0.6363636363636364
78089,1.0,1.0,0.625,1.0,1.0,0.625,1.0,1.0,0.625
78090,0.0,0.05263157894736842,0.0,0.0,0.047619047619047616,0.0,0.3010299956639812,0.1111111111111111,1.0
78091,0.9337457765456111,1.0,0.6428571428571429,0.9363792118010483,1.0,0.6428571428571429,1.0,1.0,0.7142857142857143
78168,0.92663607790064,1.0,0.5625,0.9216017310213247,1.0,0.5625,0.9337457765456111,1.0,0.5625
78183,1.0,1.0,0.7142857142857143,0.9148568823583791,1.0,0.6428571428571429,0.9363792118010483,1.0,0.6428571428571429
78267,1.0,1.0,0.6666666666666666,1.0,1.0,0.6666666666666666,1.0,1.0,0.6666666666666666
78268,0.3157774392560288,0.3333333333333333,0.42857142857142855,0.27625219814885116,0.16666666666666666,0.42857142857142855,0.2528847364210069,0.5,0.2857142857142857
78302,1.0,1.0,0.4166666666666667,1.0,1.0,0.4166666666666667,1.0,1.0,0.4166666666666667
78317,1.0,1.0,0.30303030303030304,1.0,1.0,0.30303030303030304,1.0,1.0,0.30303030303030304
78320,1.0,1.0,0.3333333333333333,0.9052116356304495,1.0,0.3,0.713654010247531,0.5,0.26666666666666666
78324,1.0,1.0,1.0,1.0,1.0,1.0,1.0,1.0,1.0
78329,0.8357804136936722,1.0,0.5333333333333333,0.8165901947515999,1.0,0.5333333333333333,0.9216017310213247,1.0,0.6
78359,0.9305687780632229,1.0,0.34615384615384615,0.88995411685096,1.0,0.34615384615384615,0.8006937664098821,1.0,0.2692307692307692
78366,0.9504206262110482,1.0,1.0,0.9504206262110482,1.0,1.0,1.0,1.0,1.0
78496,0.9305687780632229,1.0,0.391304347826087,0.7753366239771086,1.0,0.30434782608695654,1.0,1.0,0.43478260869565216
78575,0.841492960259019,1.0,0.3333333333333333,0.8357804136936722,1.0,0.3333333333333333,0.9305687780632229,1.0,0.375
78576,1.0,1.0,0.47619047619047616,1.0,1.0,0.47619047619047616,1.0,1.0,0.47619047619047616
78582,0.369417425616138,0.16666666666666666,0.75,0.23599633571930026,0.125,0.5,0.2638647595767405,0.2,0.5
78585,0.8446905084406404,1.0,0.7777777777777778,0.915446269161721,1.0,0.8888888888888888,0.918839123725715,1.0,0.8888888888888888
78588,0.9337457765456111,1.0,0.9,0.9363792118010483,1.0,0.9,0.8701249883466594,1.0,0.8
78589,0.7526136409516659,1.0,0.6666666666666666,0.6920165406831018,1.0,0.6666666666666666,0.8696762340896294,1.0,0.8333333333333334
78595,1.0,1.0,0.6666666666666666,1.0,1.0,0.6666666666666666,1.0,1.0,0.6666666666666666
78597,1.0,1.0,0.6666666666666666,0.92663607790064,1.0,0.6,0.9052116356304495,1.0,0.6
78598,1.0,1.0,0.7142857142857143,1.0,1.0,0.7142857142857143,1.0,1.0,0.7142857142857143
78604,1.0,1.0,0.625,1.0,1.0,0.625,1.0,1.0,0.625
78608,1.0,1.0,0.625,1.0,1.0,0.625,1.0,1.0,0.625
78618,1.0,1.0,0.625,1.0,1.0,0.625,1.0,1.0,0.625
78627,0.8486026589039901,1.0,0.6666666666666666,0.841492960259019,1.0,0.6666666666666666,0.8482378089219648,1.0,0.6666666666666666
78629,1.0,1.0,0.7142857142857143,1.0,1.0,0.7142857142857143,1.0,1.0,0.7142857142857143
78638,1.0,1.0,1.0,1.0,1.0,1.0,1.0,1.0,1.0
78640,0.8701249883466594,1.0,0.7272727272727273,0.8701249883466594,1.0,0.7272727272727273,0.8701249883466594,1.0,0.7272727272727273
78642,0.9363792118010483,1.0,0.5294117647058824,0.9337457765456111,1.0,0.5294117647058824,0.9337457765456111,1.0,0.5294117647058824
78651,0.5880199086650614,1.0,0.625,0.7542632580348128,1.0,0.875,0.8083971988674072,1.0,0.75
78657,1.0,1.0,0.8333333333333334,0.9363792118010483,1.0,0.75,1.0,1.0,0.8333333333333334
78666,1.0,1.0,1.0,1.0,1.0,1.0,1.0,1.0,1.0
78672,1.0,1.0,0.625,1.0,1.0,0.625,1.0,1.0,0.625
78675,1.0,1.0,0.6666666666666666,1.0,1.0,0.6666666666666666,1.0,1.0,0.6666666666666666
78676,0.9305687780632229,1.0,0.75,0.9337457765456111,1.0,0.75,1.0,1.0,0.8333333333333334
78686,1.0,1.0,0.6666666666666666,1.0,1.0,0.6666666666666666,1.0,1.0,0.6666666666666666
78693,0.842126470715732,1.0,0.7777777777777778,0.6879934754976503,0.5,0.7777777777777778,0.8307234529095261,1.0,0.7777777777777778
78694,0.4441228664487979,0.5,0.6666666666666666,0.18154179253735267,0.2,0.3333333333333333,0.30281242839865,0.16666666666666666,0.6666666666666666
78753,0.8475028682434304,1.0,0.7777777777777778,0.842126470715732,1.0,0.7777777777777778,0.8550956239938449,1.0,0.7777777777777778
78756,1.0,1.0,0.6666666666666666,1.0,1.0,0.6666666666666666,1.0,1.0,0.6666666666666666
78759,0.7039180890341347,1.0,0.6666666666666666,0.7039180890341347,1.0,0.6666666666666666,0.5853898393086269,0.5,1.0
78764,1.0,1.0,0.7142857142857143,0.9337457765456111,1.0,0.6428571428571429,1.0,1.0,0.7142857142857143
78768,0.9337457765456111,1.0,0.375,0.9052116356304495,1.0,0.375,1.0,1.0,0.4166666666666667
78770,1.0,1.0,0.30303030303030304,1.0,1.0,0.30303030303030304,1.0,1.0,0.30303030303030304
78772,0.645449205636615,1.0,0.6666666666666666,0.6508562437134189,1.0,0.6666666666666666,0.489779969021199,0.3333333333333333,0.6666666666666666
78774,0.8486026589039901,1.0,0.42105263157894735,0.8205228949141828,1.0,0.42105263157894735,0.9216017310213247,1.0,0.47368421052631576
78775,0.6934264036172708,0.5,1.0,0.6934264036172708,0.5,1.0,0.6934264036172708,0.5,1.0
78782,1.0,1.0,0.8333333333333334,1.0,1.0,0.8333333333333334,1.0,1.0,0.8333333333333334
78783,1.0,1.0,0.6666666666666666,1.0,1.0,0.6666666666666666,1.0,1.0,0.6666666666666666
78784,1.0,1.0,0.47619047619047616,1.0,1.0,0.47619047619047616,1.0,1.0,0.47619047619047616
78789,1.0,1.0,0.6666666666666666,1.0,1.0,0.6666666666666666,1.0,1.0,0.6666666666666666
78868,0.7573821447149967,1.0,0.5833333333333334,0.6871952210980249,1.0,0.5,0.8364586133797037,1.0,0.6666666666666666
78879,1.0,1.0,0.625,1.0,1.0,0.625,1.0,1.0,0.625
78881,0.41042277291186013,1.0,0.3333333333333333,0.4246914368146614,0.5,0.4444444444444444,0.5587200034820093,1.0,0.4444444444444444
78885,1.0,1.0,1.0,1.0,1.0,1.0,1.0,1.0,1.0
78936,0.8065735963827293,1.0,1.0,0.7977228895450266,1.0,1.0,0.8772153153380493,1.0,1.0
78944,1.0,1.0,0.3125,1.0,1.0,0.3125,1.0,1.0,0.3125
78945,1.0,1.0,0.625,1.0,1.0,0.625,1.0,1.0,0.625
78947,1.0,1.0,0.6666666666666666,1.0,1.0,0.6666666666666666,1.0,1.0,0.6666666666666666
78950,1.0,1.0,0.625,1.0,1.0,0.625,1.0,1.0,0.625
78951,0.9262845298966466,1.0,1.0,0.8498259896365307,1.0,0.8571428571428571,0.8147566970208154,1.0,0.8571428571428571
78955,1.0,1.0,0.7142857142857143,1.0,1.0,0.7142857142857143,1.0,1.0,0.7142857142857143
78960,0.8389574121760603,1.0,0.23529411764705882,1.0,1.0,0.29411764705882354,0.9337457765456111,1.0,0.2647058823529412
78962,1.0,1.0,0.625,1.0,1.0,0.625,1.0,1.0,0.625
79000,1.0,1.0,0.625,1.0,1.0,0.625,1.0,1.0,0.625
79021,1.0,1.0,0.625,1.0,1.0,0.625,1.0,1.0,0.625
79023,0.5965173333990071,1.0,0.5454545454545454,0.6366587127404282,1.0,0.5454545454545454,0.533722528236359,0.5,0.5454545454545454
79040,1.0,1.0,0.2777777777777778,1.0,1.0,0.2777777777777778,1.0,1.0,0.2777777777777778
79042,0.6108377030333358,1.0,0.6,0.7864489426433972,1.0,0.8,0.591176585485452,1.0,0.6
79045,0.92663607790064,1.0,0.75,0.9337457765456111,1.0,0.75,0.9148568823583791,1.0,0.75
79062,0.826813366651774,1.0,0.3076923076923077,0.7093753650484101,1.0,0.2692307692307692,1.0,1.0,0.38461538461538464
79066,0.7909506325094736,1.0,0.6363636363636364,0.7967610662472993,1.0,0.6363636363636364,0.8701249883466594,1.0,0.7272727272727273
79176,0.8603818544462509,1.0,0.6153846153846154,0.8603818544462509,1.0,0.6153846153846154,0.9305687780632229,1.0,0.6923076923076923
79178,1.0,1.0,0.6666666666666666,1.0,1.0,0.6666666666666666,1.0,1.0,0.6666666666666666
79181,1.0,1.0,0.625,1.0,1.0,0.625,1.0,1.0,0.625
79192,0.7818048722226502,1.0,0.22580645161290322,0.7624164915943119,1.0,0.22580645161290322,0.7058075148678529,1.0,0.1935483870967742
79269,0.5779050396291793,1.0,0.6,0.7164850636933813,1.0,0.7,0.7759944384848245,1.0,0.8
79336,1.0,1.0,0.625,1.0,1.0,0.625,1.0,1.0,0.625
79378,1.0,1.0,1.0,1.0,1.0,1.0,1.0,1.0,1.0
79413,1.0,1.0,0.7142857142857143,1.0,1.0,0.7142857142857143,1.0,1.0,0.7142857142857143
79423,1.0,1.0,1.0,1.0,1.0,1.0,1.0,1.0,1.0
79425,1.0,1.0,1.0,1.0,1.0,1.0,1.0,1.0,1.0
79430,1.0,1.0,0.625,1.0,1.0,0.625,1.0,1.0,0.625
79684,0.77990823370192,0.5,0.6923076923076923,0.77990823370192,0.5,0.6923076923076923,0.8611375561264456,1.0,0.6923076923076923
79705,0.8357804136936722,1.0,0.6666666666666666,0.7753366239771086,1.0,0.5833333333333334,0.8415908474314977,1.0,0.6666666666666666
79767,1.0,1.0,1.0,0.9325210919548239,1.0,1.0,0.9325210919548239,1.0,1.0
79815,0.7791714369672128,1.0,0.5384615384615384,0.5836175861945263,1.0,0.38461538461538464,0.7655934900767002,1.0,0.5384615384615384
79833,0.7630946912803437,1.0,0.2692307692307692,0.7264127302306637,1.0,0.2692307692307692,0.7630946912803437,1.0,0.2692307692307692
79837,1.0,1.0,1.0,1.0,1.0,1.0,1.0,1.0,1.0
79840,0.7149394488115769,1.0,0.6666666666666666,0.8829374068620366,1.0,0.8333333333333334,0.8486987932505933,1.0,0.8333333333333334
79857,0.4478509691918938,0.5,0.6,0.21398626473452756,0.5,0.2,0.6164336326286644,1.0,0.6
79858,0.9305687780632229,1.0,0.32142857142857145,1.0,1.0,0.35714285714285715,0.8357804136936722,1.0,0.2857142857142857
79879,1.0,1.0,0.625,1.0,1.0,0.625,1.0,1.0,0.625
79880,0.9930783166417602,1.0,1.0,1.0,1.0,1.0,1.0,1.0,1.0
79881,1.0,1.0,0.625,1.0,1.0,0.625,1.0,1.0,0.625
79885,0.3065735963827292,0.3333333333333333,0.5,0.38685280723454163,0.5,0.5,0.18457569677956817,0.1111111111111111,0.5
79887,0.6200500745793595,0.5,0.6666666666666666,0.6000686603120362,0.5,0.6666666666666666,0.6200500745793595,0.5,0.6666666666666666
79892,1.0,1.0,0.9090909090909091,0.9363792118010483,1.0,0.8181818181818182,0.8611375561264456,1.0,0.8181818181818182
79897,1.0,1.0,0.7142857142857143,1.0,1.0,0.7142857142857143,1.0,1.0,0.7142857142857143
79902,1.0,1.0,0.8333333333333334,1.0,1.0,0.8333333333333334,1.0,1.0,0.8333333333333334
79904,1.0,1.0,0.3333333333333333,1.0,1.0,0.3333333333333333,1.0,1.0,0.3333333333333333
79905,0.92663607790064,1.0,0.6923076923076923,0.9216017310213247,1.0,0.6923076923076923,0.9337457765456111,1.0,0.6923076923076923
79913,0.9337457765456111,1.0,0.6428571428571429,0.92663607790064,1.0,0.6428571428571429,0.8630152897016883,1.0,0.5714285714285714
79916,1.0,1.0,0.6666666666666666,1.0,1.0,0.6666666666666666,1.0,1.0,0.6666666666666666
79942,1.0,1.0,0.625,1.0,1.0,0.625,1.0,1.0,0.625
79943,1.0,1.0,1.0,0.9325210919548239,1.0,1.0,0.0,0.08333333333333333,0.0
79946,1.0,1.0,0.6666666666666666,1.0,1.0,0.6666666666666666,1.0,1.0,0.6666666666666666
79952,0.38121301394452073,1.0,0.2857142857142857,0.43647990606779624,0.3333333333333333,0.5714285714285714,0.27487633291429087,1.0,0.14285714285714285
80011,0.92663607790064,1.0,0.34615384615384615,0.9363792118010483,1.0,0.34615384615384615,0.9305687780632229,1.0,0.34615384615384615
80046,1.0,1.0,0.7142857142857143,1.0,1.0,0.7142857142857143,1.0,1.0,0.7142857142857143
80092,1.0,1.0,0.625,1.0,1.0,0.625,1.0,1.0,0.625
80093,1.0,1.0,0.6666666666666666,1.0,1.0,0.6666666666666666,1.0,1.0,0.6666666666666666
80096,0.9337457765456111,1.0,0.75,0.9305687780632229,1.0,0.75,0.88995411685096,1.0,0.75
80100,1.0,1.0,0.625,1.0,1.0,0.625,1.0,1.0,0.625
80372,1.0,1.0,0.625,1.0,1.0,0.625,1.0,1.0,0.625
80388,0.6141069626790936,1.0,0.2222222222222222,0.826813366651774,1.0,0.2962962962962963,0.6812060741152738,1.0,0.25925925925925924
80390,1.0,1.0,0.5882352941176471,1.0,1.0,0.5882352941176471,1.0,1.0,0.5882352941176471
80396,0.5847192329112589,0.5,0.7,0.741670249010153,1.0,0.7,0.7100226348397881,1.0,0.7
80397,0.9397911964740513,1.0,1.0,0.8829374068620366,1.0,0.8333333333333334,0.9796825595768973,1.0,1.0
80402,0.92663607790064,1.0,0.3103448275862069,0.92663607790064,1.0,0.3103448275862069,0.88995411685096,1.0,0.3103448275862069
80403,1.0,1.0,0.625,1.0,1.0,0.625,1.0,1.0,0.625
80413,1.0,1.0,0.625,1.0,1.0,0.625,1.0,1.0,0.625
80418,0.8643145546088339,1.0,0.7272727272727273,0.857980942822373,1.0,0.7272727272727273,0.8701249883466594,1.0,0.7272727272727273
80419,0.8389574121760603,1.0,0.26666666666666666,1.0,1.0,0.3333333333333333,0.9363792118010483,1.0,0.3
80433,0.48331483694589455,0.5,0.2631578947368421,0.27426546945536817,0.3333333333333333,0.15789473684210525,0.533722528236359,0.5,0.3157894736842105
80434,1.0,1.0,1.0,1.0,1.0,1.0,1.0,1.0,1.0
80442,1.0,1.0,0.625,1.0,1.0,0.625,1.0,1.0,0.625
80511,1.0,1.0,0.625,1.0,1.0,0.625,1.0,1.0,0.625
80517,0.9060254355346823,1.0,1.0,0.9674679834891693,1.0,1.0,1.0,1.0,1.0
80532,1.0,1.0,0.5,1.0,1.0,0.5,1.0,1.0,0.5
80548,0.8048109992093391,1.0,0.5714285714285714,0.8318477135310892,1.0,0.5714285714285714,0.7663491917568949,1.0,0.5714285714285714
80549,1.0,1.0,0.625,1.0,1.0,0.625,1.0,1.0,0.625
80550,0.7421246259355073,1.0,0.7,0.62851089260591,0.5,0.7,0.8115558478722846,1.0,0.8
80554,1.0,1.0,0.6666666666666666,1.0,1.0,0.6666666666666666,1.0,1.0,0.6666666666666666
80558,0.9052116356304495,1.0,0.6,0.9216017310213247,1.0,0.6,0.92663607790064,1.0,0.6
80561,1.0,1.0,1.0,1.0,1.0,1.0,1.0,1.0,1.0
80582,0.39790583709582267,0.2,0.5555555555555556,0.4207859288366277,0.25,0.5555555555555556,0.5229168295935969,0.3333333333333333,0.6666666666666666
80654,0.6311443278613472,0.5,0.7,0.9337457765456111,1.0,0.9,0.841492960259019,1.0,0.8
80668,0.8643145546088339,1.0,0.5,0.8643145546088339,1.0,0.5,0.9363792118010483,1.0,0.5625
80737,0.8389574121760603,1.0,0.7272727272727273,0.8318477135310892,1.0,0.7272727272727273,0.92663607790064,1.0,0.8181818181818182
80744,1.0,1.0,1.0,0.6309297535714575,0.5,1.0,0.3333333333333333,0.14285714285714285,1.0
80745,0.22716217481924805,0.2,0.21428571428571427,0.14876390584057272,0.2,0.14285714285714285,0.2082732806320161,0.16666666666666666,0.21428571428571427
80747,0.45128618090292527,1.0,0.3333333333333333,0.6020941629041775,1.0,0.4444444444444444,0.5282471559907898,1.0,0.4444444444444444
80748,0.8572048559638626,1.0,0.6666666666666666,0.823699893396571,1.0,0.6666666666666666,0.8200685179888284,1.0,0.6666666666666666
80821,1.0,1.0,0.6666666666666666,1.0,1.0,0.6666666666666666,1.0,1.0,0.6666666666666666
80822,0.6131471927654584,1.0,0.5,0.6131471927654584,1.0,0.5,0.6131471927654584,1.0,0.5
80829,1.0,1.0,0.625,1.0,1.0,0.625,1.0,1.0,0.625
80833,0.6410457898283654,0.3333333333333333,0.34782608695652173,0.7975167679274939,1.0,0.34782608695652173,0.77990823370192,0.5,0.391304347826087
80837,0.3391602052736161,1.0,0.2,0.48522855511632257,1.0,0.4,0.5684045686173149,1.0,0.6
80838,0.9337457765456111,1.0,0.45,0.9363792118010483,1.0,0.45,0.8669479898642711,1.0,0.4
80859,0.77990823370192,0.5,0.8181818181818182,0.77990823370192,0.5,0.8181818181818182,0.77990823370192,0.5,0.8181818181818182
80952,1.0,1.0,1.0,1.0,1.0,1.0,1.0,1.0,1.0
80976,0.9363792118010483,1.0,0.45,0.9363792118010483,1.0,0.45,1.0,1.0,0.5
81137,0.8482378089219648,1.0,0.36363636363636365,0.9052116356304495,1.0,0.4090909090909091,1.0,1.0,0.45454545454545453
81139,0.6036081270984909,0.5,0.6363636363636364,0.685119869332369,0.5,0.7272727272727273,0.6154062275862391,1.0,0.5454545454545454
81140,0.9363792118010483,1.0,0.6923076923076923,0.8643145546088339,1.0,0.6153846153846154,1.0,1.0,0.7692307692307693
81141,0.8263333286520084,1.0,0.3333333333333333,0.7791714369672128,1.0,0.2916666666666667,0.8415908474314977,1.0,0.3333333333333333
81146,0.7545912946607471,1.0,0.6666666666666666,0.7246036960084893,1.0,0.6666666666666666,0.7545912946607471,1.0,0.6666666666666666
81188,0.5206178632166883,1.0,0.22727272727272727,0.5900490851534657,1.0,0.2727272727272727,0.8521705090845474,1.0,0.36363636363636365
81193,0.4773810124095342,0.25,0.7142857142857143,0.5955163178801942,0.3333333333333333,0.8571428571428571,0.523193734561916,0.3333333333333333,0.7142857142857143
81197,1.0,1.0,0.625,1.0,1.0,0.625,1.0,1.0,0.625
81264,0.06943122193677728,0.125,0.08333333333333333,0.6293644814585829,1.0,0.5,0.5868924718493931,1.0,0.4166666666666667
81266,0.0,0.041666666666666664,0.0,0.0,0.029411764705882353,0.0,0.0,0.09090909090909091,0.0
81286,1.0,1.0,0.47619047619047616,1.0,1.0,0.47619047619047616,1.0,1.0,0.47619047619047616
81291,0.915446269161721,1.0,0.8888888888888888,0.8475028682434304,1.0,0.7777777777777778,0.9230390249121357,1.0,0.8888888888888888
81307,0.6934264036172708,0.5,1.0,0.6509209298071326,0.5,1.0,1.0,1.0,1.0
81346,1.0,1.0,1.0,1.0,1.0,1.0,1.0,1.0,1.0
81357,1.0,1.0,0.8333333333333334,0.9216017310213247,1.0,0.75,1.0,1.0,0.8333333333333334
81395,1.0,1.0,0.5263157894736842,1.0,1.0,0.5263157894736842,0.9052116356304495,1.0,0.47368421052631576
81444,0.5763233549126812,1.0,0.5,0.6809047493604335,1.0,0.6,0.668306326910793,1.0,0.6
81748,0.9337457765456111,1.0,0.34615384615384615,1.0,1.0,0.38461538461538464,0.9305687780632229,1.0,0.34615384615384615
81825,1.0,1.0,0.625,1.0,1.0,0.625,1.0,1.0,0.625
81826,0.7605591431973849,1.0,0.5833333333333334,0.6843830725976621,1.0,0.5,0.8482378089219648,1.0,0.6666666666666666
81894,0.32584372089811503,0.16666666666666666,0.6,0.21398626473452756,0.5,0.2,0.33134175846661046,0.2,0.6
81947,1.0,1.0,1.0,1.0,1.0,1.0,1.0,1.0,1.0
81969,0.2394408568026152,0.25,0.2,0.5958595188912911,1.0,0.3333333333333333,0.29062463495159,0.5,0.2
81971,1.0,1.0,0.625,1.0,1.0,0.625,1.0,1.0,0.625
81981,0.9911205770005563,1.0,1.0,0.9950883841893561,1.0,1.0,0.9652102434192421,1.0,1.0
81983,0.7510916729774055,1.0,0.6153846153846154,0.88995411685096,1.0,0.6923076923076923,0.857980942822373,1.0,0.6153846153846154
81984,0.6509209298071326,0.5,1.0,0.448643819352159,0.25,1.0,0.6509209298071326,0.5,1.0
81985,0.6533933590057491,0.3333333333333333,1.0,0.6533933590057491,0.3333333333333333,1.0,0.9438661545147249,1.0,1.0
82010,1.0,1.0,0.3225806451612903,1.0,1.0,0.3225806451612903,1.0,1.0,0.3225806451612903
82041,0.0,0.034482758620689655,0.0,0.0,0.058823529411764705,0.0,0.0,0.038461538461538464,0.0
82052,1.0,1.0,0.625,1.0,1.0,0.625,1.0,1.0,0.625
82053,0.5714285040141098,0.5,1.0,0.5249810332008933,0.3333333333333333,1.0,0.17723928678404774,0.1,0.5
82056,0.4899692203633839,0.2,1.0,0.3235866969737877,0.16666666666666666,0.6666666666666666,0.7653606369886217,1.0,0.6666666666666666
82062,1.0,1.0,0.625,1.0,1.0,0.625,1.0,1.0,0.625
82077,0.8772153153380493,1.0,1.0,0.8503449055347546,1.0,1.0,0.8772153153380493,1.0,1.0
82225,0.9216017310213247,1.0,0.6428571428571429,0.92663607790064,1.0,0.6428571428571429,0.9052116356304495,1.0,0.6428571428571429
82226,0.6780494608112013,1.0,0.5454545454545454,0.535254316775064,1.0,0.36363636363636365,0.7222954974312067,1.0,0.5454545454545454
82342,1.0,1.0,0.4166666666666667,1.0,1.0,0.4166666666666667,1.0,1.0,0.4166666666666667
82359,0.544192623472237,1.0,0.6,0.2826335043946801,0.3333333333333333,0.4,0.5502528928628452,1.0,0.6
82371,0.7818048722226502,1.0,0.35,0.7885497208855957,1.0,0.35,0.727329844310522,1.0,0.3
82373,0.92663607790064,1.0,0.2647058823529412,0.9148568823583791,1.0,0.2647058823529412,0.9363792118010483,1.0,0.2647058823529412
82380,1.0,1.0,0.625,1.0,1.0,0.625,1.0,1.0,0.625
82385,1.0,1.0,0.625,1.0,1.0,0.625,1.0,1.0,0.625
82388,1.0,1.0,0.6666666666666666,1.0,1.0,0.6666666666666666,1.0,1.0,0.6666666666666666
82533,0.6182885020492784,0.3333333333333333,1.0,0.6182885020492784,0.3333333333333333,1.0,0.6871475159848289,0.5,1.0
82535,1.0,1.0,0.625,1.0,1.0,0.625,1.0,1.0,0.625
82545,0.5498407734605132,0.3333333333333333,1.0,0.6256646589861505,0.5,1.0,0.6112833214150002,0.5,1.0
82549,0.2960819109658652,0.5,0.3333333333333333,0.431733884398313,0.5,0.6666666666666666,0.4441228664487979,0.5,0.6666666666666666
82552,0.9363792118010483,1.0,0.28125,1.0,1.0,0.3125,0.9337457765456111,1.0,0.28125
82556,0.8603818544462509,1.0,0.8,0.7788065869851875,1.0,0.7,0.9216017310213247,1.0,0.9
82559,0.8662406555609836,1.0,0.8333333333333334,0.7751482523375256,1.0,0.6666666666666666,0.7751482523375256,1.0,0.6666666666666666
82562,0.8687949224876582,1.0,0.8,0.8539316501572937,1.0,0.8,0.8687949224876582,1.0,0.8
82563,0.39106560501896365,0.3333333333333333,0.6666666666666666,0.39106560501896365,0.3333333333333333,0.6666666666666666,0.6045093387918965,0.5,1.0
82591,0.9363792118010483,1.0,0.3333333333333333,0.9363792118010483,1.0,0.3333333333333333,0.9305687780632229,1.0,0.3333333333333333
82594,1.0,1.0,0.5263157894736842,1.0,1.0,0.5263157894736842,1.0,1.0,0.5263157894736842
82597,0.6410457898283654,0.3333333333333333,0.2857142857142857,0.77990823370192,0.5,0.32142857142857145,0.9148568823583791,1.0,0.32142857142857145
82598,1.0,1.0,0.3333333333333333,1.0,1.0,0.3333333333333333,1.0,1.0,0.3333333333333333
82633,1.0,1.0,0.35714285714285715,1.0,1.0,0.35714285714285715,1.0,1.0,0.35714285714285715
82668,1.0,1.0,1.0,1.0,1.0,1.0,1.0,1.0,1.0
82680,0.92663607790064,1.0,0.6428571428571429,0.9337457765456111,1.0,0.6428571428571429,0.9148568823583791,1.0,0.6428571428571429
82684,1.0,1.0,0.6666666666666666,1.0,1.0,0.6666666666666666,1.0,1.0,0.6666666666666666
82811,0.7888463634395011,1.0,0.8571428571428571,0.8073022093567015,1.0,0.8571428571428571,0.7606811010040871,1.0,0.8571428571428571
82863,0.8158069199778482,1.0,0.8333333333333334,0.9537123696623918,1.0,1.0,0.5681128288016104,0.3333333333333333,0.8333333333333334
82877,1.0,1.0,0.8333333333333334,1.0,1.0,0.8333333333333334,1.0,1.0,0.8333333333333334
83045,1.0,1.0,0.6666666666666666,1.0,1.0,0.6666666666666666,1.0,1.0,0.6666666666666666
83049,1.0,1.0,0.9090909090909091,1.0,1.0,0.9090909090909091,1.0,1.0,0.9090909090909091
83106,0.7702043899253147,1.0,0.21212121212121213,0.8611375561264456,1.0,0.2727272727272727,0.9052116356304495,1.0,0.2727272727272727
83115,0.8701249883466594,1.0,0.5333333333333333,0.8701249883466594,1.0,0.5333333333333333,0.8701249883466594,1.0,0.5333333333333333
83181,0.9148568823583791,1.0,0.36,1.0,1.0,0.4,0.9216017310213247,1.0,0.36
83347,1.0,1.0,0.7692307692307693,0.9216017310213247,1.0,0.6923076923076923,0.9305687780632229,1.0,0.6923076923076923
83382,1.0,1.0,1.0,1.0,1.0,1.0,1.0,1.0,1.0
83453,0.6102570478849114,0.25,0.875,0.8038775031739698,1.0,0.75,0.7210564623380479,1.0,0.625
83474,0.0,0.034482758620689655,0.0,0.0,0.03571428571428571,0.0,0.0,0.058823529411764705,0.0
83482,0.8990671370233444,1.0,1.0,0.8495981447350542,1.0,1.0,1.0,1.0,1.0
83490,0.8550956239938449,1.0,0.7777777777777778,0.9937947856332163,1.0,1.0,0.8550956239938449,1.0,0.7777777777777778
83499,0.9148568823583791,1.0,0.2903225806451613,0.823699893396571,1.0,0.25806451612903225,1.0,1.0,0.3225806451612903
83544,0.7767471075223498,1.0,0.6666666666666666,0.760965594441447,1.0,0.6666666666666666,0.7767471075223498,1.0,0.6666666666666666
83545,0.7606395682357036,0.5,1.0,0.7486761295186739,0.5,1.0,0.9709286432396583,1.0,1.0
83546,1.0,1.0,1.0,1.0,1.0,1.0,1.0,1.0,1.0
83558,0.8603818544462509,1.0,0.26666666666666666,0.8603818544462509,1.0,0.26666666666666666,0.77990823370192,0.5,0.3
83562,1.0,1.0,0.7692307692307693,1.0,1.0,0.7692307692307693,0.9363792118010483,1.0,0.6923076923076923
83645,1.0,1.0,1.0,1.0,1.0,1.0,1.0,1.0,1.0
83718,0.6458375023792304,0.5,0.8333333333333334,0.6554779860295876,0.5,0.8333333333333334,0.6383504127205318,0.5,0.8333333333333334
83725,1.0,1.0,0.7692307692307693,1.0,1.0,0.7692307692307693,0.9305687780632229,1.0,0.6923076923076923
83745,0.6934264036172708,0.5,1.0,1.0,1.0,1.0,1.0,1.0,1.0
83746,0.7034646249939236,1.0,0.8333333333333334,0.8922108454754891,1.0,0.8333333333333334,0.9796825595768973,1.0,1.0
83756,0.6659485553357845,1.0,0.5833333333333334,0.6500332220485792,0.5,0.5833333333333334,0.7778721720600673,1.0,0.5833333333333334
83763,1.0,1.0,0.6666666666666666,1.0,1.0,0.6666666666666666,1.0,1.0,0.6666666666666666
83764,1.0,1.0,1.0,1.0,1.0,1.0,0.9530418785472459,1.0,1.0
83771,1.0,1.0,0.625,1.0,1.0,0.625,1.0,1.0,0.625
83776,0.8883444449388405,1.0,1.0,0.9279641043683683,1.0,1.0,0.9322447939063515,1.0,1.0
83807,0.5541432109622959,1.0,0.4,0.6968404678259547,1.0,0.6,0.6207622843987103,1.0,0.5
83810,1.0,1.0,0.3125,1.0,1.0,0.3125,1.0,1.0,0.3125
83812,1.0,1.0,0.3448275862068966,1.0,1.0,0.3448275862068966,1.0,1.0,0.3448275862068966
83835,0.5734133100049832,0.5,0.6666666666666666,0.5601521372325762,0.5,0.6666666666666666,0.39868756579774095,0.3333333333333333,0.5
83838,1.0,1.0,1.0,1.0,1.0,1.0,1.0,1.0,1.0
83839,1.0,1.0,0.625,1.0,1.0,0.625,1.0,1.0,0.625
83841,0.823699893396571,1.0,0.7272727272727273,0.7975167679274939,1.0,0.7272727272727273,0.8357804136936722,1.0,0.7272727272727273
83842,1.0,1.0,0.7142857142857143,1.0,1.0,0.7142857142857143,1.0,1.0,0.7142857142857143
83843,1.0,1.0,0.625,1.0,1.0,0.625,1.0,1.0,0.625
83848,1.0,1.0,1.0,0.8065735963827293,1.0,1.0,1.0,1.0,1.0
83891,0.8630152897016883,1.0,0.5714285714285714,0.727329844310522,1.0,0.42857142857142855,0.793584067764911,1.0,0.5
83945,1.0,1.0,0.6666666666666666,1.0,1.0,0.6666666666666666,1.0,1.0,0.6666666666666666
83993,0.0,0.0625,0.0,0.3391602052736161,1.0,0.2,0.0,0.09090909090909091,0.0
84017,1.0,1.0,0.9090909090909091,1.0,1.0,0.9090909090909091,1.0,1.0,0.9090909090909091
84057,1.0,1.0,0.7142857142857143,1.0,1.0,0.7142857142857143,1.0,1.0,0.7142857142857143
84079,0.5307212739772434,0.5,0.6666666666666666,0.6978817289434457,0.5,1.0,0.5931729515195112,0.3333333333333333,1.0
84080,0.4380892758850172,0.5,0.5,0.5730379245414765,1.0,0.5,0.5618918191694955,0.5,0.6
84093,1.0,1.0,1.0,1.0,1.0,1.0,0.9747429528567877,1.0,1.0
84116,1.0,1.0,0.625,1.0,1.0,0.625,1.0,1.0,0.625
84176,1.0,1.0,0.3225806451612903,0.8611375561264456,1.0,0.2903225806451613,0.88995411685096,1.0,0.2903225806451613
84181,1.0,1.0,0.3448275862068966,1.0,1.0,0.3448275862068966,1.0,1.0,0.3448275862068966
84186,0.9363792118010483,1.0,0.34615384615384615,0.8415908474314977,1.0,0.3076923076923077,0.9148568823583791,1.0,0.34615384615384615
84191,0.9337457765456111,1.0,0.9,0.9337457765456111,1.0,0.9,0.9363792118010483,1.0,0.9
84193,1.0,1.0,0.7142857142857143,1.0,1.0,0.7142857142857143,1.0,1.0,0.7142857142857143
84195,1.0,1.0,0.7692307692307693,1.0,1.0,0.7692307692307693,0.9337457765456111,1.0,0.6923076923076923
84202,0.9305687780632229,1.0,0.9,0.9363792118010483,1.0,0.9,0.9305687780632229,1.0,0.9
84214,0.8486026589039901,1.0,0.5714285714285714,0.8630152897016883,1.0,0.5714285714285714,0.8521705090845474,1.0,0.5714285714285714
84241,0.889918709778036,1.0,0.8571428571428571,0.8932076516505887,1.0,0.8571428571428571,0.8265723430117606,1.0,0.8571428571428571
84265,1.0,1.0,1.0,1.0,1.0,1.0,1.0,1.0,1.0
84334,1.0,1.0,0.35714285714285715,0.8521705090845474,1.0,0.2857142857142857,1.0,1.0,0.35714285714285715
84339,0.8611375561264456,1.0,0.6,0.9216017310213247,1.0,0.6,0.8611375561264456,1.0,0.6
84428,0.31252911522154636,0.5,0.2727272727272727,0.37466610587647853,1.0,0.2727272727272727,0.3151625504769837,0.5,0.2727272727272727
84519,0.0,0.025,0.0,0.0,0.025,0.0,0.0,0.04,0.0
84700,0.9363792118010483,1.0,0.9,0.9363792118010483,1.0,0.9,1.0,1.0,1.0
84702,1.0,1.0,0.625,1.0,1.0,0.625,1.0,1.0,0.625
84712,0.9453078548481746,1.0,1.0,0.906029422444528,1.0,1.0,0.9083745556952363,1.0,0.8571428571428571
84728,1.0,1.0,1.0,1.0,1.0,1.0,1.0,1.0,1.0
84759,0.8200685179888284,1.0,0.25806451612903225,0.7663491917568949,1.0,0.25806451612903225,0.8611375561264456,1.0,0.2903225806451613
84790,1.0,1.0,1.0,1.0,1.0,1.0,1.0,1.0,1.0
84797,0.8421423592553552,1.0,1.0,0.7598336331031966,1.0,0.75,0.6366824387328317,1.0,0.5
84799,0.8701249883466594,1.0,0.6153846153846154,0.8669479898642711,1.0,0.6153846153846154,0.9363792118010483,1.0,0.6923076923076923
84835,0.9052116356304495,1.0,0.2727272727272727,0.9216017310213247,1.0,0.2727272727272727,0.9337457765456111,1.0,0.2727272727272727
84851,1.0,1.0,0.3225806451612903,1.0,1.0,0.3225806451612903,1.0,1.0,0.3225806451612903
84860,1.0,1.0,1.0,1.0,1.0,1.0,1.0,1.0,1.0
84873,0.7328286204777911,0.5,1.0,0.9060254355346823,1.0,1.0,1.0,1.0,1.0
84876,0.918839123725715,1.0,0.8888888888888888,0.9134627261980166,1.0,0.8888888888888888,0.9230390249121357,1.0,0.8888888888888888
84904,0.6131471927654584,1.0,0.5,0.6131471927654584,1.0,0.5,0.6131471927654584,1.0,0.5
85008,0.9363792118010483,1.0,0.8181818181818182,1.0,1.0,0.9090909090909091,1.0,1.0,0.9090909090909091
85119,0.8816172070446371,1.0,0.8571428571428571,0.8887517031591262,1.0,0.8571428571428571,0.8216607272011166,1.0,0.8571428571428571
85120,0.6366824387328317,1.0,0.5,0.6366824387328317,1.0,0.5,0.6366824387328317,1.0,0.5
85249,1.0,1.0,0.43478260869565216,1.0,1.0,0.43478260869565216,1.0,1.0,0.43478260869565216
85254,0.9674679834891693,1.0,1.0,0.9674679834891693,1.0,1.0,1.0,1.0,1.0
85268,1.0,1.0,0.625,1.0,1.0,0.625,1.0,1.0,0.625
85270,0.8104616303452686,1.0,0.7142857142857143,0.8020378746650066,1.0,0.7142857142857143,0.8104616303452686,1.0,0.7142857142857143
85274,0.8701249883466594,1.0,0.7272727272727273,0.8701249883466594,1.0,0.7272727272727273,1.0,1.0,0.9090909090909091
85283,0.5559026721867444,0.3333333333333333,0.7,0.5056427642465516,0.5,0.6,0.5341769051617136,0.5,0.6
85289,1.0,1.0,0.7142857142857143,1.0,1.0,0.7142857142857143,1.0,1.0,0.7142857142857143
85502,0.9337457765456111,1.0,0.6,0.9148568823583791,1.0,0.6,0.9148568823583791,1.0,0.6
85508,0.5508095940041026,0.25,1.0,0.2836929289153804,0.125,0.6666666666666666,0.7122630665145961,0.5,1.0
85512,0.7227265726449519,1.0,0.6,0.7913446798877493,1.0,0.8,0.6601396023754075,1.0,0.6
85534,1.0,1.0,0.7142857142857143,1.0,1.0,0.7142857142857143,1.0,1.0,0.7142857142857143
85539,1.0,1.0,0.625,1.0,1.0,0.625,1.0,1.0,0.625
85560,0.9325210919548239,1.0,1.0,0.6105456988825855,1.0,0.6666666666666666,0.7328286204777911,0.5,1.0
85602,1.0,1.0,0.5555555555555556,1.0,1.0,0.5555555555555556,0.9337457765456111,1.0,0.5
85662,0.88995411685096,1.0,0.32142857142857145,0.88995411685096,1.0,0.32142857142857145,0.88995411685096,1.0,0.32142857142857145
85667,1.0,1.0,0.6666666666666666,1.0,1.0,0.6666666666666666,1.0,1.0,0.6666666666666666
85681,1.0,1.0,0.30303030303030304,0.9363792118010483,1.0,0.2727272727272727,1.0,1.0,0.30303030303030304
85756,0.7541985434892589,1.0,0.75,0.7495275800817669,1.0,0.75,1.0,1.0,1.0
85801,0.48247555939075504,0.25,1.0,0.6934264036172708,0.5,1.0,0.48247555939075504,0.25,1.0
85907,1.0,1.0,1.0,1.0,1.0,1.0,0.9363792118010483,1.0,0.9
85974,1.0,1.0,0.7692307692307693,1.0,1.0,0.7692307692307693,0.9052116356304495,1.0,0.6923076923076923
85988,0.8572048559638626,1.0,0.6666666666666666,0.9305687780632229,1.0,0.75,0.7702043899253147,1.0,0.5833333333333334
85993,1.0,1.0,0.625,1.0,1.0,0.625,1.0,1.0,0.625
86060,1.0,1.0,0.9090909090909091,0.9363792118010483,1.0,0.8181818181818182,1.0,1.0,0.9090909090909091
86091,1.0,1.0,0.6666666666666666,1.0,1.0,0.6666666666666666,1.0,1.0,0.6666666666666666
86092,0.6461194268314838,1.0,0.5,0.6652907408280684,1.0,0.5,0.7877736340270853,1.0,0.6666666666666666
86093,0.9148568823583791,1.0,0.6923076923076923,0.88995411685096,1.0,0.6923076923076923,1.0,1.0,0.7692307692307693
86095,1.0,1.0,0.6666666666666666,1.0,1.0,0.6666666666666666,1.0,1.0,0.6666666666666666
86146,0.6651992357924432,1.0,0.5714285714285714,0.37455647124892244,0.5,0.42857142857142855,0.6583122271626569,1.0,0.5714285714285714
86177,0.6698623505528799,0.5,0.8,0.6410457898283654,0.3333333333333333,0.8,0.8048109992093391,1.0,0.8
86220,0.6168295842361275,1.0,0.45454545454545453,0.48189984052515566,1.0,0.36363636363636365,0.6968404678259547,1.0,0.5454545454545454
86418,1.0,1.0,0.625,1.0,1.0,0.625,1.0,1.0,0.625
86422,0.7218018303820491,1.0,0.4375,0.6772733739526912,1.0,0.375,0.92663607790064,1.0,0.5625
86614,1.0,1.0,0.7692307692307693,1.0,1.0,0.7692307692307693,1.0,1.0,0.7692307692307693
86730,1.0,1.0,0.625,1.0,1.0,0.625,1.0,1.0,0.625
86738,0.7948833326720566,1.0,0.6666666666666666,0.7948833326720566,1.0,0.6666666666666666,0.8611375561264456,1.0,0.75
86739,1.0,1.0,0.6666666666666666,1.0,1.0,0.6666666666666666,1.0,1.0,0.6666666666666666
86744,0.43626211253236746,0.25,0.625,0.6564116633996523,1.0,0.75,0.6129884675686648,1.0,0.625
86752,0.826813366651774,1.0,0.6666666666666666,0.7655934900767002,1.0,0.5833333333333334,0.8611375561264456,1.0,0.75
86754,1.0,1.0,0.625,1.0,1.0,0.625,1.0,1.0,0.625
86755,1.0,1.0,0.6666666666666666,1.0,1.0,0.6666666666666666,0.9363792118010483,1.0,0.6
86756,1.0,1.0,0.625,1.0,1.0,0.625,1.0,1.0,0.625
86766,1.0,1.0,0.625,1.0,1.0,0.625,1.0,1.0,0.625
86769,0.9337457765456111,1.0,0.6,1.0,1.0,0.6666666666666666,1.0,1.0,0.6666666666666666
86770,1.0,1.0,0.625,1.0,1.0,0.625,1.0,1.0,0.625
86773,1.0,1.0,0.625,1.0,1.0,0.625,1.0,1.0,0.625
86774,0.7759944384848245,1.0,0.5714285714285714,0.8048109992093391,1.0,0.5714285714285714,0.7510916729774055,1.0,0.5714285714285714
86779,1.0,1.0,0.7692307692307693,1.0,1.0,0.7692307692307693,1.0,1.0,0.7692307692307693
86791,0.8611375561264456,1.0,0.5,0.8205228949141828,1.0,0.4444444444444444,0.8611375561264456,1.0,0.5
86793,0.7483860802939635,1.0,0.6666666666666666,0.46755294282278975,0.3333333333333333,0.5555555555555556,0.8550956239938449,1.0,0.7777777777777778
86797,0.4808931522791523,0.5,0.5714285714285714,0.21689524588991285,0.3333333333333333,0.2857142857142857,0.5857421563596759,1.0,0.42857142857142855
86799,0.9888026041880241,1.0,1.0,0.5832948249557423,1.0,0.625,0.9830168297915421,1.0,1.0
86801,0.9363792118010483,1.0,0.3,1.0,1.0,0.3333333333333333,1.0,1.0,0.3333333333333333
86814,1.0,1.0,1.0,1.0,1.0,1.0,1.0,1.0,1.0
86823,1.0,1.0,0.3225806451612903,1.0,1.0,0.3225806451612903,1.0,1.0,0.3225806451612903
86855,0.8630152897016883,1.0,0.2962962962962963,0.9337457765456111,1.0,0.3333333333333333,0.9305687780632229,1.0,0.3333333333333333
86865,1.0,1.0,0.625,1.0,1.0,0.625,1.0,1.0,0.625
86867,1.0,1.0,0.6666666666666666,1.0,1.0,0.6666666666666666,1.0,1.0,0.6666666666666666
86868,1.0,1.0,0.625,1.0,1.0,0.625,1.0,1.0,0.625
86870,1.0,1.0,0.625,1.0,1.0,0.625,1.0,1.0,0.625
86872,0.8318724637288826,1.0,0.75,0.9493885684853097,1.0,1.0,1.0,1.0,1.0
86873,1.0,1.0,0.625,1.0,1.0,0.625,1.0,1.0,0.625
86876,1.0,1.0,0.625,1.0,1.0,0.625,1.0,1.0,0.625
86890,1.0,1.0,0.625,1.0,1.0,0.625,1.0,1.0,0.625
86897,0.46927872602275644,1.0,0.3333333333333333,0.46927872602275644,1.0,0.3333333333333333,0.8529278650606567,1.0,1.0
86901,0.9337457765456111,1.0,0.6,1.0,1.0,0.6666666666666666,1.0,1.0,0.6666666666666666
86905,0.9363792118010483,1.0,0.6428571428571429,1.0,1.0,0.7142857142857143,0.9337457765456111,1.0,0.6428571428571429
86918,0.4946396555628011,1.0,0.4,0.5107164012496702,1.0,0.4,0.38113435412202007,1.0,0.3
86919,0.5355852974309777,0.5,0.5714285714285714,0.4284016013314628,0.3333333333333333,0.5714285714285714,0.1930505095243496,0.2,0.2857142857142857
86921,1.0,1.0,0.625,1.0,1.0,0.625,1.0,1.0,0.625
86929,1.0,1.0,0.625,1.0,1.0,0.625,1.0,1.0,0.625
86931,1.0,1.0,0.625,1.0,1.0,0.625,1.0,1.0,0.625
86935,0.77990823370192,0.5,0.2571428571428571,0.8389574121760603,1.0,0.22857142857142856,0.8318477135310892,1.0,0.22857142857142856
86937,1.0,1.0,0.6666666666666666,1.0,1.0,0.6666666666666666,1.0,1.0,0.6666666666666666
86939,1.0,1.0,0.6666666666666666,1.0,1.0,0.6666666666666666,1.0,1.0,0.6666666666666666
86948,0.92663607790064,1.0,0.8181818181818182,0.8630152897016883,1.0,0.7272727272727273,1.0,1.0,0.9090909090909091
86949,1.0,1.0,0.625,1.0,1.0,0.625,1.0,1.0,0.625
86951,0.8062174677412686,0.5,1.0,0.798465881758476,0.5,1.0,0.7895607149020191,1.0,0.75
86956,1.0,1.0,0.625,1.0,1.0,0.625,1.0,1.0,0.625
86959,1.0,1.0,0.3448275862068966,1.0,1.0,0.3448275862068966,1.0,1.0,0.3448275862068966
86960,1.0,1.0,0.6666666666666666,1.0,1.0,0.6666666666666666,1.0,1.0,0.6666666666666666
86965,0.7992370740951165,1.0,0.8571428571428571,0.6295304155921457,0.3333333333333333,0.8571428571428571,0.7197799946623491,1.0,0.7142857142857143
86968,1.0,1.0,0.6666666666666666,1.0,1.0,0.6666666666666666,1.0,1.0,0.6666666666666666
86970,1.0,1.0,0.625,1.0,1.0,0.625,1.0,1.0,0.625
86975,0.8553475075669357,1.0,0.23529411764705882,0.9337457765456111,1.0,0.2647058823529412,1.0,1.0,0.29411764705882354
86976,0.826813366651774,1.0,0.23529411764705882,0.8611375561264456,1.0,0.2647058823529412,0.9216017310213247,1.0,0.2647058823529412
86980,0.9363792118010483,1.0,0.4090909090909091,0.92663607790064,1.0,0.4090909090909091,0.6594803070902427,1.0,0.2727272727272727
86998,0.9818483242455303,1.0,1.0,0.9818483242455303,1.0,1.0,1.0,1.0,1.0
86999,0.123151194370365,0.125,0.25,0.24630238874073,0.5,0.25,0.3870159539471055,0.2,0.75
87070,0.9148568823583791,1.0,0.9,0.857980942822373,1.0,0.8,0.857980942822373,1.0,0.8
87091,1.0,1.0,0.625,1.0,1.0,0.625,1.0,1.0,0.625
87164,0.6366587127404282,1.0,0.35294117647058826,0.6898286563534622,1.0,0.35294117647058826,1.0,1.0,0.5882352941176471
87168,0.3535124404757274,0.125,0.75,0.36331756126716835,0.3333333333333333,0.5,0.15101961822780524,0.2,0.25
87177,1.0,1.0,0.7142857142857143,1.0,1.0,0.7142857142857143,1.0,1.0,0.7142857142857143
87193,0.9911205770005563,1.0,1.0,0.9911205770005563,1.0,1.0,0.9911205770005563,1.0,1.0
87221,0.6509209298071326,0.5,1.0,0.5706417189553201,0.3333333333333333,1.0,0.8315546295836225,1.0,1.0
87272,1.0,1.0,0.7142857142857143,1.0,1.0,0.7142857142857143,1.0,1.0,0.7142857142857143
87295,0.7846170207230131,1.0,0.3888888888888889,0.6804503724350792,1.0,0.3333333333333333,0.699473903081392,1.0,0.3333333333333333
87313,1.0,1.0,0.625,1.0,1.0,0.625,1.0,1.0,0.625
87344,1.0,1.0,1.0,1.0,1.0,1.0,0.8776493998558375,1.0,1.0
87403,1.0,1.0,0.6666666666666666,1.0,1.0,0.6666666666666666,1.0,1.0,0.6666666666666666
87419,0.3010299956639812,0.1111111111111111,1.0,0.3010299956639812,0.1111111111111111,1.0,0.3010299956639812,0.1111111111111111,1.0
87430,0.6954632078628534,1.0,0.625,0.6193198671454698,1.0,0.5,0.6193198671454698,1.0,0.5
87463,1.0,1.0,0.625,1.0,1.0,0.625,1.0,1.0,0.625
87481,1.0,1.0,0.38461538461538464,1.0,1.0,0.38461538461538464,1.0,1.0,0.38461538461538464
87489,0.715550648768261,1.0,0.35294117647058826,0.8482378089219648,1.0,0.47058823529411764,0.7682269253321375,1.0,0.4117647058823529
87508,0.8643145546088339,1.0,0.24242424242424243,1.0,1.0,0.30303030303030304,0.8521705090845474,1.0,0.24242424242424243
87677,1.0,1.0,1.0,0.9828920819566879,1.0,1.0,0.9550236580992476,1.0,1.0
87688,1.0,1.0,1.0,1.0,1.0,1.0,1.0,1.0,1.0
87794,0.38685280723454163,0.5,0.5,0.38685280723454163,0.5,0.5,0.38685280723454163,0.5,0.5
87853,0.9558295932317544,1.0,1.0,0.8932547230000344,1.0,1.0,0.7541985434892589,1.0,0.75
87876,0.9216017310213247,1.0,0.6,0.92663607790064,1.0,0.6,0.88995411685096,1.0,0.6
87882,1.0,1.0,0.6666666666666666,1.0,1.0,0.6666666666666666,1.0,1.0,0.6666666666666666
87883,0.88995411685096,1.0,0.6428571428571429,0.77990823370192,0.5,0.6428571428571429,0.77990823370192,0.5,0.6428571428571429
87886,1.0,1.0,0.625,1.0,1.0,0.625,1.0,1.0,0.625
87895,0.8572048559638626,1.0,0.2962962962962963,0.8669479898642711,1.0,0.2962962962962963,0.8482378089219648,1.0,0.2962962962962963
87963,0.38685280723454163,0.2,1.0,0.43067655807339306,0.25,1.0,0.5,0.3333333333333333,1.0
87988,0.9217868789962071,1.0,1.0,0.9469024295259745,1.0,1.0,0.7988614740430418,1.0,1.0
88009,0.826813366651774,1.0,0.2857142857142857,0.9052116356304495,1.0,0.32142857142857145,0.88995411685096,1.0,0.32142857142857145
88024,0.6131471927654584,1.0,0.5,0.6131471927654584,1.0,0.5,0.6131471927654584,1.0,0.5
88034,0.5771493379489848,1.0,0.3125,0.6293644814585829,1.0,0.375,0.5769706247040592,1.0,0.3125
88054,0.533722528236359,0.5,0.6,0.6363762929310756,1.0,0.6,0.5618918191694955,0.5,0.6
88067,1.0,1.0,0.625,1.0,1.0,0.625,1.0,1.0,0.625
88068,1.0,1.0,0.7692307692307693,1.0,1.0,0.7692307692307693,1.0,1.0,0.7692307692307693
88133,0.8550956239938449,1.0,0.7777777777777778,0.8550956239938449,1.0,0.7777777777777778,0.845519325279726,1.0,0.7777777777777778
88141,1.0,1.0,0.7692307692307693,1.0,1.0,0.7692307692307693,1.0,1.0,0.7692307692307693
88162,1.0,1.0,0.625,1.0,1.0,0.625,1.0,1.0,0.625
88165,1.0,1.0,0.6666666666666666,1.0,1.0,0.6666666666666666,1.0,1.0,0.6666666666666666
88166,0.0,0.09090909090909091,0.0,0.0,0.06666666666666667,0.0,0.2893079283427616,0.125,0.6666666666666666
88187,1.0,1.0,0.3333333333333333,1.0,1.0,0.3333333333333333,1.0,1.0,0.3333333333333333
88210,0.9305687780632229,1.0,0.6428571428571429,1.0,1.0,0.7142857142857143,1.0,1.0,0.7142857142857143
88212,0.19519002499605084,0.3333333333333333,0.25,0.19519002499605084,0.3333333333333333,0.25,0.13012668333070054,0.14285714285714285,0.25
88274,0.92663607790064,1.0,0.36,0.9363792118010483,1.0,0.36,1.0,1.0,0.4
88336,0.8669479898642711,1.0,0.23529411764705882,0.9363792118010483,1.0,0.2647058823529412,0.88995411685096,1.0,0.2647058823529412
88345,0.8118374955798289,0.5,1.0,0.8118374955798289,0.5,1.0,0.8887517031591262,1.0,0.8571428571428571
88356,1.0,1.0,0.8333333333333334,0.8512360941594275,1.0,0.6666666666666666,0.9337457765456111,1.0,0.75
88397,0.7885497208855957,1.0,0.5384615384615384,0.8454256604216018,1.0,0.6153846153846154,0.8630152897016883,1.0,0.6153846153846154
88484,0.3909273842002217,0.5,0.2,0.4099509148465345,0.5,0.2,0.599976751690748,0.5,0.35
88498,0.9148568823583791,1.0,0.6,1.0,1.0,0.6666666666666666,1.0,1.0,0.6666666666666666
88511,1.0,1.0,0.7692307692307693,1.0,1.0,0.7692307692307693,0.8603818544462509,1.0,0.6153846153846154
88512,1.0,1.0,0.625,1.0,1.0,0.625,1.0,1.0,0.625
88518,0.7065443116025598,0.5,0.6666666666666666,0.6117559472330091,0.5,0.5833333333333334,0.8553475075669357,1.0,0.6666666666666666
88519,0.9060254355346823,1.0,1.0,0.8179809735263114,1.0,1.0,0.5316900945208328,0.25,1.0
88520,0.9216017310213247,1.0,0.3103448275862069,0.9148568823583791,1.0,0.3103448275862069,0.9305687780632229,1.0,0.3103448275862069
88527,1.0,1.0,0.5555555555555556,1.0,1.0,0.5555555555555556,1.0,1.0,0.5555555555555556
88532,0.9216017310213247,1.0,0.45,0.92663607790064,1.0,0.45,0.88995411685096,1.0,0.45
88533,1.0,1.0,0.625,1.0,1.0,0.625,1.0,1.0,0.625
88535,1.0,1.0,0.8333333333333334,0.8357804136936722,1.0,0.6666666666666666,1.0,1.0,0.8333333333333334
88538,0.9305687780632229,1.0,0.75,0.9337457765456111,1.0,0.75,0.9305687780632229,1.0,0.75
88558,1.0,1.0,0.47619047619047616,0.9363792118010483,1.0,0.42857142857142855,1.0,1.0,0.47619047619047616
88560,1.0,1.0,0.6666666666666666,1.0,1.0,0.6666666666666666,1.0,1.0,0.6666666666666666
88566,0.8603818544462509,1.0,0.3333333333333333,0.8115558478722846,1.0,0.3333333333333333,0.6618313225363276,1.0,0.25
88698,0.857980942822373,1.0,0.5714285714285714,0.9148568823583791,1.0,0.6428571428571429,0.8482378089219648,1.0,0.5714285714285714
88795,1.0,1.0,0.6666666666666666,1.0,1.0,0.6666666666666666,1.0,1.0,0.6666666666666666
88825,0.2685357229842324,0.2,0.5,0.3903800499921017,1.0,0.25,0.24630238874073,0.5,0.25
88881,0.9950883841893561,1.0,1.0,0.9911205770005563,1.0,1.0,0.9950883841893561,1.0,1.0
88909,0.7065443116025598,0.5,0.5,0.7065443116025598,0.5,0.5,0.694765116060299,0.5,0.5
89035,0.8643145546088339,1.0,0.6153846153846154,0.857980942822373,1.0,0.6153846153846154,0.9363792118010483,1.0,0.6923076923076923
89043,0.48877128938335535,1.0,0.4444444444444444,0.33376340619568257,0.5,0.3333333333333333,0.37323205763981704,0.3333333333333333,0.4444444444444444
89121,0.718362797268624,1.0,0.35294117647058826,0.6489315753318466,1.0,0.29411764705882354,0.9305687780632229,1.0,0.5294117647058824
89127,1.0,1.0,0.7692307692307693,1.0,1.0,0.7692307692307693,1.0,1.0,0.7692307692307693
89131,1.0,1.0,0.3225806451612903,1.0,1.0,0.3225806451612903,1.0,1.0,0.3225806451612903
89280,0.617319681505689,1.0,0.6666666666666666,0.617319681505689,1.0,0.6666666666666666,0.6049306994552042,1.0,0.6666666666666666
89410,1.0,1.0,0.43478260869565216,1.0,1.0,0.43478260869565216,1.0,1.0,0.43478260869565216
89413,1.0,1.0,1.0,1.0,1.0,1.0,0.971476156593264,1.0,1.0
89439,0.8669479898642711,1.0,0.6666666666666666,0.8603818544462509,1.0,0.6666666666666666,0.8603818544462509,1.0,0.6666666666666666
89440,1.0,1.0,0.625,1.0,1.0,0.625,1.0,1.0,0.625
89454,0.7175177623223635,1.0,0.75,0.7247967301388095,1.0,0.75,0.5673656574390138,1.0,0.5
89526,0.38685280723454163,0.2,1.0,0.43067655807339306,0.25,1.0,1.0,1.0,1.0
89534,0.9363792118010483,1.0,0.8181818181818182,0.9363792118010483,1.0,0.8181818181818182,0.9363792118010483,1.0,0.8181818181818182
89537,0.6835381846158709,1.0,0.5454545454545454,0.45374257454118555,1.0,0.2727272727272727,0.46900009332067494,1.0,0.2727272727272727
89564,1.0,1.0,0.625,1.0,1.0,0.625,1.0,1.0,0.625
89565,1.0,1.0,0.7142857142857143,0.9305687780632229,1.0,0.6428571428571429,0.9148568823583791,1.0,0.6428571428571429
89566,1.0,1.0,0.4166666666666667,1.0,1.0,0.4166666666666667,1.0,1.0,0.4166666666666667
89569,1.0,1.0,1.0,1.0,1.0,1.0,0.9550236580992476,1.0,1.0
89574,1.0,1.0,0.7142857142857143,1.0,1.0,0.7142857142857143,1.0,1.0,0.7142857142857143
89580,1.0,1.0,0.7142857142857143,0.9363792118010483,1.0,0.6428571428571429,1.0,1.0,0.7142857142857143
89581,0.8006937664098821,1.0,0.5833333333333334,0.8669479898642711,1.0,0.6666666666666666,0.8006937664098821,1.0,0.5833333333333334
89582,0.8357804136936722,1.0,0.6666666666666666,0.7917063341896683,1.0,0.6666666666666666,0.8364586133797037,1.0,0.6666666666666666
89602,0.7702043899253147,1.0,0.5,0.727329844310522,1.0,0.42857142857142855,0.6274092458891773,1.0,0.35714285714285715
89606,0.9363792118010483,1.0,0.8181818181818182,0.9363792118010483,1.0,0.8181818181818182,1.0,1.0,0.9090909090909091
89685,0.5132045064790346,0.5,0.6666666666666666,0.7805552904143294,1.0,0.8333333333333334,0.9274624750390078,1.0,1.0
89702,1.0,1.0,0.625,1.0,1.0,0.625,1.0,1.0,0.625
89742,0.7846170207230131,1.0,0.3181818181818182,0.9337457765456111,1.0,0.4090909090909091,0.9305687780632229,1.0,0.4090909090909091
89743,0.7791714369672128,1.0,0.3684210526315789,0.6754160255557639,1.0,0.3157894736842105,0.7682269253321375,1.0,0.3684210526315789
89955,0.9148568823583791,1.0,0.6428571428571429,0.92663607790064,1.0,0.6428571428571429,0.9337457765456111,1.0,0.6428571428571429
89970,0.6594803070902427,1.0,0.5454545454545454,0.7183424120903082,1.0,0.6363636363636364,0.7728378251807521,1.0,0.6363636363636364
90020,1.0,1.0,1.0,1.0,1.0,1.0,1.0,1.0,1.0
90082,0.6934264036172708,0.5,1.0,0.46845052016107697,0.25,1.0,1.0,1.0,1.0
90102,1.0,1.0,1.0,1.0,1.0,1.0,1.0,1.0,1.0
90136,1.0,1.0,1.0,0.9197207891481876,1.0,1.0,1.0,1.0,1.0
90186,1.0,1.0,1.0,0.9674679834891693,1.0,1.0,0.9217868789962071,1.0,1.0
90236,0.9950883841893561,1.0,1.0,0.7251236670857091,0.5,0.8571428571428571,0.7868709706203588,1.0,0.7142857142857143
90274,1.0,1.0,1.0,1.0,1.0,1.0,1.0,1.0,1.0
90281,1.0,1.0,1.0,0.9674679834891693,1.0,1.0,1.0,1.0,1.0
90287,1.0,1.0,0.625,1.0,1.0,0.625,1.0,1.0,0.625
90291,0.9047172294870751,1.0,1.0,0.9047172294870751,1.0,1.0,1.0,1.0,1.0
90421,0.6509209298071326,0.5,1.0,0.6509209298071326,0.5,1.0,0.5706417189553201,0.3333333333333333,1.0
90422,1.0,1.0,0.35714285714285715,0.92663607790064,1.0,0.32142857142857145,0.8603818544462509,1.0,0.2857142857142857
90507,1.0,1.0,0.6666666666666666,1.0,1.0,0.6666666666666666,1.0,1.0,0.6666666666666666
90537,0.8630152897016883,1.0,0.5,0.9305687780632229,1.0,0.5625,0.8603818544462509,1.0,0.5
90540,1.0,1.0,1.0,1.0,1.0,1.0,1.0,1.0,1.0
90591,1.0,1.0,0.625,1.0,1.0,0.625,1.0,1.0,0.625
90592,0.79254709692678,1.0,0.7777777777777778,0.7617726410638738,1.0,0.7777777777777778,0.8796648654899676,1.0,0.8888888888888888
90598,1.0,1.0,0.7692307692307693,1.0,1.0,0.7692307692307693,1.0,1.0,0.7692307692307693
90601,0.6812060741152738,1.0,0.28,0.6371130896657825,0.5,0.28,0.6691255538181727,1.0,0.24
90662,0.8104616303452686,1.0,0.7142857142857143,0.8104616303452686,1.0,0.7142857142857143,0.8932076516505887,1.0,0.8571428571428571
90664,0.8122682216087223,1.0,0.8,0.8357799744028239,1.0,0.8,0.8687949224876582,1.0,0.8
90665,0.9197207891481876,1.0,1.0,0.9197207891481876,1.0,1.0,1.0,1.0,1.0
90667,0.8519590445170673,1.0,1.0,0.8519590445170673,1.0,1.0,0.9010126104210695,1.0,1.0
90669,0.5087403079104241,1.0,0.4,0.44615333764087994,1.0,0.4,0.34519134224686937,0.5,0.4
90672,0.8175295903539445,1.0,1.0,0.8065735963827293,1.0,1.0,0.8315546295836225,1.0,1.0
90698,0.34304271142002485,1.0,0.25,0.32908604348504067,1.0,0.25,0.495954088426383,1.0,0.5
90745,0.5541432109622959,1.0,0.36363636363636365,0.5894280199323519,1.0,0.45454545454545453,0.5541432109622959,1.0,0.36363636363636365
90901,1.0,1.0,0.8333333333333334,1.0,1.0,0.8333333333333334,1.0,1.0,0.8333333333333334
90962,0.7352996175880481,1.0,0.7142857142857143,0.8308928690816113,1.0,0.8571428571428571,0.8971754588393883,1.0,0.8571428571428571
91007,0.951231200062686,1.0,1.0,0.9896062251871525,1.0,1.0,0.9896062251871525,1.0,1.0
91327,0.741670249010153,1.0,0.6363636363636364,0.56264752084969,0.3333333333333333,0.6363636363636364,0.769526190239283,1.0,0.6363636363636364
91360,0.5321408435198609,1.0,0.36363636363636365,0.4073174795910972,0.5,0.36363636363636365,0.5621931439243355,1.0,0.45454545454545453
91375,1.0,1.0,1.0,1.0,1.0,1.0,1.0,1.0,1.0
91399,0.0,0.07692307692307693,0.0,0.2890648263178879,0.1,1.0,0.0,0.07692307692307693,0.0
91404,0.8735286486161714,1.0,0.875,0.9851514063429595,1.0,1.0,0.9090080656255759,1.0,0.875
91426,1.0,1.0,0.4166666666666667,1.0,1.0,0.4166666666666667,1.0,1.0,0.4166666666666667
91427,0.5203978935105924,1.0,0.5,0.48615927989914914,0.3333333333333333,0.6666666666666666,0.9404511968899848,1.0,1.0
91430,1.0,1.0,0.5263157894736842,1.0,1.0,0.5263157894736842,1.0,1.0,0.5263157894736842
91431,0.9047172294870751,1.0,1.0,0.9558295932317544,1.0,1.0,0.9558295932317544,1.0,1.0
91432,0.9292442392789195,1.0,0.8888888888888888,0.9292442392789195,1.0,0.8888888888888888,0.9292442392789195,1.0,0.8888888888888888
91434,1.0,1.0,1.0,1.0,1.0,1.0,1.0,1.0,1.0
91435,0.9950883841893561,1.0,1.0,0.9950883841893561,1.0,1.0,0.9683310355387569,1.0,1.0
91442,1.0,1.0,0.8333333333333334,1.0,1.0,0.8333333333333334,1.0,1.0,0.8333333333333334
91507,1.0,1.0,1.0,0.9674679834891693,1.0,1.0,1.0,1.0,1.0
91541,1.0,1.0,1.0,1.0,1.0,1.0,1.0,1.0,1.0
91546,0.8207658584763088,1.0,0.8,0.8207658584763088,1.0,0.8,0.7227265726449519,1.0,0.6
91556,1.0,1.0,0.625,1.0,1.0,0.625,1.0,1.0,0.625
91584,1.0,1.0,1.0,1.0,1.0,1.0,1.0,1.0,1.0
91588,1.0,1.0,0.45454545454545453,0.9216017310213247,1.0,0.4090909090909091,0.9305687780632229,1.0,0.4090909090909091
91592,0.9197207891481876,1.0,1.0,0.9197207891481876,1.0,1.0,0.8315546295836225,1.0,1.0
91690,1.0,1.0,0.5263157894736842,1.0,1.0,0.5263157894736842,1.0,1.0,0.5263157894736842
91725,0.6049306994552042,1.0,0.6666666666666666,0.46927872602275644,1.0,0.3333333333333333,0.6462302129493456,0.5,1.0
91753,1.0,1.0,0.7692307692307693,1.0,1.0,0.7692307692307693,1.0,1.0,0.7692307692307693
91761,1.0,1.0,0.625,1.0,1.0,0.625,1.0,1.0,0.625
91807,0.7920874914199381,1.0,1.0,0.7844801364718914,1.0,1.0,0.6105456988825855,1.0,0.6666666666666666
91815,0.685119869332369,0.5,0.24242424242424243,0.9337457765456111,1.0,0.2727272727272727,0.823699893396571,1.0,0.24242424242424243
91853,1.0,1.0,1.0,1.0,1.0,1.0,1.0,1.0,1.0
91867,1.0,1.0,0.30303030303030304,1.0,1.0,0.30303030303030304,1.0,1.0,0.30303030303030304
91870,1.0,1.0,0.625,1.0,1.0,0.625,1.0,1.0,0.625
91886,1.0,1.0,0.7142857142857143,0.8521705090845474,1.0,0.5714285714285714,1.0,1.0,0.7142857142857143
91897,1.0,1.0,0.625,1.0,1.0,0.625,1.0,1.0,0.625
91898,0.5706417189553201,0.3333333333333333,1.0,0.6934264036172708,0.5,1.0,0.46845052016107697,0.25,1.0
91901,0.747935059673333,1.0,0.28,0.6036081270984909,0.5,0.28,0.6961622681399229,1.0,0.24
91903,0.9363792118010483,1.0,0.32142857142857145,0.9337457765456111,1.0,0.32142857142857145,0.9363792118010483,1.0,0.32142857142857145
91916,0.9337457765456111,1.0,0.75,0.9363792118010483,1.0,0.75,0.9363792118010483,1.0,0.75
92134,1.0,1.0,1.0,0.9495662644168644,1.0,1.0,0.9705437052559006,1.0,1.0
92135,1.0,1.0,0.7142857142857143,1.0,1.0,0.7142857142857143,1.0,1.0,0.7142857142857143
92277,0.9197207891481876,1.0,1.0,1.0,1.0,1.0,1.0,1.0,1.0
92279,1.0,1.0,1.0,1.0,1.0,1.0,0.38685280723454163,0.2,1.0
92458,0.0,0.034482758620689655,0.0,0.0,0.03125,0.0,0.0,0.02702702702702703,0.0
92638,0.3133689519796274,0.14285714285714285,0.5,0.3133689519796274,0.14285714285714285,0.5,0.24025211353571743,0.14285714285714285,0.375
92719,0.9148568823583791,1.0,0.6428571428571429,0.92663607790064,1.0,0.6428571428571429,1.0,1.0,0.7142857142857143
93135,0.9337457765456111,1.0,0.6923076923076923,0.9337457765456111,1.0,0.6923076923076923,0.8643145546088339,1.0,0.6153846153846154
93141,0.9083745556952363,1.0,0.8571428571428571,0.9083745556952363,1.0,0.8571428571428571,0.9083745556952363,1.0,0.8571428571428571
93151,1.0,1.0,0.625,1.0,1.0,0.625,1.0,1.0,0.625
93154,1.0,1.0,0.625,1.0,1.0,0.625,1.0,1.0,0.625
93155,0.7125523635307983,1.0,0.375,0.9363792118010483,1.0,0.5625,1.0,1.0,0.625
93207,0.3391602052736161,1.0,0.2,0.3391602052736161,1.0,0.2,0.3391602052736161,1.0,0.2
93244,0.7365896932159578,1.0,0.75,0.6589157729763341,1.0,0.75,0.5294362295028773,1.0,0.5
93380,0.8318477135310892,1.0,0.6666666666666666,0.7702043899253147,1.0,0.5833333333333334,0.8486026589039901,1.0,0.6666666666666666
93385,0.8115558478722846,1.0,0.7272727272727273,0.7975167679274939,1.0,0.7272727272727273,0.8701249883466594,1.0,0.7272727272727273
93388,0.9216017310213247,1.0,0.6,1.0,1.0,0.6666666666666666,1.0,1.0,0.6666666666666666
93401,0.781144079120574,1.0,0.7777777777777778,0.6750243222195373,0.5,0.7777777777777778,0.8932904563001185,1.0,0.8888888888888888
93405,0.9337457765456111,1.0,0.75,0.8701249883466594,1.0,0.6666666666666666,0.9363792118010483,1.0,0.75
93413,1.0,1.0,0.3225806451612903,1.0,1.0,0.3225806451612903,1.0,1.0,0.3225806451612903
93414,0.8572048559638626,1.0,0.7272727272727273,0.793584067764911,1.0,0.6363636363636364,0.9363792118010483,1.0,0.8181818181818182
93419,0.92663607790064,1.0,0.6,0.92663607790064,1.0,0.6,0.9337457765456111,1.0,0.6
93421,0.8611375561264456,1.0,0.3333333333333333,0.77990823370192,0.5,0.3333333333333333,0.7065443116025598,0.5,0.2962962962962963
93431,0.706100342134181,1.0,0.7142857142857143,0.3163449182903564,0.25,0.42857142857142855,0.5350178183966501,1.0,0.42857142857142855
93433,0.0,0.05263157894736842,0.0,0.0,0.025,0.0,0.0,0.0625,0.0
93434,0.43067655807339306,0.25,1.0,0.5,0.3333333333333333,1.0,0.3562071871080222,0.16666666666666666,1.0
93436,0.830419897363192,1.0,0.8,0.8200261225503443,1.0,0.8,0.843537875344446,1.0,0.8
93437,0.9911205770005563,1.0,1.0,0.9950883841893561,1.0,1.0,0.9083745556952363,1.0,0.8571428571428571
93439,0.7238911047912078,1.0,0.8,0.7365447429771821,1.0,0.8,0.5236938779715556,0.3333333333333333,0.8
93442,0.5,0.3333333333333333,1.0,0.5,0.3333333333333333,1.0,0.5,0.3333333333333333,1.0
93443,0.9363792118010483,1.0,0.75,0.841492960259019,1.0,0.6666666666666666,0.92663607790064,1.0,0.75
93451,1.0,1.0,0.29411764705882354,1.0,1.0,0.29411764705882354,1.0,1.0,0.29411764705882354
93453,0.5672274908036509,1.0,0.5,0.5357086937004183,1.0,0.5,0.29345568839744024,1.0,0.2
93464,0.38685280723454163,0.5,0.5,0.38685280723454163,0.5,0.5,0.2640681225725909,0.25,0.5
93610,0.8572048559638626,1.0,0.5,0.8643145546088339,1.0,0.5,1.0,1.0,0.625
93796,1.0,1.0,0.38461538461538464,1.0,1.0,0.38461538461538464,1.0,1.0,0.38461538461538464
93803,0.9550236580992476,1.0,1.0,0.9550236580992476,1.0,1.0,0.9619991470595832,1.0,1.0
93812,1.0,1.0,0.625,1.0,1.0,0.625,1.0,1.0,0.625
93814,0.7065632165480473,1.0,0.5833333333333334,0.8482378089219648,1.0,0.6666666666666666,0.8701249883466594,1.0,0.6666666666666666
93928,0.92663607790064,1.0,0.6,0.9148568823583791,1.0,0.6,0.9216017310213247,1.0,0.6
93967,0.7420427805456776,1.0,0.8,0.6462900185951487,1.0,0.8,0.830419897363192,1.0,0.8
93973,1.0,1.0,0.6666666666666666,1.0,1.0,0.6666666666666666,1.0,1.0,0.6666666666666666
94018,0.6177639991612476,1.0,0.29411764705882354,0.6687607038361473,1.0,0.35294117647058826,0.7948833326720566,1.0,0.47058823529411764
94242,1.0,1.0,0.625,1.0,1.0,0.625,1.0,1.0,0.625
94252,0.8118374955798289,0.5,1.0,0.9888009031441519,1.0,1.0,0.9950883841893561,1.0,1.0
94253,1.0,1.0,1.0,1.0,1.0,1.0,1.0,1.0,1.0
94257,1.0,1.0,0.625,1.0,1.0,0.625,1.0,1.0,0.625
94338,1.0,1.0,1.0,1.0,1.0,1.0,0.6309297535714575,0.5,1.0
94453,0.88995411685096,1.0,0.3103448275862069,0.92663607790064,1.0,0.3103448275862069,0.88995411685096,1.0,0.3103448275862069
94503,0.13012668333070054,0.14285714285714285,0.25,0.11751610475642714,0.1111111111111111,0.25,0.0,0.058823529411764705,0.0
94519,0.718362797268624,1.0,0.4,0.718362797268624,1.0,0.4,0.7885497208855957,1.0,0.4666666666666667
94555,0.5827974955243853,1.0,0.5714285714285714,0.6730234638881232,1.0,0.5714285714285714,0.637033973357029,1.0,0.5714285714285714
95053,1.0,1.0,0.6666666666666666,1.0,1.0,0.6666666666666666,1.0,1.0,0.6666666666666666
95057,1.0,1.0,0.8333333333333334,1.0,1.0,0.8333333333333334,0.8512360941594275,1.0,0.6666666666666666
95058,1.0,1.0,1.0,0.9363792118010483,1.0,0.9,1.0,1.0,1.0
95076,1.0,1.0,0.5882352941176471,1.0,1.0,0.5882352941176471,1.0,1.0,0.5882352941176471
95104,0.8454256604216018,1.0,0.6666666666666666,0.8553475075669357,1.0,0.6666666666666666,0.9148568823583791,1.0,0.75
95119,1.0,1.0,0.45454545454545453,0.8611375561264456,1.0,0.4090909090909091,0.8611375561264456,1.0,0.4090909090909091
95129,1.0,1.0,0.625,1.0,1.0,0.625,1.0,1.0,0.625
95130,0.7917063341896683,1.0,0.34782608695652173,0.6163668470816235,0.5,0.30434782608695654,0.4553242592576837,0.5,0.21739130434782608
95140,0.7976403384579975,1.0,0.8333333333333334,0.81383546042969,1.0,0.8333333333333334,0.8922108454754891,1.0,0.8333333333333334
95149,0.7967610662472993,1.0,0.6363636363636364,0.7967610662472993,1.0,0.6363636363636364,0.7967610662472993,1.0,0.6363636363636364
95150,1.0,1.0,0.45454545454545453,1.0,1.0,0.45454545454545453,1.0,1.0,0.45454545454545453
95244,1.0,1.0,1.0,1.0,1.0,1.0,0.9930783166417602,1.0,1.0
95317,1.0,1.0,1.0,1.0,1.0,1.0,1.0,1.0,1.0
95560,0.897617883552293,1.0,1.0,0.845492393129878,1.0,1.0,0.7725405791675511,0.5,1.0
95566,0.9363792118010483,1.0,0.75,1.0,1.0,0.8333333333333334,1.0,1.0,0.8333333333333334
95668,0.4747204845360814,0.5,0.6666666666666666,0.38980242392690373,0.5,0.5,0.3995774918697168,0.5,0.5
95683,0.8006937664098821,1.0,0.3333333333333333,0.7948833326720566,1.0,0.38095238095238093,0.8611375561264456,1.0,0.42857142857142855
95802,0.9148568823583791,1.0,0.375,0.9052116356304495,1.0,0.375,0.77990823370192,0.5,0.375
95803,0.857980942822373,1.0,0.4444444444444444,0.7885497208855957,1.0,0.3888888888888889,0.8630152897016883,1.0,0.4444444444444444
95967,0.9052116356304495,1.0,0.6,0.9052116356304495,1.0,0.6,0.9216017310213247,1.0,0.6
95970,1.0,1.0,0.6666666666666666,1.0,1.0,0.6666666666666666,1.0,1.0,0.6666666666666666
96064,1.0,1.0,0.6666666666666666,1.0,1.0,0.6666666666666666,1.0,1.0,0.6666666666666666
96108,1.0,1.0,1.0,0.8248239677678635,1.0,0.8,0.843537875344446,1.0,0.8
96110,0.3597099118518293,1.0,0.15789473684210525,0.2863459897524693,1.0,0.10526315789473684,0.5711601909662337,1.0,0.3157894736842105
96121,0.8486026589039901,1.0,0.2962962962962963,0.7503359712972109,1.0,0.25925925925925924,0.9148568823583791,1.0,0.3333333333333333
96195,0.5801011487023698,0.5,0.8,0.816570313582933,1.0,1.0,0.7984186378284633,1.0,1.0
96202,0.8643145546088339,1.0,0.6153846153846154,0.7909506325094736,1.0,0.5384615384615384,0.8701249883466594,1.0,0.6153846153846154
96204,0.7087212693585175,1.0,0.75,0.8048099750039491,1.0,0.75,0.8726787744521319,1.0,1.0
96206,0.9305687780632229,1.0,0.391304347826087,0.9305687780632229,1.0,0.391304347826087,1.0,1.0,0.43478260869565216
96214,1.0,1.0,0.6666666666666666,1.0,1.0,0.6666666666666666,1.0,1.0,0.6666666666666666
96215,1.0,1.0,0.625,1.0,1.0,0.625,1.0,1.0,0.625
96219,0.8111564709904158,1.0,0.75,0.8219345592466819,1.0,0.75,0.7380396325465057,1.0,0.625
96220,1.0,1.0,0.6666666666666666,1.0,1.0,0.6666666666666666,1.0,1.0,0.6666666666666666
96222,0.7065443116025598,0.5,0.36363636363636365,0.6410457898283654,0.3333333333333333,0.36363636363636365,0.5559026721867444,0.3333333333333333,0.3181818181818182
96229,1.0,1.0,0.625,1.0,1.0,0.625,1.0,1.0,0.625
96233,1.0,1.0,0.625,1.0,1.0,0.625,1.0,1.0,0.625
96235,1.0,1.0,0.3448275862068966,1.0,1.0,0.3448275862068966,1.0,1.0,0.3448275862068966
96239,0.8486026589039901,1.0,0.6666666666666666,0.9305687780632229,1.0,0.75,0.9305687780632229,1.0,0.75
96243,0.27426546945536817,0.3333333333333333,0.3,0.40030566811860474,0.5,0.4,0.36837563413888724,0.3333333333333333,0.4
96249,1.0,1.0,0.625,1.0,1.0,0.625,1.0,1.0,0.625
96250,1.0,1.0,0.625,1.0,1.0,0.625,1.0,1.0,0.625
96251,0.971476156593264,1.0,1.0,0.9502262648327977,1.0,1.0,0.9796825595768973,1.0,1.0
96256,0.9363792118010483,1.0,0.25,1.0,1.0,0.2777777777777778,0.9216017310213247,1.0,0.25
96400,1.0,1.0,1.0,0.9674679834891693,1.0,1.0,1.0,1.0,1.0
96467,0.9796825595768973,1.0,1.0,0.8922108454754891,1.0,0.8333333333333334,1.0,1.0,1.0
96547,0.7447855140948257,0.5,1.0,0.7195284669516135,0.5,1.0,0.8211906546966005,1.0,1.0
96558,1.0,1.0,0.30303030303030304,1.0,1.0,0.30303030303030304,1.0,1.0,0.30303030303030304
96643,0.31546487678572877,0.125,1.0,0.31546487678572877,0.125,1.0,0.3010299956639812,0.1111111111111111,1.0
96663,0.14126697285982898,0.1111111111111111,0.3333333333333333,0.14126697285982898,0.1111111111111111,0.3333333333333333,0.0,0.05555555555555555,0.0
96802,0.88995411685096,1.0,0.6923076923076923,0.77990823370192,0.5,0.6923076923076923,0.92663607790064,1.0,0.6923076923076923
96855,0.7470572972323428,0.5,0.875,0.8255623292180633,1.0,0.875,0.7973123008848118,1.0,0.75
97004,0.9803771474638899,1.0,1.0,0.9803771474638899,1.0,1.0,0.9803771474638899,1.0,1.0
97078,0.8553475075669357,1.0,0.6666666666666666,0.9216017310213247,1.0,0.75,0.9216017310213247,1.0,0.75
97085,1.0,1.0,0.6666666666666666,1.0,1.0,0.6666666666666666,1.0,1.0,0.6666666666666666
97123,0.7102883736462104,1.0,0.75,0.5078857575563134,0.5,0.625,0.8337332227565654,1.0,0.875
97133,0.36865805394823997,0.5,0.36363636363636365,0.25787537406449274,0.3333333333333333,0.2727272727272727,0.46945447024602927,1.0,0.36363636363636365
97176,0.7957503936198024,1.0,0.7142857142857143,0.7957503936198024,1.0,0.7142857142857143,0.8847838959703267,1.0,0.8571428571428571
97273,0.3065735963827292,0.3333333333333333,0.5,0.3065735963827292,0.3333333333333333,0.5,0.38685280723454163,0.5,0.5
97286,0.7885497208855957,1.0,0.7,0.718362797268624,1.0,0.6,0.9148568823583791,1.0,0.9
97300,0.9888009031441519,1.0,1.0,0.9498751896215564,1.0,1.0,0.9132861715058803,1.0,1.0
97626,0.9145683473035052,1.0,1.0,0.8760157235037968,1.0,0.8333333333333334,0.6757954264526903,0.5,0.8333333333333334
97773,1.0,1.0,0.625,1.0,1.0,0.625,1.0,1.0,0.625
97868,0.9363792118010483,1.0,0.75,0.9363792118010483,1.0,0.75,0.9363792118010483,1.0,0.75
97946,0.5598144536257148,0.25,1.0,0.5218136006852979,0.2,1.0,0.7820669673466991,1.0,1.0
97968,0.1909208661789347,0.5,0.16666666666666666,0.11706259313796355,0.2,0.16666666666666666,0.08747171410140821,0.1,0.16666666666666666
98407,1.0,1.0,1.0,1.0,1.0,1.0,1.0,1.0,1.0
98529,0.9337457765456111,1.0,0.6428571428571429,0.9337457765456111,1.0,0.6428571428571429,0.9216017310213247,1.0,0.6428571428571429
98573,0.4371994911049732,1.0,0.4,0.36971678359107674,0.3333333333333333,0.6,0.6613041345216636,1.0,0.8
98791,1.0,1.0,0.6666666666666666,1.0,1.0,0.6666666666666666,1.0,1.0,0.6666666666666666
98795,0.8669479898642711,1.0,0.47058823529411764,0.88995411685096,1.0,0.5294117647058824,0.2457313285402064,0.3333333333333333,0.17647058823529413
98808,1.0,1.0,0.625,1.0,1.0,0.625,1.0,1.0,0.625
98815,0.6836550817096437,1.0,0.5714285714285714,0.7041249493150388,1.0,0.5714285714285714,0.7041249493150388,1.0,0.5714285714285714
98818,0.7877736340270853,1.0,0.7272727272727273,0.8611375561264456,1.0,0.8181818181818182,0.8205228949141828,1.0,0.7272727272727273
98838,1.0,1.0,0.3333333333333333,1.0,1.0,0.3333333333333333,1.0,1.0,0.3333333333333333
98852,0.8318724637288826,1.0,0.75,0.8318724637288826,1.0,0.75,0.8318724637288826,1.0,0.75
98868,1.0,1.0,1.0,0.6309297535714575,0.5,1.0,1.0,1.0,1.0
98875,1.0,1.0,0.625,1.0,1.0,0.625,1.0,1.0,0.625
98880,1.0,1.0,1.0,1.0,1.0,1.0,1.0,1.0,1.0
98883,0.7277107345829028,1.0,0.75,0.8112689688197959,1.0,0.75,0.7825367142417473,1.0,0.75
98884,0.9148568823583791,1.0,0.375,0.8521705090845474,1.0,0.3333333333333333,0.9148568823583791,1.0,0.375
98892,0.9911205770005563,1.0,1.0,0.8932076516505887,1.0,0.8571428571428571,0.9020870746500321,1.0,0.8571428571428571
98896,0.8486026589039901,1.0,0.7272727272727273,0.9337457765456111,1.0,0.8181818181818182,0.9305687780632229,1.0,0.8181818181818182
98902,0.727329844310522,1.0,0.6,0.727329844310522,1.0,0.6,0.727329844310522,1.0,0.6
98905,1.0,1.0,0.625,1.0,1.0,0.625,1.0,1.0,0.625
98913,1.0,1.0,0.6666666666666666,1.0,1.0,0.6666666666666666,1.0,1.0,0.6666666666666666
98914,0.8611375561264456,1.0,0.8181818181818182,0.8611375561264456,1.0,0.8181818181818182,0.77990823370192,0.5,0.8181818181818182
98921,1.0,1.0,0.43478260869565216,1.0,1.0,0.43478260869565216,1.0,1.0,0.43478260869565216
98922,1.0,1.0,0.625,1.0,1.0,0.625,1.0,1.0,0.625
98924,1.0,1.0,0.6666666666666666,1.0,1.0,0.6666666666666666,1.0,1.0,0.6666666666666666
98925,0.6214011939609387,0.5,0.2413793103448276,0.7015099647232446,0.5,0.27586206896551724,0.8512360941594275,1.0,0.27586206896551724
98926,0.9148568823583791,1.0,0.75,0.9305687780632229,1.0,0.75,0.9305687780632229,1.0,0.75
98933,0.7827392871477703,1.0,0.32,0.8200685179888284,1.0,0.32,0.5774250016294137,0.3333333333333333,0.28
98934,1.0,1.0,0.625,1.0,1.0,0.625,1.0,1.0,0.625
98935,0.87710683944726,1.0,0.875,0.8111564709904158,1.0,0.75,0.8178341711089538,1.0,0.75
98951,0.88995411685096,1.0,0.6,0.8611375561264456,1.0,0.6,1.0,1.0,0.6666666666666666
98957,0.6754160255557639,1.0,0.2857142857142857,0.7065632165480473,1.0,0.3333333333333333,0.7624164915943119,1.0,0.3333333333333333
99028,0.9337457765456111,1.0,0.6,1.0,1.0,0.6666666666666666,1.0,1.0,0.6666666666666666
99030,0.805516250204893,1.0,0.7777777777777778,0.7370876004476404,1.0,0.6666666666666666,0.7812486170804571,1.0,0.7777777777777778
99031,0.77990823370192,0.5,0.4090909090909091,0.9148568823583791,1.0,0.4090909090909091,0.9052116356304495,1.0,0.4090909090909091
99032,0.639945385422766,1.0,0.6,0.4226415848467783,0.3333333333333333,0.6,0.639945385422766,1.0,0.6
99033,0.9148568823583791,1.0,0.2903225806451613,0.9148568823583791,1.0,0.2903225806451613,1.0,1.0,0.3225806451612903
99036,0.7975167679274939,1.0,0.8,0.6442227883107536,0.5,0.7,0.7015099647232446,0.5,0.8
99038,0.8701249883466594,1.0,0.47058823529411764,0.8643145546088339,1.0,0.47058823529411764,0.9363792118010483,1.0,0.5294117647058824
99040,0.7917063341896683,1.0,0.5714285714285714,0.8611375561264456,1.0,0.6428571428571429,1.0,1.0,0.7142857142857143
99041,0.7846170207230131,1.0,0.30434782608695654,0.7411902110103873,1.0,0.30434782608695654,0.8512360941594275,1.0,0.34782608695652173
99045,0.9363792118010483,1.0,0.36,0.7670273914429266,1.0,0.28,0.92663607790064,1.0,0.36
99048,0.5368103404171508,0.5,0.2222222222222222,0.6402900881481708,0.5,0.25925925925925924,0.6468562235661909,0.5,0.25925925925925924
99049,1.0,1.0,0.6666666666666666,0.92663607790064,1.0,0.6,1.0,1.0,0.6666666666666666
99052,1.0,1.0,0.29411764705882354,0.8643145546088339,1.0,0.23529411764705882,1.0,1.0,0.29411764705882354
99153,0.8630152897016883,1.0,0.32,0.7909506325094736,1.0,0.28,0.747935059673333,1.0,0.28
99263,0.7846170207230131,1.0,0.5384615384615384,0.7058075148678529,1.0,0.46153846153846156,0.6835381846158709,1.0,0.46153846153846156
99264,0.9148568823583791,1.0,0.3333333333333333,0.9337457765456111,1.0,0.3333333333333333,0.9052116356304495,1.0,0.3333333333333333
99322,0.6546154994739983,0.5,1.0,0.7328286204777911,0.5,1.0,0.6364391809889587,1.0,0.6666666666666666
99327,0.7653606369886217,1.0,0.6666666666666666,0.7653606369886217,1.0,0.6666666666666666,0.7039180890341347,1.0,0.6666666666666666
99329,0.8315546295836225,1.0,1.0,0.9197207891481876,1.0,1.0,1.0,1.0,1.0
99375,0.8006937664098821,1.0,0.25925925925925924,0.9337457765456111,1.0,0.3333333333333333,0.92663607790064,1.0,0.3333333333333333
99400,0.6442884260490733,1.0,0.625,0.6877116218800606,1.0,0.625,0.6958825154185628,1.0,0.625
99409,0.7827392871477703,1.0,0.6153846153846154,0.7827392871477703,1.0,0.6153846153846154,0.8415908474314977,1.0,0.6153846153846154
99535,0.8502983370860306,1.0,1.0,0.9565912771023181,1.0,1.0,0.8990671370233444,1.0,1.0
99551,1.0,1.0,0.6666666666666666,1.0,1.0,0.6666666666666666,1.0,1.0,0.6666666666666666
99789,0.6489315753318466,1.0,0.5,0.6489315753318466,1.0,0.5,0.6489315753318466,1.0,0.5
99917,1.0,1.0,0.625,1.0,1.0,0.625,1.0,1.0,0.625
99974,0.6131471927654584,1.0,0.5,0.38685280723454163,0.5,0.5,0.6131471927654584,1.0,0.5
100012,1.0,1.0,0.3125,1.0,1.0,0.3125,1.0,1.0,0.3125
100013,1.0,1.0,0.5555555555555556,1.0,1.0,0.5555555555555556,1.0,1.0,0.5555555555555556
100039,0.46900009332067494,1.0,0.3,0.7655934900767002,1.0,0.7,0.699473903081392,1.0,0.6
100088,1.0,1.0,0.3448275862068966,1.0,1.0,0.3448275862068966,1.0,1.0,0.3448275862068966
100096,0.5,0.3333333333333333,1.0,0.3562071871080222,0.16666666666666666,1.0,1.0,1.0,1.0
100125,1.0,1.0,0.625,1.0,1.0,0.625,1.0,1.0,0.625
100221,1.0,1.0,0.4166666666666667,1.0,1.0,0.4166666666666667,1.0,1.0,0.4166666666666667
100256,0.5143371794949736,0.3333333333333333,0.75,0.5143371794949736,0.3333333333333333,0.75,0.787702056960637,1.0,0.75
100257,1.0,1.0,0.2702702702702703,1.0,1.0,0.2702702702702703,1.0,1.0,0.2702702702702703
100264,0.7162874455029682,0.5,0.7272727272727273,0.6352557412688554,0.5,0.6363636363636364,0.7162874455029682,0.5,0.7272727272727273
100267,1.0,1.0,0.6666666666666666,1.0,1.0,0.6666666666666666,1.0,1.0,0.6666666666666666
100270,0.77990823370192,0.5,0.75,1.0,1.0,0.8333333333333334,1.0,1.0,0.8333333333333334
100277,1.0,1.0,0.29411764705882354,1.0,1.0,0.29411764705882354,1.0,1.0,0.29411764705882354
100280,0.9148568823583791,1.0,0.3,0.7951657524814092,1.0,0.26666666666666666,0.823699893396571,1.0,0.26666666666666666
100283,1.0,1.0,0.625,1.0,1.0,0.625,1.0,1.0,0.625
100285,0.615733440277688,1.0,0.6,0.6843515475204855,1.0,0.6,0.7227265726449519,1.0,0.6
100286,0.7818048722226502,1.0,0.5833333333333334,0.8048109992093391,1.0,0.6666666666666666,0.8603818544462509,1.0,0.6666666666666666
100289,0.6366824387328317,1.0,0.5,0.9558295932317544,1.0,1.0,0.6366824387328317,1.0,0.5
100293,1.0,1.0,0.625,1.0,1.0,0.625,1.0,1.0,0.625
100309,0.46927872602275644,1.0,0.3333333333333333,0.0,0.058823529411764705,0.0,0.0,0.043478260869565216,0.0
100311,0.3065735963827292,0.3333333333333333,0.5,0.6509209298071326,0.5,1.0,0.17723928678404774,0.1,0.5
100324,1.0,1.0,0.7692307692307693,1.0,1.0,0.7692307692307693,1.0,1.0,0.7692307692307693
100325,1.0,1.0,0.625,1.0,1.0,0.625,1.0,1.0,0.625
100368,0.7753366239771086,1.0,0.5833333333333334,0.7753366239771086,1.0,0.5833333333333334,0.8486026589039901,1.0,0.6666666666666666
100385,0.8611375561264456,1.0,0.5294117647058824,1.0,1.0,0.5882352941176471,0.8643145546088339,1.0,0.47058823529411764
100388,0.6698623505528799,0.5,0.24242424242424243,0.7827392871477703,1.0,0.24242424242424243,0.9305687780632229,1.0,0.2727272727272727
100408,0.5994293804883523,0.5,0.75,0.7560966886192179,1.0,0.75,0.8807346094186412,1.0,1.0
100429,0.8881917374298554,1.0,0.875,0.8740803371737863,1.0,0.875,0.9613085758737653,1.0,1.0
100455,1.0,1.0,1.0,1.0,1.0,1.0,0.38685280723454163,0.2,1.0
100461,1.0,1.0,0.625,1.0,1.0,0.625,1.0,1.0,0.625
100464,1.0,1.0,0.5,1.0,1.0,0.5,1.0,1.0,0.5
100526,0.7624164915943119,1.0,0.5384615384615384,0.7721596254947204,1.0,0.5384615384615384,0.8521705090845474,1.0,0.6153846153846154
100556,0.6131471927654584,1.0,0.5,0.6131471927654584,1.0,0.5,0.6131471927654584,1.0,0.5
100591,0.6496872770120412,1.0,0.5454545454545454,0.6032621820619529,1.0,0.5454545454545454,0.7151857987862358,1.0,0.5454545454545454
100660,0.7778721720600673,1.0,0.7,0.7753366239771086,1.0,0.7,0.8572048559638626,1.0,0.8
100661,0.7191184989488185,1.0,0.7,0.7948833326720566,1.0,0.8,0.694765116060299,0.5,0.8
100662,0.8364586133797037,1.0,0.32,0.841492960259019,1.0,0.32,0.8512360941594275,1.0,0.32
100671,1.0,1.0,0.625,1.0,1.0,0.625,1.0,1.0,0.625
100676,1.0,1.0,0.625,1.0,1.0,0.625,1.0,1.0,0.625
100714,1.0,1.0,0.2777777777777778,1.0,1.0,0.2777777777777778,1.0,1.0,0.2777777777777778
100719,1.0,1.0,0.625,1.0,1.0,0.625,1.0,1.0,0.625
100721,0.36650177721905447,1.0,0.2857142857142857,0.38121301394452073,1.0,0.2857142857142857,0.4760051471749739,1.0,0.42857142857142855
100737,0.7819835854675756,1.0,0.7,0.8364586133797037,1.0,0.8,0.8454256604216018,1.0,0.8
100754,0.0,0.06666666666666667,0.0,0.0,0.06666666666666667,0.0,0.0,0.0625,0.0
100764,1.0,1.0,0.6666666666666666,1.0,1.0,0.6666666666666666,1.0,1.0,0.6666666666666666
100767,0.9148568823583791,1.0,0.36,0.7948833326720566,1.0,0.32,0.8482378089219648,1.0,0.32
100770,0.8701249883466594,1.0,0.7272727272727273,0.8669479898642711,1.0,0.7272727272727273,0.9337457765456111,1.0,0.8181818181818182
100772,1.0,1.0,0.625,1.0,1.0,0.625,1.0,1.0,0.625
100773,1.0,1.0,1.0,0.9043980816456213,1.0,1.0,1.0,1.0,1.0
100775,1.0,1.0,0.625,1.0,1.0,0.625,1.0,1.0,0.625
100790,1.0,1.0,0.7142857142857143,1.0,1.0,0.7142857142857143,1.0,1.0,0.7142857142857143
100793,1.0,1.0,0.625,1.0,1.0,0.625,1.0,1.0,0.625
100856,0.8784964149251224,1.0,0.8571428571428571,0.8513627366870065,1.0,0.8571428571428571,0.8936633189697701,1.0,0.8571428571428571
100857,1.0,1.0,0.5,1.0,1.0,0.5,0.9052116356304495,1.0,0.45
100858,0.9052116356304495,1.0,0.2727272727272727,0.9052116356304495,1.0,0.2727272727272727,1.0,1.0,0.30303030303030304
100885,0.5943907508440193,1.0,0.5,0.6013124342022591,1.0,0.5,0.6238470455881189,1.0,0.5
100886,0.9363792118010483,1.0,0.6,1.0,1.0,0.6666666666666666,0.9148568823583791,1.0,0.6
100901,1.0,1.0,0.9090909090909091,1.0,1.0,0.9090909090909091,1.0,1.0,0.9090909090909091
100939,1.0,1.0,1.0,1.0,1.0,1.0,1.0,1.0,1.0
100940,0.9674679834891693,1.0,1.0,0.9674679834891693,1.0,1.0,0.9217868789962071,1.0,1.0
100942,0.6749359875559983,1.0,0.42857142857142855,0.6969179698201176,1.0,0.5,0.5771493379489848,1.0,0.35714285714285715
100944,0.535254316775064,1.0,0.36363636363636365,0.5836175861945263,1.0,0.45454545454545453,0.7885497208855957,1.0,0.6363636363636364
101110,1.0,1.0,0.9090909090909091,1.0,1.0,0.9090909090909091,1.0,1.0,0.9090909090909091
101139,0.8630152897016883,1.0,0.4444444444444444,0.4642913062995819,0.5,0.2777777777777778,0.5040610795300535,0.3333333333333333,0.3333333333333333
101143,0.7495275800817669,1.0,0.75,0.29127873064148246,0.25,0.5,0.6366824387328317,1.0,0.5
101145,0.9363792118010483,1.0,0.6,0.92663607790064,1.0,0.6,0.9363792118010483,1.0,0.6
101148,0.8922108454754891,1.0,0.8333333333333334,0.9704091209634449,1.0,1.0,0.9838048780283076,1.0,1.0
101150,0.9363792118010483,1.0,0.8181818181818182,1.0,1.0,0.9090909090909091,0.9363792118010483,1.0,0.8181818181818182
101151,0.22466337602289158,0.25,0.25,0.24618570546556087,0.25,0.25,0.8643145546088339,1.0,0.6666666666666666
101154,0.8932076516505887,1.0,0.8571428571428571,0.8936633189697701,1.0,0.8571428571428571,0.7748248586952258,1.0,0.7142857142857143
101155,0.4822987244600303,0.5,0.75,0.2638647595767405,0.2,0.5,0.6325004241086446,0.3333333333333333,1.0
101163,0.7917063341896683,1.0,0.5714285714285714,0.77990823370192,0.5,0.6428571428571429,0.77990823370192,0.5,0.6428571428571429
101167,1.0,1.0,1.0,1.0,1.0,1.0,1.0,1.0,1.0
101168,0.6659485553357845,1.0,0.4375,0.571614567891588,0.3333333333333333,0.4375,0.45260163770065,0.25,0.375
101169,1.0,1.0,1.0,1.0,1.0,1.0,1.0,1.0,1.0
101170,0.6809047493604335,1.0,0.35294117647058826,0.6313419460517602,1.0,0.35294117647058826,0.5716349530699038,0.5,0.35294117647058826
101235,0.9148568823583791,1.0,0.6,0.88995411685096,1.0,0.6,0.9148568823583791,1.0,0.6
101264,1.0,1.0,1.0,1.0,1.0,1.0,1.0,1.0,1.0
101275,1.0,1.0,0.4,1.0,1.0,0.4,1.0,1.0,0.4
101282,0.9197207891481876,1.0,1.0,0.9197207891481876,1.0,1.0,0.9197207891481876,1.0,1.0
101283,0.6468562235661909,0.5,0.3181818181818182,0.8318477135310892,1.0,0.36363636363636365,0.7538142945344394,1.0,0.3181818181818182
101284,0.43067655807339306,0.25,1.0,0.43067655807339306,0.25,1.0,0.43067655807339306,0.25,1.0
101285,1.0,1.0,0.4,1.0,1.0,0.4,1.0,1.0,0.4
101286,1.0,1.0,0.43478260869565216,0.8611375561264456,1.0,0.391304347826087,0.8611375561264456,1.0,0.391304347826087
101287,1.0,1.0,0.35714285714285715,1.0,1.0,0.35714285714285715,1.0,1.0,0.35714285714285715
101289,1.0,1.0,0.43478260869565216,0.9216017310213247,1.0,0.391304347826087,0.9148568823583791,1.0,0.391304347826087
101292,0.6235540477207573,1.0,0.6,0.5572998242663683,1.0,0.5,0.706583601726363,1.0,0.6
101296,0.92663607790064,1.0,0.391304347826087,0.8630152897016883,1.0,0.34782608695652173,0.8630152897016883,1.0,0.34782608695652173
101303,0.8104616303452686,1.0,0.7142857142857143,0.9020870746500321,1.0,0.8571428571428571,0.8104616303452686,1.0,0.7142857142857143
101309,1.0,1.0,0.6666666666666666,1.0,1.0,0.6666666666666666,1.0,1.0,0.6666666666666666
101316,1.0,1.0,1.0,1.0,1.0,1.0,1.0,1.0,1.0
101321,1.0,1.0,0.3333333333333333,0.8486026589039901,1.0,0.26666666666666666,0.8603818544462509,1.0,0.26666666666666666
101323,1.0,1.0,0.6666666666666666,1.0,1.0,0.6666666666666666,1.0,1.0,0.6666666666666666
101327,1.0,1.0,0.7142857142857143,1.0,1.0,0.7142857142857143,1.0,1.0,0.7142857142857143
101342,1.0,1.0,0.625,1.0,1.0,0.625,1.0,1.0,0.625
101345,0.88995411685096,1.0,0.6,0.88995411685096,1.0,0.6,1.0,1.0,0.6666666666666666
101350,1.0,1.0,0.625,1.0,1.0,0.625,1.0,1.0,0.625
101352,0.9045395669105326,1.0,1.0,0.897617883552293,1.0,1.0,0.9838048780283076,1.0,1.0
101354,0.9363792118010483,1.0,0.75,1.0,1.0,0.8333333333333334,0.8701249883466594,1.0,0.6666666666666666
101358,0.889918709778036,1.0,0.8571428571428571,0.889918709778036,1.0,0.8571428571428571,0.8144039781397644,1.0,0.8571428571428571
101361,1.0,1.0,0.37037037037037035,1.0,1.0,0.37037037037037035,1.0,1.0,0.37037037037037035
101364,1.0,1.0,1.0,0.9060254355346823,1.0,1.0,0.9060254355346823,1.0,1.0
101370,1.0,1.0,0.8333333333333334,1.0,1.0,0.8333333333333334,1.0,1.0,0.8333333333333334
101371,1.0,1.0,0.625,1.0,1.0,0.625,1.0,1.0,0.625
101383,1.0,1.0,0.3125,0.5606114592078374,1.0,0.15625,0.857980942822373,1.0,0.25
101433,0.20438239758848611,0.14285714285714285,0.5,0.17723928678404774,0.1,0.5,0.21840743681816419,0.16666666666666666,0.5
101450,0.9148568823583791,1.0,0.6,0.8611375561264456,1.0,0.6,0.9052116356304495,1.0,0.6
101452,1.0,1.0,0.625,1.0,1.0,0.625,1.0,1.0,0.625
101454,0.43067655807339306,0.25,1.0,0.38685280723454163,0.2,1.0,0.38685280723454163,0.2,1.0
101455,0.88995411685096,1.0,0.6,1.0,1.0,0.6666666666666666,1.0,1.0,0.6666666666666666
101533,0.7975167679274939,1.0,0.5333333333333333,0.7312625444731049,1.0,0.4666666666666667,0.7191184989488185,1.0,0.4666666666666667
101538,0.6975237030812638,1.0,0.6666666666666666,0.7042876419925926,1.0,0.6666666666666666,0.7705418931555659,1.0,0.7777777777777778
101552,0.5392968862278849,1.0,0.6,0.2826335043946801,0.3333333333333333,0.4,0.2442584792702138,0.2,0.4
101554,0.8358912271816661,1.0,0.75,0.8358912271816661,1.0,0.75,0.9062487935025676,1.0,0.875
101581,0.9363792118010483,1.0,0.5625,1.0,1.0,0.625,0.8611375561264456,1.0,0.5625
101593,1.0,1.0,0.8333333333333334,0.9337457765456111,1.0,0.75,1.0,1.0,0.8333333333333334
101596,0.8318724637288826,1.0,0.75,0.8318724637288826,1.0,0.75,0.8318724637288826,1.0,0.75
101634,1.0,1.0,0.2702702702702703,0.92663607790064,1.0,0.24324324324324326,0.9305687780632229,1.0,0.24324324324324326
101651,1.0,1.0,1.0,1.0,1.0,1.0,0.8772153153380493,1.0,1.0
101705,0.5009732673492617,1.0,0.3333333333333333,0.46582309483828666,1.0,0.3333333333333333,0.5252098581198154,0.5,0.5
101919,1.0,1.0,1.0,1.0,1.0,1.0,1.0,1.0,1.0
101972,0.6773676006644396,1.0,0.5714285714285714,0.6461438622906607,1.0,0.5714285714285714,0.6684881776649959,1.0,0.5714285714285714
102123,0.9047172294870751,1.0,1.0,0.7606395682357036,0.5,1.0,0.9558295932317544,1.0,1.0
102282,0.861994354508527,1.0,0.8571428571428571,0.8847838959703267,1.0,0.8571428571428571,0.8784964149251224,1.0,0.8571428571428571
102295,0.6992148198508501,1.0,0.6,0.6992148198508501,1.0,0.6,0.5531464700081437,1.0,0.4
102744,1.0,1.0,0.625,1.0,1.0,0.625,1.0,1.0,0.625
102867,1.0,1.0,1.0,1.0,1.0,1.0,1.0,1.0,1.0
102968,1.0,1.0,0.625,1.0,1.0,0.625,1.0,1.0,0.625
103066,1.0,1.0,0.43478260869565216,1.0,1.0,0.43478260869565216,1.0,1.0,0.43478260869565216
103124,1.0,1.0,0.6666666666666666,1.0,1.0,0.6666666666666666,1.0,1.0,0.6666666666666666
103125,0.7827392871477703,1.0,0.5714285714285714,0.9148568823583791,1.0,0.6428571428571429,0.9052116356304495,1.0,0.6428571428571429
103127,0.7682269253321375,1.0,0.5384615384615384,0.7778721720600673,1.0,0.5384615384615384,0.826813366651774,1.0,0.6153846153846154
103128,1.0,1.0,0.7142857142857143,1.0,1.0,0.7142857142857143,1.0,1.0,0.7142857142857143
103144,0.7322962005285631,1.0,0.6666666666666666,0.7618870795651186,1.0,0.6666666666666666,0.7402849195166223,1.0,0.6666666666666666
103165,0.7937341100537232,1.0,0.75,0.7892144143602857,1.0,0.75,0.8954707052463013,1.0,0.875
103185,1.0,1.0,0.8333333333333334,1.0,1.0,0.8333333333333334,1.0,1.0,0.8333333333333334
103196,0.9305687780632229,1.0,0.2903225806451613,1.0,1.0,0.3225806451612903,1.0,1.0,0.3225806451612903
103208,0.13905617951077562,0.16666666666666666,0.25,0.123151194370365,0.125,0.25,0.13905617951077562,0.16666666666666666,0.25
103275,0.7207934339526979,1.0,0.6666666666666666,0.5754994188159136,1.0,0.4444444444444444,0.32028159950352997,0.5,0.3333333333333333
103277,1.0,1.0,0.6666666666666666,1.0,1.0,0.6666666666666666,1.0,1.0,0.6666666666666666
103282,0.9828920819566879,1.0,1.0,0.9828920819566879,1.0,1.0,1.0,1.0,1.0
103284,0.5252098581198154,0.5,0.46153846153846156,0.5391870169376467,1.0,0.38461538461538464,0.6936634693435664,1.0,0.46153846153846156
103297,1.0,1.0,0.29411764705882354,1.0,1.0,0.29411764705882354,1.0,1.0,0.29411764705882354
103346,0.9337457765456111,1.0,0.3333333333333333,0.8701249883466594,1.0,0.2962962962962963,0.6968404678259547,1.0,0.2222222222222222
103347,1.0,1.0,0.7142857142857143,1.0,1.0,0.7142857142857143,1.0,1.0,0.7142857142857143
103353,0.9493885684853097,1.0,1.0,0.75369761125927,1.0,0.75,0.8927537907700456,1.0,1.0
103355,0.769526190239283,1.0,0.35,0.5333765831998211,1.0,0.25,0.5618918191694955,0.5,0.3
103366,0.6645997082078612,1.0,0.5714285714285714,0.5462169152524982,1.0,0.42857142857142855,0.5546406709327603,1.0,0.42857142857142855
103368,0.6325414799409712,1.0,0.2777777777777778,0.6987957033953602,1.0,0.3333333333333333,0.7058075148678529,1.0,0.3333333333333333
103436,0.8313773227400805,1.0,0.8333333333333334,0.644824486427155,1.0,0.5,0.870608685426993,1.0,0.8333333333333334
103437,0.38685280723454163,0.2,1.0,0.0,0.07142857142857142,0.0,0.2890648263178879,0.1,1.0
103508,1.0,1.0,0.625,1.0,1.0,0.625,1.0,1.0,0.625
103509,1.0,1.0,0.3125,1.0,1.0,0.3125,1.0,1.0,0.3125
103515,1.0,1.0,0.625,1.0,1.0,0.625,1.0,1.0,0.625
103516,1.0,1.0,1.0,1.0,1.0,1.0,1.0,1.0,1.0
103521,1.0,1.0,0.3125,1.0,1.0,0.3125,1.0,1.0,0.3125
103555,0.8512360941594275,1.0,0.42105263157894735,0.8048109992093391,1.0,0.42105263157894735,0.7948833326720566,1.0,0.42105263157894735
103819,0.8307234529095261,1.0,0.7777777777777778,0.8446905084406404,1.0,0.7777777777777778,0.7380855027006419,1.0,0.6666666666666666
103950,0.39956887138389763,1.0,0.2727272727272727,0.22400556151517556,0.5,0.18181818181818182,0.48882922182497557,1.0,0.36363636363636365
103955,0.9148568823583791,1.0,0.6,0.9148568823583791,1.0,0.6,1.0,1.0,0.6666666666666666
104013,1.0,1.0,0.625,1.0,1.0,0.625,1.0,1.0,0.625
104076,0.7671708088082309,1.0,0.6666666666666666,0.7671708088082309,1.0,0.6666666666666666,0.8508957228074243,1.0,0.7777777777777778
104171,0.77990823370192,0.5,0.6923076923076923,0.77990823370192,0.5,0.6923076923076923,0.77990823370192,0.5,0.6923076923076923
104201,0.7917063341896683,1.0,0.23529411764705882,0.88995411685096,1.0,0.2647058823529412,0.8048109992093391,1.0,0.23529411764705882
104208,0.6930221935231563,1.0,0.5555555555555556,0.6200500745793595,0.5,0.6666666666666666,0.7713707099946514,1.0,0.6666666666666666
104214,0.7778721720600673,1.0,0.7,0.7967610662472993,1.0,0.7,0.6177639991612476,1.0,0.5
104216,0.9148568823583791,1.0,0.6923076923076923,0.9216017310213247,1.0,0.6923076923076923,1.0,1.0,0.7692307692307693
104239,1.0,1.0,0.3125,1.0,1.0,0.3125,1.0,1.0,0.3125
104274,1.0,1.0,0.37037037037037035,1.0,1.0,0.37037037037037035,1.0,1.0,0.37037037037037035
104278,1.0,1.0,0.7142857142857143,1.0,1.0,0.7142857142857143,0.9337457765456111,1.0,0.6428571428571429
104280,0.19342640361727081,0.125,0.5,0.21840743681816419,0.16666666666666666,0.5,0.3065735963827292,0.3333333333333333,0.5
104296,0.8603818544462509,1.0,0.4,0.8572048559638626,1.0,0.4,0.8486026589039901,1.0,0.4
104302,0.3010299956639812,0.1111111111111111,1.0,0.0,0.06666666666666667,0.0,0.2890648263178879,0.1,1.0
104303,0.9782917460822231,1.0,1.0,0.9963488021549354,1.0,1.0,0.9963488021549354,1.0,1.0
104306,0.8687949224876582,1.0,0.8,0.830419897363192,1.0,0.8,0.9560290452802053,1.0,1.0
104307,1.0,1.0,0.43478260869565216,1.0,1.0,0.43478260869565216,0.88995411685096,1.0,0.391304347826087
104315,0.6168295842361275,1.0,0.3125,0.7151857987862358,1.0,0.375,0.5193185983095429,1.0,0.3125
104319,0.5795003533950693,1.0,0.5,0.6207622843987103,1.0,0.5,0.7007731679885375,1.0,0.6
104668,0.9060254355346823,1.0,1.0,1.0,1.0,1.0,0.7328286204777911,0.5,1.0
104669,1.0,1.0,1.0,1.0,1.0,1.0,1.0,1.0,1.0
104670,0.8922108454754891,1.0,0.8333333333333334,0.8829374068620366,1.0,0.8333333333333334,0.8922108454754891,1.0,0.8333333333333334
104740,1.0,1.0,0.6666666666666666,1.0,1.0,0.6666666666666666,1.0,1.0,0.6666666666666666
104812,1.0,1.0,0.625,1.0,1.0,0.625,1.0,1.0,0.625
104817,1.0,1.0,0.625,1.0,1.0,0.625,1.0,1.0,0.625
104826,0.8553475075669357,1.0,0.3076923076923077,0.7849818707050383,1.0,0.2692307692307692,0.9305687780632229,1.0,0.34615384615384615
104896,1.0,1.0,0.6666666666666666,1.0,1.0,0.6666666666666666,1.0,1.0,0.6666666666666666
104915,1.0,1.0,0.625,1.0,1.0,0.625,1.0,1.0,0.625
105177,1.0,1.0,0.3125,1.0,1.0,0.3125,0.9337457765456111,1.0,0.28125
105201,0.8219345592466819,1.0,0.75,0.7389081303948786,1.0,0.75,0.8798661115702683,1.0,0.875
105263,0.791726719367984,1.0,0.3888888888888889,0.9337457765456111,1.0,0.5,0.7967610662472993,1.0,0.3888888888888889
105271,1.0,1.0,0.625,0.9363792118010483,1.0,0.5625,0.9305687780632229,1.0,0.5625
105292,0.8315546295836225,1.0,1.0,0.6131471927654584,1.0,0.5,0.6131471927654584,1.0,0.5
105307,1.0,1.0,0.7692307692307693,0.9305687780632229,1.0,0.6923076923076923,1.0,1.0,0.7692307692307693
105309,0.9132861715058803,1.0,1.0,0.9044067485064367,1.0,1.0,0.9652102434192421,1.0,1.0
105310,0.8687949224876582,1.0,0.8,0.9896062251871525,1.0,1.0,1.0,1.0,1.0
105311,0.5009732673492617,1.0,0.4,0.46364403650820374,1.0,0.4,0.6046855387118413,1.0,0.5
105340,1.0,1.0,1.0,1.0,1.0,1.0,1.0,1.0,1.0
105341,1.0,1.0,1.0,1.0,1.0,1.0,1.0,1.0,1.0
105357,0.5,0.3333333333333333,1.0,0.6309297535714575,0.5,1.0,1.0,1.0,1.0
105374,0.5384313152574522,1.0,0.4,0.6969383549984333,1.0,0.6,0.7059054020403313,1.0,0.6
105375,0.4671034547999447,0.5,0.3333333333333333,0.3792377156012898,0.25,0.3333333333333333,0.6028078051365984,1.0,0.4
105478,0.8740803371737863,1.0,0.875,0.7211689601674283,1.0,0.625,0.8264542549401195,1.0,0.875
105546,0.9674679834891693,1.0,1.0,0.9674679834891693,1.0,1.0,0.9134015924715543,1.0,1.0
105551,0.5199967979955746,1.0,0.26666666666666666,0.4152807670887413,1.0,0.2,0.5708588662113935,0.5,0.4
105616,0.7114533439819829,1.0,0.6666666666666666,0.6718336845524548,1.0,0.6666666666666666,0.6718336845524548,1.0,0.6666666666666666
105617,1.0,1.0,0.43478260869565216,1.0,1.0,0.43478260869565216,1.0,1.0,0.43478260869565216
105620,1.0,1.0,0.625,1.0,1.0,0.625,1.0,1.0,0.625
105625,0.9216017310213247,1.0,0.2903225806451613,0.9148568823583791,1.0,0.2903225806451613,0.9363792118010483,1.0,0.2903225806451613
105652,0.8553475075669357,1.0,0.8,0.7849818707050383,1.0,0.7,1.0,1.0,1.0
105660,0.6153925060653322,0.3333333333333333,1.0,0.8262373741149447,1.0,1.0,0.653894291235738,0.5,1.0
105717,1.0,1.0,0.6666666666666666,1.0,1.0,0.6666666666666666,1.0,1.0,0.6666666666666666
105811,0.6934264036172708,0.5,1.0,0.8772153153380493,1.0,1.0,0.8503449055347546,1.0,1.0
105872,0.9705437052559006,1.0,1.0,0.9495662644168644,1.0,1.0,0.9495662644168644,1.0,1.0
105873,1.0,1.0,0.9090909090909091,0.9148568823583791,1.0,0.8181818181818182,0.9305687780632229,1.0,0.8181818181818182
105875,0.9197207891481876,1.0,1.0,1.0,1.0,1.0,0.6934264036172708,0.5,1.0
105893,1.0,1.0,1.0,1.0,1.0,1.0,1.0,1.0,1.0
105912,1.0,1.0,0.6666666666666666,1.0,1.0,0.6666666666666666,1.0,1.0,0.6666666666666666
105915,1.0,1.0,0.7692307692307693,1.0,1.0,0.7692307692307693,1.0,1.0,0.7692307692307693
105922,1.0,1.0,1.0,1.0,1.0,1.0,1.0,1.0,1.0
105935,0.9363792118010483,1.0,0.6428571428571429,0.9363792118010483,1.0,0.6428571428571429,0.9363792118010483,1.0,0.6428571428571429
105949,0.633219679627003,1.0,0.5,0.35623158861460097,0.3333333333333333,0.4,0.5637884576902257,1.0,0.4
105952,0.7653606369886217,1.0,0.6666666666666666,0.7653606369886217,1.0,0.6666666666666666,0.7653606369886217,1.0,0.6666666666666666
105954,0.5559904114224437,1.0,0.5555555555555556,0.496322085505333,0.25,0.6666666666666666,0.4145807144698439,0.25,0.5555555555555556
106186,1.0,1.0,0.7692307692307693,1.0,1.0,0.7692307692307693,1.0,1.0,0.7692307692307693
106272,0.7007731679885375,1.0,0.4,0.7007731679885375,1.0,0.4,0.8482378089219648,1.0,0.5333333333333333
106423,0.826813366651774,1.0,0.26666666666666666,0.6601585067762745,1.0,0.2,0.8454256604216018,1.0,0.26666666666666666
106430,0.8572048559638626,1.0,0.4,0.8701249883466594,1.0,0.4,0.8572048559638626,1.0,0.4
106549,0.3903800499921017,1.0,0.25,0.3903800499921017,1.0,0.25,0.3903800499921017,1.0,0.25
106553,0.9896062251871525,1.0,1.0,1.0,1.0,1.0,1.0,1.0,1.0
106558,0.6402900881481708,0.5,0.3181818181818182,0.6214011939609387,0.5,0.3181818181818182,0.6687607038361473,1.0,0.2727272727272727
106634,0.8611375561264456,1.0,0.36,0.8611375561264456,1.0,0.36,0.88995411685096,1.0,0.36
106767,0.6269451355036492,1.0,0.625,0.45230377787847614,0.5,0.5,0.7247967301388095,1.0,0.75
106851,0.6605440328515734,1.0,0.6666666666666666,0.4549734286753061,0.3333333333333333,0.5555555555555556,0.5749923997602928,1.0,0.5555555555555556
106852,0.7909506325094736,1.0,0.7,0.7819835854675756,1.0,0.7,0.7859162856301584,1.0,0.7
107000,0.6659485553357845,1.0,0.22580645161290322,0.6659485553357845,1.0,0.22580645161290322,0.7000949683025057,1.0,0.22580645161290322
107002,1.0,1.0,0.8333333333333334,1.0,1.0,0.8333333333333334,1.0,1.0,0.8333333333333334
107004,0.9363792118010483,1.0,0.6428571428571429,0.9363792118010483,1.0,0.6428571428571429,0.9363792118010483,1.0,0.6428571428571429
107028,0.791726719367984,1.0,0.5384615384615384,0.8357804136936722,1.0,0.6153846153846154,0.8669479898642711,1.0,0.6153846153846154
107092,1.0,1.0,0.5263157894736842,1.0,1.0,0.5263157894736842,1.0,1.0,0.5263157894736842
107120,1.0,1.0,0.29411764705882354,1.0,1.0,0.29411764705882354,1.0,1.0,0.29411764705882354
107131,1.0,1.0,1.0,0.5,0.3333333333333333,1.0,0.5,0.3333333333333333,1.0
107132,1.0,1.0,0.35714285714285715,1.0,1.0,0.35714285714285715,1.0,1.0,0.35714285714285715
107186,0.9090719693810213,1.0,0.8888888888888888,0.9258513847149256,1.0,0.8888888888888888,0.8550956239938449,1.0,0.7777777777777778
107343,0.6528642754944295,1.0,0.5454545454545454,0.6154062275862391,1.0,0.5454545454545454,0.7778721720600673,1.0,0.6363636363636364
107428,0.9363792118010483,1.0,0.32142857142857145,0.9305687780632229,1.0,0.32142857142857145,1.0,1.0,0.35714285714285715
107506,0.6421867266689011,1.0,0.38461538461538464,0.6421867266689011,1.0,0.38461538461538464,0.6274092458891773,1.0,0.38461538461538464
107521,1.0,1.0,0.8333333333333334,1.0,1.0,0.8333333333333334,0.9337457765456111,1.0,0.75
107522,1.0,1.0,0.625,1.0,1.0,0.625,1.0,1.0,0.625
107525,0.9337457765456111,1.0,0.34615384615384615,0.9305687780632229,1.0,0.34615384615384615,0.8630152897016883,1.0,0.3076923076923077
107526,1.0,1.0,0.6666666666666666,1.0,1.0,0.6666666666666666,0.9148568823583791,1.0,0.6
107705,0.67175898907361,1.0,0.42857142857142855,0.5072380780124418,0.5,0.35714285714285715,0.6809047493604335,1.0,0.42857142857142855
107709,1.0,1.0,0.625,1.0,1.0,0.625,1.0,1.0,0.625
107710,1.0,1.0,0.6666666666666666,1.0,1.0,0.6666666666666666,1.0,1.0,0.6666666666666666
107781,0.18154179253735267,0.2,0.3333333333333333,0.20210734650054757,0.25,0.3333333333333333,0.7461976723150332,1.0,1.0
107887,1.0,1.0,0.625,1.0,1.0,0.625,1.0,1.0,0.625
107917,0.21515079688078367,0.14285714285714285,0.4,0.20503241819862084,0.125,0.4,0.32584372089811503,0.16666666666666666,0.6
107918,0.77990823370192,0.5,0.34615384615384615,0.713654010247531,0.5,0.3076923076923077,0.7162874455029682,0.5,0.3076923076923077
107925,1.0,1.0,0.45454545454545453,1.0,1.0,0.45454545454545453,1.0,1.0,0.45454545454545453
107946,0.9363792118010483,1.0,0.6923076923076923,0.9337457765456111,1.0,0.6923076923076923,0.9305687780632229,1.0,0.6923076923076923
107950,0.9305687780632229,1.0,0.4090909090909091,0.9305687780632229,1.0,0.4090909090909091,1.0,1.0,0.45454545454545453
107957,0.77990823370192,0.5,0.6,1.0,1.0,0.6666666666666666,1.0,1.0,0.6666666666666666
107982,0.4328368532653788,0.5,0.6,0.5502528928628452,1.0,0.6,0.7042299872433241,1.0,0.8
107984,0.7709363892380909,1.0,0.7142857142857143,0.8020378746650066,1.0,0.7142857142857143,0.7957503936198024,1.0,0.7142857142857143
107986,0.8643145546088339,1.0,0.7272727272727273,0.8553475075669357,1.0,0.7272727272727273,0.8643145546088339,1.0,0.7272727272727273
107989,1.0,1.0,0.7142857142857143,0.8630152897016883,1.0,0.5714285714285714,1.0,1.0,0.7142857142857143
107990,0.6609134825704245,0.5,0.7777777777777778,0.6008757069344629,0.3333333333333333,0.7777777777777778,0.6563441316651529,1.0,0.6666666666666666
107992,0.4985723557253839,1.0,0.2857142857142857,0.45374257454118555,1.0,0.21428571428571427,0.5173633627401373,1.0,0.2857142857142857
107995,0.20438239758848611,0.14285714285714285,0.5,0.2640681225725909,0.25,0.5,0.21840743681816419,0.16666666666666666,0.5
108000,0.7877736340270853,1.0,0.38095238095238093,0.6004311286161026,0.5,0.3333333333333333,0.4673791184803735,0.25,0.2857142857142857
108020,0.18507983333513942,0.25,0.25,0.1776461331976086,0.2,0.25,0.1990365012701236,0.25,0.25
108116,0.7751482523375256,1.0,0.6666666666666666,0.7751482523375256,1.0,0.6666666666666666,0.8662406555609836,1.0,0.8333333333333334
108120,1.0,1.0,0.7142857142857143,1.0,1.0,0.7142857142857143,1.0,1.0,0.7142857142857143
108197,1.0,1.0,0.3448275862068966,1.0,1.0,0.3448275862068966,1.0,1.0,0.3448275862068966
108205,0.7975167679274939,1.0,0.6666666666666666,0.7065443116025598,0.5,0.6666666666666666,0.9148568823583791,1.0,0.75
108230,0.5806020001118019,0.5,0.4,0.823699893396571,1.0,0.5333333333333333,0.7631925784528223,1.0,0.4666666666666667
108320,1.0,1.0,1.0,1.0,1.0,1.0,1.0,1.0,1.0
108336,0.8454256604216018,1.0,0.3333333333333333,0.8486026589039901,1.0,0.3333333333333333,0.9337457765456111,1.0,0.375
108337,1.0,1.0,0.6666666666666666,1.0,1.0,0.6666666666666666,1.0,1.0,0.6666666666666666
108338,0.6618313225363276,1.0,0.3157894736842105,0.6969179698201176,1.0,0.3684210526315789,0.7753366239771086,1.0,0.3684210526315789
108340,1.0,1.0,0.9090909090909091,1.0,1.0,0.9090909090909091,1.0,1.0,0.9090909090909091
108348,0.35917726695263485,0.5,0.375,0.35917726695263485,0.5,0.375,0.7022199783726599,1.0,0.625
108353,0.6879934754976503,0.5,0.7777777777777778,0.6908058353004402,0.5,0.7777777777777778,0.6941986898644341,0.5,0.7777777777777778
108356,1.0,1.0,0.47619047619047616,1.0,1.0,0.47619047619047616,1.0,1.0,0.47619047619047616
108358,1.0,1.0,0.625,1.0,1.0,0.625,1.0,1.0,0.625
108361,1.0,1.0,0.625,1.0,1.0,0.625,1.0,1.0,0.625
108363,1.0,1.0,0.6666666666666666,0.9148568823583791,1.0,0.6,1.0,1.0,0.6666666666666666
108364,0.88995411685096,1.0,0.6923076923076923,0.7948833326720566,1.0,0.6153846153846154,0.7877736340270853,1.0,0.6153846153846154
108367,1.0,1.0,0.7692307692307693,1.0,1.0,0.7692307692307693,0.92663607790064,1.0,0.6923076923076923
108369,0.88995411685096,1.0,0.34615384615384615,0.8389574121760603,1.0,0.3076923076923077,0.9305687780632229,1.0,0.34615384615384615
108371,0.6547216238913565,1.0,0.6,0.6300426811446147,1.0,0.5,0.6177639991612476,1.0,0.5
108373,1.0,1.0,0.625,1.0,1.0,0.625,1.0,1.0,0.625
108381,1.0,1.0,1.0,1.0,1.0,1.0,1.0,1.0,1.0
108383,1.0,1.0,0.6666666666666666,1.0,1.0,0.6666666666666666,1.0,1.0,0.6666666666666666
108385,1.0,1.0,0.5882352941176471,0.9305687780632229,1.0,0.5294117647058824,1.0,1.0,0.5882352941176471
108387,1.0,1.0,0.3225806451612903,1.0,1.0,0.3225806451612903,1.0,1.0,0.3225806451612903
108392,0.8389574121760603,1.0,0.5714285714285714,0.88995411685096,1.0,0.6428571428571429,0.8357804136936722,1.0,0.5714285714285714
108396,1.0,1.0,0.625,1.0,1.0,0.625,1.0,1.0,0.625
108451,0.6509209298071326,0.5,1.0,0.6240505200038379,0.5,1.0,0.6509209298071326,0.5,1.0
108521,0.9896062251871525,1.0,1.0,1.0,1.0,1.0,0.9747429528567879,1.0,1.0
108585,0.8072467605676945,1.0,1.0,0.7988614740430418,1.0,1.0,0.8072467605676945,1.0,1.0
108591,1.0,1.0,0.625,1.0,1.0,0.625,1.0,1.0,0.625
108605,1.0,1.0,1.0,1.0,1.0,1.0,1.0,1.0,1.0
108676,1.0,1.0,0.625,1.0,1.0,0.625,1.0,1.0,0.625
108708,0.5965377185773229,1.0,0.38461538461538464,0.5907272848394974,1.0,0.38461538461538464,0.5271064966405457,1.0,0.3076923076923077
108892,1.0,1.0,0.45454545454545453,1.0,1.0,0.45454545454545453,1.0,1.0,0.45454545454545453
108893,0.9216017310213247,1.0,0.34615384615384615,0.9216017310213247,1.0,0.34615384615384615,0.791726719367984,1.0,0.2692307692307692
108970,1.0,1.0,0.6666666666666666,1.0,1.0,0.6666666666666666,1.0,1.0,0.6666666666666666
108975,0.8315546295836225,1.0,1.0,0.6934264036172708,0.5,1.0,0.9197207891481876,1.0,1.0
108991,0.4946396555628011,1.0,0.4,0.4946396555628011,1.0,0.4,0.5541432109622959,1.0,0.4
109015,0.0,0.07692307692307693,0.0,0.0,0.07692307692307693,0.0,0.2890648263178879,0.1,1.0
109016,1.0,1.0,1.0,1.0,1.0,1.0,1.0,1.0,1.0
109038,0.5837154733670049,1.0,0.20833333333333334,0.5428183923453894,1.0,0.20833333333333334,0.32776097292662437,0.25,0.16666666666666666
109077,1.0,1.0,0.7142857142857143,1.0,1.0,0.7142857142857143,1.0,1.0,0.7142857142857143
109092,0.38685280723454163,0.5,0.5,0.4911492931622974,0.3333333333333333,1.0,0.41443699955334395,0.2,1.0
109097,0.41412294568879626,0.5,0.6,0.4371994911049732,1.0,0.4,0.4412576003965278,1.0,0.4
109100,0.8698774507711068,1.0,0.875,0.9429942892150167,1.0,1.0,0.884385807263706,1.0,0.875
109102,1.0,1.0,1.0,1.0,1.0,1.0,1.0,1.0,1.0
109251,0.8200685179888284,1.0,0.24242424242424243,1.0,1.0,0.30303030303030304,0.8486026589039901,1.0,0.24242424242424243
109288,1.0,1.0,1.0,1.0,1.0,1.0,1.0,1.0,1.0
109289,0.5943907508440193,1.0,0.5,0.6105858728157117,1.0,0.5,0.5809949937791564,1.0,0.5
109294,0.5000544765641111,1.0,0.5,0.7166492644739908,1.0,0.625,0.7240829646115216,1.0,0.625
109346,0.793584067764911,1.0,0.7,0.8630152897016883,1.0,0.8,0.8643145546088339,1.0,0.8
109413,1.0,1.0,0.6666666666666666,1.0,1.0,0.6666666666666666,0.9305687780632229,1.0,0.6
109414,1.0,1.0,0.625,1.0,1.0,0.625,1.0,1.0,0.625
109662,0.38685280723454163,0.5,0.5,0.6131471927654584,1.0,0.5,0.6131471927654584,1.0,0.5
109665,0.8207658584763088,1.0,0.8,0.843537875344446,1.0,0.8,0.8297197050122157,1.0,0.8
109697,0.9363792118010483,1.0,0.6923076923076923,1.0,1.0,0.7692307692307693,0.9363792118010483,1.0,0.6923076923076923
109800,0.77990823370192,0.5,0.6923076923076923,0.77990823370192,0.5,0.6923076923076923,0.77990823370192,0.5,0.6923076923076923
109844,1.0,1.0,1.0,1.0,1.0,1.0,1.0,1.0,1.0
110270,0.8357804136936722,1.0,0.4,0.8553475075669357,1.0,0.4,0.8415908474314977,1.0,0.4
110283,0.9560290452802053,1.0,1.0,0.9519709359886506,1.0,1.0,0.8539316501572937,1.0,0.8
110310,1.0,1.0,0.6666666666666666,1.0,1.0,0.6666666666666666,1.0,1.0,0.6666666666666666
110361,1.0,1.0,0.625,1.0,1.0,0.625,1.0,1.0,0.625
110378,0.0,0.058823529411764705,0.0,0.0,0.05555555555555555,0.0,0.0,0.047619047619047616,0.0
110606,1.0,1.0,1.0,1.0,1.0,1.0,1.0,1.0,1.0
110697,1.0,1.0,0.625,1.0,1.0,0.625,1.0,1.0,0.625
110767,0.8701249883466594,1.0,0.6666666666666666,0.8006937664098821,1.0,0.5833333333333334,0.8603818544462509,1.0,0.6666666666666666
110908,1.0,1.0,0.9090909090909091,1.0,1.0,0.9090909090909091,1.0,1.0,0.9090909090909091
111502,0.9148568823583791,1.0,0.2727272727272727,0.9216017310213247,1.0,0.2727272727272727,1.0,1.0,0.30303030303030304
111651,0.92663607790064,1.0,0.6,0.9305687780632229,1.0,0.6,0.9363792118010483,1.0,0.6
111685,0.9619991470595832,1.0,1.0,0.9493885684853097,1.0,1.0,0.9619991470595832,1.0,1.0
111755,0.7511984400967533,1.0,0.6666666666666666,0.6700375638224682,1.0,0.5555555555555556,0.760965594441447,1.0,0.6666666666666666
112265,0.6105456988825855,1.0,0.6666666666666666,0.6105456988825855,1.0,0.6666666666666666,0.617319681505689,1.0,0.6666666666666666
112338,0.9838048780283076,1.0,1.0,0.9705437052559006,1.0,1.0,0.7982650576674577,0.5,1.0
112850,0.8315546295836225,1.0,1.0,0.9197207891481876,1.0,1.0,0.6509209298071326,0.5,1.0
113768,1.0,1.0,1.0,1.0,1.0,1.0,1.0,1.0,1.0
114014,1.0,1.0,1.0,0.9860433320650158,1.0,1.0,1.0,1.0,1.0
114094,0.9305687780632229,1.0,0.28125,0.9052116356304495,1.0,0.28125,1.0,1.0,0.3125
114122,0.0,0.04,0.0,0.0,0.05,0.0,0.18154179253735267,0.2,0.3333333333333333
114128,1.0,1.0,0.7142857142857143,1.0,1.0,0.7142857142857143,1.0,1.0,0.7142857142857143
114198,1.0,1.0,0.3125,1.0,1.0,0.3125,1.0,1.0,0.3125
114300,1.0,1.0,0.8333333333333334,1.0,1.0,0.8333333333333334,1.0,1.0,0.8333333333333334
114328,0.47084972088011423,0.2,1.0,0.47084972088011423,0.2,1.0,0.7585866543655181,1.0,1.0
114349,0.5543110021543998,1.0,0.6,0.5922216874835863,1.0,0.6,0.4599715079731103,1.0,0.4
114368,1.0,1.0,1.0,0.9197207891481876,1.0,1.0,1.0,1.0,1.0
114373,0.5,0.3333333333333333,1.0,1.0,1.0,1.0,0.3010299956639812,0.1111111111111111,1.0
114374,1.0,1.0,1.0,0.6309297535714575,0.5,1.0,1.0,1.0,1.0
114382,1.0,1.0,1.0,1.0,1.0,1.0,1.0,1.0,1.0
114383,0.20210734650054757,0.25,0.3333333333333333,0.0,0.09090909090909091,0.0,0.14126697285982898,0.1111111111111111,0.3333333333333333
114384,1.0,1.0,1.0,1.0,1.0,1.0,1.0,1.0,1.0
114390,0.7532831509624124,1.0,0.8,0.9456352704673577,1.0,1.0,1.0,1.0,1.0
114398,1.0,1.0,1.0,0.9558295932317544,1.0,1.0,1.0,1.0,1.0
114401,1.0,1.0,0.6666666666666666,1.0,1.0,0.6666666666666666,1.0,1.0,0.6666666666666666
114403,0.6049306994552042,1.0,0.6666666666666666,0.6049306994552042,1.0,0.6666666666666666,0.812653045383133,1.0,1.0
114413,0.7909506325094736,1.0,0.7,0.6722390270733758,1.0,0.6,0.9363792118010483,1.0,0.9
114415,1.0,1.0,0.9090909090909091,1.0,1.0,0.9090909090909091,1.0,1.0,0.9090909090909091
114418,1.0,1.0,1.0,0.9363792118010483,1.0,0.9,1.0,1.0,1.0
114423,1.0,1.0,1.0,1.0,1.0,1.0,1.0,1.0,1.0
114431,0.9782917460822231,1.0,1.0,0.8232006379497264,0.5,1.0,1.0,1.0,1.0
114433,1.0,1.0,0.5555555555555556,1.0,1.0,0.5555555555555556,1.0,1.0,0.5555555555555556
114440,1.0,1.0,1.0,1.0,1.0,1.0,1.0,1.0,1.0
114442,1.0,1.0,1.0,1.0,1.0,1.0,1.0,1.0,1.0
114444,0.9469024295259745,1.0,1.0,0.9674679834891693,1.0,1.0,0.9674679834891693,1.0,1.0
114447,1.0,1.0,0.7142857142857143,1.0,1.0,0.7142857142857143,1.0,1.0,0.7142857142857143
114494,0.9337457765456111,1.0,0.6923076923076923,0.9148568823583791,1.0,0.6923076923076923,1.0,1.0,0.7692307692307693
114665,1.0,1.0,0.3448275862068966,1.0,1.0,0.3448275862068966,1.0,1.0,0.3448275862068966
114788,0.7104770117651427,0.5,0.8,0.7951657524814092,1.0,0.8,0.8512360941594275,1.0,0.8
115017,1.0,1.0,0.625,1.0,1.0,0.625,1.0,1.0,0.625
115068,0.3727892582642587,1.0,0.2857142857142857,0.4123144993714363,1.0,0.2857142857142857,0.5389601661911458,1.0,0.5714285714285714
115075,0.6508205185601091,1.0,0.6666666666666666,0.46927872602275644,1.0,0.3333333333333333,0.7039180890341347,1.0,0.6666666666666666
115136,0.8480740740411332,1.0,0.8333333333333334,0.8058467414416308,1.0,0.8333333333333334,0.8922108454754891,1.0,0.8333333333333334
115234,1.0,1.0,0.6666666666666666,1.0,1.0,0.6666666666666666,1.0,1.0,0.6666666666666666
115243,1.0,1.0,0.5555555555555556,1.0,1.0,0.5555555555555556,1.0,1.0,0.5555555555555556
115366,1.0,1.0,0.5263157894736842,1.0,1.0,0.5263157894736842,0.9337457765456111,1.0,0.47368421052631576
115370,1.0,1.0,0.6666666666666666,1.0,1.0,0.6666666666666666,1.0,1.0,0.6666666666666666
115378,0.36926780146674987,0.25,0.6666666666666666,0.2836929289153804,0.125,0.6666666666666666,0.519301112470348,0.25,1.0
115381,0.9363792118010483,1.0,0.28125,0.92663607790064,1.0,0.28125,0.8486026589039901,1.0,0.25
115384,1.0,1.0,0.6666666666666666,1.0,1.0,0.6666666666666666,0.88995411685096,1.0,0.6
115387,0.8643145546088339,1.0,0.6153846153846154,0.9337457765456111,1.0,0.6923076923076923,0.8553475075669357,1.0,0.6153846153846154
115392,1.0,1.0,1.0,1.0,1.0,1.0,1.0,1.0,1.0
115396,1.0,1.0,0.7142857142857143,1.0,1.0,0.7142857142857143,1.0,1.0,0.7142857142857143
115402,0.430624116386567,0.2,1.0,0.3065735963827292,0.3333333333333333,0.5,0.18457569677956817,0.1111111111111111,0.5
115405,0.9068250379649666,1.0,1.0,0.9747429528567877,1.0,1.0,0.6504460199135362,0.5,0.8
115407,1.0,1.0,0.7142857142857143,1.0,1.0,0.7142857142857143,1.0,1.0,0.7142857142857143
115413,0.5201261898372743,0.5,0.6666666666666666,0.7402849195166223,1.0,0.6666666666666666,0.7932723085919884,1.0,0.8333333333333334
115420,0.7328286204777911,0.5,1.0,0.9674679834891693,1.0,1.0,0.5256940434743352,0.25,1.0
115425,1.0,1.0,0.6666666666666666,1.0,1.0,0.6666666666666666,1.0,1.0,0.6666666666666666
115429,0.9363792118010483,1.0,0.34615384615384615,1.0,1.0,0.38461538461538464,0.9363792118010483,1.0,0.34615384615384615
115431,0.6049306994552042,1.0,0.6666666666666666,0.6049306994552042,1.0,0.6666666666666666,0.46927872602275644,1.0,0.3333333333333333
115437,0.8701249883466594,1.0,0.6666666666666666,0.8701249883466594,1.0,0.6666666666666666,0.8701249883466594,1.0,0.6666666666666666
115439,0.9337457765456111,1.0,0.8181818181818182,0.9363792118010483,1.0,0.8181818181818182,0.9337457765456111,1.0,0.8181818181818182
115447,1.0,1.0,0.625,1.0,1.0,0.625,1.0,1.0,0.625
115452,0.9674679834891693,1.0,1.0,0.7328286204777911,0.5,1.0,0.7122630665145961,0.5,1.0
115454,1.0,1.0,0.625,1.0,1.0,0.625,1.0,1.0,0.625
115457,0.6913184887144799,1.0,0.6666666666666666,0.5447249629530071,1.0,0.4444444444444444,0.6572190196347438,1.0,0.6666666666666666
115461,0.8701249883466594,1.0,0.8,0.9363792118010483,1.0,0.9,0.9337457765456111,1.0,0.9
115464,1.0,1.0,0.5263157894736842,1.0,1.0,0.5263157894736842,1.0,1.0,0.5263157894736842
115472,0.8900174613068491,1.0,1.0,0.9102003174374962,1.0,1.0,0.7316362001126299,1.0,0.6666666666666666
115474,1.0,1.0,0.37037037037037035,1.0,1.0,0.37037037037037035,1.0,1.0,0.37037037037037035
115476,0.9363792118010483,1.0,0.8181818181818182,0.9363792118010483,1.0,0.8181818181818182,0.9216017310213247,1.0,0.8181818181818182
115483,0.9216017310213247,1.0,0.3333333333333333,1.0,1.0,0.37037037037037035,0.9363792118010483,1.0,0.3333333333333333
115487,0.7162874455029682,0.5,0.8,0.7453016244178956,1.0,0.7,0.6879509227782193,1.0,0.7
115494,1.0,1.0,0.6666666666666666,1.0,1.0,0.6666666666666666,1.0,1.0,0.6666666666666666
115498,1.0,1.0,0.625,1.0,1.0,0.625,1.0,1.0,0.625
115500,0.39399144290744104,0.2,0.75,0.29007579773858083,0.2,0.5,0.7757386182436072,1.0,0.75
115503,0.9594516125393133,1.0,1.0,0.9414514339412945,1.0,1.0,0.9459073824327566,1.0,1.0
115504,1.0,1.0,0.625,1.0,1.0,0.625,1.0,1.0,0.625
115510,1.0,1.0,0.625,1.0,1.0,0.625,1.0,1.0,0.625
115512,0.6992148198508501,1.0,0.6,0.6661998717660157,1.0,0.6,0.6992148198508501,1.0,0.6
115516,1.0,1.0,0.625,1.0,1.0,0.625,1.0,1.0,0.625
115519,1.0,1.0,1.0,1.0,1.0,1.0,1.0,1.0,1.0
115520,0.9148568823583791,1.0,0.6923076923076923,0.8630152897016883,1.0,0.6153846153846154,0.92663607790064,1.0,0.6923076923076923
115524,0.08747171410140821,0.1,0.16666666666666666,0.5122720551416711,0.2,0.8333333333333334,0.8922108454754891,1.0,0.8333333333333334
115582,1.0,1.0,1.0,1.0,1.0,1.0,1.0,1.0,1.0
115630,0.4935232796777482,1.0,0.3333333333333333,0.6013124342022591,1.0,0.5,0.5846156829012062,1.0,0.5
115639,0.24630238874073,0.5,0.25,0.44149241373678083,0.5,0.5,0.3764290720714305,0.5,0.5
115895,0.8006937664098821,1.0,0.3333333333333333,0.8643145546088339,1.0,0.38095238095238093,0.8482378089219648,1.0,0.38095238095238093
115896,0.9305687780632229,1.0,0.2903225806451613,0.9363792118010483,1.0,0.2903225806451613,1.0,1.0,0.3225806451612903
115897,1.0,1.0,0.8333333333333334,1.0,1.0,0.8333333333333334,1.0,1.0,0.8333333333333334
115902,1.0,1.0,0.7142857142857143,0.8701249883466594,1.0,0.5714285714285714,1.0,1.0,0.7142857142857143
115934,0.8611375561264456,1.0,0.8181818181818182,0.9305687780632229,1.0,0.8181818181818182,0.823699893396571,1.0,0.7272727272727273
115939,1.0,1.0,0.7692307692307693,1.0,1.0,0.7692307692307693,1.0,1.0,0.7692307692307693
