query_id,query,nDCG_finetuned,nDCG_bm25,nDCG_congelado,mejor_baseline,delta_vs_mejor_baseline
4,"""vitamina c""",1.0,0.88995411685096,1.0,1.0,0.0
130,'el verano sin hombres',1.0,1.0,1.0,1.0,0.0
155,'suavizante sin olor',0.7653606369886217,0.5307212739772434,0.0,0.5307212739772434,0.23463936301137822
210,+3 dioptrias lente sin montar,0.3333333333333333,0.38685280723454163,0.3333333333333333,0.38685280723454163,-0.053519473901208314
232,", almohadilla sin tinta para sellos",0.841492960259019,0.07336392209936006,0.5769706247040592,0.5769706247040592,0.26452233555495974
237,", champú sin sal salerm",0.13886244387355456,0.23177307466786257,0.5779050396291793,0.5779050396291793,-0.4390425957556247
245,", mascarilla infantil ffp2 sin grafeno",0.7162874455029682,0.7569021067152311,0.5577804057619871,0.7569021067152311,-0.04061466121226287
248,", punta de acero, botas sin cordones",0.2658200052773918,0.4378043742107727,0.38414982660706115,0.4378043742107727,-0.17198436893338087
260,",metal anillo para el pelo sin goma",0.1909208661789347,0.21252302622743088,0.13032376591037065,0.21252302622743088,-0.02160216004849619
266,",vestido acanalado delgado sin mangas",1.0,1.0,0.8643145546088339,1.0,0.0
270,- butaca de diseño de terciopelo sin reposabrazos,0.727329844310522,0.349966777951421,0.6403089930936582,0.6403089930936582,0.08702085121686376
369,.bolitas sin gluten,0.9363792118010483,0.9363792118010483,1.0,1.0,-0.06362078819895167
375,.hidratante cara sin perfume,0.8486026589039901,0.7877736340270853,0.92663607790064,0.92663607790064,-0.07803341899664984
425,0.1mm wire sin esmalte,0.46047467141697834,0.44562607775993796,0.6564116633996523,0.6564116633996523,-0.19593699198267395
592,0lanchas sin cable,0.43707943365237834,0.17342765698823948,0.27487633291429087,0.27487633291429087,0.16220310073808747
672,1 año sin insectos,0.4412576003965278,0.44615333764087994,0.21398626473452756,0.44615333764087994,-0.004895737244352161
701,1 cerbeza sin alcol,0.9363792118010483,0.7100226348397881,0.9305687780632229,0.9305687780632229,0.005810433737825416
702,1 cinturones sin hebilla,1.0,0.4977962688668736,0.8643145546088339,0.8643145546088339,0.13568544539116612
740,1 funda de cojin con patron mixto sin relleno,0.6684881776649959,0.8346590855918831,0.6295304155921457,0.8346590855918831,-0.16617090792688716
747,1 gang 2 way wifi sin neutro,0.4006705181006301,0.2496640287027892,0.4505655760587973,0.4505655760587973,-0.04989505795816723
811,1 mascarilla sin aclarado,0.857980942822373,0.7791714369672128,0.6555476069276601,0.7791714369672128,0.07880950585516022
828,1 molde freidora sin aceite,0.5509662124799076,0.5779050396291793,0.6749359875559983,0.6749359875559983,-0.12396977507609064
851,1 palets madera baratos sin respaldo,0.7279965505724832,0.38414982660706115,0.20124768870643617,0.38414982660706115,0.3438467239654221
852,1 paños de limpieza de microfibra desechables sin pelusa,0.5637884576902257,0.5072380780124418,0.4034826666009929,0.5072380780124418,0.05655037967778387
855,1 pendientes clip hombre sin agujero,1.0,0.9337457765456111,1.0,1.0,0.0
882,1 sobre pokémon sin brillar,0.38685280723454163,0.38685280723454163,0.5,0.5,-0.11314719276545837
888,1 sumas sin llevada,0.7631925784528223,0.5224955967919311,0.6145870006788593,0.6145870006788593,0.148605577773963
901,1 turbante para rizos sin calor,0.62851089260591,0.37878333867593544,0.77990823370192,0.77990823370192,-0.15139734109601
937,"1, 2 o 3 pantalones cortos moldeadores sin costuras",0.6901935063354876,0.618519700841442,0.551331062461933,0.618519700841442,0.07167380549404556
1122,1/4 pulgadas convertidor sin llave de mandril,1.0,1.0,1.0,1.0,0.0
1126,1/4 sin cabeza hexagonales,0.3187704634136789,0.34416852174888696,0.3229501751883214,0.34416852174888696,-0.025398058335208085
1170,10 cinta de goma elástica para el pelo sin pliegue,1.0,0.8415908474314977,1.0,1.0,0.0
1178,10 enchufes regleta sin cable,0.0,0.38685280723454163,0.0,0.38685280723454163,-0.38685280723454163
1368,100 algodon mujer camisones sin mangas,0.9216017310213247,0.6620158551732018,0.9337457765456111,0.9337457765456111,-0.012144045524286384
1373,100 bandera españa sin escudo colga palo,0.9135277613190136,0.9502236778911698,0.8735286486161714,0.9502236778911698,-0.036695916572156206
1430,100 terminales de cable sin aislar,0.8701249883466594,0.8669479898642711,0.6867151830982592,0.8669479898642711,0.0031769984823882824
1431,100 velas sin parafina,0.4412851793128929,0.2972715964420571,0.17947710508581738,0.2972715964420571,0.14401358287083582
1437,100 whey protein sin lactosa,0.4772656487866462,0.41918605213740834,0.4772656487866462,0.4772656487866462,0.0
1440,100 x papel para hornear freidora sin aceite,0.7065443116025598,0.77990823370192,0.7948833326720566,0.7948833326720566,-0.08833902106949676
1508,100w proyector led exterior ip67 sin prime,1.0,1.0,0.6309297535714575,1.0,0.0
1538,105h sin tirantes,0.92663607790064,0.92663607790064,0.633219679627003,0.92663607790064,0.0
1658,10xdiez saco nordico sin relleno,0.7034066032439749,0.5212960629027201,0.6874708847784539,0.6874708847784539,0.015935718465520998
1727,11.1 tinte sin amoniaco,0.32558463453628983,0.0,0.3599578324401888,0.3599578324401888,-0.03437319790389898
1762,117a toner sin chip,1.0,1.0,1.0,1.0,0.0
1798,12 años sin piedad,1.0,1.0,1.0,1.0,0.0
1870,12 pomos sin tornillos,0.0,0.0,0.0,0.0,0.0
1921,12/0 sin amoniaco,1.0,1.0,0.0,1.0,0.0
1924,120 luces sin cables exterior,0.7542686714597937,0.7065443116025598,0.7162874455029682,0.7162874455029682,0.037981225956825515
1955,128gb ram ddr4,1.0,1.0,0.7605591431973849,1.0,0.0
1959,128x90 soporte para fotos cuadro sin borde,0.38685280723454163,0.31546487678572877,0.0,0.31546487678572877,0.07138793044881286
1982,12v electrovalvula programable para agua sin presión,0.2601000397495698,0.06794340091829076,0.1386991616393714,0.1386991616393714,0.1214008781101984
1983,12v electrovalvula sin presión,1.0,1.0,1.0,1.0,0.0
2027,13 cosas sin sentido,1.0,1.0,1.0,1.0,0.0
2059,135 x 190 somier sin patas,0.7849818707050383,0.5321408435198609,0.5590796706691327,0.5590796706691327,0.22590220003590566
2107,140x230 estor beige sin taladrar,0.3026024134988135,0.1909208661789347,0.13032376591037065,0.1909208661789347,0.11168154731987881
2112,144 preservativos sin latex,0.8357804136936722,0.77523873680463,0.7778721720600673,0.7778721720600673,0.05790824163360486
2115,144hz sin bordes,0.8643145546088339,0.3557772116892466,0.44903378752009254,0.44903378752009254,0.41528076708874134
2135,14mm bolas redondas sin agujero colores,0.6366824387328317,0.312706129752478,0.5294362295028773,0.5294362295028773,0.10724620922995443
2177,15 x 21 sin marco,0.975788054854922,0.7227265726449519,0.5548441015591575,0.7227265726449519,0.25306148220997016
2181,"15, bluetooth led sin enchufe",0.4678747406062546,0.18546617562553347,0.5959934864972766,0.5959934864972766,-0.12811874589102196
2195,150 juegos para jugar sin pantallas,0.8503449055347546,0.8315546295836225,0.8503449055347546,0.8503449055347546,0.0
2210,15m tiras led sin transformador,1.0,0.4673791184803735,0.37960256558331523,0.4673791184803735,0.5326208815196265
2213,15x20 sin moldura,0.7967610662472993,0.6804503724350792,0.7059054020403313,0.7059054020403313,0.090855664206968
2224,16 etiquetas sin margen,1.0,1.0,0.6309297535714575,1.0,0.0
2240,16 mm manguera sin gotero,0.7909506325094736,0.7125523635307983,0.7753366239771086,0.7753366239771086,0.015614008532365053
2248,16 piezas cuberteria dorada sin cuchara pequeña,0.0,0.0,0.43067655807339306,0.43067655807339306,-0.43067655807339306
2270,16mm sony full frame sin espejo,0.6366824387328317,0.33424620450682646,0.4428328130831785,0.4428328130831785,0.1938496256496532
2425,1esmalte sin pack semipermanente,0.6149518506608848,0.4729327934832576,0.5224955967919311,0.5224955967919311,0.09245625386895362
2430,1l+1l gel sin jabon,0.6399441431116328,0.7065632165480473,0.6154062275862391,0.7065632165480473,-0.06661907343641449
2456,1tanga sin costuras mujer,0.9363792118010483,0.6320787427864673,0.88995411685096,0.88995411685096,0.046425094950088286
2460,1tb ssd nvme m.2 pcie 4.0 sin disipador térmico,0.9558295932317544,0.8421423592553552,0.9279611693743142,0.9279611693743142,0.02786842385744026
2467,1x cat 7a conector de red rj45 sin herramientas,0.6216966993238303,0.476846588700353,0.4381081808305046,0.476846588700353,0.1448501106234773
2472,1´5l sin lactosa,0.36181498356361597,0.44130740935663865,0.6240505200038379,0.6240505200038379,-0.2622355364402219
2498,2 0 hdmi switch sin mando,0.38820476264318793,0.510069131458292,0.5330752584449809,0.5330752584449809,-0.144870495801793
2511,2 barra para utensilios cocina negro sin perforar,0.5868720866710774,0.7183424120903082,0.5270672065167424,0.7183424120903082,-0.13147032541923087
2512,2 barras para utensilios cocina negro sin perforar,0.37259075411082276,0.7026305163854646,0.6067216003536937,0.7026305163854646,-0.3300397622746418
2516,2 bombillas sin casquillo led,0.5887498202463202,0.5996943318813954,0.47479014188018465,0.5996943318813954,-0.01094451163507526
2521,2 cepillso electricso sin cargador,0.571614567891588,0.2726701556894781,0.6429235234036081,0.6429235234036081,-0.0713089555120201
2525,2 cojines sofa sin relleno lisos alargados,0.38820476264318793,0.23440650992329992,0.5220328596374271,0.5220328596374271,-0.13382809699423914
2528,2 cuchillos csgo sin filo,0.7909506325094736,0.571614567891588,0.9148568823583791,0.9148568823583791,-0.12390624984890553
2539,2 enchufes y 1 interruptor pared sin empotrar,0.35805441083232703,0.17342765698823948,0.17437146561008365,0.17437146561008365,0.18368294522224338
2544,2 fundas silla sin brazos,1.0,1.0,0.92663607790064,1.0,0.0
2584,2 lamparas de mesita de noche sin cable,0.7721596254947204,0.7084409501232901,0.6163668470816235,0.7084409501232901,0.06371867537143028
2593,2 lámparas mesita sin enchufes,0.7125523635307983,0.5847192329112589,0.5321408435198609,0.5847192329112589,0.12783313061953938
2649,2 porterias de fútbol sin balón,0.7573821447149967,0.2583297509898471,0.4544793712758927,0.4544793712758927,0.30290277343910393
2677,2 tapa microondas sin bpa antisalpicaduras,0.8482378089219648,0.9305687780632229,0.92663607790064,0.9305687780632229,-0.08233096914125815
2678,2 tazones ramen sin cucharas,0.49075483234705974,0.35674803589637066,0.07834851647149513,0.35674803589637066,0.13400679645068908
2691,2 tomas sin cable vertical,0.3391602052736161,0.3391602052736161,0.44615333764087994,0.44615333764087994,-0.10699313236726382
2694,2 utp cat 6a sin herramientas,0.8415908474314977,0.9052116356304495,0.713654010247531,0.9052116356304495,-0.06362078819895178
2769,20 clips de pelo sin pliegue,1.0,0.9337457765456111,0.9337457765456111,0.9337457765456111,0.06625422345438892
2770,20 cuentos de hadas sin expurgar,0.7971998030554314,0.8626775533459291,0.6913628197251253,0.8626775533459291,-0.06547775029049774
2793,20 l agua sin bpa,0.9216017310213247,0.7421246259355073,0.791726719367984,0.791726719367984,0.1298750116533407
2799,20 liquida para vaper sin nicotina,0.8611375561264456,1.0,0.9052116356304495,1.0,-0.1388624438735544
2800,20 luces sin enchufe para espejo,0.5875502863571092,0.7026305163854646,0.3909273842002217,0.7026305163854646,-0.11508023002835543
2809,20 piezas de pinzas para el pelo sin doblar clips,1.0,1.0,1.0,1.0,0.0
2812,20 señales flechas sin letreros,0.10209739512291163,0.0,0.2001366809542687,0.2001366809542687,-0.09803928583135707
2829,200 cartas pokemon sin repetir,0.7280855459907166,0.7506372960520511,0.72891152902702,0.7506372960520511,-0.022551750061334475
2830,"200 guantes de nitrilo azul sin polvo, desechables, talla m",0.7827392871477703,0.7315449642824575,0.6874708847784539,0.7315449642824575,0.05119432286531278
2833,200 metros de goma de 16mm sin gotero,0.38685280723454163,0.2890648263178879,0.43067655807339306,0.43067655807339306,-0.04382375083885143
2856,20m cat5e sin terminales,1.0,0.8175295903539445,0.6240505200038379,0.8175295903539445,0.18247040964605554
2933,220v a usb sin carcasa,0.7668091220635322,0.3071837157818931,0.6804558477306826,0.6804558477306826,0.08635327433284967
2948,226ers sin mangas,0.8899603164338973,0.867043684838194,0.8048099750039491,0.867043684838194,0.02291663159570323
2961,23 otoños sin ti libro,0.6309297535714575,1.0,1.0,1.0,-0.36907024642854247
3013,24 sin marcos,0.5716349530699038,0.5009732673492617,0.6500332220485792,0.6500332220485792,-0.07839826897867541
3059,24x32 sin espiral cuadros grandes,0.6739577727076379,0.3973845377035661,0.591176585485452,0.591176585485452,0.08278118722218586
3095,250 sobres sin ventana 26x18,0.0,0.0,0.3562071871080222,0.3562071871080222,-0.3562071871080222
3170,28 pulgadas tv sin smart,1.0,1.0,0.0,1.0,0.0
3183,29 bolsas de papel kraft sin asas,0.571614567891588,0.5462574254588146,0.7241528458281337,0.7241528458281337,-0.15253827793654562
3213,2kg forbury base jabón de glicerina transparente sin sls,0.8013122149737618,0.9284591831945489,0.9434732991210639,0.9434732991210639,-0.1421610841473021
3214,2kg jabon base blanco sin sls,0.7573821447149967,0.6840182226156366,0.5298982599625927,0.6840182226156366,0.07336392209936005
3252,2u psu,0.9363792118010483,1.0,0.8630152897016883,1.0,-0.06362078819895167
3315,3 camaras de vigilancia sin cables exterior,1.0,0.9148568823583791,0.92663607790064,0.92663607790064,0.07336392209936005
3319,3 catus artificial sin maceta,0.6096199500078984,0.8048099750039491,0.36331756126716835,0.8048099750039491,-0.19519002499605076
3323,3 cuadros sin marcos muy coloridos,0.92663607790064,0.7254521107352793,1.0,1.0,-0.07336392209936005
3374,3 laminas sin marco decorativas salon,0.77990823370192,0.7948833326720566,0.77990823370192,0.7948833326720566,-0.014975098970136602
3386,3 metros de luces led sin enchufw,0.685819076903371,0.3525683241217281,0.07075576072108063,0.3525683241217281,0.33325075278164284
3412,3 pommes niño,1.0,1.0,0.9337457765456111,1.0,0.0
3427,3 restas sin llevada,0.8603818544462509,0.6429424283490957,0.7573821447149967,0.7573821447149967,0.10299970973125427
3428,3 restas sin llevada ismael sausa,0.7039180890341347,0.7653606369886217,0.4367467095119258,0.7653606369886217,-0.061442547954487
3451,3 usb para ordenador sin cable blanco,0.6238470455881189,0.11706259313796355,0.2820132694023928,0.2820132694023928,0.3418337761857261
3453,3 ventiladores sin color,0.4378068560756645,0.39375843764607205,0.3732689537968545,0.39375843764607205,0.04404841842959245
3498,3.5 sin tornillos nox,0.0,0.3333333333333333,0.5,0.5,-0.5
3575,30 cumpleaños sin globos helio,0.322805924221174,0.6115682811626771,0.6368547259115426,0.6368547259115426,-0.3140488016903686
3600,30 plastico a4 carpeta sin anillas,0.718362797268624,0.605504765619221,0.5606114592078374,0.605504765619221,0.112858031649403
3608,30 x 30 sin marco,0.5912352048230277,0.3065735963827292,0.5012658353418871,0.5012658353418871,0.08996936948114065
3630,305x76cm sin depuradora,0.8165901947515999,0.5766692999492191,0.3597099118518293,0.5766692999492191,0.23992089480238077
3637,30g ginebra sin alcol,0.6310473491188939,0.49958026644179554,0.5716190970674814,0.5716190970674814,0.059428252051412556
3651,30x90 sin marco,1.0,0.3010299956639812,0.3333333333333333,0.3333333333333333,0.6666666666666667
3670,32 gb ssd,0.787702056960637,0.24630238874073,1.0,1.0,-0.212297943039363
3691,32'' full hd,1.0,1.0,0.841492960259019,1.0,0.0
3726,35 aniversario mario bros,0.8058467414416308,0.81383546042969,0.8325036712789009,0.8325036712789009,-0.026656929837270082
3732,350 ml botella plastico sin bisfenol,0.9363792118010483,0.3621108234757073,0.5541432109622959,0.5541432109622959,0.3822360008387524
3744,35mm olympus,0.5017289690294564,0.5797827732044221,0.5797827732044221,0.5797827732044221,-0.07805380417496566
3745,35mm sigma sony,0.6366824387328317,0.6366824387328317,0.6366824387328317,0.6366824387328317,0.0
3796,365 sin pantallas,0.6713527276121545,0.6595629128335778,0.7508679794281646,0.7508679794281646,-0.07951525181601016
3812,377 battery,1.0,1.0,0.9363792118010483,1.0,0.0
3884,3d suelo para baños,0.9093183643170807,0.45316653561240483,1.0,1.0,-0.09068163568291931
3907,3eme acondicionador sin silicona,0.3171937659698004,0.370291336443826,0.14126697285982898,0.370291336443826,-0.05309757047402558
3925,3m doble cara sin residuos,0.8205228949141828,0.6320787427864673,0.747935059673333,0.747935059673333,0.07258783524084989
3929,3m ffp3 sin valvula,0.447734522612947,0.3159817773843635,0.4152807670887413,0.4152807670887413,0.03245375552420571
3933,3m máscara sin válvula,0.4637282884073714,0.43185491466831016,0.3730314366226675,0.43185491466831016,0.03187337373906124
3955,3mm algondon sin trenzar,0.4260276605334036,0.3667028183788344,0.48882922182497557,0.48882922182497557,-0.062801561291572
4080,4 libretas medida folio de cuadrícula sin espiral,0.36926780146674987,0.20210734650054757,0.2960819109658652,0.2960819109658652,0.07318589050088464
4084,4 ojos de buey sin bombillas,0.30315953217404545,0.2719144540092836,0.06362078819895173,0.2719144540092836,0.031245078164761853
4102,4 pin conector led sin soldadura,1.0,0.9305687780632229,0.9305687780632229,0.9305687780632229,0.06943122193677709
4108,4 pulgadas sin bordes,0.0,0.2890648263178879,0.0,0.2890648263178879,-0.2890648263178879
4121,4 taburetes cocina sin respaldo.,0.7951657524814092,0.35895421017163476,0.49827103097054376,0.49827103097054376,0.29689472151086543
4179,40 unidades de cera sin silicona colores,0.3562071871080222,1.0,0.43067655807339306,1.0,-0.6437928128919779
4182,40 x cable de puente hembra a hembra sin soldadura flexible,1.0,1.0,1.0,1.0,0.0
4272,47 brand gorras sin logos,0.2685357229842324,0.664550862590272,0.3853585682515056,0.664550862590272,-0.39601513960603957
4294,49 pulgadas,1.0,0.35106842466815347,1.0,1.0,0.0
4330,4guysclub sin cordones,0.568808955610168,0.36114500749459505,0.39391698095175504,0.39391698095175504,0.17489197465841294
4417,4patas sin ruedas 40x30,0.43067655807339306,0.0,0.3562071871080222,0.3562071871080222,0.07446937096537087
4449,4x 50 ml liquido sin nicotina,0.9764093402750902,0.6684881776649959,0.7715359168226731,0.7715359168226731,0.2048734234524171
4473,4xl hombre camiseta sin mangas,0.9337457765456111,0.9363792118010483,0.8669479898642711,0.9363792118010483,-0.002633435255437244
4532,5 lenguajes del amor,1.0,0.9363792118010483,1.0,1.0,0.0
4550,5 ojas de papl de lija con velcro sin agujeros grano 40,0.570404489286039,0.2172607128522299,0.2200917662980802,0.2200917662980802,0.35031272298795885
4642,50 mm canon,0.6969383549984333,0.46785915648013926,0.7917063341896683,0.7917063341896683,-0.09476797919123503
4905,6 tb nas,0.9363792118010483,0.6816808362189439,0.4818809355796683,0.6816808362189439,0.2546983755821044
5010,64tb,0.8572048559638626,0.7151857987862358,0.7967610662472993,0.7967610662472993,0.06044378971656339
5170,72 piezas azulejos adhesivos 15x15,0.5104418534059961,0.36094793708279127,0.4199990716259791,0.4199990716259791,0.09044278178001702
5248,8 cctv,0.5215784827120727,0.8630152897016883,0.7162874455029682,0.8630152897016883,-0.34143680698961554
5358,85 sony,1.0,0.510069131458292,0.7827392871477703,0.7827392871477703,0.2172607128522297
5378,8gb 512gb,1.0,1.0,0.9216017310213247,1.0,0.0
5385,8k tv,1.0,1.0,0.9669850519151656,1.0,0.0
5814,a doa metros de ti,0.9705437052559006,0.7456919575934262,0.7618870795651186,0.7618870795651186,0.20865662569078203
5997,a7 iii,1.0,0.39564672360221187,0.45560514958746035,0.45560514958746035,0.5443948504125397
6003,a7c sony,0.6508205185601091,0.1480409554829326,0.6105456988825855,0.6105456988825855,0.040274819677523666
6050,abanicos seda pintado a mano,1.0,0.9337457765456111,1.0,1.0,0.0
6071,abercrombie & fitch hombre,0.727329844310522,0.8553475075669357,0.7859162856301584,0.8553475075669357,-0.12801766325641373
6074,abitacion juvenil completo decoracion,0.8454256604216018,0.9337457765456111,0.9148568823583791,0.9337457765456111,-0.08832011612400925
6099,abridores de vino profesional,1.0,1.0,1.0,1.0,0.0
6102,abrigo de pelo de mujer de invierno,0.7827392871477703,0.7877736340270853,0.7948833326720566,0.7948833326720566,-0.012144045524286273
6105,abrigo hombre elegante,0.9216017310213247,1.0,0.88995411685096,1.0,-0.0783982689786753
6108,abrigo militar hombre,0.7720617383222419,0.7534494445524139,0.8486026589039901,0.8486026589039901,-0.07654092058174822
6110,abrigo niño,0.9216017310213247,1.0,0.92663607790064,1.0,-0.0783982689786753
6114,abrigos de fiesta largos,0.7791714369672128,0.6911279212606076,0.8512360941594275,0.8512360941594275,-0.07206465719221467
6117,abrigos mujer gris,1.0,1.0,1.0,1.0,0.0
6119,abrigos para niños de 10 años,0.8048109992093391,0.8115558478722846,0.7630946912803437,0.8115558478722846,-0.006744848662945557
6122,abrotano macho,0.8701249883466594,0.727329844310522,0.8701249883466594,0.8701249883466594,0.0
6194,accesorio picador batidora braun,0.8359212563489483,0.5383087035438704,0.5737957140072372,0.5737957140072372,0.26212554234171115
6197,accesorios baño,1.0,1.0,1.0,1.0,0.0
6200,accesorios bra efficient,1.0,0.9337457765456111,0.9337457765456111,0.9337457765456111,0.06625422345438892
6201,accesorios camara deportiva victure,0.5462574254588146,0.5462574254588146,0.575073986183329,0.575073986183329,-0.02881656072451433
6203,accesorios coche,1.0,1.0,1.0,1.0,0.0
6207,accesorios de pinzas para buffet,1.0,1.0,1.0,1.0,0.0
6211,accesorios mtb,1.0,1.0,1.0,1.0,0.0
6217,accesorios para moto,0.9148568823583791,1.0,1.0,1.0,-0.08514311764162086
6222,accesorios volante g29,1.0,1.0,1.0,1.0,0.0
6223,accesoruios coche,1.0,1.0,1.0,1.0,0.0
6237,accolmile,0.7827392871477703,0.9337457765456111,0.88995411685096,0.9337457765456111,-0.15100648939784078
6238,accordian,0.7600791051976192,0.6378891765242929,0.6489315753318466,0.6489315753318466,0.11114752986577259
6274,aceite de vainilla,1.0,1.0,1.0,1.0,0.0
6275,aceite esencial lavanda,1.0,1.0,1.0,1.0,0.0
6278,aceite facial antiedad,1.0,1.0,1.0,1.0,0.0
6280,aceite para persianas,0.8187026689573268,0.23722561126224387,0.46733433167771476,0.46733433167771476,0.35136833727961203
6283,aceitera acero inoxidable,1.0,0.9363792118010483,0.8572048559638626,0.9363792118010483,0.06362078819895167
6300,acer conceptd 500,0.0,0.5,0.0,0.5,-0.5
6321,acer triton 300,1.0,0.5706417189553201,0.5706417189553201,0.5706417189553201,0.4293582810446799
6327,acesorios victure,0.4673791184803735,0.640591412903011,0.5559026721867444,0.640591412903011,-0.17321229442263752
6330,acetona pura esmalte permanente,0.8553475075669357,1.0,1.0,1.0,-0.14465249243306433
6347,acido para baterias,0.9619991470595832,0.8318724637288826,0.787702056960637,0.8318724637288826,0.13012668333070065
6391,acrilico cover para uñas,0.5552448576790283,0.5579780239524,0.7167674835027339,0.7167674835027339,-0.16152262582370558
6445,activador para hidroimpresion,0.9619991470595832,0.5883300173403988,1.0,1.0,-0.038000852940416774
6471,acuarelas niños lavables,0.9709286432396583,0.8318724637288826,0.876848805629635,0.876848805629635,0.09407983761002336
6491,acustica,1.0,1.0,1.0,1.0,0.0
6506,adadtador jack,1.0,1.0,1.0,1.0,0.0
6522,adaptador cable router coaxial,1.0,1.0,0.5706417189553201,1.0,0.0
6529,adaptador enchufe triple,0.9216017310213247,0.92663607790064,0.9148568823583791,0.92663607790064,-0.005034346879315255
6532,adaptador hdmi para ipad,1.0,1.0,1.0,1.0,0.0
6534,adaptador iphone 7 plus,1.0,0.421179651918213,0.7773228980348948,0.7773228980348948,0.22267710196510515
6540,adaptador mini cascos xiaomi,0.8364586133797037,0.77990823370192,1.0,1.0,-0.16354138662029627
6544,adaptador radio 2 din,0.4518648409659428,0.6601585067762745,0.618519700841442,0.6601585067762745,-0.2082936658103317
6546,adaptador usb,0.9132861715058803,0.9799214801447084,1.0,1.0,-0.08671382849411968
6548,adaptador usb tipo c a micro usb,1.0,1.0,1.0,1.0,0.0
6633,adidas,1.0,1.0,1.0,1.0,0.0
6651,adidas busenitz vulc,0.88995411685096,0.7065443116025598,0.77990823370192,0.77990823370192,0.11004588314904007
6763,adidas superstar mujer,0.8301054527851841,0.8987025955356566,0.7820145169351078,0.8987025955356566,-0.06859714275047246
6809,adipometro medidor de grasa,0.9363792118010483,0.7951657524814092,1.0,1.0,-0.06362078819895167
6881,adornos para mesas de centro,0.9148568823583791,0.9337457765456111,0.8165901947515999,0.9337457765456111,-0.01888889418723194
6882,adornos para tartas de unicornio,1.0,0.8364586133797037,1.0,1.0,0.0
6884,adornos tela,0.9216017310213247,0.7788065869851875,0.8630152897016883,0.8630152897016883,0.05858644131963642
7073,afeitadora electrica,1.0,1.0,1.0,1.0,0.0
7122,aftershave sin perfume,0.5958595188912911,0.17630010660342915,0.4701017400374073,0.4701017400374073,0.12575777885388378
7135,agarraderas de cortinas,1.0,1.0,1.0,1.0,0.0
7136,agarre movil mano,1.0,1.0,1.0,1.0,0.0
7139,agata,0.9053568677805113,0.5304625093224632,0.848793892424921,0.848793892424921,0.056562975355590295
7150,age repair isdin 50,1.0,0.8301054527851841,0.9156857657441142,0.9156857657441142,0.0843142342558858
7160,agenda charuca,0.9305687780632229,0.9052116356304495,1.0,1.0,-0.06943122193677709
7162,agenda escolar diaria,1.0,1.0,1.0,1.0,0.0
7165,agendas,0.9197207891481876,0.0,0.5437713091520254,0.5437713091520254,0.37594947999616213
7178,agota kristof,1.0,1.0,1.0,1.0,0.0
7180,agua bidestilada,0.6309297535714575,0.5,0.5,0.5,0.13092975357145753
7192,agujas pistola avery,0.8603818544462509,0.7104770117651427,0.7951657524814092,0.7951657524814092,0.06521610196484173
7196,agv pista gp rr,1.0,1.0,1.0,1.0,0.0
7209,ahuyentador ratas,1.0,1.0,1.0,1.0,0.0
7360,air max 97,1.0,1.0,1.0,1.0,0.0
7390,air purifier mold,0.9337457765456111,0.6848374495230164,0.599976751690748,0.6848374495230164,0.2489083270225947
7422,air walks zapatos,1.0,0.5508095940041026,1.0,1.0,0.0
7429,airbone,1.0,0.858594026354055,0.8775271469089744,0.8775271469089744,0.12247285309102562
7569,airpods pro,1.0,0.5,1.0,1.0,0.0
7630,airthings,0.9558295932317544,0.9619991470595832,0.8773497378596238,0.9619991470595832,-0.0061695538278288
7661,ajazz ak33 blue switch,0.4920922491350003,0.5281053503725599,0.7338014994066248,0.7338014994066248,-0.24170925027162443
7686,akg auriculares,1.0,1.0,1.0,1.0,0.0
7761,alarma corte corriente,0.7315682114753617,0.8547529378296287,0.9178287402913374,0.9178287402913374,-0.18626052881597577
7789,album guardería,0.20829366581033185,0.3824147140836781,0.35623158861460097,0.3824147140836781,-0.17412104827334626
7791,album pareja,0.92663607790064,0.9305687780632229,0.9052116356304495,0.9305687780632229,-0.003932700162582958
7793,alcachofa ducha antical,1.0,1.0,1.0,1.0,0.0
7794,alcachofa ducha cuadrada,0.7721596254947204,0.5215784827120727,0.6870165078530993,0.6870165078530993,0.08514311764162108
7827,aldous huxley un mundo feliz,0.8482378089219648,0.6067216003536937,0.662791942031712,0.662791942031712,0.18544586689025278
7834,aleron golf 3 gti,0.38685280723454163,0.6131471927654584,0.6131471927654584,0.6131471927654584,-0.22629438553091674
7852,alex & sierra,0.9197207891481876,0.8315546295836225,0.6131471927654584,0.8315546295836225,0.08816615956456508
7918,alfa style,0.9469024295259745,0.8529278650606567,0.8854598815714874,0.8854598815714874,0.061442547954487114
7919,alfabeto montessori,0.4415801103577823,0.3889580943680543,0.5912352048230277,0.5912352048230277,-0.14965509446524544
7930,alfombra de pasillo moderna,1.0,1.0,1.0,1.0,0.0
7941,alfombra vinilica salon,0.8117214645716768,0.39790583709582267,0.8204228753162047,0.8204228753162047,-0.008701410744527904
7952,alfombras sin pelo,0.6804503724350792,0.5036067026046992,0.3785009188665827,0.5036067026046992,0.17684366983038002
7956,alfombrilla antideslizante coche,1.0,1.0,1.0,1.0,0.0
7971,algodon de azucar fresa,0.9619991470595832,0.9349366583346498,0.9558295932317544,0.9558295932317544,0.0061695538278288
7976,algun dia no es un dia de la semana,0.46927872602275644,0.86034433104172,0.7039180890341347,0.86034433104172,-0.3910656050189636
7979,alianzas boda hombre,0.9052116356304495,0.88995411685096,0.9052116356304495,0.9052116356304495,0.0
7983,alicates crimpar,0.9052116356304495,0.7967610662472993,0.8701249883466594,0.8701249883466594,0.03508664728379007
8026,alienware portatil gaming,0.5531464700081437,0.6992148198508501,0.6552438651310554,0.6992148198508501,-0.14606834984270645
8033,alimentacion 3a,0.9363792118010483,0.77990823370192,0.77990823370192,0.77990823370192,0.15647097809912835
8035,alisado sin formol,0.9363792118010483,1.0,0.9052116356304495,1.0,-0.06362078819895167
8051,all about us 2,0.9550236580992476,0.8276904491046954,0.5646436081071458,0.8276904491046954,0.12733320899455225
8213,almohada de silla triangular,1.0,1.0,1.0,1.0,0.0
8214,almohada ergononica espalda,0.27727342735504823,0.16958010263680806,0.41412294568879626,0.41412294568879626,-0.13684951833374803
8215,almohada lateral,0.7215194105726963,0.8318477135310892,0.7702043899253147,0.8318477135310892,-0.11032830295839291
8216,almohada piernas dormir,1.0,1.0,1.0,1.0,0.0
8218,almohadas 70x40,0.6920788373899057,0.4966595839083822,0.5857421563596759,0.5857421563596759,0.10633668103022986
8221,almohadas firmeza media,0.9216017310213247,0.7510916729774055,0.5676818677290052,0.7510916729774055,0.17051005804391917
8224,almohadilla para caminar baratas,0.3265208687926954,0.5546406709327603,0.3776772633684371,0.5546406709327603,-0.2281198021400649
8329,alta voz sony portátil con bluetooth,0.9305687780632229,0.5766692999492191,0.6468562235661909,0.6468562235661909,0.28371255449703203
8334,altavoces bluetooth portatiles,1.0,1.0,1.0,1.0,0.0
8335,altavoces bluetooth potentes,1.0,1.0,1.0,1.0,0.0
8339,altavoces es,1.0,0.92663607790064,0.9305687780632229,0.9305687780632229,0.06943122193677709
8340,altavoces exterior,1.0,1.0,1.0,1.0,0.0
8351,altavoz bluetooth portatil impermeable,1.0,1.0,1.0,1.0,0.0
8354,altavoz karaoke,1.0,1.0,1.0,1.0,0.0
8457,amafitbit gts 2,0.8379265695293115,0.6728499236252581,0.6597369862291469,0.6728499236252581,0.16507664590405347
8466,amasadora barata,0.92663607790064,0.77990823370192,1.0,1.0,-0.07336392209936005
8469,amaz fit,1.0,0.9363792118010483,1.0,1.0,0.0
8477,amazfit gtr 42 correa,0.9674679834891693,0.9010126104210695,0.9060254355346823,0.9060254355346823,0.061442547954487
8478,amazfit gtr 47mm,0.9202054614375518,0.6811464195909027,0.8950513976905918,0.8950513976905918,0.025154063746959943
8514,amazon basics pla,0.7193074786775863,1.0,1.0,1.0,-0.28069252132241373
8580,amazon locker buscar,1.0,1.0,1.0,1.0,0.0
8614,amazon sofa,1.0,0.7903864795495061,1.0,1.0,0.0
8691,ambar perfums humidificador,0.8178341711089538,0.7380396325465057,0.7457912185292984,0.7457912185292984,0.07204295257965543
8711,ambientador coche nuevo,1.0,1.0,1.0,1.0,0.0
8714,ambientador sin olor,0.314880130667631,0.2200917662980802,0.4220949603708208,0.4220949603708208,-0.1072148297031898
8716,ambulancia playmobil,0.9796825595768973,0.8417771098923534,0.7923823825200125,0.8417771098923534,0.13790544968454388
8838,americanas hombre sport,0.39639187290150935,0.2902597849695646,0.3824147140836781,0.3824147140836781,0.013977158817831237
8855,amiibo kirby,0.8494348345648929,0.9279611693743142,0.6947702914378464,0.9279611693743142,-0.07852633480942128
8873,aminoacidos bcaa,0.8389574121760603,0.7849818707050383,0.8630152897016883,0.8630152897016883,-0.024057877525627935
8874,aminoacidos esenciales capsulas,0.7587492362187309,0.49295100115799784,0.6708244210331168,0.6708244210331168,0.08792481518561412
8895,amor sin limites,0.9216514835285049,0.7279965505724832,0.7641675933748661,0.7641675933748661,0.15748389015363884
8896,amortiguador de la bici trasero,0.9052116356304495,0.8603818544462509,0.92663607790064,0.92663607790064,-0.02142444227019047
8897,amortiguador xmax 250,0.9242560749182925,0.4430895440946126,0.9571479481910375,0.9571479481910375,-0.03289187327274501
8908,amplificador bateria electronica,0.77990823370192,0.826813366651774,0.5580759111248786,0.826813366651774,-0.04690513294985399
8909,amplificador coche jbl,1.0,1.0,1.0,1.0,0.0
8963,anales juguete sexual mujer,0.9148568823583791,0.8165901947515999,0.5766692999492191,0.8165901947515999,0.09826668760677926
9014,andadores sin ruedas,0.6766267238974651,0.6488081217425109,0.4125317798925535,0.6488081217425109,0.02781860215495424
9044,android,0.21000823726012655,0.26899544908749884,0.09162544430476362,0.26899544908749884,-0.05898721182737229
9047,android auto sin cable,0.7885497208855957,0.0,0.23758350840568815,0.23758350840568815,0.5509662124799075
9067,android telefono,1.0,0.8482378089219648,0.8200685179888284,0.8482378089219648,0.15176219107803524
9081,andy z,1.0,1.0,1.0,1.0,0.0
9090,angel de la noche,1.0,1.0,1.0,1.0,0.0
9138,anillas madera mordedor,1.0,1.0,1.0,1.0,0.0
9141,anillo animales hombre,0.9216017310213247,1.0,1.0,1.0,-0.0783982689786753
9147,anillo hombte,0.9148568823583791,1.0,0.9216017310213247,1.0,-0.08514311764162086
9155,anillo silicona pene,0.6320787427864673,0.6581810421830975,0.8454256604216018,0.8454256604216018,-0.21334691763513458
9162,anillos hombre sello de oro solitario,0.5527460588826718,0.5360735436824438,0.6569815082938865,0.6569815082938865,-0.10423544941121465
9164,anillos mujer acero inoxidable ajustable,0.9120345678990496,0.6241641366796028,0.8255857570917466,0.8255857570917466,0.08644881080730293
9199,animales de granja figuras,0.6629389851625659,0.7050119208717951,0.6913184887144799,0.7050119208717951,-0.04207293570922921
9319,anna field zapatos mujer,1.0,1.0,1.0,1.0,0.0
9333,anne perry,0.6473362615659566,0.769526190239283,0.7381919257729246,0.769526190239283,-0.12218992867332645
9353,anorak mujer rojo,0.5399873388995391,0.4892835987503299,0.45484422125791807,0.4892835987503299,0.0507037401492092
9379,antena parabolica portatil,0.92663607790064,0.7885497208855957,0.8482378089219648,0.8482378089219648,0.07839826897867519
9389,anthem pc,0.9202054614375518,0.7971998030554314,0.8189080569732083,0.8189080569732083,0.10129740446434343
9443,antialgas estanque con peces,0.668306326910793,0.39375843764607205,0.5621931439243355,0.5621931439243355,0.10611318298645744
9449,antibeschlag set,0.5832678409476796,0.23386470445736623,0.5208317142742857,0.5208317142742857,0.06243612667339393
9457,antifaces dormir niños pack,0.7084653751049538,0.606719472279063,0.8294203610382852,0.8294203610382852,-0.12095498593333143
9468,antimosquitos sin deet,0.8669479898642711,0.8701249883466594,0.9337457765456111,0.9337457765456111,-0.06679778668133995
9469,antipalomas balcon,1.0,1.0,1.0,1.0,0.0
9481,antironquidos tiritas,1.0,0.5309999066793253,0.9363792118010483,0.9363792118010483,0.06362078819895167
9483,antirrobo para patinetes electricos,0.77990823370192,0.8200685179888284,0.9216017310213247,0.9216017310213247,-0.14169349731940473
9484,antisalpicaduras vitroceramica,0.20438239758848611,0.17723928678404774,0.6131471927654584,0.6131471927654584,-0.4087647951769723
9500,antony morato hombre zapatos,0.9363792118010483,1.0,1.0,1.0,-0.06362078819895167
9518,aolvo,1.0,1.0,1.0,1.0,0.0
9522,aorpods,1.0,0.0,0.6713527276121545,0.6713527276121545,0.3286472723878455
9539,aparadores cerezo,1.0,0.77990823370192,1.0,1.0,0.0
9547,aparatos de cera,0.9052116356304495,1.0,0.8512360941594275,1.0,-0.09478836436955052
9560,apecam a80,0.0,0.6131471927654584,0.3065735963827292,0.6131471927654584,-0.6131471927654584
9565,aperos para motocultor,0.56264752084969,0.6874708847784539,0.5384313152574522,0.6874708847784539,-0.12482336392876381
9582,apivita tonico,1.0,1.0,1.0,1.0,0.0
9586,apli kids,1.0,1.0,1.0,1.0,0.0
9591,aplique led sin cables,1.0,1.0,1.0,1.0,0.0
9594,apliques pared,1.0,1.0,1.0,1.0,0.0
9595,apliquick,0.5413996682199069,0.3903800499921017,0.5205067333228022,0.5205067333228022,0.020892934897104753
9606,app alexa español descargar,0.6934264036172708,0.6934264036172708,0.6934264036172708,0.6934264036172708,0.0
9635,apple accesorios,0.9709286432396583,0.8756458727267332,0.7087212693585175,0.8756458727267332,0.09528277051292511
9960,aprender ingles,0.8701249883466594,0.685119869332369,0.9337457765456111,0.9337457765456111,-0.06362078819895167
9961,aprendre a llegir,0.7059054020403313,0.7100226348397881,0.7123736502858729,0.7123736502858729,-0.006468248245541597
10090,araña broma,1.0,1.0,1.0,1.0,0.0
10096,arbily smartwatch,1.0,0.7606395682357036,1.0,1.0,0.0
10098,arbol de la vida pared negro,0.8521705090845474,0.92663607790064,0.92663607790064,0.92663607790064,-0.07446556881609256
10100,arbol de navidad 180 cm,1.0,1.0,1.0,1.0,0.0
10103,arbol del te acne,1.0,0.7065443116025598,0.9216017310213247,0.9216017310213247,0.0783982689786753
10104,arbol navidad 180cm,1.0,0.8553475075669357,1.0,1.0,0.0
10111,arboles para belen,0.8389574121760603,0.826813366651774,0.8389574121760603,0.8389574121760603,0.0
10159,archivador anillas de oxford,0.5805485932475565,0.9176551163528843,0.6844642384164166,0.9176551163528843,-0.33710652310532785
10160,archivador definitivo,1.0,1.0,1.0,1.0,0.0
10168,arco profesional de tiro,1.0,1.0,1.0,1.0,0.0
10224,arena para acuarios,1.0,0.9363792118010483,0.8643145546088339,0.9363792118010483,0.06362078819895167
10292,arkham knight,0.8550956239938449,0.7000877408061721,0.6728499236252581,0.7000877408061721,0.15500788318767278
10311,arm & hammer,1.0,1.0,1.0,1.0,0.0
10338,armario,1.0,1.0,1.0,1.0,0.0
10341,armario 90 ancho,1.0,0.5531464700081437,0.8297197050122157,0.8297197050122157,0.1702802949877843
10346,armario de tela,1.0,1.0,1.0,1.0,0.0
10350,armario escobero exterior,1.0,1.0,1.0,1.0,0.0
10351,armario estanteria con puertas,0.8486026589039901,0.9216017310213247,0.7026305163854646,0.9216017310213247,-0.07299907211733458
10352,armario exterior madera estrecho,0.5774250016294137,0.5017100640839689,0.7909506325094736,0.7909506325094736,-0.21352563088005994
10356,armarios matrimonio baratos,1.0,0.6214990811334173,0.9363792118010483,0.9363792118010483,0.06362078819895167
10357,armarios resina,1.0,1.0,1.0,1.0,0.0
10400,armónica tremolo,1.0,1.0,1.0,1.0,0.0
10414,arnés camara deportiva universal,0.7299222417644611,0.66200432687264,0.7336220334145286,0.7336220334145286,-0.0036997916500675077
10432,arrancador de baterias de coche,1.0,1.0,1.0,1.0,0.0
10520,arterix,1.0,0.6781655456329551,0.9878316351280036,0.9878316351280036,0.012168364871996351
10521,artero acondicionador perros,0.727329844310522,0.4634464183177907,0.6489315753318466,0.6489315753318466,0.0783982689786753
10544,articulos sin marca predeterm,1.0,0.9156857657441142,0.9090080656255759,0.9156857657441142,0.0843142342558858
10592,arts and crafts for kids,0.8611375561264456,0.9337457765456111,1.0,1.0,-0.1388624438735544
10604,arvo,0.9971876401972103,0.9971876401972103,1.0,1.0,-0.00281235980278971
10606,arya stark funko pop,0.843537875344446,0.8122682216087223,0.7227265726449519,0.8122682216087223,0.03126965373572377
10627,asesinos sin rostro,0.8508957228074243,0.8317213551625277,0.9292442392789195,0.9292442392789195,-0.07834851647149521
10660,asics,0.5,0.0,0.2890648263178879,0.2890648263178879,0.21093517368211212
10670,asics hn528,1.0,1.0,1.0,1.0,0.0
10700,asientos de carreras,0.3352780388452758,0.3576223542196109,0.4799729543637735,0.4799729543637735,-0.14469491551849772
10711,aspirador,1.0,0.9216017310213247,0.9148568823583791,0.9216017310213247,0.0783982689786753
10718,aspirador dayson sin cable potente,0.4935232796777482,0.1909208661789347,0.09109240322345807,0.1909208661789347,0.30260241349881345
10719,aspirador de mano sin cable con luz led,1.0,0.9148568823583791,1.0,1.0,0.0
10721,aspirador escoba sin cable dyson,0.36650177721905447,0.4639590352498408,0.27487633291429087,0.4639590352498408,-0.09745725803078631
10723,aspirador para parquet,1.0,1.0,1.0,1.0,0.0
10727,aspirador vapor sin cable,0.8454256604216018,0.8521705090845474,0.7573821447149967,0.8521705090845474,-0.006744848662945557
10736,aspiradora kobold,0.8318724637288826,0.5078961547485289,0.6333518746717375,0.6333518746717375,0.1985205890571451
10737,aspiradora mano sin cable rowenta,0.5637884576902257,0.6059848036189868,0.5637884576902257,0.6059848036189868,-0.04219634592876109
10743,aspiradoras dyson sin bolsa,0.11751610475642714,0.0,0.3903800499921017,0.3903800499921017,-0.27286394523567453
10745,aspiradoras para estufas de pellets,1.0,1.0,1.0,1.0,0.0
10746,aspiradoras potentes,1.0,1.0,1.0,1.0,0.0
10747,aspiradoras sin bolsa carrefour,1.0,0.6410457898283654,0.857980942822373,0.857980942822373,0.14201905717762697
10750,aspiradores sin cable bosch,0.9337457765456111,0.9337457765456111,0.8006937664098821,0.9337457765456111,0.0
10791,astell and kern,1.0,1.0,1.0,1.0,0.0
10831,asturiana sin lactosa semidesnatada,0.5078961547485289,0.5585075862632192,0.5032251913410369,0.5585075862632192,-0.050611431514690275
10849,asus gaming portatil,1.0,1.0,1.0,1.0,0.0
10852,asus i7 16gb ram ssd,1.0,1.0,0.9705437052559006,1.0,0.0
10859,asus laptop gaming,1.0,0.77990823370192,1.0,1.0,0.0
10868,asus radeon rx 570,0.8669479898642711,0.8701249883466594,0.727329844310522,0.8701249883466594,-0.0031769984823882824
10876,asus rog ordenator,1.0,0.6062415623539281,0.77990823370192,0.77990823370192,0.22009176629808003
10881,asus rog zephyrus g15,1.0,1.0,1.0,1.0,0.0
10895,asus zenbook,1.0,1.0,1.0,1.0,0.0
10904,asus zephyrus g15,0.7526136409516659,0.644824486427155,0.6238470455881189,0.644824486427155,0.10778915452451099
10930,ataúd halloween,0.88995411685096,0.6936634693435664,0.7125523635307983,0.7125523635307983,0.17740175332016173
10985,atletismo niña mallas,0.7484853057448934,0.511877867738379,0.4468535299918563,0.511877867738379,0.2366074380065144
11002,atornillador bateria pladur,0.7329799437316435,0.4093462278296803,0.7369222915261394,0.7369222915261394,-0.003942347794495871
11004,atornillador sin escobillas,1.0,1.0,1.0,1.0,0.0
11061,audew aspiradora de mano sin cable,0.08274602130532004,0.08274602130532004,0.21689524588991285,0.21689524588991285,-0.13414922458459283
11082,audifonos sennheiser,1.0,1.0,0.9182162519778516,1.0,0.0
11106,audiolab m-dac plus,1.0,0.3562071871080222,1.0,1.0,0.0
11131,aukey usb c,0.5568380918423016,0.5758934653440841,0.5608058990311013,0.5758934653440841,-0.019055373501782547
11150,auricular inalámbrico,1.0,1.0,1.0,1.0,0.0
11151,auricular sony,1.0,1.0,1.0,1.0,0.0
11158,auriculares bicicleta,0.9148568823583791,0.5309999066793253,0.6410457898283654,0.6410457898283654,0.2738110925300138
11161,auriculares bluetooth inalámbricos,1.0,1.0,1.0,1.0,0.0
11162,auriculares bluetooth sin goma,0.9305687780632229,0.88995411685096,0.88995411685096,0.88995411685096,0.04061466121226287
11163,auriculares bluetooth xiaomi,1.0,1.0,0.9279611693743142,1.0,0.0
11164,auriculares blutetooth,1.0,0.37259075411082276,1.0,1.0,0.0
11167,auriculares cable largo,1.0,1.0,1.0,1.0,0.0
11172,auriculares de diadema,1.0,1.0,1.0,1.0,0.0
11183,auriculares inalambricos huawei p30 pro,1.0,0.9216017310213247,1.0,1.0,0.0
11194,auriculares intraurales bass,0.6797310500037655,0.5316900945208328,0.8854598815714874,0.8854598815714874,-0.20572883156772181
11201,auriculares running deportivos cable mp4,0.77990823370192,0.6378891765242929,0.7471589728148226,0.7471589728148226,0.0327492608870974
11223,aushen,1.0,1.0,1.0,1.0,0.0
11240,autel evo 2 dual,0.591176585485452,0.4599715079731103,0.6992148198508501,0.6992148198508501,-0.10803823436539806
11244,autel maxicom mk808ts,0.8006937664098821,0.7058075148678529,0.7909506325094736,0.7909506325094736,0.009743133900408485
11299,autografos ariana grande,0.9202054614375518,0.7259007318721808,0.9202054614375518,0.9202054614375518,0.0
11342,automatico paraguas,0.9148568823583791,0.7624164915943119,1.0,1.0,-0.08514311764162086
11359,autómata,0.6133596113736139,0.30797570872984537,0.5620910878293445,0.5620910878293445,0.05126852354426947
11376,av cable rca hdmi,1.0,1.0,1.0,1.0,0.0
11488,avion pin y pon action,0.9197207891481876,0.2640681225725909,0.8315546295836225,0.8315546295836225,0.08816615956456508
11490,avion segunda mano,0.747935059673333,0.7241528458281337,0.8318477135310892,0.8318477135310892,-0.08391265385775626
11532,axe sin aluminio,1.0,1.0,0.9363792118010483,1.0,0.0
11539,axiom verge ps4,1.0,1.0,1.0,1.0,0.0
11549,ayuda dinamica,1.0,1.0,1.0,1.0,0.0
11565,azucar,1.0,1.0,1.0,1.0,0.0
11603,b&o altavoces,0.7756199604526248,0.0,0.37461252083542884,0.37461252083542884,0.401007439617196
11664,b12 vitamina vegana,1.0,1.0,1.0,1.0,0.0
11673,b450 aorus,1.0,1.0,0.9828920819566879,1.0,0.0
11695,babates bebe,1.0,0.9305687780632229,0.9363792118010483,0.9363792118010483,0.06362078819895167
11699,babero game of thrones,0.8122682216087223,0.5789052031080852,0.6043130938474478,0.6043130938474478,0.20795512776127445
11700,babero impermeable sin manga,1.0,0.36745852005902896,0.26855292289002114,0.36745852005902896,0.632541479940971
12098,baby para guarderia,1.0,1.0,1.0,1.0,0.0
12189,baby sin mangas guarderia,0.21840743681816419,0.17723928678404774,0.0,0.17723928678404774,0.041168150034116446
12341,bach,0.77990823370192,0.6410457898283654,0.7015099647232446,0.7015099647232446,0.07839826897867541
12618,bai blade,0.4346298575932763,0.4256628105513782,0.7125523635307983,0.7125523635307983,-0.277922505937522
12711,baldas pared infantil,1.0,1.0,1.0,1.0,0.0
12821,baloncesto,0.9876712785649565,0.7452496411730669,0.5627057907248066,0.7452496411730669,0.2424216373918896
12835,balsamo de tigre rojo,0.8553475075669357,0.5572998242663683,0.7503359712972109,0.7503359712972109,0.10501153626972481
12836,balsamo labial carmex,1.0,1.0,1.0,1.0,0.0
12848,balón baloncesto talla 5,1.0,1.0,1.0,1.0,0.0
12851,bambas,1.0,1.0,1.0,1.0,0.0
12856,bambas mujer verano sin cordones,0.7471589728148226,0.5957616317188127,0.5861163849908828,0.5957616317188127,0.15139734109600989
12857,bambas new balance mujer,1.0,1.0,1.0,1.0,0.0
12859,bambas niño velcro,0.9363792118010483,1.0,0.9363792118010483,1.0,-0.06362078819895167
12862,bambas skechers,1.0,1.0,1.0,1.0,0.0
12923,banco baño,0.7720617383222419,0.6620158551732018,0.7967610662472993,0.7967610662472993,-0.024699327925057357
12946,banda pilates,1.0,1.0,1.0,1.0,0.0
12973,bandeja arena gatos cubierta,0.7996927414142981,0.47271620530242126,0.39325912586965384,0.47271620530242126,0.3269765361118769
12986,bandolera cintura pierna,1.0,1.0,1.0,1.0,0.0
12989,bandolera moschino,1.0,1.0,1.0,1.0,0.0
12990,bandolera mujer,1.0,1.0,1.0,1.0,0.0
12992,bandoleras mujer,0.92663607790064,0.9305687780632229,0.9216017310213247,0.9305687780632229,-0.003932700162582958
13025,bannana piercing,0.5056427642465516,0.7788065869851875,0.7630946912803437,0.7788065869851875,-0.2731638227386358
13058,bar de copas,0.5113553108118987,0.8669479898642711,0.6352557412688554,0.8669479898642711,-0.35559267905237246
13102,barandilla cama adulto,0.7254521107352793,0.7116179486056783,0.6785038377365556,0.7116179486056783,0.01383416212960098
13106,barba melchor,0.28351493630661895,0.30315953217404545,0.36288691033421755,0.36288691033421755,-0.0793719740275986
13110,barbacoa gas,1.0,1.0,1.0,1.0,0.0
13114,barbanegra barco,1.0,0.6309297535714575,1.0,1.0,0.0
13141,barbie,1.0,1.0,1.0,1.0,0.0
13151,barbie cientifica,0.9060254355346823,0.9469024295259745,1.0,1.0,-0.09397456446531771
13194,barco cebador pesca gps,0.975788054854922,0.8930068676327362,0.830419897363192,0.8930068676327362,0.08278118722218586
13198,barcos bandai,0.7827392871477703,0.77990823370192,1.0,1.0,-0.2172607128522297
13252,barnices para maderas,1.0,1.0,1.0,1.0,0.0
13254,barniz dos componentes brillante,0.6620158551732018,0.6809047493604335,0.7007731679885375,0.7007731679885375,-0.038757312815335676
13264,barra cortina 150cm,0.7537624778216617,0.6057668556231993,0.6029012095266041,0.6057668556231993,0.1479956221984624
13271,barra de pesas romana,0.8971754588393883,0.8104616303452686,0.7646489081928867,0.8104616303452686,0.08671382849411968
13272,barra de sonido,1.0,1.0,1.0,1.0,0.0
13275,barra ducha sin taladro,1.0,1.0,1.0,1.0,0.0
13279,barra sonido samsung tv,1.0,0.38175401871878467,0.8668509484976332,0.8668509484976332,0.13314905150236678
13288,barras proteinas sin azucar,0.7059054020403313,0.4924605972327181,0.35388057316851634,0.4924605972327181,0.21344480480761313
13299,barrera cama seguridad infantil cama 90,0.8415908474314977,0.9337457765456111,0.9052116356304495,0.9337457765456111,-0.09215492911411338
13332,bascula comida,1.0,0.8263333286520084,1.0,1.0,0.0
13334,bascula de baño sin baterias,0.9363792118010483,0.8454256604216018,0.6968404678259547,0.8454256604216018,0.0909535513794465
13335,bascula de baño xiaomi,1.0,0.9047172294870751,0.787702056960637,0.9047172294870751,0.09528277051292489
13336,bascula de precision,1.0,1.0,1.0,1.0,0.0
13337,bascula digital,1.0,1.0,1.0,1.0,0.0
13338,bascula maletas viaje,1.0,1.0,1.0,1.0,0.0
13348,base de carga android,1.0,0.88995411685096,0.9363792118010483,0.9363792118010483,0.06362078819895167
13353,base one permanentes,0.43067655807339306,1.0,1.0,1.0,-0.5693234419266069
13356,base poner foto,0.8175295903539445,0.9197207891481876,0.6240505200038379,0.9197207891481876,-0.1021911987942431
13357,base tapizada 160x200 sin patas,0.6366824387328317,0.4144299250118475,0.6366824387328317,0.6366824387328317,0.0
13359,base top coat semipermanente,1.0,1.0,1.0,1.0,0.0
13396,baselina pura,1.0,1.0,1.0,1.0,0.0
13413,basicos manga larga,1.0,1.0,1.0,1.0,0.0
13502,bat pat vampiro,0.6836127878533236,0.7397466333385988,0.7315682114753617,0.7397466333385988,-0.056133845485275224
13511,bata de chica,0.9337457765456111,0.8521705090845474,1.0,1.0,-0.06625422345438892
13513,bata hombre invierno sin capucha,0.7241528458281337,0.42520843362602384,0.22082856303278733,0.42520843362602384,0.2989444122021098
13514,bata infantil escolar,1.0,1.0,1.0,1.0,0.0
13523,batas de plastico desechables,0.6969179698201176,0.4705561169627618,0.6528642754944295,0.6528642754944295,0.044053694325688064
13531,bateria 6v 7ah 20hr,0.49344424459786884,0.298254219601818,0.16812753627111746,0.298254219601818,0.19519002499605081
13532,bateria aa recargable,1.0,0.9148568823583791,0.9337457765456111,0.9337457765456111,0.06625422345438892
13535,bateria compex,1.0,0.9052116356304495,1.0,1.0,0.0
13540,bateria externa enchufe,1.0,1.0,1.0,1.0,0.0
13544,bateria litio 12v,0.9148568823583791,0.8611375561264456,0.77990823370192,0.8611375561264456,0.05371932623193354
13546,bateria para macbook pro 15,1.0,1.0,1.0,1.0,0.0
13547,bateria patinete 60v,0.7757386182436072,0.19519002499605084,0.11284514134893527,0.19519002499605084,0.5805485932475564
13548,bateria placa solar 12v,0.791726719367984,0.3063365306564337,0.7015099647232446,0.7015099647232446,0.09021675464473944
13555,bateria tacklife,1.0,1.0,0.31546487678572877,1.0,0.0
13559,batería claudio reig,1.0,1.0,1.0,1.0,0.0
13560,batería cocina cobre,0.72471451675439,0.6292540836649226,0.7526136409516659,0.7526136409516659,-0.027899124197275915
13566,batería samsung gear,0.9740298100854947,0.9580803995284011,0.7164540940930129,0.9580803995284011,0.015949410557093646
13568,baterías de litio 3v,1.0,1.0,1.0,1.0,0.0
13826,batidora aigostar,1.0,1.0,1.0,1.0,0.0
13831,batidoras,1.0,1.0,1.0,1.0,0.0
13833,batidos sin azucar,0.6399441431116328,0.46664232174566644,0.5739723394665965,0.5739723394665965,0.0659718036450363
13838,batman,0.49700386494564425,0.8000454602953494,0.8498259896365307,0.8498259896365307,-0.3528221246908864
13998,baul moto 2 cascos,1.0,1.0,1.0,1.0,0.0
14002,baul pequeño madera,0.6812060741152738,0.7788065869851875,0.7538142945344394,0.7788065869851875,-0.09760051286991367
14028,bañadores sin tirantes de mujer,0.9363792118010483,0.9337457765456111,0.5114531979843773,0.9337457765456111,0.002633435255437244
14029,bañera 150x75,0.9878316351280036,0.8104616303452686,0.5857421563596759,0.8104616303452686,0.177370004782735
14031,bañera bebe viaje,1.0,1.0,1.0,1.0,0.0
14037,baño de color sin amoniaco castaño oscuro,0.7058075148678529,0.6578986223737446,0.7411902110103873,0.7411902110103873,-0.03538269614253442
14059,bbc tv news,0.6802547535551715,0.39814713097383225,0.7099567630410613,0.7099567630410613,-0.029702009485889747
14117,be cool trolley,0.4157726138414092,0.5734133100049832,0.4995550369640121,0.5734133100049832,-0.157640696163574
14207,beacita 60 mg orlistat,0.3333333333333333,0.0,0.43067655807339306,0.43067655807339306,-0.09734322474005974
14427,bebe halloween,1.0,1.0,1.0,1.0,0.0
14429,bebe reborn silicona,1.0,1.0,1.0,1.0,0.0
14430,bebe ropa,1.0,1.0,1.0,1.0,0.0
14435,bebes,1.0,1.0,1.0,1.0,0.0
14438,bebes sylvanian families,1.0,1.0,1.0,1.0,0.0
14451,bechamel sin lactosa,0.7653606369886217,0.6508205185601091,0.15642624200758548,0.6508205185601091,0.11454011842851253
14646,beechfield,1.0,1.0,1.0,1.0,0.0
14723,begoña oro,1.0,1.0,1.0,1.0,0.0
14729,behringer altavoces,1.0,1.0,1.0,1.0,0.0
14801,bella aurora,1.0,1.0,1.0,1.0,0.0
14807,bella ciao,1.0,1.0,1.0,1.0,0.0
14817,bellavista stylo,0.5372903784169164,0.8364586133797037,0.7631925784528223,0.8364586133797037,-0.2991682349627873
14822,belleza mujer,0.9216017310213247,0.9216017310213247,0.8572048559638626,0.9216017310213247,0.0
14824,bellies,1.0,0.9216017310213247,1.0,1.0,0.0
14825,bellies beth,1.0,1.0,1.0,1.0,0.0
14851,belstaff hombre chaqueta,1.0,0.7663491917568949,1.0,1.0,0.0
14921,beneath the massacre,0.08372491399919348,0.1175227747072427,0.07834851647149513,0.1175227747072427,-0.03379786070804923
14931,bengalas de humo de colores,1.0,0.7975167679274939,1.0,1.0,0.0
15143,best protein harina de avena,0.747935059673333,0.6830838076905166,0.7917063341896683,0.7917063341896683,-0.043771274516335335
15207,bestard hombre,1.0,1.0,1.0,1.0,0.0
15217,bestway steel pro 305,1.0,0.8006937664098821,0.8200685179888284,0.8200685179888284,0.1799314820111716
15287,beyblade arena,0.6404396043008396,0.6605440328515734,0.6434428197342043,0.6605440328515734,-0.0201044285507338
15305,beyblade fafnir,1.0,1.0,1.0,1.0,0.0
15319,beyond the pill,1.0,0.5,1.0,1.0,0.0
15330,bff pizza camisetas,1.0,0.9305687780632229,1.0,1.0,0.0
15335,bg xonar x6,0.8065735963827293,0.6131471927654584,0.7977228895450266,0.7977228895450266,0.008850706837702726
15338,bh cinta de correr i.boxster,0.44615333764087994,0.5392968862278849,0.6217937096682962,0.6217937096682962,-0.17564037202741623
15352,bialetti induccion,0.9305687780632229,1.0,0.77990823370192,1.0,-0.06943122193677709
15362,biberon vaso,1.0,0.8200685179888284,0.9363792118010483,0.9363792118010483,0.06362078819895167
15364,biberones philips avent,1.0,1.0,0.9363792118010483,1.0,0.0
15367,bibicletas montaña,0.9337457765456111,0.3732689537968545,0.45953262310069537,0.45953262310069537,0.4742131534449157
15428,bici niña 16 pulgadas,1.0,0.92663607790064,0.8611375561264456,0.92663607790064,0.07336392209936005
15434,bicicleta 18 pulgadas,1.0,0.9292442392789195,0.8508957228074243,0.9292442392789195,0.07075576072108047
15436,bicicleta 29 pulgadas talla m,0.9305687780632229,0.7100226348397881,0.7655934900767002,0.7655934900767002,0.16497528798652272
15437,bicicleta 9 años,0.8016381468019373,0.6941986898644341,0.5016726013143038,0.6941986898644341,0.10743945693750323
15438,bicicleta adulto segunda mano,0.6320787427864673,0.5621931439243355,0.5684579545875156,0.5684579545875156,0.06362078819895167
15441,bicicleta con pedales y ruedines niño,0.8048109992093391,0.8553475075669357,0.8200685179888284,0.8553475075669357,-0.0505365083575966
15443,bicicleta de montaña electrica doble suspension,0.88995411685096,0.5193185983095429,0.4283650469300963,0.5193185983095429,0.3706355185414172
15444,bicicleta de montaña electrica trek,0.7967610662472993,0.6421867266689011,0.42021722679557805,0.6421867266689011,0.15457433957839817
15447,bicicleta electrica motor central yamaha,0.5,1.0,1.0,1.0,-0.5
15453,bicicleta madera sin pedal,0.8669479898642711,0.823699893396571,0.8669479898642711,0.8669479898642711,0.0
15458,bicicleta sin cadena,1.0,0.9197207891481876,0.3065735963827292,0.9197207891481876,0.08027921085181244
15461,bicicletas 24 pulgadas niños,1.0,1.0,1.0,1.0,0.0
15464,bicicletas de montaña de hombre,1.0,0.9337457765456111,0.9363792118010483,0.9363792118010483,0.06362078819895167
15466,bicicletas electricas vintage,0.6339753813071975,0.49435723575344837,0.6242322474067891,0.6242322474067891,0.009743133900408485
15479,bicis,0.9895948844467957,0.49544719753574207,0.632951386510308,0.632951386510308,0.35664349793648764
15480,bicis carretera carbono,0.6941986898644341,0.1524971317565697,0.5553271489180154,0.5553271489180154,0.13887154094641874
15833,bikini pecho grande reductor,0.6618313225363276,0.7312625444731049,0.6594803070902427,0.7312625444731049,-0.06943122193677731
15840,bikinis intimissimi,0.13032376591037065,0.11706259313796355,0.0,0.11706259313796355,0.013261172772407098
15895,bimbo sin gluten,0.9279611693743142,0.8796542634124673,0.8318724637288826,0.8796542634124673,0.048306905961846835
15932,binoculares de largo alcance,0.9052116356304495,1.0,0.9305687780632229,1.0,-0.09478836436955052
15944,bio oil,1.0,1.0,1.0,1.0,0.0
15979,biombo blanco barato,1.0,1.0,0.9363792118010483,1.0,0.0
16007,biotina cabello,1.0,1.0,1.0,1.0,0.0
16152,bisagras de soporte,1.0,0.88995411685096,0.7510916729774055,0.88995411685096,0.11004588314903996
16154,bisagras para puertas de armarios,1.0,0.8263333286520084,1.0,1.0,0.0
16203,bitter kas sin alcohol,0.8104616303452686,0.8104616303452686,0.8887517031591262,0.8887517031591262,-0.07829007281385758
16538,black friday gps,0.8669479898642711,0.727329844310522,1.0,1.0,-0.13305201013572887
17007,blade valtryek,1.0,0.9197207891481876,0.9197207891481876,0.9197207891481876,0.08027921085181244
17020,blanco y negro decoracion,1.0,0.88995411685096,0.9363792118010483,0.9363792118010483,0.06362078819895167
17061,blauer mujer,1.0,1.0,1.0,1.0,0.0
17113,blevet,1.0,1.0,1.0,1.0,0.0
17173,bloc oxford 4 anillas,0.9337457765456111,0.07336392209936006,0.8643145546088339,0.8643145546088339,0.0694312219367772
17240,bloombastic,1.0,1.0,1.0,1.0,0.0
17242,bloque cuchillos jamoneros,0.9363792118010483,0.9337457765456111,0.8611375561264456,0.9337457765456111,0.002633435255437244
17247,bloqueo segurod puertas,1.0,1.0,1.0,1.0,0.0
17248,bloques construccion bebe,1.0,1.0,1.0,1.0,0.0
17286,blu ray grabador interno,0.4883491838252098,0.8553475075669357,0.7573821447149967,0.8553475075669357,-0.36699832374172586
17595,bluetooth in ear,0.5982291239616433,0.8760157235037968,0.8325036712789009,0.8760157235037968,-0.27778659954215346
17672,blusas gato,1.0,0.88995411685096,1.0,1.0,0.0
17697,blw libro,0.49818925746641285,0.15642624200758548,0.5400753810454857,0.5400753810454857,-0.04188612357907284
17704,bmw,1.0,1.0,1.0,1.0,0.0
17717,bmw llaveros,1.0,0.9305687780632229,1.0,1.0,0.0
17851,bobina de hilo para soldar sin gas,0.8603818544462509,0.8482378089219648,0.7655934900767002,0.8482378089219648,0.012144045524286162
17863,bocina trompeta,0.9052116356304495,1.0,0.88995411685096,1.0,-0.09478836436955052
17864,bocinas,1.0,1.0,1.0,1.0,0.0
17868,boda vintage,0.3316936730892072,0.7967610662472993,0.3913817611255761,0.7967610662472993,-0.46506739315809204
17906,body lentejuelas,0.8553475075669357,0.7859162856301584,0.8454256604216018,0.8454256604216018,0.00992184714533384
18053,boiros rotulador de doble punta 36 colores,0.727329844310522,0.5473983622993503,0.7846170207230131,0.7846170207230131,-0.05728717641249115
18064,bolas de hamster,1.0,1.0,1.0,1.0,0.0
18067,bolas de navidad rosas doradas,0.5363559634917964,0.3005260969186081,0.35687885840597905,0.35687885840597905,0.17947710508581732
18070,bolas masera pulsera,1.0,1.0,1.0,1.0,0.0
18072,bolas para ninos,0.7917063341896683,0.5617131059245699,0.5618918191694955,0.5618918191694955,0.2298145150201728
18080,boligrafo montlanc,0.6325414799409712,0.06362078819895173,0.5473983622993503,0.5473983622993503,0.08514311764162086
18081,boligrafos personalizados,1.0,0.9305687780632229,1.0,1.0,0.0
18082,boligrafos sheaffer precios,0.9305687780632229,1.0,0.77990823370192,1.0,-0.06943122193677709
18084,bolis pilot borrables azul,0.9058653015743079,0.7036997876179215,0.45905478457279136,0.7036997876179215,0.20216551395638638
18100,bolsa de viaje mujer,1.0,1.0,1.0,1.0,0.0
18103,bolsa frio insulina,1.0,1.0,1.0,1.0,0.0
18104,bolsa gym mujer,1.0,1.0,1.0,1.0,0.0
18113,bolsa nordico guardar,0.34685330469621795,0.5077181160122075,0.3647442587311446,0.5077181160122075,-0.16086481131598956
18114,bolsa organza 13x18,1.0,1.0,1.0,1.0,0.0
18115,bolsa papel sin asa,0.647053841756604,0.6618313225363276,0.59839506697425,0.6618313225363276,-0.014777480779723629
18121,bolsa presoterapia,0.7506372960520511,0.46627747176364104,0.9305687780632229,0.9305687780632229,-0.17993148201117182
18122,bolsa refrigerante,1.0,1.0,1.0,1.0,0.0
18125,bolsa transporte yoofan,0.7585866543655181,0.9217868789962071,0.8854598815714874,0.9217868789962071,-0.16320022463068906
18127,bolsa vacio reutilizable cocina,0.88995411685096,0.9216017310213247,1.0,1.0,-0.11004588314903996
18128,bolsa viaje tactica 80l,0.857980942822373,0.8482378089219648,0.9305687780632229,0.9305687780632229,-0.07258783524084989
18131,bolsas blancas plastico,0.7542686714597937,0.7846170207230131,0.4163824138054738,0.7846170207230131,-0.030348349263219387
18132,bolsas caca perro,1.0,1.0,1.0,1.0,0.0
18133,bolsas de basura,0.8611375561264456,0.9363792118010483,0.9337457765456111,0.9363792118010483,-0.07524165567460273
18135,bolsas de cotillon para fiestas,0.9363792118010483,0.7670273914429266,0.8669479898642711,0.8669479898642711,0.0694312219367772
18139,bolsas de tela blanca para arroz,0.9216017310213247,0.6442227883107536,0.8318477135310892,0.8318477135310892,0.08975401749023548
18144,bolsas regalo chuches,1.0,1.0,1.0,1.0,0.0
18148,bolsas tostar pan sin gluten,0.8611375561264456,0.713654010247531,0.7951657524814092,0.7951657524814092,0.06597180364503641
18149,bolsitas de tela para regalos,1.0,0.9216017310213247,0.9363792118010483,0.9363792118010483,0.06362078819895167
18150,bolso asa metalica,0.8315546295836225,0.17723928678404774,0.6131471927654584,0.6131471927654584,0.2184074368181641
18151,bolso avion 40x20x25,0.5725185965839159,0.6286102176767671,0.5929734460267241,0.6286102176767671,-0.05609162109285115
18154,bolso de mano tommy hilfiger hombre,0.9052116356304495,0.19930623359011804,0.8263333286520084,0.8263333286520084,0.07887830697844112
18159,bolso gotico mujer,1.0,1.0,1.0,1.0,0.0
18166,bolso miss lulu,0.8165901947515999,0.5017100640839689,0.4932162989129128,0.5017100640839689,0.314880130667631
18168,bolso movil nylon,0.8482378089219648,0.6442227883107536,0.92663607790064,0.92663607790064,-0.07839826897867519
18169,bolso mujer,1.0,1.0,1.0,1.0,0.0
18183,bolsos organizador maletas,0.8412976538766465,0.9230390249121357,0.9292442392789195,0.9292442392789195,-0.08794658540227307
18184,bolsos pequenos,1.0,1.0,1.0,1.0,0.0
18185,bolsos piel mujer,1.0,1.0,1.0,1.0,0.0
18186,bolsos rosas mujer,1.0,0.9216017310213247,1.0,1.0,0.0
18199,bomba aceite motosierra stihl,0.6504460199135362,0.72878684203556,0.7009124514018641,0.72878684203556,-0.07834082212202376
18203,bomba de circulación de agua,1.0,1.0,1.0,1.0,0.0
18210,bombas para pozos,1.0,1.0,0.9305687780632229,1.0,0.0
18212,bombay shapire,0.9363792118010483,0.6500332220485792,0.7951657524814092,0.7951657524814092,0.14121345931963913
18224,bombilla inteligente,1.0,1.0,1.0,1.0,0.0
18225,bombilla intermitente naranja,1.0,1.0,1.0,1.0,0.0
18228,bombilla smart,1.0,1.0,1.0,1.0,0.0
18231,bombillas led 2w,1.0,1.0,0.8611375561264456,1.0,0.0
18234,bombillas wifi e27 luz calida,0.9305687780632229,0.8048109992093391,0.9148568823583791,0.9148568823583791,0.01571189570484377
18235,bombin balon,1.0,1.0,1.0,1.0,0.0
18289,bontibu eau de toilette,0.0,0.0,0.0,0.0,0.0
18391,bookcase white,0.718362797268624,0.6816808362189439,0.7846170207230131,0.7846170207230131,-0.06625422345438914
18394,"bookcases, cabinets & shelves",0.7453016244178956,0.5430029249822635,0.826813366651774,0.826813366651774,-0.08151174223387836
18430,books for teenagers,0.6067216003536937,0.7663491917568949,0.7353797772725618,0.7663491917568949,-0.15962759140320115
18558,boquillas actitube,1.0,0.9363792118010483,0.9363792118010483,0.9363792118010483,0.06362078819895167
18559,boquillas airless titan,0.44821456061271275,0.45260163770065,0.45374257454118555,0.45374257454118555,-0.005528013928472797
18560,bora extractor,0.0,0.16812753627111746,0.3903800499921017,0.3903800499921017,-0.3903800499921017
18566,bordado dorado,0.8454256604216018,0.6975961695061493,0.6726934039987302,0.6975961695061493,0.1478294909154525
18594,born pretty top coat,0.5205324778030482,0.6374604866485559,0.33423335394028225,0.6374604866485559,-0.11692800884550769
18604,bosanova botas militares,0.7313676349198184,0.4140954656308821,0.7407933245435487,0.7407933245435487,-0.00942568962373036
18606,bosch 12v 2a bateria,1.0,0.6309297535714575,0.6309297535714575,0.6309297535714575,0.36907024642854247
18610,bosch gll 3-80 c,0.9709286432396583,0.9047172294870751,0.8927537907700456,0.9047172294870751,0.06621141375258321
18617,bosch martillo perforador gbh,1.0,1.0,1.0,1.0,0.0
18635,bose altavoz techo,0.7322962005285631,0.3026024134988135,0.2917883373452058,0.3026024134988135,0.42969378702974964
18715,bota caña alta,0.8115558478722846,0.7000949683025057,0.7015099647232446,0.7015099647232446,0.11004588314904007
18716,bota converse negra plataforma,0.4451989745299882,0.17318663334822615,0.5900490851534657,0.5900490851534657,-0.14485011062347747
18723,botaa camperas mujer,1.0,0.92663607790064,0.9216017310213247,0.92663607790064,0.07336392209936005
18725,botas 45 goretex,1.0,0.8677498204895239,0.9560290452802053,0.9560290452802053,0.04397095471979473
18732,botas altas mustang,0.9438661545147249,0.9052181617170642,0.7757386182436072,0.9052181617170642,0.038647992797660735
18735,botas bunker,1.0,1.0,1.0,1.0,0.0
18745,botas de agua niña azul marino,0.9337457765456111,0.9305687780632229,0.8611375561264456,0.9305687780632229,0.0031769984823881714
18748,botas de futbol rosas,0.88995411685096,0.8318477135310892,0.8115558478722846,0.8318477135310892,0.058106403319870825
18752,botas de niños de vestir,1.0,0.46111430781719365,0.77990823370192,0.77990823370192,0.22009176629808003
18754,botas de seguridad,0.8112689688197959,0.5156373435391062,0.734388434701441,0.734388434701441,0.07688053411835494
18759,botas de tacón alto para mujer,0.8550956239938449,0.8393141109129421,0.8142176609494209,0.8393141109129421,0.01578151308090281
18762,botas estilo dr martens,1.0,1.0,1.0,1.0,0.0
18765,botas futbol 44.5,0.9671081267272549,0.9445735153413951,0.9372375429818208,0.9445735153413951,0.02253461138585977
18771,botas futbol tacos talla 37,0.7663491917568949,0.8364586133797037,0.7605591431973849,0.8364586133797037,-0.07010942162280887
18783,botas militar ante,0.867043684838194,0.8485833840018,0.9619991470595832,0.9619991470595832,-0.09495546222138918
18784,botas militares,1.0,1.0,1.0,1.0,0.0
18787,botas moto alpinestar,1.0,1.0,1.0,1.0,0.0
18789,botas mujer,1.0,1.0,1.0,1.0,0.0
18790,botas mujer invierno,1.0,1.0,1.0,1.0,0.0
18792,botas mujer iowa,0.11751610475642714,0.6096199500078984,0.3903800499921017,0.6096199500078984,-0.4921038452514712
18805,botas salomon,0.8263333286520084,0.5582604437617529,0.706583601726363,0.706583601726363,0.11974972692564534
18819,bote gel viaje,1.0,0.8048109992093391,0.9337457765456111,0.9337457765456111,0.06625422345438892
18824,botella acero sin bpa,1.0,1.0,1.0,1.0,0.0
18826,botella agua disney,1.0,1.0,1.0,1.0,0.0
18828,botella cristal wonderful,0.8248239677678635,0.8297197050122157,0.8789901909062586,0.8789901909062586,-0.05416622313839514
18831,botella litro y medio cristal,0.09791292534996782,0.0,0.16220310073808747,0.16220310073808747,-0.06429017538811965
18835,botellas beber niños 2 años,0.7315449642824575,0.0,0.5333576782543338,0.5333576782543338,0.19818728602812374
18838,botellas hidro flask,1.0,0.77990823370192,0.9363792118010483,0.9363792118010483,0.06362078819895167
18841,botellas tupperware 310 ml,1.0,1.0,1.0,1.0,0.0
18843,botellines ciclismo,0.769526190239283,0.6410457898283654,0.6036081270984909,0.6410457898283654,0.12848040041091768
18845,botes de cristal,1.0,0.9148568823583791,1.0,1.0,0.0
18855,botines alpe mujer,1.0,0.9305687780632229,1.0,1.0,0.0
18857,botines bajos mujer invierno,0.7104770117651427,0.7877736340270853,0.685119869332369,0.7877736340270853,-0.07729662226194267
18860,botines color mostaza,0.7039180890341347,0.9010126104210695,0.49818925746641285,0.9010126104210695,-0.19709452138693484
18864,botines de hombre para vestir,0.9337457765456111,0.699473903081392,0.8701249883466594,0.8701249883466594,0.06362078819895167
18868,botines marrones mujer tacon medio,0.817692920012317,0.705068757936883,0.5286812672506765,0.705068757936883,0.11262416207543402
18871,botines mujer invierno mustang,0.9674679834891693,0.618890676363047,0.8179809735263114,0.8179809735263114,0.1494870099628579
18872,botines negros,1.0,0.8701249883466594,1.0,1.0,0.0
18873,botines negros mujer tacon,1.0,1.0,1.0,1.0,0.0
18881,botiquin riñonera emergencias,1.0,0.9337457765456111,0.826813366651774,0.9337457765456111,0.06625422345438892
18882,botones juguetes,0.8712137160156971,0.46437288783752695,0.44149241373678083,0.46437288783752695,0.40684082817817013
18885,botss mujer 43,1.0,1.0,1.0,1.0,0.0
18948,bounty sin azucar,0.36215764044273824,0.3385669807178284,0.19796212533499347,0.3385669807178284,0.023590659724909813
18987,bowl pra gatos,0.5232184379652837,0.5533016463258741,0.510927102244958,0.5533016463258741,-0.03008320836059042
19049,boxeo protector bucal,1.0,1.0,1.0,1.0,0.0
19056,boxer running hombre,0.7104770117651427,0.599976751690748,0.7951657524814092,0.7951657524814092,-0.08468874071626653
19409,bragas faja sin costuras mujer,1.0,1.0,1.0,1.0,0.0
19412,bragas para el cuello,1.0,0.9052116356304495,0.9052116356304495,0.9052116356304495,0.09478836436955052
19413,bragas push up sin relleno,0.9148568823583791,0.3597099118518293,0.0,0.3597099118518293,0.5551469705065498
19501,braseros calor negro,0.26774614184997625,0.3133689519796274,0.2927147007535798,0.3133689519796274,-0.04562281012965114
19567,brazalete turquesa hombre,0.6804503724350792,0.72891152902702,0.6620158551732018,0.72891152902702,-0.048461156591940835
19687,breitling reloj hombre,1.0,0.9363792118010483,0.9363792118010483,0.9363792118010483,0.06362078819895167
19713,breville hervidor,1.0,0.9216017310213247,0.9337457765456111,0.9337457765456111,0.06625422345438892
19722,brew monk,0.7908387778091585,0.7041249493150388,0.7748248586952258,0.7748248586952258,0.016013919113932684
19803,bright boost neutrogena,0.0,0.0,0.0,0.0,0.0
19890,broca larga pared,0.694765116060299,0.8263333286520084,0.9216017310213247,0.9216017310213247,-0.2268366149610257
19892,brocas con roscas para metal,1.0,0.8643145546088339,1.0,1.0,0.0
19894,brochas maquillaje,1.0,1.0,1.0,1.0,0.0
19896,broches para vestidos,1.0,1.0,1.0,1.0,0.0
19907,bromas cumpleaños adultos,1.0,1.0,1.0,1.0,0.0
19981,brother,0.77990823370192,0.6618313225363276,0.6620158551732018,0.6620158551732018,0.11789237852871814
20174,bs-tech,0.36724566222618554,0.33810370817087787,0.4703608339511884,0.4703608339511884,-0.10311517172500284
20178,bt s3 intercomunicador,1.0,0.9148568823583791,1.0,1.0,0.0
20181,bt-s3,1.0,0.6772733739526912,1.0,1.0,0.0
20186,bt21 peluche,1.0,0.9363792118010483,1.0,1.0,0.0
20322,bufanda leganes,1.0,0.6934264036172708,1.0,1.0,0.0
20445,buje trasero mtb 29,0.1208113026994942,0.6739577727076379,0.16958010263680806,0.6739577727076379,-0.5531464700081437
20447,bujia ngk cr8eix,0.92663607790064,0.8454256604216018,0.533722528236359,0.8454256604216018,0.08121041747903812
20771,bushnell golf,0.6379893060953273,0.8270433092474515,0.710675276578257,0.8270433092474515,-0.18905400315212417
20928,buzon de tiempo,0.3903800499921017,0.3903800499921017,0.3903800499921017,0.3903800499921017,0.0
20929,buzon gris antracita,1.0,0.77990823370192,0.9305687780632229,0.9305687780632229,0.06943122193677709
20964,byd baterias,0.2640681225725909,0.3065735963827292,0.0,0.3065735963827292,-0.042505473810138306
20979,bálsamo de labios originale,1.0,0.9337457765456111,0.9363792118010483,0.9363792118010483,0.06362078819895167
20981,báscula de cocina,1.0,1.0,1.0,1.0,0.0
21035,c922,1.0,0.6182885020492784,0.6653497124326151,0.6653497124326151,0.3346502875673849
21037,cabalgata de reyes,0.38685280723454163,1.0,0.2890648263178879,1.0,-0.6131471927654584
21039,cabaña niños tela,1.0,1.0,1.0,1.0,0.0
21041,cabecero acolchado blanco 135,1.0,1.0,1.0,1.0,0.0
21043,cabecero cama 160,1.0,0.7441861791075427,0.8317213551625277,0.8317213551625277,0.16827864483747235
21045,cabecero madera y blanco,0.9305687780632229,0.8611375561264456,0.9363792118010483,0.9363792118010483,-0.005810433737825416
21049,cabeceto cama 150,1.0,1.0,1.0,1.0,0.0
21050,cabecillas radios bicicleta,1.0,0.7183424120903082,0.8357804136936722,0.8357804136936722,0.16421958630632782
21052,cabello fino y sin volumen,0.6214990811334173,0.7065443116025598,0.5551469705065497,0.7065443116025598,-0.08504523046914247
21056,cabezal lumea philips,0.5481351590340574,0.3101713436465379,0.5806020001118019,0.5806020001118019,-0.032466841077744446
21057,cabezas de elefantes infantil,0.5730249097309823,0.3362374957109626,0.48160565320269266,0.48160565320269266,0.09141925652828964
21067,cabina rayos uva,0.2460378879321994,0.0,0.33810370817087787,0.33810370817087787,-0.09206582023867846
21114,cable auxiliar audio video usb,0.7977228895450266,0.6240505200038379,0.6052602440527057,0.6240505200038379,0.1736723695411887
21152,cable ipad hdmi,0.7973123008848118,0.750522990234051,0.8595719806811872,0.8595719806811872,-0.06225967979637548
21179,cable rca hembra macho,0.8611375561264456,0.9216017310213247,0.88995411685096,0.9216017310213247,-0.0604641748948791
21195,cable vgac corto,1.0,0.0,0.6309297535714575,0.6309297535714575,0.36907024642854247
21243,cadena estrella y luna barato de acero inoxidable,0.7039180890341347,0.8854598815714874,0.812653045383133,0.8854598815714874,-0.1815417925373527
21244,cadena oro y cruz,0.7951657524814092,0.857980942822373,0.6410457898283654,0.857980942822373,-0.06281519034096383
21245,cadena para bolso,0.92663607790064,0.6311443278613472,1.0,1.0,-0.07336392209936005
21247,cadenas de 18k de oro de comunion,0.88995411685096,1.0,0.8205228949141828,1.0,-0.11004588314903996
21249,cadenas de oro,1.0,1.0,1.0,1.0,0.0
21251,cadenas hombre,0.8389574121760603,0.5368103404171508,0.8205228949141828,0.8205228949141828,0.018434517261877503
21253,cadenas oro hombre 24k,1.0,0.5064767203222519,0.0,0.5064767203222519,0.4935232796777481
21254,cadenas para carteras,0.92663607790064,0.5847192329112589,0.8200685179888284,0.8200685179888284,0.10656755991181155
21264,cafe grano lavazza espresso,0.9216514835285049,0.7649544505855147,0.8508957228074243,0.8508957228074243,0.07075576072108059
21273,cafetera bialetti acero,1.0,0.9363792118010483,0.8553475075669357,0.9363792118010483,0.06362078819895167
21277,cafetera de bomba,1.0,1.0,1.0,1.0,0.0
21282,cafetera goteo viaje,0.8218104166998356,0.7750434027136732,0.7132006782022834,0.7750434027136732,0.04676701398616234
21284,cafetera induccion 6 tazas,1.0,1.0,1.0,1.0,0.0
21290,cafetera nesspreso cápsulas,0.5543375550857161,0.25657228426720274,0.24630238874073,0.25657228426720274,0.2977652708185134
21295,cafeteras superautomaticas,0.88995411685096,0.7951657524814092,0.7917063341896683,0.7951657524814092,0.09478836436955085
21315,caixa pc gaming,0.575073986183329,1.0,0.7019727018777485,1.0,-0.42492601381667106
21321,caja coche maletero,0.9363792118010483,0.8630152897016883,0.9305687780632229,0.9305687780632229,0.005810433737825416
21327,caja fotos polaroid,0.6990965951279143,0.6941911863804712,0.49066989509317493,0.6941911863804712,0.004905408747443163
21331,caja hermetica,0.9305687780632229,0.9148568823583791,1.0,1.0,-0.06943122193677709
21335,caja negra de conexión electrónicos,0.7751482523375256,0.618546564384746,0.8437060441751241,0.8437060441751241,-0.06855779183759847
21339,caja para guardar vinilos,0.9337457765456111,0.7027284035579431,0.718362797268624,0.718362797268624,0.21538297927698713
21343,caja plano pesca,0.9337457765456111,0.7791714369672128,0.9216017310213247,0.9216017310213247,0.012144045524286384
21358,cajas divisorias grande madera,0.6340499455108034,0.5307212739772434,0.7653606369886217,0.7653606369886217,-0.13131069147781826
21363,cajas plastico pulidora,0.6257049680303419,0.39106560501896365,0.4592386704062355,0.4592386704062355,0.16646629762410642
21364,cajas puzzles secretos,1.0,0.685119869332369,1.0,1.0,0.0
21368,cajero automatico,0.8630152897016883,0.6496872770120412,0.7951657524814092,0.7951657524814092,0.06784953722027909
21373,cajonera almacenaje armario ropa,0.6331992944486873,0.7624164915943119,0.542364015420035,0.7624164915943119,-0.12921719714562463
21376,cajoneras de plastico,1.0,1.0,1.0,1.0,0.0
21379,cajones estanteria,0.7381919257729246,0.857980942822373,0.7788065869851875,0.857980942822373,-0.11978901704944844
21431,cala artificial blanca,1.0,0.5399873388995391,0.8669479898642711,0.8669479898642711,0.13305201013572887
21442,calcas,0.7877736340270853,0.6530488081313036,0.7015099647232446,0.7015099647232446,0.08626366930384077
21450,calcetines bebe,1.0,1.0,1.0,1.0,0.0
21452,calcetines ciclismo originales,0.9216017310213247,1.0,1.0,1.0,-0.0783982689786753
21462,calcetines joluvi thermolite,1.0,1.0,1.0,1.0,0.0
21467,calcetines niños,1.0,1.0,1.0,1.0,0.0
21470,calcetines sin goma hombre,0.8603818544462509,0.9216017310213247,0.9052116356304495,0.9216017310213247,-0.06121987657507377
21499,calculadora electrica,1.0,1.0,1.0,1.0,0.0
21500,calculadora numeros grandes,1.0,1.0,1.0,1.0,0.0
21511,caldera de pellets,0.7125523635307983,0.6364741801035539,0.7909506325094736,0.7909506325094736,-0.0783982689786753
21515,calderas de gas natural vaillant,0.9337457765456111,0.718362797268624,0.7015099647232446,0.718362797268624,0.21538297927698713
21518,caldo de pescado sin sal,0.43734888382569426,0.29769321486741446,0.5239472913541398,0.5239472913541398,-0.0865984075284455
21537,calefactores,1.0,1.0,1.0,1.0,0.0
21548,calendario adviento playmobil,1.0,0.9337457765456111,0.9363792118010483,0.9363792118010483,0.06362078819895167
21550,calendario de adviento,1.0,1.0,1.0,1.0,0.0
21551,calendario de adviento marvel,0.796670591535181,0.5603502317119197,0.7562251525126247,0.7562251525126247,0.04044543902255637
21563,calentador electrico,0.8611375561264456,0.694765116060299,0.92663607790064,0.92663607790064,-0.06549852177419435
21565,calentador teka 50 l,1.0,0.5706417189553201,0.9197207891481876,0.9197207891481876,0.08027921085181244
21576,calibre pie de rey mitutoyo,0.42914113378860663,0.7151857987862358,0.3836331529183765,0.7151857987862358,-0.28604466499762915
21622,call of duty : ghosts,1.0,0.9202054614375518,1.0,1.0,0.0
21625,call of duty modern,0.9337457765456111,0.8669479898642711,0.8611375561264456,0.8669479898642711,0.06679778668133995
21627,call of duty modern warfare ps4,0.8815140373113173,0.8264542549401195,0.6466283906163723,0.8264542549401195,0.055059782371197796
21635,callaghan mujer botas,1.0,1.0,1.0,1.0,0.0
21641,calle sin salida,0.6618313225363276,0.37878333867593544,0.47870393709728004,0.47870393709728004,0.18312738543904755
21663,calmante de the body shop,0.6105858728157117,0.5889837127672155,0.6238470455881189,0.6238470455881189,-0.013261172772407126
21710,calzado,1.0,1.0,1.0,1.0,0.0
21716,calzamedi mujer,1.0,1.0,1.0,1.0,0.0
21717,calzamedi mujer verano,0.6121005180971476,0.8534811121179371,0.7322962005285631,0.8534811121179371,-0.24138059402078949
21722,calzoncillos,1.0,0.727329844310522,0.7967610662472993,0.7967610662472993,0.20323893375270075
21742,cama nido y armario puente,0.6083169141195839,0.8318477135310892,0.6961622681399229,0.8318477135310892,-0.22353079941150533
21743,cama para bebes recien nacidos,0.88995411685096,0.769526190239283,0.8389574121760603,0.8389574121760603,0.050996704674899695
21745,cama perro mediano,1.0,1.0,1.0,1.0,0.0
21746,cama perros,1.0,1.0,1.0,1.0,0.0
21755,camara bebe,1.0,1.0,1.0,1.0,0.0
21756,camara bebes vigilancia,1.0,1.0,1.0,1.0,0.0
21758,camara bicicleta 26x1.95,0.8603818544462509,0.823699893396571,0.7975167679274939,0.823699893396571,0.03668196104967991
21765,camara deportiva,1.0,1.0,1.0,1.0,0.0
21766,camara deportiva gopro 7,1.0,0.0,1.0,1.0,0.0
21770,camara fotos digital,1.0,1.0,1.0,1.0,0.0
21773,camara fotos niños,1.0,1.0,1.0,1.0,0.0
21774,camara fujifilm,1.0,1.0,1.0,1.0,0.0
21778,camara instantanea niños,1.0,0.9305687780632229,1.0,1.0,0.0
21793,camara samsung wb150f,0.0,0.0,0.0,0.0,0.0
21805,camaras de aparcamiento coche,1.0,1.0,1.0,1.0,0.0
21807,camaras de vigilancia ocultas,1.0,0.30315953217404545,0.9363792118010483,0.9363792118010483,0.06362078819895167
21810,camaras espias camufladas,1.0,1.0,1.0,1.0,0.0
21812,camaras inalambricas para pc,0.9066276098484507,0.2769189462922768,0.49818925746641285,0.49818925746641285,0.40843835238203785
21825,camas juveniles con escritorio,0.7678620595110026,0.5676648326913505,0.6523502879857568,0.6523502879857568,0.11551177152524583
21832,camasutra libro,0.9818483242455303,0.13120507751234178,0.6669000641169921,0.6669000641169921,0.31494826012853816
21937,camisa hombre mangas largas cervezas,0.5,0.0,0.6309297535714575,0.6309297535714575,-0.13092975357145753
21941,camisa para perro pequeño,0.8503449055347546,0.0,0.2640681225725909,0.2640681225725909,0.5862767829621638
21947,camisas hombre sin cuello,0.7967610662472993,0.823699893396571,0.823699893396571,0.823699893396571,-0.02693882714927176
21948,camisas hombres verano lino,1.0,0.92663607790064,1.0,1.0,0.0
21949,camisas mujer años 70,0.9674679834891693,0.9134015924715543,1.0,1.0,-0.03253201651083071
21958,camiseta azul oscuro,0.4736364032178,0.29096343487431736,0.5291369345698581,0.5291369345698581,-0.055500531352058124
21959,camiseta blanca basica,1.0,0.826813366651774,0.9148568823583791,0.9148568823583791,0.08514311764162086
21966,camiseta básica negra mujer larga,0.8630152897016883,0.7818048722226502,0.9216017310213247,0.9216017310213247,-0.05858644131963642
21968,camiseta chelsea,1.0,1.0,1.0,1.0,0.0
21971,camiseta de marvel hombre,0.897617883552293,0.4034158649873408,0.7815683063664048,0.7815683063664048,0.11604957718588815
21972,camiseta de rugby francia,1.0,0.8141829732638892,1.0,1.0,0.0
21973,camiseta deportiva basica hombre manga larga,0.8508957228074243,0.760965594441447,0.8117214645716768,0.8117214645716768,0.039174258235747494
21976,camiseta hombre gimnasio,0.8669479898642711,0.8486026589039901,0.9216017310213247,0.9216017310213247,-0.05465374115705357
21985,camiseta muscle fit,0.823699893396571,0.8521705090845474,0.8318477135310892,0.8521705090845474,-0.028470615687976375
21988,camiseta nike manga corta blanca,0.8677498204895239,0.9434732991210639,0.9374130297304558,0.9434732991210639,-0.07572347863154005
21992,camiseta personalizada jubilado,1.0,1.0,1.0,1.0,0.0
21995,camiseta roja niña,1.0,0.8611375561264456,1.0,1.0,0.0
22003,camiseta termica sin mangas hombre,0.8006937664098821,0.5774250016294137,0.34527837610864365,0.5774250016294137,0.22326876478046842
22004,camiseta termicas mujer,1.0,0.92663607790064,1.0,1.0,0.0
22011,camiseta westbrook niño,1.0,1.0,1.0,1.0,0.0
22021,camisetas cortas mujer,0.7246262544989281,0.9619991470595832,0.9047172294870751,0.9619991470595832,-0.23737289256065508
22026,camisetas ecko cotto,1.0,0.9148568823583791,1.0,1.0,0.0
22028,camisetas hombre,0.9216017310213247,0.9052116356304495,0.9052116356304495,0.9052116356304495,0.016390095390875214
22117,campana 80cm,1.0,1.0,1.0,1.0,0.0
22118,campana decorativa isla,1.0,1.0,1.0,1.0,0.0
22119,campana extractora 60,1.0,1.0,1.0,1.0,0.0
22240,canape 1’35,0.6309297535714575,0.5,0.6309297535714575,0.6309297535714575,0.0
22250,candado pequeño con llave,1.0,0.9363792118010483,1.0,1.0,0.0
22253,candados de seguridad sin llave,1.0,0.9216017310213247,0.8701249883466594,0.9216017310213247,0.0783982689786753
22255,candados transparentes,0.9438661545147249,0.407591902495008,1.0,1.0,-0.05613384548527511
22259,candelabro vintage blanco,0.6652907408280684,0.6867151830982592,0.72891152902702,0.72891152902702,-0.06362078819895167
22309,candy colors tinte,0.45920859271393394,0.4125317798925535,0.3618791953854131,0.4125317798925535,0.04667681282138042
22343,cangrejeras niño,1.0,0.7630946912803437,0.8611375561264456,0.8611375561264456,0.1388624438735544
22358,canizales,0.8611375561264456,0.8415908474314977,0.7381919257729246,0.8415908474314977,0.0195467086949479
22399,canon,0.8611375561264456,0.6975961695061493,0.6214990811334173,0.6975961695061493,0.16354138662029627
22440,canon eos r body - cámara digital,0.36926780146674987,0.3501483019834802,0.2920782154400332,0.3501483019834802,0.019119499483269686
22492,canon teleobjetivos,0.9216017310213247,1.0,0.7191184989488185,1.0,-0.0783982689786753
22563,canzocillo para hombre boxer calvin klein,0.7982650576674577,0.7599661463179086,0.9705437052559006,0.9705437052559006,-0.1722786475884429
22582,capas samsung s20,0.643121141594021,0.6468562235661909,0.77990823370192,0.77990823370192,-0.13678709210789897
22584,capazo bebe confort,0.8643145546088339,0.5036067026046992,0.718362797268624,0.718362797268624,0.14595175734020993
22600,capotas para sillas de paseo gemelos,0.5711601909662337,0.5847192329112589,1.0,1.0,-0.4288398090337663
22616,capsulas dolce gusto recargables,1.0,1.0,1.0,1.0,0.0
22618,capsulas mensaje,1.0,1.0,1.0,1.0,0.0
22623,capsulas tassimo compatibles,0.6479443292923117,0.5670778462264137,0.6533207268200101,0.6533207268200101,-0.005376397527698362
22650,capturadora para nintendo switch,0.9148568823583791,1.0,1.0,1.0,-0.08514311764162086
22910,carabana pepa pig familia,0.6868169791563724,0.530421554585069,0.5126162520002755,0.530421554585069,0.1563954245713034
22925,caramelos sin azucar solano,0.8701249883466594,0.9363792118010483,0.8701249883466594,0.9363792118010483,-0.06625422345438892
22972,carcasa antigolpes xiaomi redmi 8 pro,0.8630152897016883,0.9305687780632229,0.6036081270984909,0.9305687780632229,-0.06755348836153463
22974,carcasa gopro session,0.8630152897016883,0.9305687780632229,0.9305687780632229,0.9305687780632229,-0.06755348836153463
22979,carcasa iphone xs original,0.6468562235661909,0.9216017310213247,0.6659485553357845,0.9216017310213247,-0.2747455074551338
22980,carcasa macbook pro 13 star wars,1.0,1.0,1.0,1.0,0.0
22985,carcasa xiaomi redmi note3,0.961701088650451,1.0,0.9838048780283076,1.0,-0.03829891134954899
23032,cardenal cisneros,1.0,1.0,1.0,1.0,0.0
23036,cardigan,1.0,1.0,1.0,1.0,0.0
23108,cargador baterias 24v,1.0,1.0,1.0,1.0,0.0
23110,cargador bosch profesional 18v,0.8006937664098821,0.7097402150304355,0.5810820381115674,0.7097402150304355,0.0909535513794466
23111,cargador cable galaxi s8+,0.8643145546088339,0.8521705090845474,0.8205228949141828,0.8521705090845474,0.012144045524286495
23115,cargador coche carga rapida samsung,0.38685280723454163,0.2640681225725909,0.23719771276929622,0.2640681225725909,0.12278468466195075
23122,cargador inalambrico iphone,1.0,1.0,1.0,1.0,0.0
23127,cargador iphone,0.8541058313273973,0.8313773227400805,0.4344408246906201,0.8313773227400805,0.022728508587316787
23134,cargador packard bell p5ws0,0.7957013235190329,0.9132861715058803,0.7949033785505174,0.9132861715058803,-0.11758484798684743
23137,cargador playstation 4,1.0,1.0,1.0,1.0,0.0
23142,cargador rapido usb multiple,1.0,1.0,1.0,1.0,0.0
23144,cargador samsung a20e,1.0,1.0,1.0,1.0,0.0
23147,cargadores apple,0.0,1.0,0.15642624200758548,1.0,-1.0
23155,cargo net,1.0,1.0,1.0,1.0,0.0
23219,cariño cuanto te odio,0.6131471927654584,0.6131471927654584,0.6131471927654584,0.6131471927654584,0.0
23224,carlos mayoral,0.4852658227346317,0.6677078027129131,0.2476427880871277,0.6677078027129131,-0.18244197997828138
23241,carne,0.16716045496620227,0.1480409554829326,0.16716045496620227,0.16716045496620227,0.0
23282,carpa militar,0.0,0.0,0.0,0.0,0.0
23318,carpetas sin anillas,0.6281460426238845,0.44202197604759996,0.15850703974098107,0.44202197604759996,0.18612406657628455
23331,carretilla de carga electrica,0.4644147025690223,0.26108529410420345,0.756824680097207,0.756824680097207,-0.29240997752818476
23354,carro para bebes recien nacidos,0.7510916729774055,0.2172607128522299,0.2465505554475862,0.2465505554475862,0.5045411175298193
23398,carta cd,0.9052116356304495,0.7663491917568949,0.6402900881481708,0.7663491917568949,0.13886244387355462
23422,carteras para hombre,1.0,1.0,1.0,1.0,0.0
23457,cartucho hp 304,0.7380396325465057,0.7457912185292984,0.24390331138078206,0.7457912185292984,-0.007751585982792686
23460,cartucho tinta lc221,0.9783978399515039,0.8067791927789943,0.6194790157221095,0.8067791927789943,0.17161864717250952
23462,cartulina blanco a3,0.9950883841893561,0.637033973357029,0.8029580725803853,0.8029580725803853,0.19213031160897076
23471,casa de pajaro madera arbol navidad,0.75369761125927,0.5143371794949736,0.5646436081071458,0.5646436081071458,0.18905400315212428
23472,casa de vacaciones playmobil 123,0.43067655807339306,0.0,0.0,0.0,0.43067655807339306
23483,cascabeles de colores,1.0,1.0,1.0,1.0,0.0
23492,casco inhalambricos diadema,1.0,1.0,0.9363792118010483,1.0,0.0
23502,casco urbano,1.0,1.0,1.0,1.0,0.0
23503,casco via ferrata,0.38941412718428836,0.5064767203222519,0.49091560650777377,0.5064767203222519,-0.11706259313796352
23509,cascos de moto integrales ls2,1.0,1.0,0.9337457765456111,1.0,0.0
23511,cascos esquiar chica,0.9267582364714125,0.8048099750039491,0.9828920819566879,0.9828920819566879,-0.056133845485275335
23513,cascos gaming,0.8932498536862836,0.8103998819010443,0.9876712785649565,0.9876712785649565,-0.09442142487867289
23515,cascos gaming sin microfono,0.15642624200758548,0.16716045496620227,0.0,0.16716045496620227,-0.01073421295861679
23518,cascos inalámbricos,1.0,1.0,1.0,1.0,0.0
23523,cascos sony microfono,1.0,0.3792377156012898,0.38820476264318793,0.38820476264318793,0.6117952373568121
23525,cascos v moda,1.0,0.6004311286161026,0.8482378089219648,0.8482378089219648,0.15176219107803524
23643,casita niña,1.0,1.0,1.0,1.0,0.0
23646,casitas para niñas de 3 años,0.34762911100514526,0.38722074301564835,0.41140458397539986,0.41140458397539986,-0.0637754729702546
23695,castillo de princesas para niñas,0.9216017310213247,0.8048109992093391,0.9216017310213247,0.9216017310213247,0.0
23799,cat eye luces bicicleta,0.3333333333333333,0.0,0.0,0.0,0.3333333333333333
23944,catalizador pintura epoxi sin disolvente nazza,0.961701088650451,0.9671081267272549,0.9049278636531481,0.9671081267272549,-0.005407038076803872
23995,catrice,1.0,1.0,1.0,1.0,0.0
24044,cazadora harrington hombre,1.0,0.9148568823583791,0.9363792118010483,0.9363792118010483,0.06362078819895167
24045,cazadora lentejuelas mujer,0.7503696232576679,0.5447249629530071,0.4786677822018378,0.5447249629530071,0.20564466030466078
24047,cazadora niña 3 años,0.9216017310213247,0.9216017310213247,0.77990823370192,0.9216017310213247,0.0
24050,cazadora plumas mujer invierno,0.870608685426993,0.580334993363223,0.6062178429497025,0.6062178429497025,0.2643908424772905
24051,cazadora sport chico,0.5104379394614381,0.37461252083542884,0.384266559722312,0.384266559722312,0.12617137973912612
24058,cazoleta de barro cachimba,0.845519325279726,0.8508957228074243,0.8987713917876999,0.8987713917876999,-0.05325206650797398
24061,cañamazo punto de cruz,0.841492960259019,0.9148568823583791,0.8006937664098821,0.9148568823583791,-0.07336392209936016
24161,cebolla frita sin gluten,0.6508205185601091,0.34870224750355494,0.15642624200758548,0.34870224750355494,0.3021182710565542
24162,cebra hombre,0.18154179253735267,0.13565197343244778,0.45646838330896394,0.45646838330896394,-0.2749265907716113
24319,cenicero sin olores,0.9337457765456111,1.0,1.0,1.0,-0.06625422345438892
24344,centro de actividades bebe,1.0,1.0,1.0,1.0,0.0
24358,cepillo dientes desechable,1.0,1.0,1.0,1.0,0.0
24366,cepillo redondo pelo,1.0,1.0,1.0,1.0,0.0
24370,cepillos electricos dentales philips,1.0,0.6698623505528799,0.718362797268624,0.718362797268624,0.28163720273137605
24375,cera depilflax,1.0,0.9305687780632229,0.8611375561264456,0.9305687780632229,0.06943122193677709
24422,cerave healing ointment,0.9223260797603763,0.7565030690421025,0.8318724637288826,0.8318724637288826,0.09045361603149371
24429,cercos de madera,0.92663607790064,0.8357804136936722,0.9363792118010483,0.9363792118010483,-0.009743133900408374
24438,cereales hipp sin gluten,0.4362932381209216,0.5588027712252335,0.6020941629041775,0.6020941629041775,-0.16580092478325592
24440,cereales sin azucar,0.8048099750039491,0.3071837157818931,0.8048099750039491,0.8048099750039491,0.0
24454,cerradura puerta corredera,0.6165641057516339,0.5306972923267993,0.5745176001095238,0.5745176001095238,0.0420465056421101
24461,cerrojo sin cerradura,0.6172839611614819,0.39375843764607205,0.42520843362602384,0.42520843362602384,0.19207552753545803
24476,cerveza torp cruzcampo,0.9793656319464775,0.7036341014013555,0.9793656319464775,0.9793656319464775,0.0
24489,cestas de mimbre para bodas,1.0,0.5847192329112589,0.7849818707050383,0.7849818707050383,0.21501812929496167
24490,cestas de mimbre setas,0.713654010247531,0.28444935123173903,0.6156886473955917,0.6156886473955917,0.09796536285193924
24494,cesto para lápices,0.4087190681031838,0.5020420510331549,0.5704707007904076,0.5704707007904076,-0.1617516326872238
24497,cestos organizadores bebe,1.0,1.0,1.0,1.0,0.0
24603,chair massage,0.8669479898642711,0.28444935123173903,0.29409459795966886,0.29409459795966886,0.5728533919046023
24634,chaleco de niños,1.0,1.0,1.0,1.0,0.0
24635,chaleco deportivo con capucha,0.9083745556952363,0.8887517031591262,0.9579534943578899,0.9579534943578899,-0.049578938662653615
24638,chaleco proteccion hipica,1.0,1.0,1.0,1.0,0.0
24685,champi cebolla sin parabenos,0.8643145546088339,0.37148910739409025,0.48882922182497557,0.48882922182497557,0.3754853327838583
24712,champion pantalon corto hombre,0.8521705090845474,0.88995411685096,0.92663607790064,0.92663607790064,-0.07446556881609256
24740,champu cabello graso sin sulfatos,0.7630946912803437,0.6293644814585829,0.7564477297898766,0.7564477297898766,0.006646961490467063
24747,champu matrix sin sulfatos,0.6309297535714575,0.5,0.43067655807339306,0.5,0.13092975357145753
24748,champu morado sin sulfatos,0.7778721720600673,0.6300426811446147,0.5579780239524,0.6300426811446147,0.1478294909154526
24752,champu schwarzkopf sin sulfatos,0.6924048374257172,0.711318759689527,0.5709662133861838,0.711318759689527,-0.018913922263809724
24754,champu sin sulfatos,1.0,1.0,1.0,1.0,0.0
24757,champu valquer sin sal,1.0,0.77990823370192,1.0,1.0,0.0
24758,champus en seco,1.0,1.0,1.0,1.0,0.0
24777,chandal hombre baratas,0.9337457765456111,0.9337457765456111,0.8701249883466594,0.9337457765456111,0.0
24784,chandal nike mujer invierno,0.5721065642519196,0.7462742600311302,0.7511984400967533,0.7511984400967533,-0.17909187584483366
24786,chandal rojo bebe,0.37221133799821404,0.4408004321376471,0.5047378886447156,0.5047378886447156,-0.13252655064650154
24800,chanel bleu,1.0,1.0,1.0,1.0,0.0
24805,chanel maquillaje,0.77990823370192,0.3863474142462609,0.8611375561264456,0.8611375561264456,-0.08122932242452563
24876,chaqueta calefactable hombre,1.0,1.0,1.0,1.0,0.0
24877,chaqueta carhartt con capuchas,0.9363792118010483,0.92663607790064,0.8669479898642711,0.92663607790064,0.009743133900408374
24886,chaqueta moto hombre,0.9337457765456111,1.0,1.0,1.0,-0.06625422345438892
24895,chaqueta protectora moto,0.9363792118010483,1.0,0.9305687780632229,1.0,-0.06362078819895167
24903,chaqueta yamaha racing mujer,1.0,1.0,1.0,1.0,0.0
24907,chaquetas de borrego,0.6744687194723645,0.703111904094716,0.6663212538075456,0.703111904094716,-0.028643184622351492
24910,chaquetas hombre invierno waterproof,0.7975167679274939,0.7951657524814092,0.6651928536555898,0.7951657524814092,0.0023510154460847366
24918,chaquetas tres capas calefactor,0.4500112274528524,0.8541058313273973,0.5014839712467825,0.8541058313273973,-0.4040946038745449
25020,charm inicial pandora,0.5508095940041026,0.4716276524567204,0.5065745439910657,0.5065745439910657,0.04423505001303685
25114,cheap spirit,0.6240505200038379,0.0,0.19342640361727081,0.19342640361727081,0.43062411638656706
25188,cheery brown,0.842126470715732,0.7809470087087704,0.8412976538766465,0.8412976538766465,0.0008288168390855333
25486,chickwin-shop,0.8701249883466594,0.857980942822373,0.826813366651774,0.857980942822373,0.012144045524286384
25487,chicles happydent menta,0.6309297535714575,0.38685280723454163,1.0,1.0,-0.36907024642854247
25622,chilitec,0.9202054614375518,0.5659653542055512,0.9202054614375518,0.9202054614375518,0.0
25759,chocolatina sin azucar,0.6850948573248621,0.34326108113913595,0.08747171410140821,0.34326108113913595,0.34183377618572613
25787,chopping board glass,0.8205228949141828,0.0,0.14782949091545264,0.14782949091545264,0.6726934039987302
25821,christian jacq,1.0,1.0,1.0,1.0,0.0
25908,christmas gift rugby toy,0.9828920819566879,0.9005471983095722,0.9223260797603763,0.9223260797603763,0.060566002196311586
26155,chseeo,1.0,1.0,1.0,1.0,0.0
26159,chubasquero mujer talla grande,0.8550956239938449,0.7671708088082309,0.647642720920625,0.7671708088082309,0.08792481518561401
26160,chubasquero niño talla 12,0.9062487935025676,0.3958654189748537,0.8987025955356566,0.8987025955356566,0.007546197966911028
26166,chuches sin gluten,1.0,1.0,0.8669479898642711,1.0,0.0
26217,chupetes forma pezon,0.7065443116025598,0.5829393865084945,0.7280855459907166,0.7280855459907166,-0.021541234388156805
26236,chándal de toy story de niño,0.8669479898642711,0.8669479898642711,0.857980942822373,0.8669479898642711,0.0
26240,chándal para hombre,0.9337457765456111,0.8415908474314977,0.9363792118010483,0.9363792118010483,-0.002633435255437244
26252,ciclismo zapatillas carretera,1.0,0.8630152897016883,0.7663491917568949,0.8630152897016883,0.13698471029831172
26261,cierre rapido de bicicleta,0.9305687780632229,0.7254521107352793,0.8454256604216018,0.8454256604216018,0.08514311764162108
26284,cigarrillos electrónicos mujer,0.9937947856332163,0.2911962933959411,0.6708446104448949,0.6708446104448949,0.3229501751883215
26287,cigarros sin nicotina,0.533722528236359,0.23177307466786257,0.5747915663739763,0.5747915663739763,-0.04106903813761731
26290,cilindro hidraulico sin costuras,0.5754994188159136,0.6188735782380818,0.5091406296930573,0.6188735782380818,-0.04337415942216816
26312,cine para adultos x,0.7041249493150388,0.4142578436403242,0.5310500112078504,0.5310500112078504,0.17307493810718833
26326,cinta adhesiva 2.5,0.6214990811334173,0.713654010247531,0.7104770117651427,0.713654010247531,-0.0921549291141136
26328,cinta anticalorica,1.0,1.0,1.0,1.0,0.0
26330,cinta correctora tipex,1.0,0.3535124404757274,0.8061503743503469,0.8061503743503469,0.19384962564965313
26338,cinta para cabeza niña 4 años,0.6563441316651529,0.5225271904629677,0.6158501733929389,0.6158501733929389,0.040493958272214026
26343,cinta scotch removable,0.8508957228074243,0.6530191184483232,0.7462742600311302,0.7462742600311302,0.10462146277629414
26344,cinta teflon,0.8175295903539445,0.3065735963827292,0.38685280723454163,0.38685280723454163,0.43067678311940283
26361,cinturon piel 5 cm,1.0,1.0,1.0,1.0,0.0
26363,cinturones anchos mujer,1.0,1.0,1.0,1.0,0.0
26365,cinturones de pinchos,1.0,0.7065443116025598,0.9052116356304495,0.9052116356304495,0.09478836436955052
26399,circulador de inmersion,0.8611375561264456,0.9337457765456111,0.8611375561264456,0.9337457765456111,-0.07260822041916548
26415,circutor,1.0,1.0,1.0,1.0,0.0
26425,cisco systems 24 port gigabit switch,1.0,0.8643145546088339,0.8669479898642711,0.8669479898642711,0.13305201013572887
26449,citronela repelente,0.77990823370192,0.6311443278613472,0.77990823370192,0.77990823370192,0.0
26455,citroën xsara picasso,0.0,0.0,0.0,0.0,0.0
26457,citrulina malato polvo,0.8701249883466594,0.9216017310213247,0.77990823370192,0.9216017310213247,-0.05147674267466529
26530,clarinete,0.9782917460822231,0.6774061517901412,0.8623312528041955,0.8623312528041955,0.1159604932780276
26616,clavija doble microfono,1.0,0.9052116356304495,0.9052116356304495,0.9052116356304495,0.09478836436955052
26618,clavijas afinacion guitarra electrica,1.0,1.0,1.0,1.0,0.0
26620,clavos adhesivos para pared,1.0,0.8572048559638626,0.8572048559638626,0.8572048559638626,0.14279514403613736
26889,clip grande oficina,0.88995411685096,0.7353797772725618,0.9337457765456111,0.9337457765456111,-0.04379165969465104
26895,clip leatherman,0.3235866969737877,0.9674679834891693,0.6257049680303419,0.9674679834891693,-0.6438812865153816
26974,cloro sin cobre,0.9216017310213247,0.8318477135310892,0.7702043899253147,0.8318477135310892,0.08975401749023548
27125,cmp 12 años niño,1.0,1.0,1.0,1.0,0.0
27133,cnc metal,0.4800032020044256,0.47479014188018465,0.4006705181006301,0.47479014188018465,0.0052130601242409425
27211,coaxial crimpadora,1.0,1.0,1.0,1.0,0.0
27222,cobertizos y pergolas,0.38589303732090646,0.4544982762213801,0.3882251478215037,0.4544982762213801,-0.06860523890047365
27226,cobijas de invierno grandes calientes,0.9363792118010483,0.9337457765456111,1.0,1.0,-0.06362078819895167
27238,cocaina,0.19195987438972922,0.4500112274528524,0.4376825060178087,0.4500112274528524,-0.25805135306312316
27243,coche,0.8611375561264456,0.88995411685096,0.7162874455029682,0.88995411685096,-0.02881656072451444
27248,coche electrico niño 12v,1.0,1.0,1.0,1.0,0.0
27250,coche nieve,0.9216017310213247,0.9363792118010483,1.0,1.0,-0.0783982689786753
27251,coche niño batería,1.0,1.0,1.0,1.0,0.0
27260,cochede juguete para niños,0.7654671039995544,0.609644959026155,0.6370265603250675,0.6370265603250675,0.12844054367448687
27263,coches 18 meses,1.0,0.9305687780632229,1.0,1.0,0.0
27264,coches escarabajo,0.77990823370192,0.20641593223508908,0.77990823370192,0.77990823370192,0.0
27265,coches rc gasolina 1 5,0.8020378746650066,0.7709363892380909,0.7837042816946692,0.7837042816946692,0.01833359297033743
27266,coches super zings,0.370291336443826,0.5780136823717549,0.6005491084563833,0.6005491084563833,-0.23025777201255732
27268,coches vtech,0.9230390249121357,0.7441861791075427,0.6992056376732813,0.7441861791075427,0.17885284580459304
27272,cocina,1.0,1.0,1.0,1.0,0.0
27275,cocina antisalpicaduras,0.9337457765456111,0.9148568823583791,0.9337457765456111,0.9337457765456111,0.0
27280,cocina mesa y sillas,0.5868769423506482,0.7315682114753617,0.9005471983095722,0.9005471983095722,-0.31367025595892395
27281,cocina para todos mery libro,0.9619991470595832,0.7226387152952866,0.8326783988613894,0.8326783988613894,0.12932074819819384
27350,coderas niños patines,0.7162874455029682,0.8669479898642711,0.6141069626790936,0.8669479898642711,-0.15066054436130294
27513,cojines cama,0.5460963797517798,0.3292053236583397,0.3872487704346732,0.3872487704346732,0.15884760931710662
27515,cojines decoracioncojines estampados,0.9305687780632229,1.0,0.9337457765456111,1.0,-0.06943122193677709
27518,cojines para sillas de comedor,1.0,1.0,1.0,1.0,0.0
27519,cojines rosas,0.0,1.0,0.0,1.0,-1.0
27521,cojines verde agua,1.0,1.0,1.0,1.0,0.0
27523,cojín cervical sofa,0.92663607790064,1.0,0.9305687780632229,1.0,-0.07336392209936005
27524,cojín cuello cervical,0.9363792118010483,0.9363792118010483,0.92663607790064,0.9363792118010483,0.0
27528,cojín perro la resistencia,0.6154062275862391,0.7948833326720566,0.505360344437199,0.7948833326720566,-0.1794771050858175
27536,cola madera titebond,1.0,1.0,0.8364586133797037,1.0,0.0
27550,colcha cama 120x190,0.3065735963827292,0.2640681225725909,0.21840743681816419,0.2640681225725909,0.042505473810138306
27552,colcha niño,1.0,1.0,1.0,1.0,0.0
27554,colchas bassetti,0.9337457765456111,0.9337457765456111,0.9363792118010483,0.9363792118010483,-0.002633435255437244
27560,colchon masaje espalda,0.9305687780632229,0.77523873680463,1.0,1.0,-0.06943122193677709
27578,colchón topper 100x180,0.9217868789962071,0.37590633587120725,1.0,1.0,-0.07821312100379285
27634,coleccion cuentos disney pack princesas,0.5,1.0,1.0,1.0,-0.5
27661,coletero negro,0.88995411685096,0.9216017310213247,0.9052116356304495,0.9216017310213247,-0.03164761417036466
27665,colgadores de cuadros sin agujeros,0.8389574121760603,0.6848374495230164,0.6090726157997784,0.6848374495230164,0.15411996265304395
27666,colgadores de pared sin taladrar,1.0,0.9305687780632229,1.0,1.0,0.0
27671,colgante diamantes,0.8389574121760603,0.7702043899253147,0.8521705090845474,0.8521705090845474,-0.013213096908487043
27676,colgante piedra lunar,0.88995411685096,0.8572048559638626,0.7827392871477703,0.8572048559638626,0.0327492608870974
27679,colgante árbol de la vida mujer oro 18 kilates,0.9337457765456111,1.0,0.6530488081313036,1.0,-0.06625422345438892
27682,colgantes de gatos,1.0,1.0,1.0,1.0,0.0
27683,colgar cuadros sin clavos,0.9148568823583791,0.4099509148465345,0.7191184989488185,0.7191184989488185,0.19573838340956062
27685,colgar movil cuello funda,1.0,0.9337457765456111,1.0,1.0,0.0
27721,collar con palabras 100 idiomas,1.0,1.0,0.9363792118010483,1.0,0.0
27723,collar de mejores amigas baratos,1.0,1.0,1.0,1.0,0.0
27732,collar mosquitos perro,0.8611375561264456,0.9337457765456111,0.77990823370192,0.9337457765456111,-0.07260822041916548
27734,collar oro 18k,0.9305687780632229,0.4479321408033599,1.0,1.0,-0.06943122193677709
27736,collar pastillero,0.972664731083356,0.8767055912339932,0.9950883841893561,0.9950883841893561,-0.02242365310600003
27748,collares amigas,1.0,0.9305687780632229,1.0,1.0,0.0
27802,colonia adolfo dominguez mujer estuche,0.5868720866710774,0.14782949091545264,0.7682269253321375,0.7682269253321375,-0.18135483866106017
27803,colonia brummel,1.0,1.0,1.0,1.0,0.0
27904,colores comestibles,0.9848330959553522,0.523193734561916,0.4882358282281201,0.523193734561916,0.4616393613934362
28009,coluna taladro,1.0,0.6875082266586884,0.8986668538278167,0.8986668538278167,0.10133314617218325
28011,colutorio sin alcohol,1.0,1.0,1.0,1.0,0.0
28040,comedero automatico gatos,1.0,1.0,1.0,1.0,0.0
28051,comfee,1.0,1.0,1.0,1.0,0.0
28111,comida deshidratada sin gluten,0.713654010247531,0.77990823370192,0.92663607790064,0.92663607790064,-0.212982067653109
28112,comida fieltro juguete,0.8062079522181139,1.0,0.7671013212946428,1.0,-0.19379204778188608
28136,commander pro,0.48381288316677695,1.0,0.8315546295836225,1.0,-0.516187116833223
28179,comoda,1.0,1.0,1.0,1.0,0.0
28181,comoda 7 cajones 120,1.0,0.45374257454118555,0.4225749983705865,0.45374257454118555,0.5462574254588144
28183,comoda nordica,1.0,1.0,1.0,1.0,0.0
28208,compas para lapiz,0.7587492362187309,0.26662705189981845,0.4680655962368296,0.4680655962368296,0.29068363998190133
28247,composor 8,1.0,0.8772153153380493,1.0,1.0,0.0
28263,comprar trufas,0.9060254355346823,0.9134015924715543,0.7328286204777911,0.9134015924715543,-0.0073761569368719915
28268,compresas sin plastico,0.7720617383222419,0.6698623505528799,0.77990823370192,0.77990823370192,-0.007846495379678076
28270,compresor 2 cilindros,0.9337457765456111,1.0,1.0,1.0,-0.06625422345438892
28271,compresor aire,1.0,1.0,1.0,1.0,0.0
28273,compresor de aire y maquina de vacio,0.4448530294934503,0.2646202227274384,0.5022037311331264,0.5022037311331264,-0.05735070163967615
28274,compresor industrial 500 litros,0.9918291064614978,0.8881917374298554,0.9062487935025676,0.9062487935025676,0.0855803129589302
28275,compresor y aerografo modelismo,1.0,0.9305687780632229,0.7655934900767002,0.9305687780632229,0.06943122193677709
28409,con acido hialuronico,1.0,1.0,0.9337457765456111,1.0,0.0
28474,conector hembra rj45,1.0,1.0,1.0,1.0,0.0
28478,conectores canon,0.5467843942868258,0.18065894665528784,0.4954925772894725,0.4954925772894725,0.0512918169973533
28479,conectores electricos rapidos,1.0,1.0,1.0,1.0,0.0
28482,conejo,1.0,1.0,1.0,1.0,0.0
28495,confitura sin azucar,0.791726719367984,0.6816604510406282,0.4131279133289228,0.6816604510406282,0.11006626832735578
28511,conjunto ducha sin grifo roca,0.72891152902702,0.6442227883107536,0.6331992944486873,0.6442227883107536,0.08468874071626642
28538,consolador mujer rojo,0.5726073975563163,0.3235866969737877,0.6196686079396531,0.6196686079396531,-0.04706121038333677
28540,consolas baratas y buenas,1.0,0.5648901044069582,1.0,1.0,0.0
28613,contorno ojos loreal,1.0,0.5747915663739763,0.857980942822373,0.857980942822373,0.14201905717762697
28623,contraventanas pvc,0.5413996682199069,0.6096199500078984,0.544556608342548,0.6096199500078984,-0.06822028178799144
28633,control termo electrico,0.3010299956639812,0.0,0.43067655807339306,0.43067655807339306,-0.12964656240941186
28635,controlador co2 aire covid,0.5396413938630011,0.15139734109601005,0.5795003533950693,0.5795003533950693,-0.039858959532068194
28636,controlador frcuencia de servo,0.7859162856301584,0.6457545768494585,0.6581810421830975,0.6581810421830975,0.1277352434470609
28661,converse all stars,0.7564477297898766,0.7353797772725618,0.6062415623539281,0.7353797772725618,0.02106795251731486
28663,converse blancas plataforma,0.7897661029179006,0.47479145968892905,0.6388768046335795,0.6388768046335795,0.15088929828432107
28667,converse de plataforma,1.0,0.9216017310213247,0.9363792118010483,0.9363792118010483,0.06362078819895167
28674,converse plataforma altas,1.0,1.0,1.0,1.0,0.0
28675,converse plataforma blancas,0.7233035367188455,0.4891973179165766,0.519634841925904,0.519634841925904,0.20366869479294147
28703,convertibles 2 en 1 portátil tactil,1.0,0.8701249883466594,0.9337457765456111,0.9337457765456111,0.06625422345438892
28907,copa transparente,1.0,1.0,1.0,1.0,0.0
28908,copa vino botella,1.0,0.6309297535714575,0.38685280723454163,0.6309297535714575,0.36907024642854247
28914,copas de madera,0.7299800935361876,0.5460985297060886,0.6395647163312487,0.6395647163312487,0.09041537720493897
28928,copo de nieve pandora,0.5036067026046992,0.2546983755821045,0.514186364257749,0.514186364257749,-0.010579661653049799
28930,copos de trigo sarraceno sin gluten,0.7721596254947204,0.5113553108118987,0.7569021067152311,0.7569021067152311,0.015257518779489332
28986,corazon,0.0,0.3084274278260313,0.0,0.3084274278260313,-0.3084274278260313
29052,cordon blanco,0.6500332220485792,0.5559026721867444,0.6581810421830975,0.6581810421830975,-0.008147820134518313
29058,cordones para zapatillas cortos,0.8315546295836225,0.2640681225725909,0.46845052016107697,0.46845052016107697,0.3631041094225455
29060,cordones zapatillas,0.7534494445524139,0.8643145546088339,0.7015099647232446,0.8643145546088339,-0.11086511005641997
29156,corona 80mm madera,0.7542686714597937,0.5388856921828066,0.6325414799409712,0.6325414799409712,0.1217271915188225
29162,corona primer cumpleaños niña,0.6969179698201176,0.7026305163854646,0.72891152902702,0.72891152902702,-0.0319935592069025
29164,coroturn,0.8454256604216018,0.769526190239283,0.8630152897016883,0.8630152897016883,-0.01758962928008645
29177,correa cuello off white,1.0,1.0,1.0,1.0,0.0
29179,correa de garmin forerunner,1.0,1.0,1.0,1.0,0.0
29182,correa elastica apple watch,1.0,0.7975167679274939,1.0,1.0,0.0
29185,correa fitbit ace,1.0,1.0,1.0,1.0,0.0
29189,correa leotec health,0.6156886473955917,0.62851089260591,0.7104770117651427,0.7104770117651427,-0.09478836436955096
29192,correa para perros muelle,1.0,1.0,1.0,1.0,0.0
29195,correa seiko 21mm,0.5931729515195112,0.30281242839865,0.7461976723150332,0.7461976723150332,-0.15302472079552198
29198,correa suunto ambit 3 sport,0.9337457765456111,0.9337457765456111,0.9305687780632229,0.9337457765456111,0.0
29200,correa tag heuer carrera,0.7254521107352793,0.4362115423097745,0.8701249883466594,0.8701249883466594,-0.14467287761138015
29207,correas flexi para perros,0.92663607790064,0.2726701556894781,0.35106842466815347,0.35106842466815347,0.5755676532324865
29208,correas nick sea,0.3980847300545424,0.2090905274901754,0.09803928583135704,0.2090905274901754,0.18899420256436703
29213,corrector piernas en x,1.0,0.9197207891481876,1.0,1.0,0.0
29217,correpasillos,1.0,1.0,1.0,1.0,0.0
29231,corsair force series mp510,0.6366824387328317,0.7030861797445797,0.6366824387328317,0.7030861797445797,-0.06640374101174795
29277,corta corriente bateria,1.0,1.0,1.0,1.0,0.0
29281,cortacésped outils wolf,1.0,1.0,1.0,1.0,0.0
29285,cortador de jabón de acero,0.9709286432396583,1.0,0.9828920819566879,1.0,-0.02907135676034167
29287,cortador de piña,1.0,1.0,1.0,1.0,0.0
29292,cortador galletas redondo,1.0,0.59932948189937,1.0,1.0,0.0
29301,cortauñas pies profesional,1.0,1.0,1.0,1.0,0.0
29303,cortavientos moto manillar,0.6929852696575346,0.7948833326720566,0.7257345305446319,0.7948833326720566,-0.10189806301452198
29306,corte fibra de carbono,0.6309297535714575,1.0,1.0,1.0,-0.36907024642854247
29308,corteza pino,1.0,1.0,1.0,1.0,0.0
29312,cortina baño a juego con alfombras,1.0,1.0,1.0,1.0,0.0
29315,cortina para furgonetas,1.0,0.9363792118010483,1.0,1.0,0.0
29317,cortina sin agujeros,0.7975167679274939,0.8318477135310892,0.6987957033953602,0.8318477135310892,-0.034330945603595286
29320,cortinas,1.0,1.0,1.0,1.0,0.0
29322,cortinas baño,1.0,1.0,1.0,1.0,0.0
29323,cortinas camion,0.9216017310213247,0.7381919257729246,0.694765116060299,0.7381919257729246,0.18340980524840012
29324,cortinas con enganche,0.40179981797758046,0.4367467095119258,0.3171937659698004,0.4367467095119258,-0.034946891534345326
29325,cortinas de ducha,1.0,1.0,1.0,1.0,0.0
29329,cortinas grises,1.0,1.0,1.0,1.0,0.0
29339,cortos pixar,0.9020870746500321,0.6836550817096437,0.7908387778091585,0.7908387778091585,0.11124829684087367
29348,cosas bebe niña,1.0,1.0,0.9337457765456111,1.0,0.0
29351,cosas divertidas,1.0,0.9216017310213247,0.9363792118010483,0.9363792118010483,0.06362078819895167
29354,cosas para adolescentes chicas,1.0,1.0,0.92663607790064,1.0,0.0
29371,cosmetico bio,0.5049197748991976,0.34870224750355494,0.4508533838815827,0.4508533838815827,0.0540663910176149
29537,couch tisch,0.8553475075669357,0.694765116060299,0.8115558478722846,0.8115558478722846,0.04379165969465104
29622,court royale nike,1.0,1.0,1.0,1.0,0.0
29634,covap jamon iberico bellota,0.5670429581667767,0.7859162856301584,0.4990267326507383,0.7859162856301584,-0.21887332746338162
29670,covid test kit rapido,0.2640681225725909,0.0,0.0,0.0,0.2640681225725909
29765,cplay2air wireless adapter for factory carplay,0.5154852515822061,0.43585732412284295,0.369453583111095,0.43585732412284295,0.0796279274593632
29823,crafters companion,1.0,1.0,1.0,1.0,0.0
29965,creative sound blaster g6,1.0,0.5706417189553201,0.8315546295836225,0.8315546295836225,0.16844537041637753
29989,crema almendras sin azucar,0.9363792118010483,0.92663607790064,0.823699893396571,0.92663607790064,0.009743133900408374
29990,crema avellanas sin azucar,0.9363792118010483,0.6214011939609387,0.8521705090845474,0.8521705090845474,0.08420870271650094
29993,crema calor muscular deporte,0.9337457765456111,0.9337457765456111,0.8553475075669357,0.9337457765456111,0.0
29994,crema colageno cara,1.0,1.0,1.0,1.0,0.0
30000,crema nuxe reve miel,0.8701249883466594,0.8205228949141828,0.7721596254947204,0.8205228949141828,0.04960209343247657
30006,crema sexo calor mujer y hombre,0.3052348839397012,0.5676818677290052,0.42883980903376645,0.5676818677290052,-0.262446983789304
30009,cremallera por metro,0.9216017310213247,1.0,1.0,1.0,-0.0783982689786753
30028,cremor tártaro,1.0,1.0,1.0,1.0,0.0
30137,crimpadora,1.0,1.0,1.0,1.0,0.0
30152,cristal templado,1.0,1.0,1.0,1.0,0.0
30156,cristal templado para xiaomi mi note 8,0.7007731679885375,0.857980942822373,0.7027284035579431,0.857980942822373,-0.15720777483383552
30160,cristalinas ambientador spray,1.0,1.0,1.0,1.0,0.0
30239,crocs invierno adulto,0.5519699720241615,0.8611375561264456,0.6812060741152738,0.8611375561264456,-0.30916758410228407
30246,crocs outlet mujer,1.0,1.0,1.0,1.0,0.0
30260,croissant sin azúcar,0.4441228664487979,0.16716045496620227,0.46927872602275644,0.46927872602275644,-0.02515585957395855
30404,cruzcampo lata,1.0,0.382588879179081,1.0,1.0,0.0
30470,cslcetines bandera italia,1.0,1.0,0.9052116356304495,1.0,0.0
30490,cuaderno tapa dura a5,0.9305687780632229,0.92663607790064,0.857980942822373,0.92663607790064,0.003932700162582958
30492,cuadr pequeños decoracion s,1.0,0.571614567891588,0.7819835854675756,0.7819835854675756,0.21801641453242437
30496,cuadro abstracto xxl,0.779777442118739,0.8565454784077136,0.8301054527851841,0.8565454784077136,-0.07676803628897455
30497,cuadro arena viva,0.0,0.2890648263178879,0.0,0.2890648263178879,-0.2890648263178879
30499,cuadro bicicleta vintage,1.0,1.0,1.0,1.0,0.0
30501,cuadro final fantasy,1.0,0.9052116356304495,1.0,1.0,0.0
30505,cuadro marco madera,0.8987713917876999,0.7641675933748661,0.7511984400967533,0.7641675933748661,0.13460379841283387
30508,cuadro rectangular horizontal salon,0.8512360941594275,0.6235540477207573,0.7721596254947204,0.7721596254947204,0.07907646866470708
30512,cuadros bicicletas mtb 26,0.3828807405686639,0.09546043308946735,0.2783925802803429,0.2783925802803429,0.10448816028832097
30516,cuadros de musica,1.0,1.0,1.0,1.0,0.0
30520,cuadros marcos blancos,1.0,0.8200685179888284,0.77990823370192,0.8200685179888284,0.1799314820111716
30521,cuadros modernos al oleo,1.0,1.0,1.0,1.0,0.0
30525,cuadros rustico,0.826813366651774,0.5734923014668308,0.6848374495230164,0.6848374495230164,0.14197591712875757
30527,cuadros vintage vestido,0.7312625444731049,0.8553475075669357,0.9216017310213247,0.9216017310213247,-0.1903391865482198
30528,cuarenta años,0.0,0.0,0.0,0.0,0.0
30529,cuarzos blancos,1.0,0.8553475075669357,1.0,1.0,0.0
30554,cubierta 26x1.95,0.7218018303820491,0.5763233549126812,0.59932948189937,0.59932948189937,0.12247234848267918
30561,cubiertas mtb 27.5,0.7948833326720566,0.9148568823583791,0.826813366651774,0.9148568823583791,-0.11997354968632257
30580,cubre percheros,1.0,1.0,1.0,1.0,0.0
30600,cucharas cafe originales,0.9148568823583791,0.9363792118010483,0.92663607790064,0.9363792118010483,-0.021522329442669186
30603,cuchilla termomix tm 31,0.92663607790064,0.5708588662113935,0.8200685179888284,0.8200685179888284,0.10656755991181155
30635,cuenco tibetano 15 cm,0.9197207891481876,1.0,0.8065735963827293,1.0,-0.08027921085181244
30642,cuentos infantiles 2 años,0.5724962033825488,0.34753960609622203,0.4996470987221627,0.4996470987221627,0.07284910466038613
30645,cuerda 20mm,1.0,0.9363792118010483,1.0,1.0,0.0
30646,cuerda 4mm,0.9337457765456111,0.8521705090845474,0.9305687780632229,0.9305687780632229,0.0031769984823881714
30652,cuerdas flamenco,0.8603818544462509,0.8669479898642711,0.9216017310213247,0.9216017310213247,-0.06121987657507377
30703,culotte sin costuras mujer,0.9148568823583791,0.92663607790064,0.9148568823583791,0.92663607790064,-0.011779195542260812
30711,cuna bebe,0.9337457765456111,0.8611375561264456,1.0,1.0,-0.06625422345438892
30712,cuna colecho,1.0,1.0,1.0,1.0,0.0
30718,cunas muebles,0.9363792118010483,0.6468562235661909,0.7967610662472993,0.7967610662472993,0.13961814555374907
31106,cuter fatmax,0.8603818544462509,0.8165901947515999,0.7720617383222419,0.8165901947515999,0.04379165969465104
31171,cybex solution m fix,0.7728378251807521,0.3667803203729972,0.505360344437199,0.505360344437199,0.26747748074355304
31210,cámara bridge wifi,0.5277610693352978,0.6177638397019701,0.44830398990253034,0.6177638397019701,-0.09000277036667237
31220,cámara mirrorless sony,0.759737292382243,0.08671382849411974,0.45553527956957873,0.45553527956957873,0.30420201281266424
31221,cámara otg,0.845519325279726,0.6479443292923117,0.8287181397291629,0.8287181397291629,0.01680118555056309
31224,cámaras bridge baratas,0.72878684203556,0.5043776700708298,0.44728873736978103,0.5043776700708298,0.2244091719647302
31397,daiwa crosscast,0.7538142945344394,0.7818048722226502,0.8553475075669357,0.8553475075669357,-0.1015332130324963
31398,daiwa j braid x4,0.8643145546088339,0.8415908474314977,0.826813366651774,0.8415908474314977,0.022723707177336183
31401,dakar imanes nevera,1.0,1.0,0.8630152897016883,1.0,0.0
31407,dalf c1 c2,1.0,0.6216966993238303,0.694765116060299,0.694765116060299,0.305234883939701
31540,dardos dina acero,0.26761938846816513,0.8063273823662358,0.7447855140948257,0.8063273823662358,-0.5387079938980707
31671,data a ide,0.6182885020492784,0.7328286204777911,1.0,1.0,-0.38171149795072157
31685,daura sin gluten,1.0,0.7957503936198024,0.5725185965839159,0.7957503936198024,0.20424960638019762
31731,davinci resolve,0.6533933590057491,0.8061503743503469,0.6844642384164166,0.8061503743503469,-0.15275701534459774
31738,davosa,1.0,1.0,1.0,1.0,0.0
31795,db killer 63 mm,1.0,1.0,1.0,1.0,0.0
31867,de aceite peugeot,1.0,0.3903800499921017,0.24630238874073,0.3903800499921017,0.6096199500078983
31896,deadpool ps4,0.5413996682199069,0.24630238874073,0.44149241373678083,0.44149241373678083,0.0999072544831261
31909,dean guitars,0.75369761125927,0.44149241373678083,0.49344424459786884,0.49344424459786884,0.2602533666614012
32006,decoracion adhesiva,1.0,1.0,1.0,1.0,0.0
32007,decoracion botes cristal mermelada,0.43889712265598707,0.38356636737133565,0.2765732350040718,0.38356636737133565,0.05533075528465142
32019,decoracion primer cumpleaños niña,0.8006937664098821,0.7788065869851875,0.7788065869851875,0.7788065869851875,0.021887179424694647
32079,deebot ozmo 900,1.0,0.3333333333333333,0.3562071871080222,0.3562071871080222,0.6437928128919779
32204,delantal cocina niño,1.0,1.0,1.0,1.0,0.0
32208,delantales vaqueros de camarero,0.8454256604216018,0.07839826897867534,0.7542686714597937,0.7542686714597937,0.09115698896180813
32217,delicate sound of thunder,1.0,0.24025211353571743,1.0,1.0,0.0
32220,delineadores en neon,1.0,1.0,1.0,1.0,0.0
32282,delsey maleta cabina,0.8412976538766465,0.7067983934236958,0.7575727398774531,0.7575727398774531,0.08372491399919335
32308,demasiado inteligente para ser feliz,0.5135312443624667,0.5135312443624667,0.3903800499921017,0.5135312443624667,0.0
32436,depiladora luz pulsada,1.0,1.0,1.0,1.0,0.0
32440,deportivas,1.0,0.92663607790064,1.0,1.0,0.0
32442,deportivas con plataformas de color rojo,0.7598336331031966,0.39866240631493294,0.8332128630752801,0.8332128630752801,-0.07337922997208346
32452,deportivas sin cordones niño,0.8702958572419258,0.6845988903314878,0.5271615417507156,0.6845988903314878,0.18569696691043802
32453,deportivo casual mujer,1.0,0.8611375561264456,0.88995411685096,0.88995411685096,0.11004588314903996
32456,deportivos hombre sin cordones,0.7600791051976192,0.8205228949141828,0.7967610662472993,0.8205228949141828,-0.06044378971656361
32457,deportivos mujer sin cordones,0.7827392871477703,0.8263333286520084,0.7564477297898766,0.8263333286520084,-0.04359404150423807
32458,deposito de lavacabezas,0.77990823370192,0.9305687780632229,0.77990823370192,0.9305687780632229,-0.15066054436130294
32459,deposito de plastico,0.8603818544462509,0.8415908474314977,0.8357804136936722,0.8415908474314977,0.018791007014753225
32465,depósito gasolina de 100litros,0.43734888382569426,0.14126697285982898,0.0,0.14126697285982898,0.2960819109658653
32491,desague con rebosadero blanco,0.8367843608168842,0.6266464104949483,0.8320020419495405,0.8320020419495405,0.0047823188673437045
32494,desamortizar,0.8415908474314977,0.6325414799409712,0.6410457898283654,0.6410457898283654,0.20054505760313235
32495,desapegarse sin anestesia,1.0,1.0,1.0,1.0,0.0
32497,desarrolle su cerebro,0.5889556853481908,0.5107574098602351,0.419665006636777,0.5107574098602351,0.07819827548795566
32502,descargador cisterna wc,1.0,1.0,1.0,1.0,0.0
32503,descargador de baterias,1.0,1.0,1.0,1.0,0.0
32522,desert eagle airsoft full metal,0.6548086577531307,0.6164336326286644,0.7227265726449519,0.7227265726449519,-0.0679179148918212
32527,deshidratador,0.9963488021549354,0.7434060993872782,0.9860433320650158,0.9860433320650158,0.010305470089919555
32533,deshumificadores de humedad,1.0,1.0,1.0,1.0,0.0
32695,desrizante pelo,1.0,1.0,1.0,1.0,0.0
32710,destornillador electrico,1.0,1.0,1.0,1.0,0.0
32711,destornilladores,0.7748248586952258,0.7479452570977633,0.8814949540977741,0.8814949540977741,-0.10667009540254835
32723,detalle boda para invitados,1.0,1.0,1.0,1.0,0.0
32725,detalles 50 aniversario bodas de oro,1.0,1.0,1.0,1.0,0.0
32737,detector de monoxido de carbono,0.9363792118010483,0.9052116356304495,0.92663607790064,0.92663607790064,0.009743133900408374
32739,detector gases autocaravana,0.92663607790064,1.0,0.9052116356304495,1.0,-0.07336392209936005
32747,detergente lavadora elena,1.0,0.7097661763395708,0.9202054614375518,0.9202054614375518,0.07979453856244823
32779,devil may cry 5 ps4,1.0,0.6973975865011866,0.9441592263400607,0.9441592263400607,0.055840773659939336
32790,devocionales cristianos para niños,0.9337457765456111,0.5637884576902257,0.6758704024811183,0.6758704024811183,0.2578753740644928
32858,dewalt sin escobillas,1.0,1.0,1.0,1.0,0.0
32868,dewars 18,0.7664011030149638,0.3897233752935702,0.8147566970208154,0.8147566970208154,-0.048355594005851654
32935,diafraz angel mujer,0.8389574121760603,0.7510916729774055,0.9148568823583791,0.9148568823583791,-0.0758994701823188
33063,diari de greg 1,0.6978817289434457,0.7844801364718914,0.8451850618939637,0.8451850618939637,-0.147303332950518
33066,diario de un genio salvador dali,1.0,0.9828920819566879,0.9047172294870751,0.9828920819566879,0.01710791804331213
33081,diccionari català-castellà,1.0,1.0,1.0,1.0,0.0
33141,die walkure,1.0,1.0,1.0,1.0,0.0
33145,diego dreyfus,0.6891352018239085,0.4255512711014133,0.7045057227504283,0.7045057227504283,-0.015370520926519804
33149,diesel fuel for life,1.0,1.0,1.0,1.0,0.0
33168,dietorelle caramelos sin azucar,0.4725458388387121,0.7402849195166223,0.24738635904833423,0.7402849195166223,-0.26773908067791025
33193,difusor aceites esenciales usb,0.7631925784528223,0.6816808362189439,0.9148568823583791,0.9148568823583791,-0.15166430390555685
33195,difusor de aroma,1.0,1.0,1.0,1.0,0.0
33273,dii mavic pro 2,0.9674679834891693,0.1480409554829326,0.8179809735263114,0.8179809735263114,0.1494870099628579
33278,dildo,0.8581578576524914,0.9963488021549354,0.840735496715799,0.9963488021549354,-0.13819094450244396
33293,diluyente esmalte uñas semipermanente,0.6216966993238303,0.6547216238913565,0.5455206287241074,0.6547216238913565,-0.03302492456752615
33297,dim xl,1.0,1.0,1.0,1.0,0.0
33409,dinosaurio,1.0,1.0,0.77990823370192,1.0,0.0
33412,dinosaurios playmobil,0.7909506325094736,0.6563033086078547,0.9216017310213247,0.9216017310213247,-0.13065109851185108
33421,dionisio ridruejo,0.9337457765456111,1.0,0.9216017310213247,1.0,-0.06625422345438892
33436,diorama dragon ball,0.45374257454118555,0.45374257454118555,0.6117952373568122,0.6117952373568122,-0.15805266281562663
33437,dioramas maquetas guerra,0.4322788421471917,0.400023248309252,0.3785009188665827,0.400023248309252,0.03225559383793969
33445,dip station,1.0,0.9363792118010483,1.0,1.0,0.0
33469,dirio,1.0,1.0,1.0,1.0,0.0
33510,disciplina sin lagrimas,0.7653606369886217,0.7653606369886217,0.7653606369886217,0.7653606369886217,0.0
33521,disco duro externo 1 tb,1.0,0.9216017310213247,0.7312625444731049,0.9216017310213247,0.0783982689786753
33541,disco ssd 240gb,1.0,0.8572048559638626,0.9305687780632229,0.9305687780632229,0.06943122193677709
33542,disco ssd 480,1.0,0.8701249883466594,1.0,1.0,0.0
33547,discos desmaquillantes de algodon biodegradable,1.0,1.0,1.0,1.0,0.0
33548,discos desmaquillantes demak up,0.9363792118010483,1.0,0.9337457765456111,1.0,-0.06362078819895167
33549,discos desmaquillantes reutilizables,1.0,1.0,1.0,1.0,0.0
33551,discos duro ssd,1.0,1.0,1.0,1.0,0.0
33571,disfraces disney niña,1.0,0.9216017310213247,1.0,1.0,0.0
33578,disfraces niña muñeca,0.6196686079396531,0.5307212739772434,0.617319681505689,0.617319681505689,0.002348926433964005
33580,disfraces payaso halloween adultos economicos,1.0,0.5249810332008933,0.48247555939075504,0.5249810332008933,0.4750189667991067
33583,disfraces viernes 13 mujer,0.9493885684853097,0.4852658227346317,0.8318724637288826,0.8318724637288826,0.11751610475642715
33588,disfraz angel,1.0,1.0,1.0,1.0,0.0
33597,disfraz castañero niño,0.9052116356304495,0.6569815082938865,0.7655934900767002,0.7655934900767002,0.1396181455537493
33601,disfraz cruella,1.0,1.0,1.0,1.0,0.0
33610,disfraz de halloween mujer,1.0,1.0,1.0,1.0,0.0
33611,disfraz de halo,1.0,0.6934264036172708,0.9197207891481876,0.9197207891481876,0.08027921085181244
33612,disfraz de ingeniero niños,0.9277589908435726,0.7809509050749017,0.9228632535992205,0.9228632535992205,0.004895737244352105
33613,disfraz de it payaso,1.0,1.0,1.0,1.0,0.0
33614,disfraz de jedi adulto,0.9216017310213247,0.8611375561264456,0.88995411685096,0.88995411685096,0.03164761417036466
33616,disfraz de príncipe niño talla 14,0.8529278650606567,0.6257049680303419,0.6462302129493456,0.6462302129493456,0.20669765211131108
33633,disfraz halloween talla grande hombre,0.0,0.3333333333333333,0.38685280723454163,0.38685280723454163,-0.38685280723454163
33639,disfraz joker adulto,1.0,1.0,1.0,1.0,0.0
33641,disfraz la casa de papel hombre,1.0,1.0,1.0,1.0,0.0
33642,disfraz la casa de papel niña,0.9305687780632229,0.77990823370192,0.9305687780632229,0.9305687780632229,0.0
33643,disfraz leidi bag,0.7859162856301584,0.8553475075669357,0.7721596254947204,0.8553475075669357,-0.06943122193677731
33644,disfraz lentejuelas niña,1.0,1.0,1.0,1.0,0.0
33645,disfraz lobo niña,1.0,1.0,1.0,1.0,0.0
33654,disfraz niña 4 años,1.0,1.0,1.0,1.0,0.0
33656,disfraz niño halloween 10 años,1.0,0.92663607790064,1.0,1.0,0.0
33662,disfraz payaso asesino,0.9305687780632229,0.8454256604216018,0.9052116356304495,0.9052116356304495,0.025357142432773427
33665,disfraz plus size,0.7877736340270853,0.7065443116025598,0.6429235234036081,0.7065443116025598,0.08122932242452552
33672,disfraz súper heroína mujer,1.0,1.0,1.0,1.0,0.0
33674,disfraz zapatos niña,0.88995411685096,0.823699893396571,0.77990823370192,0.823699893396571,0.06625422345438903
33727,dishykooker huevo,0.8643145546088339,0.9148568823583791,0.8603818544462509,0.9148568823583791,-0.05054232774954526
33859,disparador remoto nikon,0.3010299956639812,0.0,0.0,0.0,0.3010299956639812
33861,dispensador agua cristal con grifo,1.0,1.0,0.9363792118010483,1.0,0.0
33865,dispensador de hielo y agua,0.3421013776262554,0.47890155528769296,0.6687607038361473,0.6687607038361473,-0.32665932620989185
33866,dispensador de jabon baño,1.0,1.0,1.0,1.0,0.0
33939,dispositivo alexa televisor,0.5587148206871072,0.5708588662113935,0.8669479898642711,0.8669479898642711,-0.3082331691771639
33951,divan tantra,0.7903864795495061,0.0,0.6131471927654584,0.6131471927654584,0.17723928678404777
33966,divina mousepad,0.2561736782935595,0.22018418776246548,0.4492477985243745,0.4492477985243745,-0.193074120230815
34015,dj denon,0.715550648768261,0.8572048559638626,0.6468562235661909,0.8572048559638626,-0.14165420719560162
34037,dji air 2s fly more combo,0.9228632535992205,0.384266559722312,0.6992148198508501,0.6992148198508501,0.2236484337483704
34071,dji tello mini dron,0.3391602052736161,0.252016380211836,0.4599715079731103,0.4599715079731103,-0.1208113026994942
34074,dji+mavic mini,1.0,0.0,1.0,1.0,0.0
34155,dobble beach,1.0,1.0,0.9197207891481876,1.0,0.0
34161,doble pantalla,0.56264752084969,0.7100226348397881,0.92663607790064,0.92663607790064,-0.3639885570509499
34179,doce hombres sin piedad libro,0.6364391809889587,0.4367467095119258,0.6364391809889587,0.6364391809889587,0.0
34181,dock thunderbolt 2,0.0,0.0,0.0,0.0,0.0
34198,doctor brown biberon,1.0,0.6870165078530993,0.8048109992093391,0.8048109992093391,0.19518900079066093
34218,documental,1.0,0.92663607790064,1.0,1.0,0.0
34251,dodot talla 3,1.0,1.0,0.9363792118010483,1.0,0.0
34671,dolce gusto sin lactosa,0.4028825752720615,0.26687965254220064,0.14606834984270645,0.26687965254220064,0.13600292272986086
34723,dolça,0.7725665714262703,0.4935232796777482,0.7359168896506131,0.7359168896506131,0.036649681775657195
34731,dominadas pared,1.0,1.0,1.0,1.0,0.0
34767,donde el corazón te lleve,0.9216017310213247,1.0,0.9305687780632229,1.0,-0.0783982689786753
34902,doraemon cumpleaños decoracion,0.8701249883466594,0.668306326910793,0.46900009332067494,0.668306326910793,0.20181866143586646
34930,dormir mejor,0.7859162856301584,0.7007731679885375,0.857980942822373,0.857980942822373,-0.07206465719221467
34932,dormitorio matrimonio baratos,0.6772733739526912,0.514186364257749,0.4671034547999447,0.514186364257749,0.16308700969494216
35103,doxiciclina,0.3065735963827292,0.0,0.3065735963827292,0.3065735963827292,0.0
35108,doña perfecta,1.0,0.9888009031441519,0.9950883841893561,0.9950883841893561,0.004911615810643921
35202,dr tree champu solido fortaleza,0.46927872602275644,0.7039180890341347,0.46927872602275644,0.7039180890341347,-0.23463936301137822
35220,dr400,0.6366824387328317,0.24630238874073,0.44149241373678083,0.44149241373678083,0.19519002499605087
35432,dress para hombre,1.0,1.0,1.0,1.0,0.0
35612,drone para gopro 4,0.0,0.31546487678572877,0.0,0.31546487678572877,-0.31546487678572877
35625,drones para pescar en el mar,0.8263333286520084,0.3718539573761156,0.416566946442348,0.416566946442348,0.4097663822096604
35778,dsl-ac68u,0.7903864795495061,0.6131471927654584,0.6131471927654584,0.6131471927654584,0.17723928678404777
35846,ducha electrica portatil,0.9363792118010483,0.4647456832249362,1.0,1.0,-0.06362078819895167
35850,duchas empotradas techo,1.0,0.713654010247531,1.0,1.0,0.0
35906,duffy bebe para dormir,0.7016190663078014,0.4853784348193614,0.5721065642519196,0.5721065642519196,0.12951250205588172
35916,dulces,0.0,0.3562071871080222,0.0,0.3562071871080222,-0.3562071871080222
35918,dulces sin gluten,0.6531466953037822,0.5333576782543338,0.7948833326720566,0.7948833326720566,-0.14173663736827435
36021,durex preservativos sensitivo suave,0.9052116356304495,0.8572048559638626,1.0,1.0,-0.09478836436955052
36023,durexina,1.0,1.0,1.0,1.0,0.0
36086,dvd,1.0,1.0,1.0,1.0,0.0
36095,dvd infantiles español,1.0,0.6410457898283654,0.7759944384848245,0.7759944384848245,0.22400556151517548
36199,dyso,1.0,0.7026305163854646,1.0,1.0,0.0
36210,dyson aspiradoras sin cable,1.0,0.7525434150364478,0.7974049492783575,0.7974049492783575,0.20259505072164252
36235,dyson repuesto,0.8357804136936722,0.7682269253321375,0.6149518506608848,0.7682269253321375,0.06755348836153463
36250,días sin escuela,1.0,1.0,1.0,1.0,0.0
36285,e18-d80nk,1.0,1.0,1.0,1.0,0.0
36534,eau de courreges original,1.0,0.6500332220485792,0.9148568823583791,0.9148568823583791,0.08514311764162086
36551,ebl cargador pilas,1.0,0.92663607790064,1.0,1.0,0.0
36601,echo flex,1.0,1.0,1.0,1.0,0.0
36612,echo show 5,1.0,0.17723928678404774,1.0,1.0,0.0
36643,eco tapas silicona reutilizables,0.9216017310213247,0.9216017310213247,0.9216017310213247,0.9216017310213247,0.0
36646,ecoden almohada,0.0,0.3379680345449381,0.0,0.3379680345449381,-0.3379680345449381
36651,ecoline,1.0,1.0,1.0,1.0,0.0
36716,edicards,1.0,1.0,1.0,1.0,0.0
36735,edredon,1.0,1.0,1.0,1.0,0.0
36736,edredon 105,1.0,1.0,1.0,1.0,0.0
36737,edredon 150,1.0,1.0,1.0,1.0,0.0
36743,edredones cama 90,1.0,1.0,1.0,1.0,0.0
36745,edredones nordicos,1.0,1.0,1.0,1.0,0.0
36776,edx,1.0,1.0,1.0,1.0,0.0
36782,eero pro wifi 6,0.7095272044910244,0.4202024810692814,0.7087212693585175,0.7087212693585175,0.0008059351325068187
36793,egatin,0.870608685426993,0.8158069199778482,0.8090791338210653,0.8158069199778482,0.054801765449144835
36834,egr mercedes w203,0.8151303853059922,0.8393423304510702,0.7780573279296032,0.8393423304510702,-0.024211945145077962
36884,el arte de la guerra sun tzu original,0.6812060741152738,0.7951657524814092,0.6563033086078547,0.7951657524814092,-0.11395967836613541
36888,el cerebro humano,1.0,1.0,0.6871475159848289,1.0,0.0
36890,el desorden que dejas tapa dura,1.0,1.0,1.0,1.0,0.0
36892,el dia q se perdio la cordura,0.8798661115702683,0.8030980752812937,0.7524454907741532,0.8030980752812937,0.07676803628897455
36900,el gran laboratorio de quimica,1.0,1.0,1.0,1.0,0.0
36903,el hombre que tenia tres pelos,0.8710785440003369,0.7988614740430418,0.617319681505689,0.7988614740430418,0.07221706995729515
36906,el ikabog,0.8687949224876582,0.16958010263680806,0.7972541056822071,0.7972541056822071,0.0715408168054511
36907,el imperio final,1.0,1.0,0.6309297535714575,1.0,0.0
36908,el infierno del odio,0.6366824387328317,0.6366824387328317,0.5294362295028773,0.6366824387328317,0.0
36910,el instituto - stephen king,0.6309297535714575,1.0,0.6309297535714575,1.0,-0.36907024642854247
36916,el libro blanco de ramtha,0.9674679834891693,0.8854598815714874,0.9325210919548239,0.9325210919548239,0.03494689153434538
36917,el libro blanco del autoconocimiento,0.9325210919548239,0.7653606369886217,0.7653606369886217,0.7653606369886217,0.16716045496620224
36921,el lloc magic,0.8175295903539445,0.8065735963827293,0.8772153153380493,0.8772153153380493,-0.05968572498410485
36926,el misterio de la habitacio amarilla,1.0,0.0,0.9197207891481876,0.9197207891481876,0.08027921085181244
36928,el mundo en guerra,1.0,1.0,1.0,1.0,0.0
36933,el perverso narcisista,0.9217868789962071,0.7653606369886217,0.7039180890341347,0.7653606369886217,0.15642624200758548
36935,el pez en el agua,0.5846156829012062,0.5107574098602351,0.3900741276002217,0.5107574098602351,0.07385827304097115
36942,el rey leon,0.9017290978091301,0.971614045963685,0.9752652438087496,0.9752652438087496,-0.07353614599961944
36943,el rey leon cromos,0.715663226334951,0.9558295932317544,0.5883300173403988,0.9558295932317544,-0.24016636689680337
36947,el sotano libro,0.6601396023754075,0.34519134224686937,0.48522855511632257,0.48522855511632257,0.1749110472590849
37050,electric estufa,0.7322962005285631,0.7452496411730669,0.6346351294830074,0.7452496411730669,-0.012953440644503766
37190,electroacoustic guitar,0.949671989333555,0.9466454870600814,0.8120032421377505,0.9466454870600814,0.0030265022734735636
37226,electronica lupa,1.0,1.0,1.0,1.0,0.0
37290,elevadores de coches de 2 columnas,0.15642624200758548,0.16716045496620227,0.0,0.16716045496620227,-0.01073421295861679
37292,elevalunas universal coche,0.8701249883466594,0.7631925784528223,0.9363792118010483,0.9363792118010483,-0.06625422345438892
37331,elgato capturadora,0.8922108454754891,0.8829374068620366,0.8922108454754891,0.8922108454754891,0.0
37339,elimina olores zapatos,1.0,1.0,1.0,1.0,0.0
37344,eliptica proform,1.0,0.975788054854922,0.9896062251871525,0.9896062251871525,0.010393774812847534
37352,elite99 colores verano,0.4198523768135527,0.14279514403613736,0.4924605972327181,0.4924605972327181,-0.07260822041916543
37370,ellese camisetas hombre,1.0,0.9305687780632229,1.0,1.0,0.0
37439,em1 mark ii,0.6131471927654584,0.38685280723454163,0.38685280723454163,0.38685280723454163,0.22629438553091674
37445,embarazada,0.7948833326720566,0.7123736502858729,0.8486026589039901,0.8486026589039901,-0.05371932623193354
37446,embarazo,1.0,1.0,1.0,1.0,0.0
37540,emisor bluetooth,1.0,1.0,1.0,1.0,0.0
37555,emojis pops,0.8364586133797037,0.5599332595218056,0.8205228949141828,0.8205228949141828,0.015935718465520887
37592,en busca de la felicidad,0.9838048780283076,0.9838048780283076,0.7852835896039293,0.9838048780283076,0.0
37604,enate gewürztraminer,0.8539316501572937,0.591176585485452,0.7760551678305495,0.7760551678305495,0.07787648232674416
37617,enchufe sensor de movimiento,0.9216017310213247,0.8415908474314977,0.9148568823583791,0.9148568823583791,0.006744848662945557
37618,enchufe temporizador,0.9363792118010483,0.9337457765456111,0.9363792118010483,0.9363792118010483,0.0
37622,enchufes sin cable,1.0,0.9363792118010483,0.9337457765456111,0.9363792118010483,0.06362078819895167
37694,enfermania gorros,0.857980942822373,0.9305687780632229,0.5040610795300535,0.9305687780632229,-0.07258783524084989
37708,enganches para pared sin agujero,1.0,1.0,1.0,1.0,0.0
37766,enmarcar sin marco,1.0,0.8482378089219648,1.0,1.0,0.0
37769,enorme 1,1.0,0.6309297535714575,0.6309297535714575,0.6309297535714575,0.36907024642854247
37810,envases para bocadillo,0.2960819109658652,0.0,0.6105456988825855,0.6105456988825855,-0.31446378791672025
37835,eos r,1.0,1.0,1.0,1.0,0.0
37848,epilady mujer laser,0.3503127229879589,0.3159817773843635,0.442219594238013,0.442219594238013,-0.09190687125005409
37866,epsom salt,1.0,1.0,1.0,1.0,0.0
37883,epson home cinema,0.8415908474314977,0.5637884576902257,0.9148568823583791,0.9148568823583791,-0.07326603492688144
37886,epson proyector full hd,0.8922108454754891,0.8922108454754891,0.8696762340896294,0.8922108454754891,0.0
37916,equipacion replica real madrid niño,0.8611375561264456,0.92663607790064,0.8611375561264456,0.92663607790064,-0.06549852177419435
37917,equipación de futbol,0.31546487678572877,1.0,0.31546487678572877,1.0,-0.6845351232142712
37921,equipo de spinning,0.8772153153380493,0.7903864795495061,1.0,1.0,-0.1227846846619507
38023,escareadores,1.0,1.0,1.0,1.0,0.0
38031,escobillas renault megane,0.77990823370192,0.88995411685096,0.88995411685096,0.88995411685096,-0.11004588314904007
38035,escribir sin faltas,0.8550956239938449,0.8475028682434304,0.8550956239938449,0.8550956239938449,0.0
38038,escritorio,1.0,0.9337457765456111,1.0,1.0,0.0
38039,escritorio 140 x 70,0.8687949224876582,0.3391602052736161,0.7227265726449519,0.7227265726449519,0.14606834984270634
38047,escuela peppa pig,0.8838242945899706,0.6542448095688422,0.7598336331031966,0.7598336331031966,0.12399066148677396
38052,escurridor pasta,1.0,1.0,1.0,1.0,0.0
38057,esenciales para,1.0,1.0,1.0,1.0,0.0
38101,espejo con luz portatil,1.0,1.0,1.0,1.0,0.0
38106,espejo maquillaje,1.0,1.0,1.0,1.0,0.0
38110,espejo pared cuerpo entero sin marco,1.0,1.0,0.8553475075669357,1.0,0.0
38112,espejo puerta,1.0,1.0,1.0,1.0,0.0
38115,espejos alargados,0.9052116356304495,0.4362115423097745,0.4368897419958062,0.4368897419958062,0.46832189363464327
38119,espejos de pared alargados,0.9305687780632229,0.6410457898283654,0.8486026589039901,0.8486026589039901,0.0819661191592328
38127,espinilleras nike,0.88995411685096,1.0,0.9216017310213247,1.0,-0.11004588314903996
38130,esponja maquillaje,1.0,0.9216017310213247,0.9216017310213247,0.9216017310213247,0.0783982689786753
38152,espuma pelo rizado sin sulfatos ni siliconas,0.92663607790064,0.6371523797895857,0.7682269253321375,0.7682269253321375,0.1584091525685024
38157,esqueletos halloween,1.0,1.0,1.0,1.0,0.0
38159,esquina mueble,1.0,1.0,1.0,1.0,0.0
38168,essence paleta sombras,1.0,1.0,0.9434732991210639,1.0,0.0
38228,estante juegos switch,0.7631925784528223,1.0,1.0,1.0,-0.2368074215471777
38229,estante radiador sin taladrar,0.4603236742770995,0.1865528363129254,0.34326108113913595,0.34326108113913595,0.11706259313796358
38245,estantería lavadero,0.7759944384848245,0.8603818544462509,0.8486026589039901,0.8603818544462509,-0.0843874159614264
38249,estantes sin taladro habitacion,1.0,0.9052116356304495,0.9363792118010483,0.9363792118010483,0.06362078819895167
38257,esterilla electrica sin enchufe,0.8357804136936722,0.5239294981581574,0.3405196929097572,0.5239294981581574,0.3118509155355148
38268,estimulador sexual,1.0,1.0,1.0,1.0,0.0
38276,estor plegable basico,1.0,1.0,1.0,1.0,0.0
38277,estor sin agujeros ventana corredera,1.0,0.8611375561264456,1.0,1.0,0.0
38278,estores 160,1.0,1.0,1.0,1.0,0.0
38281,estores de 2 metros,0.430624116386567,0.0,0.8772153153380493,0.8772153153380493,-0.4465911989514823
38284,estores para puertas sin taladrar,1.0,0.9216017310213247,1.0,1.0,0.0
38285,estrella galicia sin gluten,0.7479452570977633,0.5857421563596759,0.6684881776649959,0.6684881776649959,0.07945707943276736
38286,estrella mercedes w211,0.5889556853481908,0.5112590391895956,0.7183750273402226,0.7183750273402226,-0.12941934199203187
38289,estrias senos,0.8454256604216018,0.5739723394665965,0.7162874455029682,0.7162874455029682,0.12913821491863364
38293,estuche 2 cremalleras,1.0,1.0,0.9305687780632229,1.0,0.0
38295,estuche chica instituto,0.9937947856332163,0.8287181397291629,0.7442907170674258,0.8287181397291629,0.16507664590405347
38301,estuche mpvil,1.0,1.0,0.8611375561264456,1.0,0.0
38303,estuche portacuchillos,1.0,1.0,1.0,1.0,0.0
38304,estuche tela,1.0,1.0,1.0,1.0,0.0
38310,estuches harry potter,1.0,0.713654010247531,0.9305687780632229,0.9305687780632229,0.06943122193677709
38316,estufa de butano,0.9052116356304495,0.9305687780632229,0.77990823370192,0.9305687780632229,-0.025357142432773427
38317,estufa de gas,1.0,1.0,1.0,1.0,0.0
38326,estufa nordica leña,1.0,1.0,1.0,1.0,0.0
38332,estufas de leña,1.0,0.685119869332369,0.9216017310213247,0.9216017310213247,0.0783982689786753
38336,estufas eléctrica,1.0,1.0,1.0,1.0,0.0
38337,estufas exterior,1.0,0.9216017310213247,0.9052116356304495,0.9216017310213247,0.0783982689786753
38345,etapas de potencia para coche,0.8364586133797037,0.6410457898283654,0.6410457898283654,0.6410457898283654,0.19541282355133838
38390,etiqueta azul jhonny walker,0.2837125544970319,0.3052348839397012,0.3187939258847264,0.3187939258847264,-0.03508137138769446
38391,etiquetas adhesivas personalizadas,1.0,1.0,1.0,1.0,0.0
38392,etiquetas botes cristal,0.9148568823583791,0.77990823370192,0.77990823370192,0.77990823370192,0.13494864865645917
38409,eucalipto difusor,1.0,0.37960256558331523,0.551331062461933,0.551331062461933,0.448668937538067
38575,ewparts 3mm mini cuentas,0.8006937664098821,0.5736899196572437,0.706583601726363,0.706583601726363,0.09411016468351907
38683,explorer k2,0.7618870795651186,0.7618870795651186,0.8626199664389337,0.8626199664389337,-0.1007328868738151
38697,expositor pared,0.92663607790064,0.7975167679274939,0.8486026589039901,0.8486026589039901,0.07803341899664984
38746,extensiones,1.0,1.0,1.0,1.0,0.0
38747,extensiones baratas niñas,0.9202054614375518,0.8223538668023913,0.8295381009038233,0.8295381009038233,0.09066736053372848
38863,extractor de humos sin salida,0.7123736502858729,0.8521705090845474,0.9305687780632229,0.9305687780632229,-0.21819512777735006
38866,extractor teclas,1.0,0.6835381846158709,0.7164850636933813,0.7164850636933813,0.2835149363066187
38871,extreme ghostbusters,1.0,0.9363792118010483,0.857980942822373,0.9363792118010483,0.06362078819895167
38984,eyerline negro loreal,1.0,0.33217371108897287,0.4228506620510154,0.4228506620510154,0.5771493379489846
39001,eyeshine,0.8643145546088339,0.5680035776621611,0.727329844310522,0.727329844310522,0.13698471029831194
39206,face paints,1.0,0.6698623505528799,0.88995411685096,0.88995411685096,0.11004588314903996
39330,fajas sin tirantes,0.6020521034564039,0.5887498202463202,0.7241528458281337,0.7241528458281337,-0.12210074237172974
39408,falda blanca plisada,0.88995411685096,0.6371130896657825,0.8553475075669357,0.8553475075669357,0.03460660928402437
39411,falda de plumas,0.8643145546088339,0.9052116356304495,0.8553475075669357,0.9052116356304495,-0.0408970810216156
39424,faldas de lino mujer,0.7052464806461334,0.5787751292623047,0.9748459362530401,0.9748459362530401,-0.2695994556069067
39425,faldas fiesta mujer lentejuelas,1.0,0.5714285040141098,0.5714285040141098,0.5714285040141098,0.42857149598589017
39427,faldon rueda caravana,0.5917935853108561,0.07834851647149513,0.5956779034950407,0.5956779034950407,-0.003884318184184554
39623,farmacia online sin gastos de envio,0.38685280723454163,0.0,0.0,0.0,0.38685280723454163
39669,faroles exterior,1.0,1.0,1.0,1.0,0.0
39670,faros,1.0,0.0,0.0,0.0,1.0
39671,faros de bicicleta americana,0.8669479898642711,0.92663607790064,0.9216017310213247,0.92663607790064,-0.059688088036368825
39672,faros led para,1.0,0.9363792118010483,0.77990823370192,0.9363792118010483,0.06362078819895167
39711,fast and furious pack bluray,0.46900009332067494,0.727329844310522,0.6136525857537394,0.727329844310522,-0.258329750989847
39852,feber jardin,1.0,1.0,1.0,1.0,0.0
39888,fein taladro,0.77990823370192,0.77990823370192,1.0,1.0,-0.22009176629808003
39905,felpas niña,0.39749351961824186,0.6300426811446147,0.5056427642465516,0.6300426811446147,-0.23254916152637284
39906,felpudo disney,1.0,1.0,1.0,1.0,0.0
39908,felpudos personalizados,0.9878316351280036,0.7329799437316435,0.8887517031591262,0.8887517031591262,0.09907993196887743
39959,femoral,0.7885497208855957,0.7753366239771086,0.8263333286520084,0.8263333286520084,-0.03778360776641265
40015,ferplast filtro,0.8687949224876582,0.8687949224876582,0.9747429528567877,0.9747429528567877,-0.10594803036912948
40087,fiambrera metalica hermetica,1.0,1.0,1.0,1.0,0.0
40088,fiambrera niños ecologica,1.0,0.8512360941594275,0.9363792118010483,0.9363792118010483,0.06362078819895167
40115,fibra optica empalme,0.7538142945344394,0.5210984447123072,0.6028078051365984,0.6028078051365984,0.151006489397841
40116,fibre de vidrio,0.9230390249121357,0.46584923801411343,0.8351142097265216,0.8351142097265216,0.08792481518561412
40151,fieltro adhesivo muebles,1.0,1.0,1.0,1.0,0.0
40168,fifa 20,0.7909506325094736,0.7909506325094736,0.7909506325094736,0.7909506325094736,0.0
40169,fifa 20 ps4,0.8851652351563817,0.8815140373113173,0.8404109228751037,0.8815140373113173,0.0036511978450644023
40205,figura goku ultra instinto,0.7467045958894682,0.6410457898283654,0.841492960259019,0.841492960259019,-0.09478836436955074
40206,figura playmobil deportivo,0.8603818544462509,0.92663607790064,0.7510916729774055,0.92663607790064,-0.06625422345438903
40211,figuras anime,1.0,1.0,1.0,1.0,0.0
40215,figuras de peter pan,1.0,0.9148568823583791,1.0,1.0,0.0
40222,figuras para belenes,1.0,1.0,1.0,1.0,0.0
40224,figuras pesebre madera,0.9337457765456111,0.9305687780632229,0.9363792118010483,0.9363792118010483,-0.002633435255437244
40235,fija cuadros sin agujeros,0.8415908474314977,0.7315449642824575,0.841492960259019,0.841492960259019,9.78871724787167e-05
40237,fijar mueble a la pared sin taladrar,0.8630152897016883,0.8454256604216018,0.8048109992093391,0.8454256604216018,0.01758962928008645
40254,fila zapatilla mujer rosa,0.8389574121760603,0.4825387500873844,0.841492960259019,0.841492960259019,-0.0025355480829586385
40260,filarmonica,1.0,0.9337457765456111,0.9216017310213247,0.9337457765456111,0.06625422345438892
40282,filios de colores,1.0,0.9363792118010483,1.0,1.0,0.0
40299,filosofia jaspers,0.7630946912803437,0.7467045958894682,0.7605591431973849,0.7605591431973849,0.0025355480829587496
40300,filosofia siglo xxi,0.8454256604216018,0.4631896595828493,0.514186364257749,0.514186364257749,0.33123929616385284
40314,filtro agua,0.9363792118010483,0.88995411685096,0.9148568823583791,0.9148568823583791,0.021522329442669186
40316,filtro de aceite para coche peugeot 307 diesel,0.7034066032439749,0.7162874455029682,0.4016049330257502,0.7162874455029682,-0.01288084225899333
40317,filtro de aire,1.0,0.8200685179888284,1.0,1.0,0.0
40318,filtro de gasoil renault trafic,0.7219032334853829,0.32690631235890205,0.6937027842924243,0.6937027842924243,0.02820044919295861
40326,filtro tv lte 5g,0.7897661029179006,0.20626588994627676,0.21657136003619626,0.21657136003619626,0.5731947428817044
40340,final de carrera 3d,1.0,1.0,1.0,1.0,0.0
40392,finger skate,0.7753366239771086,0.6848374495230164,0.8048109992093391,0.8048109992093391,-0.02947437523223051
40696,fisher price 4 en 1,1.0,1.0,1.0,1.0,0.0
40813,fitbit 5 xiaomi,0.9052116356304495,0.7600791051976192,0.8553475075669357,0.8553475075669357,0.04986412806351381
40823,fitbit aria 2,1.0,1.0,0.6309297535714575,1.0,0.0
41209,flesh eater courts,0.8760157235037968,0.8829374068620366,0.8922108454754891,0.8922108454754891,-0.016195121971692372
41258,flexo led extensible,0.5964984284535197,0.7630946912803437,0.7631925784528223,0.7631925784528223,-0.16669414999930254
41271,flight crew logbook,1.0,1.0,1.0,1.0,0.0
41276,flintronic mini bomba de agua,0.9438661545147249,0.8899603164338973,0.9349366583346498,0.9349366583346498,0.008929496180075103
41466,florence nightingale,0.6457598927679994,0.7609409581533508,0.8141829732638892,0.8141829732638892,-0.16842308049588983
41470,flores negras artificiales,0.88995411685096,0.88995411685096,0.88995411685096,0.88995411685096,0.0
41754,foco emergencia casa,0.77523873680463,0.727329844310522,0.88995411685096,0.88995411685096,-0.11471538004633008
41755,foco empotrable led pared,1.0,0.9363792118010483,1.0,1.0,0.0
41762,focos led 20w luz fria,1.0,1.0,1.0,1.0,0.0
41763,focos piscina sin instalacion,1.0,0.7100226348397881,0.8611375561264456,0.8611375561264456,0.1388624438735544
41765,focos solares exterior,1.0,1.0,1.0,1.0,0.0
41770,focusrite scarlett studio,0.9770153702993121,0.9216514835285049,0.9937947856332163,0.9937947856332163,-0.016779415333904257
41894,fone de ouvido,0.77990823370192,0.77990823370192,0.9337457765456111,0.9337457765456111,-0.1538375428436911
41897,fontaneria sin soldadura,0.4183171370339615,0.30919416469956,0.42332408484280876,0.42332408484280876,-0.005006947808847251
42198,formentera lady,0.9148568823583791,0.9148568823583791,0.9148568823583791,0.9148568823583791,0.0
42208,fornite pistolas nerf,1.0,0.5195457452462617,0.9292442392789195,0.9292442392789195,0.07075576072108047
42213,forro nintendo switch,0.7534494445524139,0.6067216003536937,0.6874708847784539,0.6874708847784539,0.06597855977396005
42250,fortnite ps4,0.6386364459525712,0.7773960039392073,0.4144299250118475,0.7773960039392073,-0.13875955798663608
42275,fossil q hybrid,0.5277610693352978,0.09162544430476362,0.16220310073808747,0.16220310073808747,0.3655579685972103
42289,fotomurales 4d,1.0,1.0,1.0,1.0,0.0
42290,fotos decoracion pared,0.9216017310213247,1.0,1.0,1.0,-0.0783982689786753
42321,fox arctic,1.0,1.0,1.0,1.0,0.0
42340,foxy,1.0,0.77990823370192,0.8611375561264456,0.8611375561264456,0.1388624438735544
42430,frascos de vidrio pequeños,0.857980942822373,1.0,0.8669479898642711,1.0,-0.14201905717762697
42440,freddie king boy girl boy,0.9216017310213247,0.7100226348397881,0.6366587127404282,0.7100226348397881,0.21157909618153659
42542,fregona sin cubo,0.3197220782574702,0.0,0.0,0.0,0.3197220782574702
42543,freidora,1.0,1.0,1.0,1.0,0.0
42544,freidora dos cubetas,0.46900009332067494,0.2837125544970319,0.5958595188912911,0.5958595188912911,-0.12685942557061614
42687,frigorifico balay cristal blanco,1.0,0.8772153153380493,0.5249810332008933,0.8772153153380493,0.1227846846619507
42688,frigorifico lg a+++,1.0,0.8553475075669357,0.77990823370192,0.8553475075669357,0.14465249243306433
42689,frigorifico una puerta sin congelador,0.6901935063354876,0.7655934900767002,0.4381081808305046,0.7655934900767002,-0.0753999837412126
42692,frigorífico americano siemens,0.9363792118010483,0.5779050396291793,0.9148568823583791,0.9148568823583791,0.021522329442669186
42696,friki decoracion,0.3128047789019752,0.423676645087319,0.4760705018418427,0.4760705018418427,-0.16326572293986746
42781,frontal led,1.0,1.0,1.0,1.0,0.0
42790,frost blood,0.5385571503019203,0.3402956050025172,0.4364597551790087,0.4364597551790087,0.1020973951229116
42811,frozen 2 muñecas,0.9828920819566879,0.8104089071229301,1.0,1.0,-0.01710791804331213
42864,fructis coco mascarilla,0.4500112274528524,0.3026024134988135,0.0,0.3026024134988135,0.14740881395403888
42945,fubda tablet a6,0.9851514063429595,0.6421086949229347,0.798465881758476,0.798465881758476,0.1866855245844835
42963,fuegos de artificios para interior,0.8925661774209162,0.4125971715061395,0.5791721115349355,0.5791721115349355,0.3133940658859806
42981,fuente alimentacion kit,0.7000949683025057,0.713654010247531,0.6812060741152738,0.713654010247531,-0.013559041945025219
42985,fuente gatos sin filtros,0.6520881886359192,0.13698471029831177,0.20829366581033185,0.20829366581033185,0.4437945228255874
43001,fujifilm,1.0,1.0,1.0,1.0,0.0
43014,fujifilm x-a5,1.0,0.2769189462922768,0.9060254355346823,0.9060254355346823,0.09397456446531771
43027,fulares para sofa grandes,1.0,1.0,0.8643145546088339,1.0,0.0
43148,fun & basics,1.0,0.8611375561264456,0.8454256604216018,0.8611375561264456,0.1388624438735544
43177,funda 11 pro,0.8048109992093391,0.713654010247531,0.9363792118010483,0.9363792118010483,-0.13156821259170925
43183,funda apple pencil,1.0,1.0,1.0,1.0,0.0
43190,funda bombona butano exterior,0.9363792118010483,0.7315449642824575,0.8454256604216018,0.8454256604216018,0.0909535513794465
43192,funda bq m10,1.0,1.0,1.0,1.0,0.0
43193,funda britax romer dualfix,0.9764093402750902,0.6036200820108314,0.6334982227809455,0.6334982227809455,0.3429111174941447
43194,funda bts samsung,1.0,0.8200685179888284,0.6410457898283654,0.8200685179888284,0.1799314820111716
43195,funda cambiador bebe,1.0,1.0,1.0,1.0,0.0
43197,funda carcasa xiaomi redmi note 9,0.44725394111732825,0.9305687780632229,0.6620158551732018,0.9305687780632229,-0.48331483694589467
43199,funda cheslong brazo derecho,0.8603818544462509,0.9337457765456111,0.7663491917568949,0.9337457765456111,-0.07336392209936016
43202,funda cojin verde 40x40,0.6969904532005495,0.715676765051938,0.6891341765546152,0.715676765051938,-0.01868631185138847
43204,funda colchon espuma sofa,1.0,1.0,1.0,1.0,0.0
43206,funda con correa iphone 7,1.0,1.0,0.8643145546088339,1.0,0.0
43208,funda cuna 60x120 impermeable,1.0,1.0,1.0,1.0,0.0
43209,funda de camilla profesional,0.7264127302306637,0.9216017310213247,0.77990823370192,0.9216017310213247,-0.19518900079066104
43212,funda de equipos de fútbol,0.9148568823583791,0.35106842466815347,0.6698623505528799,0.6698623505528799,0.24499453180549924
43227,funda giratoria huawei m5 lite 10,0.7113062262147116,0.7756199604526248,0.6504460199135362,0.7756199604526248,-0.0643137342379132
43230,funda huawei mate 10 lite,0.77990823370192,1.0,0.9337457765456111,1.0,-0.22009176629808003
43233,funda huawei p30,0.8572048559638626,0.7948833326720566,1.0,1.0,-0.14279514403613736
43234,funda huawei p30 pro 360 grados,1.0,1.0,1.0,1.0,0.0
43240,funda ipad air 4 sin tapa,0.5423247252962318,0.4728935033594544,0.6067216003536937,0.6067216003536937,-0.06439687505746194
43243,funda iphone 11 pro glitter,0.6992148198508501,0.5982819568741946,0.6992148198508501,0.6992148198508501,0.0
43251,funda iphone x,1.0,1.0,1.0,1.0,0.0
43254,funda iphone xr libro,1.0,1.0,1.0,1.0,0.0
43258,funda linterna cinturon,1.0,1.0,1.0,1.0,0.0
43265,funda maceta mimbre,0.6163668470816235,0.77990823370192,0.826813366651774,0.826813366651774,-0.21044651957015048
43267,funda mando apple tv,1.0,1.0,0.9363792118010483,1.0,0.0
43273,funda mini ipad,0.9216017310213247,0.77990823370192,0.9216017310213247,0.9216017310213247,0.0
43274,funda mobil,1.0,1.0,1.0,1.0,0.0
43298,funda palanca de cambio opel astra h,0.6004311286161026,0.7162874455029682,0.8611375561264456,0.8611375561264456,-0.260706427510343
43304,funda para moto con baul,1.0,1.0,1.0,1.0,0.0
43307,funda para rueda bici interiores,0.9337457765456111,0.8643145546088339,0.7967610662472993,0.8643145546088339,0.0694312219367772
43311,funda para sony bravia,0.4825387500873844,0.461568684742548,0.5309999066793253,0.5309999066793253,-0.04846115659194089
43317,funda portatil hp pavilion 14 pulgadas,0.9337457765456111,0.8630152897016883,0.92663607790064,0.92663607790064,0.00710969864497113
43318,funda puff xxl sin relleno,1.0,1.0,0.7257345305446319,1.0,0.0
43320,funda s9 plus,1.0,1.0,1.0,1.0,0.0
43321,funda samsung a20e resistente,1.0,1.0,1.0,1.0,0.0
43328,funda silicona iphone 11,1.0,1.0,1.0,1.0,0.0
43337,funda sofa,1.0,1.0,1.0,1.0,0.0
43338,funda sofa anti perros,0.92663607790064,0.9363792118010483,1.0,1.0,-0.07336392209936005
43339,funda sofa cama turquesa,0.41485737122490635,0.346829854582175,0.5516960100974697,0.5516960100974697,-0.13683863887256337
43341,funda sofá sin brazos 3 plazas,1.0,0.575073986183329,1.0,1.0,0.0
43342,funda sony xperia aqua,1.0,1.0,1.0,1.0,0.0
43343,funda spigen iphone xr,1.0,1.0,1.0,1.0,0.0
43349,funda teclado español ipad air 2,0.9363792118010483,0.9148568823583791,0.88995411685096,0.9148568823583791,0.021522329442669186
43353,funda trabajas,0.2890648263178879,0.6309297535714575,0.0,0.6309297535714575,-0.34186492725356965
43354,funda vespa 125,0.8494348345648929,0.6595629128335778,0.8485833840018,0.8485833840018,0.0008514505630928815
43361,funda xiaomi mi 9 con esquinas reforzadas,0.805516250204893,0.7733542529583558,0.6712140601637461,0.7733542529583558,0.03216199724653723
43365,funda xiaomi redmi 7,0.9337457765456111,1.0,0.92663607790064,1.0,-0.06625422345438892
43366,funda xiaomi redmi note 6 pro amarilla,0.7175177623223635,0.525420616322386,0.8693552534644673,0.8693552534644673,-0.15183749114210376
43367,funda xiaomi redmi note 7,1.0,1.0,1.0,1.0,0.0
43372,funda xs max iphone pluto,0.6309297535714575,1.0,0.43067655807339306,1.0,-0.36907024642854247
43378,fundas asientos opel monterery,1.0,1.0,1.0,1.0,0.0
43382,fundas cubiertos navidad,1.0,1.0,1.0,1.0,0.0
43386,fundas de moviles personalizadas,1.0,0.8643145546088339,1.0,1.0,0.0
43390,fundas ebook sony prs-t2,1.0,0.9305687780632229,0.92663607790064,0.9305687780632229,0.06943122193677709
43393,fundas huawei p30 lite,0.7104770117651427,0.8643145546088339,0.77990823370192,0.8643145546088339,-0.15383754284369122
43394,fundas ipad mini eva correa,0.7606395682357036,0.39233405721184117,0.9709286432396583,0.9709286432396583,-0.21028907500395477
43395,fundas iphone 11 pro max,0.9363792118010483,1.0,0.9363792118010483,1.0,-0.06362078819895167
43407,fundas iphone x,1.0,1.0,1.0,1.0,0.0
43411,fundas movil lg g5,1.0,1.0,1.0,1.0,0.0
43415,fundas nórdico 90,0.5833416105149332,0.6257049680303419,0.6338412308988606,0.6338412308988606,-0.05049962038392741
43418,fundas para huawei p30 lite disney kawaii,0.4202024810692814,0.29007579773858083,0.75369761125927,0.75369761125927,-0.33349513018998866
43425,fundas para sofa sin reposabrazos,1.0,1.0,1.0,1.0,0.0
43434,fundas s10 plus,1.0,1.0,1.0,1.0,0.0
43438,fundas sillas jardín,1.0,1.0,0.9052116356304495,1.0,0.0
43447,fundas xiaomi redmi 7 pamtalla delantera,0.8701249883466594,0.72891152902702,0.7885497208855957,0.7885497208855957,0.0815752674610637
43463,funko disney,1.0,1.0,1.0,1.0,0.0
43464,funko gladiator,0.6309297535714575,0.3562071871080222,0.5,0.5,0.13092975357145753
43481,funko pop dark crystal,1.0,1.0,1.0,1.0,0.0
43488,funko pop game of thrones,1.0,1.0,1.0,1.0,0.0
43495,funko pop iron maoden,1.0,0.8503449055347546,1.0,1.0,0.0
43512,funko pops harry potter,1.0,0.77990823370192,1.0,1.0,0.0
43606,furgon policia playmobil,0.8379265695293115,0.8253470553818277,0.7538670157815447,0.8253470553818277,0.012579514147483817
43660,fusiles airsoft electricos,0.6726934039987302,0.7510916729774055,0.8364586133797037,0.8364586133797037,-0.1637652093809735
43815,gabardina hombre tres cuartos,0.6504550807234148,0.5690831594067768,0.49913444530812284,0.5690831594067768,0.08137192131663806
43816,gabardina mujer invierno rebajas,0.8053706965939338,0.5583262660521386,0.7391135184107601,0.7391135184107601,0.06625717818317367
43840,gafas aviador moto,1.0,1.0,1.0,1.0,0.0
43843,gafas cerca sin montura,0.9363792118010483,0.4225749983705865,0.8643145546088339,0.8643145546088339,0.07206465719221444
43844,gafas cgid mujer,1.0,1.0,1.0,1.0,0.0
43850,gafas de sol,1.0,1.0,1.0,1.0,0.0
43854,gafas linterna led,0.9202054614375518,0.8189080569732083,0.9830168297915421,0.9830168297915421,-0.06281136835399037
43858,gafas para el ordenador,1.0,1.0,1.0,1.0,0.0
43859,gafas para niñas sin graduar,1.0,1.0,1.0,1.0,0.0
43860,gafas plastico sin cristales,0.6461194268314838,0.823699893396571,0.699473903081392,0.823699893396571,-0.1775804665650872
43862,gafas presbicia,0.9216017310213247,0.9363792118010483,0.9337457765456111,0.9363792118010483,-0.014777480779723629
43864,gafas raivan hombre,0.8486026589039901,0.5372903784169164,1.0,1.0,-0.15139734109600989
43867,gafas sin montura sol,0.9337457765456111,0.88995411685096,0.7827392871477703,0.88995411685096,0.04379165969465104
43869,gafas sin patillas para movil,1.0,1.0,1.0,1.0,0.0
43901,gala smart tapa,1.0,0.9286241047843016,0.8922108454754891,0.9286241047843016,0.07137589521569843
44096,gallineros grandes exterior metalicos,0.8603818544462509,0.29802729812225165,0.841492960259019,0.841492960259019,0.01888889418723194
44105,galon de cola cleopatre,0.9930783166417602,0.9838048780283076,0.9876712785649565,0.9876712785649565,0.00540703807680365
44122,game & watch zelda,0.49456228788854273,0.43292617940918415,0.39806284658828084,0.43292617940918415,0.061636108479358576
44283,gaming ordenador portatil,0.77990823370192,0.7951657524814092,0.9052116356304495,0.9052116356304495,-0.1253034019285295
44304,ganchillo tunecino,0.8454256604216018,0.7162874455029682,0.841492960259019,0.841492960259019,0.003932700162582847
44305,ganchos cuelga platos,0.7631925784528223,0.7162874455029682,0.7569021067152311,0.7569021067152311,0.00629047173759123
44450,gargantillas de mujer de oro,1.0,0.7877736340270853,0.8669479898642711,0.8669479898642711,0.13305201013572887
44506,garmin oregon 750t,1.0,0.6934264036172708,0.6934264036172708,0.6934264036172708,0.3065735963827292
44531,garmin vivosmart hr+ correa,0.5842273861585909,0.7322962005285631,0.7322962005285631,0.7322962005285631,-0.1480688143699722
44547,garrucha de polea,0.9216017310213247,0.9305687780632229,0.685119869332369,0.9305687780632229,-0.008967047041898213
44591,gas pantalones hombre,0.7093753650484101,0.8553475075669357,0.857980942822373,0.857980942822373,-0.14860557777396288
44609,gatillos para movil,1.0,0.9305687780632229,0.9363792118010483,0.9363792118010483,0.06362078819895167
44610,gato,0.9216017310213247,0.9363792118010483,1.0,1.0,-0.0783982689786753
44612,gato interactivo,0.7877736340270853,0.7510916729774055,0.5309999066793253,0.7510916729774055,0.0366819610496798
44631,gatos peluche,1.0,1.0,1.0,1.0,0.0
44663,gb cot to go,1.0,0.5,0.6309297535714575,0.6309297535714575,0.36907024642854247
44743,gel curls blueberry bliss curl control jelly,0.9156857657441142,0.8348372244899367,0.8404109228751037,0.8404109228751037,0.07527484286901054
44746,gel estimulador de clítoris femenino,0.9052116356304495,0.7280855459907166,0.6468562235661909,0.7280855459907166,0.17712608963973286
44757,gel hidroalcoholico sin perfume,0.9337457765456111,0.7702043899253147,0.460012661100461,0.7702043899253147,0.16354138662029638
44762,gel limpiador antiacne,1.0,1.0,1.0,1.0,0.0
44854,generador electricidad eolico,0.8415908474314977,1.0,1.0,1.0,-0.1584091525685023
44891,genie la loca,0.8315546295836225,0.6131471927654584,0.6131471927654584,0.6131471927654584,0.2184074368181641
44908,gentlemen,0.8069494904756505,0.49606005632380007,0.9530418785472459,0.9530418785472459,-0.1460923880715954
44925,geoforme djeco,0.23386470445736623,0.3120255505658846,0.14606834984270645,0.3120255505658846,-0.07816084610851837
44926,geografic norway hombre,1.0,0.9216017310213247,0.77990823370192,0.9216017310213247,0.0783982689786753
44936,georganics hilo dental,1.0,1.0,1.0,1.0,0.0
44972,geox kalispera,1.0,1.0,1.0,1.0,0.0
44975,geradores electricos,1.0,1.0,1.0,1.0,0.0
45016,gestapo,0.8315546295836225,0.48247555939075504,0.5912352048230277,0.5912352048230277,0.24031942476059476
45022,get around,0.9363792118010483,0.8630152897016883,0.8603818544462509,0.8630152897016883,0.07336392209936005
45057,gh plancha pelo,1.0,0.4990267326507383,0.9337457765456111,0.9337457765456111,0.06625422345438892
45063,ghd unplugged sin cable,0.5846156829012062,0.5636382420621702,0.6887841483036673,0.6887841483036673,-0.10416846540246105
45083,ghost rider,1.0,1.0,1.0,1.0,0.0
45337,gillette fusion proglide recambios 8,0.9258513847149256,0.8184175621358416,0.9895948844467957,0.9895948844467957,-0.0637434997318701
45390,ginseng rojo coreano,1.0,0.9337457765456111,1.0,1.0,0.0
45395,gioseppo mujer,1.0,1.0,1.0,1.0,0.0
45763,giuseppe moscati,0.9216017310213247,1.0,1.0,1.0,-0.0783982689786753
45950,glaze,0.8512360941594275,1.0,0.33816867746367263,1.0,-0.14876390584057253
45960,glengrant,0.3724928669383442,0.5423247252962318,0.92663607790064,0.92663607790064,-0.5541432109622957
46002,globber evo 5 en 1,0.9828920819566879,0.8477774488692931,0.9828920819566879,0.9828920819566879,0.0
46013,globos astronautas rosa,0.8194270280062366,0.5400753810454857,0.6257049680303419,0.6257049680303419,0.19372205997589464
46017,globos letras rosa,0.791726719367984,0.06625422345438904,0.3621108234757073,0.3621108234757073,0.4296158958922767
46091,glowforge,0.5929734460267241,0.6534006113520131,0.42924861640074785,0.6534006113520131,-0.06042716532528902
46102,glucometro sin pinchazo,0.31809711311243327,0.289465316692894,0.09791292534996782,0.289465316692894,0.02863179641953928
46160,gmt games,0.9216017310213247,0.8263333286520084,1.0,1.0,-0.0783982689786753
46640,gomas para deportivas,0.9279611693743142,0.7045057227504283,0.8665427526082052,0.8665427526082052,0.06141841676610893
46648,goniometro fisioterapia,1.0,0.727329844310522,1.0,1.0,0.0
46668,good girl carolina herrera,0.8965508479224736,0.7848693006025946,0.8090791338210653,0.8090791338210653,0.0874717141014083
46811,gore running chaleco,0.9216017310213247,1.0,1.0,1.0,-0.0783982689786753
46812,gore tex,0.9683310355387569,0.8196683128314595,0.9132861715058803,0.9132861715058803,0.05504486403287656
46837,gorra gatsby hombre tweed,1.0,1.0,1.0,1.0,0.0
46838,gorra para chica,0.5797748398812457,1.0,0.5065745439910657,1.0,-0.4202251601187543
46849,gorro - nike,0.9305687780632229,0.8643145546088339,0.8263333286520084,0.8643145546088339,0.06625422345438903
46853,gorro dc,0.694765116060299,1.0,0.7167674835027339,1.0,-0.305234883939701
46858,gorro lana bebe,1.0,1.0,1.0,1.0,0.0
46882,got talent,0.7663491917568949,0.8611375561264456,0.7948833326720566,0.8611375561264456,-0.09478836436955074
46887,gotas de chocolate sin azucar,0.5861163849908828,0.5653701424067238,0.46900009332067494,0.5653701424067238,0.020746242584159025
46888,gotas de chocolate sin azucar torras,0.4443361827137307,0.44830398990253034,0.6177638397019701,0.6177638397019701,-0.17342765698823942
46889,gotas secantes uñas,0.5801476231864474,0.59839506697425,0.5152880109744816,0.59839506697425,-0.01824744378780263
46917,gourmia freidora sin aceite,0.7210564623380479,0.32908604348504067,0.2529427027676571,0.32908604348504067,0.3919704188530072
47010,grafica nvidia rtx,0.77990823370192,0.575073986183329,1.0,1.0,-0.22009176629808003
47024,gran diver invicta,1.0,0.6906478832608419,1.0,1.0,0.0
47073,granola keto sin azucar,0.9258513847149256,0.7204037948220688,0.8149419398286234,0.8149419398286234,0.11090944488630217
47085,grapadora vallas,0.7846170207230131,0.92663607790064,0.7818048722226502,0.92663607790064,-0.14201905717762686
47122,grasa de montaje mtb,0.8205228949141828,0.7885497208855957,0.9148568823583791,0.9148568823583791,-0.0943339874441963
47241,great escapes mediterranean,0.9876712785649565,0.8922108454754891,0.9705437052559006,0.9705437052559006,0.0171275733090559
47325,green lantern morrison,0.8165901947515999,0.77990823370192,1.0,1.0,-0.18340980524840012
47329,green lipped mussel,0.662791942031712,0.7471589728148226,0.7819835854675756,0.7819835854675756,-0.11919164343586364
47454,greta gremlin,0.9217868789962071,0.9060254355346823,0.8278123145308894,0.9060254355346823,0.01576144346152486
47546,grifo ducha para lavabo,0.702900100608962,0.9028667550142375,0.6294757642030899,0.9028667550142375,-0.1999666544052755
47547,grifo lateral sin caño para lavabo,0.7569021067152311,0.2528410271851775,0.5572998242663683,0.5572998242663683,0.1996022824488628
47550,grifoducha monomando barato negro,0.699473903081392,0.6457545768494585,0.6156886473955917,0.6457545768494585,0.05371932623193354
47567,grill sandwichera plancha,1.0,1.0,1.0,1.0,0.0
47595,grinder,1.0,0.9216017310213247,0.88995411685096,0.9216017310213247,0.0783982689786753
47627,grmy hombre,1.0,0.88995411685096,1.0,1.0,0.0
47719,grupo de soldar hilo sin gas,1.0,1.0,1.0,1.0,0.0
47723,gráfica externa para portátil,0.8486026589039901,0.39794789654359625,0.8630152897016883,0.8630152897016883,-0.014412630797698167
47729,gs65 msi,0.6318532842514007,0.9619991470595832,0.8318724637288826,0.9619991470595832,-0.3301458628081825
47739,gstar raw hombre,1.0,1.0,1.0,1.0,0.0
47751,gta5 para ps4,1.0,0.13905617951077562,0.653894291235738,0.653894291235738,0.34610570876426205
47758,gtx660,1.0,1.0,1.0,1.0,0.0
47763,gu10 bombilla wifi inteligente,1.0,0.9363792118010483,1.0,1.0,0.0
47770,guante golf hombre,1.0,1.0,1.0,1.0,0.0
47777,guantes boxing mujer,1.0,1.0,1.0,1.0,0.0
47779,guantes de bicicleta,1.0,1.0,1.0,1.0,0.0
47780,guantes de boxeo,1.0,1.0,1.0,1.0,0.0
47781,guantes de boxeo hombre,1.0,1.0,1.0,1.0,0.0
47789,guantes everlast,0.77990823370192,0.8611375561264456,0.9305687780632229,0.9305687780632229,-0.15066054436130294
47791,guantes jardineria,1.0,1.0,1.0,1.0,0.0
47794,guantes moto,1.0,1.0,1.0,1.0,0.0
47801,guantes nitrilo talla s sin polvo,0.9363792118010483,0.8643145546088339,0.6687607038361473,0.8643145546088339,0.07206465719221444
47805,guantes rival boxeo,0.2863459897524693,0.5049059675118447,0.32227224912195473,0.5049059675118447,-0.2185599777593754
47806,guantes ski niña 3 años,1.0,1.0,1.0,1.0,0.0
47808,guantes trabajo,1.0,1.0,1.0,1.0,0.0
47818,guarda titulos,1.0,0.7827392871477703,0.92663607790064,0.92663607790064,0.07336392209936005
47820,guardabarros xiaomi mijia m365,1.0,1.0,1.0,1.0,0.0
47840,guayaquil ecuador,0.9502262648327977,0.9099466049873366,0.9322447939063515,0.9322447939063515,0.017981470926446197
47926,guilete fusion proglide,0.5012658353418871,0.5012658353418871,0.45560514958746035,0.5012658353418871,0.0
47927,guillotina para cortar papel,1.0,1.0,1.0,1.0,0.0
47945,guirnalda led,1.0,1.0,1.0,1.0,0.0
48100,guía de bali,1.0,0.7778721720600673,0.8165901947515999,0.8165901947515999,0.18340980524840012
48121,gym clothes,0.9363792118010483,0.823699893396571,0.8669479898642711,0.8669479898642711,0.0694312219367772
48123,gym en casa,1.0,1.0,1.0,1.0,0.0
48162,gz250 suzuki,0.24630238874073,0.24630238874073,0.16812753627111746,0.24630238874073,0.0
48240,haftgrund,0.48381288316677695,0.5714285040141098,0.23719771276929622,0.5714285040141098,-0.08761562084733288
48245,haier frigorifico,1.0,0.77990823370192,1.0,1.0,0.0
48574,halloween decoracion,1.0,1.0,1.0,1.0,0.0
48584,halloween disfraz,0.7015099647232446,0.662791942031712,0.5669450709942983,0.662791942031712,0.03871802269153257
48694,halogen heater,1.0,1.0,1.0,1.0,0.0
48726,hamburguesa vegana sin gluten,0.9363792118010483,0.7859162856301584,0.9363792118010483,0.9363792118010483,0.0
48790,han dynasty,1.0,0.6316243658611128,0.88995411685096,0.88995411685096,0.11004588314903996
49345,harry potter halloween,1.0,1.0,1.0,1.0,0.0
49355,harry potter monster book,1.0,1.0,1.0,1.0,0.0
49555,hd toshiba 1tb,0.9537123696623918,0.8191079142140382,0.8716476936377875,0.8716476936377875,0.08206467602460432
49581,hdmi a vga con audio,1.0,1.0,1.0,1.0,0.0
49584,hdmi analogico,1.0,1.0,1.0,1.0,0.0
49602,hdmi ladron 2 salidas,0.9165542635924873,0.8301054527851841,0.8984972075197749,0.8984972075197749,0.018057056072712352
49776,headset 2.0 almoadillas,0.841492960259019,0.5965173333990071,0.7967610662472993,0.7967610662472993,0.04473189401171973
49857,heartstopper,1.0,0.951231200062686,0.8549453387073992,0.951231200062686,0.04876879993731398
50064,heelys ruedas niña,0.77990823370192,0.5309999066793253,0.685119869332369,0.685119869332369,0.09478836436955096
50092,helado sin gluten,0.0,0.10086747116627115,0.08747171410140821,0.10086747116627115,-0.10086747116627115
50101,helena blavatsky,0.8486026589039901,1.0,1.0,1.0,-0.15139734109600989
50105,helio bombona,1.0,0.77990823370192,1.0,1.0,0.0
50149,helly hansen hombre polo,0.9337457765456111,0.9363792118010483,0.9363792118010483,0.9363792118010483,-0.002633435255437244
50221,heno de pravia,1.0,0.8482378089219648,1.0,1.0,0.0
50232,hepa h13 filter,0.7353797772725618,0.4099509148465345,0.5875502863571092,0.5875502863571092,0.1478294909154526
50280,hergom estufa leña,0.7967610662472993,0.7967610662472993,0.599976751690748,0.7967610662472993,0.0
50309,heroes ray loriga,0.38685280723454163,0.0,0.0,0.0,0.38685280723454163
50318,herramientas para motos,0.5946976087835997,0.4103737754674528,0.6802779217425298,0.6802779217425298,-0.0855803129589301
50376,hf204rc,1.0,1.0,1.0,1.0,0.0
50392,hi tec zapatillas hombre,1.0,1.0,0.9052116356304495,1.0,0.0
50452,hidrarizos de garnier crema sin aclarado,0.46111430781719365,0.37576775259321094,0.5637884576902257,0.5637884576902257,-0.10267414987303203
50453,hidratante antiedad beau-pro,0.0,0.3333333333333333,0.3333333333333333,0.3333333333333333,-0.3333333333333333
50455,hidrolimpiadora gasolina ducati,1.0,1.0,1.0,1.0,0.0
50457,hidromasaje spa,1.0,0.7183424120903082,0.9052116356304495,0.9052116356304495,0.09478836436955052
50654,hilo sin gas,1.0,0.9971876401972103,0.9292442392789195,0.9971876401972103,0.00281235980278971
50657,"hilo soldar sin gas 0,8 mm",0.7027284035579431,0.6620158551732018,0.6809047493604335,0.6809047493604335,0.021823654197509534
50658,hilo soldar sin gas 1mm,0.2188505885308512,0.4703652827859579,0.10699313236726378,0.4703652827859579,-0.2515146942551067
50660,hilos de bordar algodon,1.0,1.0,1.0,1.0,0.0
50661,hilos de plastico para hacer pulseras,1.0,0.5779050396291793,0.6300426811446147,0.6300426811446147,0.3699573188553853
50727,historia de las creencias y las ideas religiosas,1.0,1.0,1.0,1.0,0.0
50731,historias fantasticas stephen king,0.49661976912920763,0.5531464700081437,0.38356636737133565,0.5531464700081437,-0.05652670087893602
50949,hom cinema 5.1,1.0,1.0,1.0,1.0,0.0
50954,hombre de honor,1.0,0.3333333333333333,0.5,0.5,0.5
50955,hombre perro,0.8971754588393883,0.8513627366870065,0.9020870746500321,0.9020870746500321,-0.00491161581064381
50956,hombre sin rostro,1.0,1.0,1.0,1.0,0.0
50959,homcom bicicleta sin pedales,0.8550956239938449,0.8550956239938449,0.8550956239938449,0.8550956239938449,0.0
51125,honduras,0.7065443116025598,0.5964984284535197,0.6500332220485792,0.6500332220485792,0.056511089553980653
51193,honor 8x,1.0,0.30078518014914984,0.9068250379649666,0.9068250379649666,0.09317496203503339
51234,hookah,1.0,1.0,1.0,1.0,0.0
51275,hordes of chaos,1.0,1.0,0.8643145546088339,1.0,0.0
51283,hormigas veneno,0.9363792118010483,0.8611375561264456,0.9305687780632229,0.9305687780632229,0.005810433737825416
51293,horno gas butano,0.72891152902702,0.6804503724350792,0.6871952210980249,0.6871952210980249,0.04171630792899517
51300,hornos industriales,0.521740333252319,0.23622204575576317,0.3175737776606231,0.3175737776606231,0.20416655559169594
51301,hornos integrados cocina cajones telescopico,0.9047172294870751,0.13905617951077562,0.7226387152952866,0.7226387152952866,0.18207851419178855
51307,horquilla fox float,0.727329844310522,0.4260276605334036,0.6363762929310756,0.6363762929310756,0.09095355137944638
51476,hot wheels coches,0.9305687780632229,0.5309999066793253,0.7877736340270853,0.7877736340270853,0.14279514403613758
51656,hoz mango largo,0.42914113378860663,0.39327839964630634,0.7058075148678529,0.7058075148678529,-0.27666638107924624
51734,hp omen,0.5462574254588146,0.6659485553357845,0.88995411685096,0.88995411685096,-0.3436966913921454
51737,hp omen sobremesa,0.5147714448836774,0.975788054854922,0.8248239677678635,0.975788054854922,-0.4610166099712446
51749,hp portátil,1.0,1.0,1.0,1.0,0.0
51786,hp zbook x2,0.6739577727076379,0.6601396023754075,0.4364597551790087,0.6601396023754075,0.013818170332230428
51798,hpe ssd,1.0,1.0,1.0,1.0,0.0
51842,huawei g8,1.0,0.3010299956639812,1.0,1.0,0.0
51850,huawei mate 30 pro,0.7328286204777911,0.6797310500037655,0.7122630665145961,0.7122630665145961,0.020565553963194927
51882,huawey p 30 pro,1.0,0.6846006209336564,0.8491920179987479,0.8491920179987479,0.15080798200125212
51926,hueso para cachorros,0.9971876401972103,0.6797184004964701,0.845519325279726,0.845519325279726,0.15166831491748434
51961,hughes and kettner,0.9363792118010483,0.9363792118010483,0.9305687780632229,0.9363792118010483,0.0
51963,hugo boss perfume hombre,1.0,1.0,1.0,1.0,0.0
51982,hule gris rectangular,0.7877736340270853,1.0,0.8486026589039901,1.0,-0.21222636597291467
52026,humidificadores,1.0,1.0,1.0,1.0,0.0
52525,i12,1.0,1.0,1.0,1.0,0.0
52533,i7 gaming,0.8389574121760603,0.8364586133797037,0.5797827732044221,0.8364586133797037,0.002498798796356616
52536,i7 portatil lenovo,1.0,0.4016049330257502,1.0,1.0,0.0
52547,i9 mini pc,1.0,0.6581810421830975,0.9052116356304495,0.9052116356304495,0.09478836436955052
52548,i9 pc,0.9052116356304495,1.0,0.8263333286520084,1.0,-0.09478836436955052
52790,ilford 35mm blanco y negro,0.3562071871080222,0.0,0.3010299956639812,0.3010299956639812,0.055177191444040985
52806,iluminacion bajo muebles de cocina sin cable,0.5531464700081437,0.7682972668889274,0.27727342735504823,0.7682972668889274,-0.21515079688078376
52810,iluminadores de maquillaje,1.0,0.44967985513709063,0.8458581824477313,0.8458581824477313,0.15414181755226875
52811,ilusive london,1.0,1.0,1.0,1.0,0.0
52866,imitacion moldura,1.0,0.3562071871080222,1.0,1.0,0.0
52902,impresion 3d,0.7233035367188455,0.625451942083685,0.45734567087855327,0.625451942083685,0.09785159463516047
52906,impresora camisetas,0.6774944350794183,0.5943907508440193,0.41319093293015385,0.5943907508440193,0.08310368423539904
52909,impresora fotografica profesional,0.7975167679274939,0.628164947569372,0.8603818544462509,0.8603818544462509,-0.062865086518757
52918,impresora para el movil,1.0,1.0,0.77990823370192,1.0,0.0
52929,imprimir fotos online,0.8521705090845474,0.469736890055382,0.6969179698201176,0.6969179698201176,0.15525253926442983
52933,imán cuchillos de cocina sin tornillos,1.0,1.0,0.9216017310213247,1.0,0.0
53044,indiana jones,0.7815683063664048,0.6608850241063915,0.7935180200065873,0.7935180200065873,-0.011949713640182491
53135,infaillible 24 fresh to wear base de maquillaje compacto,0.7809509050749017,0.6739577727076379,0.7618017901203944,0.7618017901203944,0.01914911495450733
53137,infancia la edad sagrada,1.0,1.0,1.0,1.0,0.0
53291,infrarrojos sauna,0.8611375561264456,0.9148568823583791,1.0,1.0,-0.1388624438735544
53349,inman home,0.9911205770005563,1.0,0.9878316351280036,1.0,-0.008879422999443665
53352,inmotion v5f,0.7456919575934262,0.5499887725471477,0.4141233842675174,0.5499887725471477,0.19570318504627848
53481,instax,0.7100226348397881,1.0,0.599976751690748,1.0,-0.2899773651602119
53581,interbios sandalias mujer 42,0.9363792118010483,0.6274092458891773,1.0,1.0,-0.06362078819895167
53625,interruptor wifi sin neutro sonoff,0.7312625444731049,0.7917063341896683,0.92663607790064,0.92663607790064,-0.19537353342753505
53734,ionizador sin ozono,0.9363792118010483,0.9363792118010483,0.6434035614033738,0.9363792118010483,0.0
53740,ios audio interface,0.8301054527851841,0.8909510095528637,0.9752652438087496,0.9752652438087496,-0.14515979102356547
53757,ip65 caja,1.0,1.0,1.0,1.0,0.0
53853,ipad hdmi,1.0,1.0,1.0,1.0,0.0
53990,iphone 11,1.0,0.0,0.5012658353418871,0.5012658353418871,0.49873416465811293
54095,iphone 11 pro max templado,0.8276904491046954,0.8270433092474515,0.4110993609507533,0.8270433092474515,0.0006471398572438503
54106,iphone 11 screen protector,1.0,1.0,1.0,1.0,0.0
54144,iphone 6 16gb nuevo,0.6131471927654584,0.6131471927654584,0.3065735963827292,0.6131471927654584,0.0
54212,iphone 7 32gb,1.0,0.7641675933748661,0.9292442392789195,0.9292442392789195,0.07075576072108047
54249,iphone 7 plus,1.0,0.9895948844467957,0.9971876401972103,0.9971876401972103,0.00281235980278971
54319,iphone 8 fundas,1.0,1.0,1.0,1.0,0.0
54327,iphone 8 plus,1.0,0.8643145546088339,1.0,1.0,0.0
54538,iphone x 64 gb,0.8899603164338973,0.49256861998650303,0.9267582364714125,0.9267582364714125,-0.03679792003751525
54575,iphone xr 128gb,1.0,0.9709286432396583,0.8547529378296287,0.9709286432396583,0.02907135676034167
54576,iphone xr 128gb blanco,1.0,1.0,1.0,1.0,0.0
54818,ipone7 plus,1.0,0.6898511839334867,0.9930783166417602,0.9930783166417602,0.0069216833582398385
54859,irimo herramientas,0.9337457765456111,0.7510916729774055,0.9337457765456111,0.9337457765456111,0.0
54862,iris & lilly sujetador sin aros,0.92663607790064,0.8389574121760603,0.5711601909662337,0.8389574121760603,0.08767866572457961
54958,irrigador bucal,1.0,1.0,1.0,1.0,0.0
54962,irrigadores bucales,1.0,1.0,1.0,1.0,0.0
54988,ise cinta de correr,0.6728499236252581,0.6700375638224682,0.7767471075223498,0.7767471075223498,-0.10389718389709168
54995,isla auxiliar cocina,1.0,1.0,1.0,1.0,0.0
55003,iso energy,0.7471589728148226,0.5766692999492191,0.6086182388744241,0.6086182388744241,0.13854073394039845
55049,it follows,1.0,1.0,1.0,1.0,0.0
55099,itelco vascula,0.3026024134988135,0.3900741276002217,0.5151254397262444,0.5151254397262444,-0.21252302622743086
55207,iwc relojes,1.0,0.2082732806320161,0.9216017310213247,0.9216017310213247,0.0783982689786753
55263,jabon acido salicilico,0.2640681225725909,0.20438239758848611,0.23719771276929622,0.23719771276929622,0.026870409803294665
55268,jabon de manos sin aclarado,0.5580759111248786,0.33798414482679845,0.47870393709728004,0.47870393709728004,0.0793719740275986
55269,jabon de manos sin perfume,0.9148568823583791,0.46111430781719365,0.6364741801035539,0.6364741801035539,0.2783827022548252
55271,jabon sin perfume,0.9363792118010483,0.8630152897016883,0.8669479898642711,0.8669479898642711,0.0694312219367772
55287,jabón barba hombre,0.8415908474314977,0.6242322474067891,0.857980942822373,0.857980942822373,-0.016390095390875326
55289,jabón sin detergente,1.0,0.5,0.0,0.5,0.5
55416,jamon navidul iberico,0.843537875344446,0.781651097425878,0.9818483242455303,0.9818483242455303,-0.13831044890108424
55417,jamoneros baratos,0.9337457765456111,0.92663607790064,0.9216017310213247,0.92663607790064,0.00710969864497113
55419,jamón trevelez,0.7322538581500238,0.2529427027676571,0.647939623894138,0.647939623894138,0.0843142342558858
55511,jaquetas hombre todo barata,1.0,0.13698471029831177,0.5181001594748444,0.5181001594748444,0.48189984052515555
55518,jarron decorativo,0.9363792118010483,0.9305687780632229,1.0,1.0,-0.06362078819895167
55559,jaula pedros 60 cm,0.8550956239938449,0.6020941629041775,0.6020941629041775,0.6020941629041775,0.25300146108966737
55562,jaulas para perros,1.0,1.0,1.0,1.0,0.0
55613,jbl charge xtreme,1.0,0.6563033086078547,1.0,1.0,0.0
55797,jenga madera,0.8701249883466594,0.7019727018777485,0.6936634693435664,0.7019727018777485,0.1681522864689109
55817,jeringuilla 10ml,0.9337457765456111,0.7183424120903082,0.9148568823583791,0.9148568823583791,0.01888889418723194
55835,jersey de harry potter mujer,0.8468274504638792,0.6903339105049512,0.5749496567222399,0.6903339105049512,0.156493539958928
55839,jersey hombre invierno,0.8364586133797037,0.7975167679274939,0.77990823370192,0.7975167679274939,0.0389418454522098
55844,jersey mujer tallas grandes,0.7728378251807521,0.6214990811334173,0.6500332220485792,0.6500332220485792,0.1228046031321729
55846,jersey negro oversize,0.7065443116025598,0.7264127302306637,0.8482378089219648,0.8482378089219648,-0.14169349731940495
55851,jersey sin mangas mujer,1.0,1.0,0.92663607790064,1.0,0.0
55879,jesus huerta de soto,0.6266634044003,0.6755184993100496,0.6659422005959307,0.6755184993100496,-0.0488550949097496
55887,jet juguete,0.8318477135310892,0.6652907408280684,0.5215784827120727,0.6652907408280684,0.16655697270302083
55967,jezz burning,0.7573821447149967,0.7885497208855957,0.713308065210993,0.7885497208855957,-0.031167576170599065
55972,jhonny walker whisky,1.0,1.0,1.0,1.0,0.0
56024,jiu jitsu libro,1.0,1.0,1.0,1.0,0.0
56086,jodida blanca navidad,0.4703652827859579,0.48522855511632257,0.45221360703148816,0.48522855511632257,-0.014863272330364663
56123,john cage the seasons,0.6340499455108034,0.4508533838815827,0.4716276524567204,0.4716276524567204,0.162422293054083
56193,johnsons aceite de bebé,1.0,0.7670273914429266,0.9052116356304495,0.9052116356304495,0.09478836436955052
56211,jojo clothes,0.5926825204089029,0.791726719367984,0.8603818544462509,0.8603818544462509,-0.267699334037348
56313,joseph conrad english,0.8050310013659313,0.6119720699899832,0.6029012095266041,0.6119720699899832,0.1930589313759481
56372,joyería personalizada,0.8603818544462509,0.4736695902179648,0.7827392871477703,0.7827392871477703,0.07764256729848062
56391,juan llorca sin dientes y a bocados,0.7227265726449519,0.6661998717660157,0.7227265726449519,0.7227265726449519,0.0
56419,juego cortina y alfombra baño,1.0,0.9052116356304495,1.0,1.0,0.0
56426,juego de magia niños 6 años,1.0,0.77990823370192,0.88995411685096,0.88995411685096,0.11004588314903996
56429,juego de mesa quarto,0.6934264036172708,1.0,0.9197207891481876,1.0,-0.3065735963827292
56438,juego forza horizon 4 pc,0.9325210919548239,0.6653497124326151,0.5833416105149332,0.6653497124326151,0.2671713795222088
56439,juego fruta madera,1.0,0.9052116356304495,0.92663607790064,0.92663607790064,0.07336392209936005
56447,juego para fiestas infantil,0.4367467095119258,0.4860089900278708,0.9060254355346823,0.9060254355346823,-0.4692787260227565
56449,juego ps4 nba 2k20,0.8485833840018,0.5307430968653729,0.5051791985607764,0.5307430968653729,0.3178402871364271
56453,juegos,1.0,1.0,1.0,1.0,0.0
56455,juegos altas capacidades,0.2090493674905264,0.49435723575344837,0.23440650992329992,0.49435723575344837,-0.285307868262922
56459,juegos de logica quien es quien,0.919261353975986,0.7528479435844877,0.951231200062686,0.951231200062686,-0.03196984608670006
56463,juegos de mesa para niños,1.0,1.0,1.0,1.0,0.0
56464,juegos de té de porcelana,1.0,1.0,1.0,1.0,0.0
56465,juegos deps4,1.0,0.9052116356304495,0.88995411685096,0.9052116356304495,0.09478836436955052
56476,juegos para nintendo switch lite,0.5447919799171685,0.18953836965473142,0.18065894665528784,0.18953836965473142,0.3552536102624371
56485,juguete con sonidobebe 6 meses,0.8357804136936722,0.8630152897016883,0.8200685179888284,0.8630152897016883,-0.027234876008016107
56487,juguete don't touch,0.0,1.0,0.31546487678572877,1.0,-1.0
56488,juguete minnie mouse,1.0,0.8512360941594275,0.9305687780632229,0.9305687780632229,0.06943122193677709
56490,juguete zapatos niña,0.7000949683025057,0.6528642754944295,0.8603818544462509,0.8603818544462509,-0.1602868861437452
56491,juguetes,0.3133689519796274,0.6636115608248301,0.5847662916746682,0.6636115608248301,-0.3502426088452027
56508,juguetes niños 2 años,1.0,1.0,1.0,1.0,0.0
56510,juguetes niños 6 años,0.848793892424921,0.7825367142417473,0.7129980666289261,0.7825367142417473,0.06625717818317367
56512,juguetes niños marvel puzzle,0.7778721720600673,0.7573821447149967,0.8669479898642711,0.8669479898642711,-0.08907581780420382
56518,juguetes perros grandes resistentes,1.0,1.0,1.0,1.0,0.0
56520,juguetes sexuales para mujeres,1.0,1.0,1.0,1.0,0.0
56522,juguétes para bebes,1.0,1.0,1.0,1.0,0.0
56626,jungle speed original,0.9181890364255552,0.7365416088600731,0.72471451675439,0.7365416088600731,0.18164742756548202
56662,junta cafetera,1.0,1.0,1.0,1.0,0.0
56663,junta de goma para nevera,1.0,1.0,1.0,1.0,0.0
56665,juntas blancas azulejos,1.0,0.769526190239283,0.9305687780632229,0.9305687780632229,0.06943122193677709
56720,justfog minikit,0.7791714369672128,0.5462574254588146,0.7015099647232446,0.7015099647232446,0.07766147224396824
56766,jyoko bolso bebe,0.617319681505689,0.46927872602275644,0.6105456988825855,0.6105456988825855,0.0067739826231035805
56874,kalandraka minicuentos cinco,1.0,0.8175295903539445,1.0,1.0,0.0
56904,kamino - flam,1.0,1.0,1.0,1.0,0.0
56908,kamvas pro 24 4k,0.48522855511632257,0.4703652827859579,0.639945385422766,0.639945385422766,-0.15471683030644345
56917,kang and kodos,0.5734923014668308,0.8389574121760603,0.5509662124799076,0.8389574121760603,-0.2654651107092295
56949,kapsa enchufe,1.0,1.0,1.0,1.0,0.0
56983,karl lagerfeld maquillaje,1.0,0.37800210039683896,0.5706417189553201,0.5706417189553201,0.4293582810446799
57055,kavak cosmetics,0.6238470455881189,0.30798345931689824,0.3936948167222716,0.3936948167222716,0.2301522288658473
57070,kawasaki versys 650,0.3562071871080222,0.3010299956639812,0.3010299956639812,0.3010299956639812,0.055177191444040985
57073,kaweco brass sport,1.0,0.9363792118010483,1.0,1.0,0.0
57086,kayak autovaciable,0.9337457765456111,0.7162874455029682,0.8701249883466594,0.8701249883466594,0.06362078819895167
57193,kelme futbol sala,1.0,1.0,1.0,1.0,0.0
57282,keratina sin planchado,0.791726719367984,0.7097402150304355,0.8115558478722846,0.8115558478722846,-0.01982912850430063
57373,kettlebell 24,1.0,1.0,1.0,1.0,0.0
57380,keuco elegance,1.0,1.0,1.0,1.0,0.0
58113,kiehls gel,0.9818483242455303,0.5987171642521193,0.9896062251871525,0.9896062251871525,-0.007757900941622209
58184,kindle,1.0,0.4647456832249362,1.0,1.0,0.0
58229,kindle paperwhite sin publicidad y con luz,0.7885497208855957,0.8643145546088339,0.7034066032439749,0.8643145546088339,-0.07576483372323817
58381,kingrack escurreplatos,1.0,0.7467045958894682,1.0,1.0,0.0
58414,kipling bolso,1.0,1.0,1.0,1.0,0.0
58460,kit casa madera jardin grande,0.6967728672917265,0.2521686779156779,0.7359168896506131,0.7359168896506131,-0.03914402235888659
58462,kit cervezas del mundo,1.0,0.857980942822373,0.9337457765456111,0.9337457765456111,0.06625422345438892
58465,kit de bicicleta electrica,1.0,1.0,1.0,1.0,0.0
58471,kit de uñas,0.5,0.5,0.5,0.5,0.0
58475,kit fibra de vidrio y resina,0.88995411685096,0.7104770117651427,0.8165901947515999,0.8165901947515999,0.07336392209936016
58483,kit letras resina,1.0,1.0,0.9363792118010483,1.0,0.0
58484,kit limpieza ugg,1.0,0.7470572972323428,1.0,1.0,0.0
58487,kit para bebes recien nacidos,0.8669479898642711,0.7631925784528223,0.857980942822373,0.857980942822373,0.008967047041898102
58488,kit para hacer whisky,0.5914517171388353,0.7015330073607993,0.5686621756770357,0.7015330073607993,-0.110081290221964
58497,kit solares para casas de campo,1.0,0.9148568823583791,1.0,1.0,0.0
58498,kit starter acrilico,0.5543110021543998,0.4136877383108716,0.58341868454383,0.58341868454383,-0.02910768238943018
58499,kit tapizado techo coche,1.0,0.06362078819895173,1.0,1.0,0.0
58501,kit uñas profesional completo,1.0,1.0,1.0,1.0,0.0
58708,kitkat,1.0,0.92663607790064,1.0,1.0,0.0
58710,kits motor electrico coche,0.45379693233402835,0.1588714315372696,0.3525683241217281,0.3525683241217281,0.10122860821230023
58736,kktalina,0.41183384043543503,0.36181498356361597,0.41183384043543503,0.41183384043543503,0.0
58779,kmax concealing color spray,0.8451426945798564,0.8152568591281436,0.7730997420002009,0.8152568591281436,0.02988583545171275
59002,kong,0.77990823370192,0.6410457898283654,1.0,1.0,-0.22009176629808003
59084,kpop albums the perfect red velvet,1.0,0.5,0.6309297535714575,0.6309297535714575,0.36907024642854247
59132,krom kernel,1.0,1.0,0.5,1.0,0.0
59155,ktm 525,0.0,0.5,0.5,0.5,-0.5
59182,kung fu panda christmas,0.22018418776246548,0.4492477985243745,0.2558209594125084,0.4492477985243745,-0.22906361076190904
59202,kvd vegan beauty,0.7536526491624604,0.4935232796777482,0.7377032386053668,0.7377032386053668,0.015949410557093646
59304,l736h,0.3661148839678423,0.0,0.3541137753347476,0.3541137753347476,0.012001108633094726
59306,l_arginina,1.0,1.0,1.0,1.0,0.0
59308,la biblia cristiana,0.541343095843681,0.45789735943616816,0.3314260080523396,0.45789735943616816,0.08344573640751285
59319,la cie thunderbolt,0.9337457765456111,0.5887498202463202,0.7859162856301584,0.7859162856301584,0.14782949091545272
59322,la coste sudadera,1.0,1.0,1.0,1.0,0.0
59330,la equinacea,1.0,0.9337457765456111,1.0,1.0,0.0
59334,la fantástica piedra blanca,0.841492960259019,0.7605591431973849,0.8415908474314977,0.8415908474314977,-9.78871724787167e-05
59341,la hija de vercingetorix,1.0,1.0,1.0,1.0,0.0
59343,la importancia del sexo,0.8207658584763088,0.4521844746141331,0.7227265726449519,0.7227265726449519,0.0980392858313569
59344,la interacción del color,0.6049306994552042,0.46927872602275644,0.2960819109658652,0.46927872602275644,0.13565197343244773
59347,la la land vinyl,0.8175295903539445,1.0,0.38685280723454163,1.0,-0.18247040964605554
59365,la mujer que no envejecía,0.6105456988825855,0.6257049680303419,0.23463936301137822,0.6257049680303419,-0.015159269147756449
59368,la ovejita que vino a cenar pequeñas manitas,0.9197207891481876,0.8315546295836225,0.7977228895450266,0.8315546295836225,0.08816615956456508
59371,la primera purga,1.0,0.8237523265073413,0.9963488021549354,0.9963488021549354,0.0036511978450646243
59374,la psicologia del fotografo,1.0,0.6309297535714575,1.0,1.0,0.0
59378,la roche posay 50,1.0,1.0,1.0,1.0,0.0
59388,la serpiente sin ojos,1.0,1.0,1.0,1.0,0.0
59506,laco relojes,0.92663607790064,0.8165901947515999,1.0,1.0,-0.07336392209936005
59632,lagrimas hidratantes,1.0,0.9305687780632229,0.857980942822373,0.9305687780632229,0.06943122193677709
59673,laminas decorativas para enmarcar,1.0,1.0,1.0,1.0,0.0
59716,lampara de pie led salon,1.0,1.0,1.0,1.0,0.0
59717,lampara de pie salon,1.0,1.0,1.0,1.0,0.0
59722,lampara escritorio led usb,1.0,1.0,1.0,1.0,0.0
59723,lampara estilo retro industrial 40,1.0,1.0,1.0,1.0,0.0
59724,lampara estudio bateria,1.0,1.0,1.0,1.0,0.0
59725,lampara exterior sin cables,0.9363792118010483,0.73855677575495,0.7084409501232901,0.73855677575495,0.19782243604609828
59726,lampara focos techo blanco,1.0,1.0,1.0,1.0,0.0
59734,lampara mesa dibujo,1.0,0.7041249493150388,0.8816172070446371,0.8816172070446371,0.11838279295536291
59736,lampara mesita con tulipa azul,0.6309297535714575,0.43067655807339306,0.6309297535714575,0.6309297535714575,0.0
59742,lampara rayos uva bronceadora,0.6530488081313036,0.6594803070902427,0.6835381846158709,0.6835381846158709,-0.030489376484567288
59744,lampara solar exterior,0.5518331289811786,0.35853358850813305,0.5051284895111403,0.5051284895111403,0.046704639470038334
59745,lampara techo bluetooth altavoz,1.0,1.0,1.0,1.0,0.0
59749,lamparas bebe techo,1.0,1.0,0.92663607790064,1.0,0.0
59750,lamparas bebes,1.0,1.0,1.0,1.0,0.0
59777,lana de roca,0.9363792118010483,1.0,0.9363792118010483,1.0,-0.06362078819895167
59851,lanzapelotas tenis,0.92663607790064,0.4736695902179648,0.7065443116025598,0.7065443116025598,0.22009176629808014
60215,las promesas de dios,0.9363792118010483,0.8611375561264456,0.7846170207230131,0.8611375561264456,0.07524165567460273
60217,las seis grandes emociones,0.6364391809889587,0.46927872602275644,0.46927872602275644,0.46927872602275644,0.16716045496620224
60221,laser co2 corte,0.7728378251807521,0.5708588662113935,0.6969179698201176,0.6969179698201176,0.0759198553606345
60223,laser con linterna,0.15130120674940675,0.3936948167222716,0.33357335352434897,0.3936948167222716,-0.24239360997286483
60292,last kings ropa,0.6563033086078547,0.685119869332369,0.793584067764911,0.793584067764911,-0.1372807591570563
60302,lata aluminio redonda,1.0,1.0,1.0,1.0,0.0
60409,lavaaspiradora,0.8255857570917466,0.5341137071675278,0.735859901420367,0.735859901420367,0.0897258556713797
60410,lavabo inox,0.6509209298071326,0.5012658353418871,0.37800210039683896,0.5012658353418871,0.1496550944652455
60416,lavado coche sin agua,0.9363792118010483,0.7162874455029682,0.7967610662472993,0.7967610662472993,0.13961814555374907
60418,lavadora sin electricidad,0.8512360941594275,0.6601585067762745,0.7084409501232901,0.7084409501232901,0.14279514403613736
60426,lavamanos roca,0.854105797972385,0.5032251913410369,0.6533933590057491,0.6533933590057491,0.20071243896663582
60430,lavavajilla balay,1.0,0.9052116356304495,1.0,1.0,0.0
60524,layton switch,0.9066276098484507,0.9674679834891693,0.9134015924715543,0.9674679834891693,-0.06084037364071859
60527,lazaros,1.0,0.6934264036172708,0.6240505200038379,0.6934264036172708,0.3065735963827292
60542,laço homem,0.2807081466403135,0.09791292534996782,0.3507976617709747,0.3507976617709747,-0.0700895151306612
60831,lechada juntas de baño,0.92663607790064,0.3863474142462609,0.7655934900767002,0.7655934900767002,0.16104258782393976
60835,leche de oveja ecologica,1.0,1.0,1.0,1.0,0.0
60839,leche soja sin azucar,0.8572048559638626,0.5637884576902257,0.8364586133797037,0.8364586133797037,0.020746242584158914
60842,lecitina de soja polvo,0.6780494608112013,0.6969383549984333,0.39956887138389763,0.6969383549984333,-0.01888889418723194
60853,led 3mm,1.0,1.0,1.0,1.0,0.0
60889,led de suelo,1.0,0.7264127302306637,0.9052116356304495,0.9052116356304495,0.09478836436955052
60981,led mirror light,0.9148568823583791,1.0,1.0,1.0,-0.08514311764162086
61008,led r7s luz fria,1.0,1.0,1.0,1.0,0.0
61068,led verde exterior,0.7885497208855957,0.7222954974312067,0.6180396628416766,0.7222954974312067,0.06625422345438903
61089,leds coche maletero,1.0,0.9216017310213247,0.9363792118010483,0.9363792118010483,0.06362078819895167
61107,lee,1.0,1.0,1.0,1.0,0.0
61125,leer el mundo,1.0,1.0,1.0,1.0,0.0
61180,leggin del caballo,0.9674679834891693,0.3044671974905181,0.7122630665145961,0.7122630665145961,0.25520491697457315
61204,leggins encerados,0.7215194105726963,0.7818048722226502,0.7849818707050383,0.7849818707050383,-0.06346246013234202
61206,leggins termicos mujer sin costuras,0.7534494445524139,0.7819835854675756,0.7721596254947204,0.7819835854675756,-0.02853414091516171
61211,leging,1.0,0.8611375561264456,1.0,1.0,0.0
61217,lego,1.0,1.0,1.0,1.0,0.0
61250,lego central perk,1.0,0.3562071871080222,1.0,1.0,0.0
61301,lego harry poter,1.0,1.0,1.0,1.0,0.0
61339,lego pistolas para montar,0.09803928583135704,0.3391602052736161,0.7130329901830805,0.7130329901830805,-0.6149937043517235
61343,lego porche,0.7041249493150388,0.44922418781790907,0.6977883981690651,0.6977883981690651,0.006336551145973646
61467,lenceria blanca sexy mujer,0.8611375561264456,0.9363792118010483,1.0,1.0,-0.1388624438735544
61469,lenceria erótica mujer,1.0,1.0,1.0,1.0,0.0
61498,lenovo legion y520,0.7751482523375256,0.6159929108925155,0.870608685426993,0.870608685426993,-0.09546043308946739
61531,lente canon 35mm,0.7753366239771086,0.727329844310522,0.6028078051365984,0.727329844310522,0.04800677966658662
61532,lente ultra gran angular,1.0,1.0,1.0,1.0,0.0
61533,lentejas sin gluten,1.0,1.0,1.0,1.0,0.0
61535,lentes de contacto de colores,1.0,1.0,1.0,1.0,0.0
61538,lentes sony montura e,0.6840182226156366,0.20641593223508908,0.06362078819895173,0.20641593223508908,0.4776022903805475
61608,lesbian flag,0.6383504127205318,0.7326752083234244,0.8696762340896294,0.8696762340896294,-0.23132582136909752
61611,lesly muñeca de famosa,0.0,0.0,0.0,0.0,0.0
61625,letibalm,1.0,0.8701249883466594,1.0,1.0,0.0
61679,levadura de cerveza sin gluten,0.627507133061656,0.6136525857537394,0.7967610662472993,0.7967610662472993,-0.1692539331856433
61771,león el africano,1.0,0.7536266569037414,0.9181890364255552,0.9181890364255552,0.08181096357444484
61795,lg 75 nanocell,0.44830398990253034,0.4449036617480583,0.5186511804016662,0.5186511804016662,-0.0703471904991359
61802,lg barra de sonido dolby atmos,1.0,0.694765116060299,0.7569021067152311,0.7569021067152311,0.24309789328476894
61804,lg c9 oled,0.5350178183966501,0.08671382849411974,0.39032290287815236,0.39032290287815236,0.14469491551849772
61810,lg cx48,0.0,0.0,0.0,0.0,0.0
61843,lg nanocell 75,1.0,0.5109559939712153,0.6934264036172708,0.6934264036172708,0.3065735963827292
61898,lg tv 65 pulgadas 4k,0.9202054614375518,0.9605291479810895,0.8358912271816661,0.9605291479810895,-0.040323686543537685
61920,lg velvet 5g funda,1.0,0.9305687780632229,0.9216017310213247,0.9305687780632229,0.06943122193677709
61954,libido mujer aumentar,0.6898286563534622,0.841492960259019,0.7093753650484101,0.841492960259019,-0.15166430390555674
61955,libido sexual mujer aumentar,0.7538142945344394,0.5483327772244703,0.7280855459907166,0.7280855459907166,0.025728748543722757
61967,libreta,1.0,1.0,1.0,1.0,0.0
61972,libreta trabajo,1.0,0.92663607790064,0.9305687780632229,0.9305687780632229,0.06943122193677709
61980,libro colorear niños,1.0,1.0,1.0,1.0,0.0
61981,libro con ventanas,1.0,0.7951657524814092,0.8701249883466594,0.8701249883466594,0.1298750116533406
61984,libro de humo,0.7030861797445797,0.4202024810692814,0.5654495432396527,0.5654495432396527,0.13763663650492697
61986,libro de recetas freidora sin aceite moulinex,0.21398626473452756,0.0,0.34519134224686937,0.34519134224686937,-0.1312050775123418
61995,libro el corredor del laberinto 2,0.46927872602275644,0.23463936301137822,0.23463936301137822,0.23463936301137822,0.23463936301137822
61998,libro electrónico,1.0,0.4779671403625729,0.9363792118010483,0.9363792118010483,0.06362078819895167
61999,libro escritura 4 años,0.7164850636933813,0.6402900881481708,0.713654010247531,0.713654010247531,0.002831053445850329
62002,libro lengua 3 primaria santillana,0.8406229988864187,0.599104806647657,0.4492772756050026,0.599104806647657,0.2415181922387617
62005,libro pictogramas,1.0,1.0,1.0,1.0,0.0
62018,libros 365 dni trilogía en español,0.8922108454754891,0.6904759031429467,0.8922108454754891,0.8922108454754891,0.0
62021,libros boruto en español,0.7827392871477703,0.6410457898283654,0.9052116356304495,0.9052116356304495,-0.12247234848267918
62023,libros con grafia para empezar a leer,1.0,0.0,0.43067655807339306,0.43067655807339306,0.5693234419266069
62025,libros de idelfonso falcones,0.7787672064897213,0.637033973357029,0.6661430444142873,0.6661430444142873,0.11262416207543402
62029,libros de tercero de la eso ingles,0.6309297535714575,0.43067655807339306,1.0,1.0,-0.36907024642854247
62041,libros padre pio,1.0,0.9337457765456111,0.92663607790064,0.9337457765456111,0.06625422345438892
62047,libros pegatinas niños 4 años,0.8553475075669357,0.8165901947515999,0.5847192329112589,0.8165901947515999,0.03875731281533579
62048,libros personalizados,1.0,0.77990823370192,1.0,1.0,0.0
62049,libros segunda mano,1.0,1.0,1.0,1.0,0.0
62051,libros sin gluten,1.0,1.0,1.0,1.0,0.0
62080,licor horchata,0.7751482523375256,0.8922108454754891,0.8829374068620366,0.8922108454754891,-0.11706259313796352
62104,lienzo multipanel,1.0,1.0,1.0,1.0,0.0
62105,lienzo sin marco,1.0,0.77990823370192,1.0,1.0,0.0
62107,lienzos new york,1.0,0.77990823370192,1.0,1.0,0.0
62109,lierac serum,0.9337457765456111,0.823699893396571,0.9148568823583791,0.9148568823583791,0.01888889418723194
62304,light novel yen press tapa blanda,0.37566986542073244,0.43199642233783897,0.5210984447123072,0.5210984447123072,-0.1454285792915747
62438,lightning to headphone jack,0.8048109992093391,0.8611375561264456,0.8611375561264456,0.8611375561264456,-0.05632655691710653
62501,lijas 75 x 533,1.0,0.77990823370192,0.9305687780632229,0.9305687780632229,0.06943122193677709
62510,lil gleemerz,1.0,1.0,1.0,1.0,0.0
62584,limpiacristales vaporeta,0.6316243658611128,0.3913817611255761,0.857980942822373,0.857980942822373,-0.22635657696126021
62585,limpiador cocina sin aclarado,0.6835381846158709,0.7788065869851875,0.4615890699208637,0.7788065869851875,-0.09526840236931655
62593,limpiador pantalla movil,1.0,0.8611375561264456,0.92663607790064,0.92663607790064,0.07336392209936005
62606,limpieza acero inoxidable,0.8643145546088339,0.67175898907361,0.9363792118010483,0.9363792118010483,-0.07206465719221444
62704,linterna angulo recto,1.0,1.0,1.0,1.0,0.0
62802,liquen artificial,1.0,1.0,0.7534494445524139,1.0,0.0
62850,liquido la pasteleria,0.9550236580992476,0.75369761125927,0.9550236580992476,0.9550236580992476,0.0
62873,listerine pocket oacks,0.92663607790064,1.0,1.0,1.0,-0.07336392209936005
63061,liverpool,1.0,1.0,1.0,1.0,0.0
63102,livorno,0.9148568823583791,1.0,1.0,1.0,-0.08514311764162086
63105,livros em português,0.857980942822373,1.0,1.0,1.0,-0.14201905717762697
63126,llamta 26,0.9337457765456111,0.9337457765456111,0.9216017310213247,0.9337457765456111,0.0
63127,llave acodada 24,1.0,1.0,1.0,1.0,0.0
63133,llave dinamometrica 1/4,0.8512360941594275,0.7967610662472993,0.8415908474314977,0.8415908474314977,0.009645246727929768
63139,llavero audi q3,0.8854598815714874,0.5256940434743352,0.431733884398313,0.5256940434743352,0.3597658380971521
63147,llavero emoji,1.0,0.9337457765456111,1.0,1.0,0.0
63174,lo que el viento se llevo,1.0,1.0,1.0,1.0,0.0
63181,lobo de mar jack london,0.8454256604216018,0.6652907408280684,0.7034066032439749,0.7034066032439749,0.14201905717762697
63356,lol grande,0.6870165078530993,0.6429235234036081,0.7759944384848245,0.7759944384848245,-0.08897793063172521
63367,lol suprise,1.0,1.0,1.0,1.0,0.0
63401,lona cumpleaños,0.16958010263680806,0.8687949224876582,0.43889712265598707,0.8687949224876582,-0.6992148198508501
63696,loreal corrector ojeras,1.0,0.0,0.4085359184257956,0.4085359184257956,0.5914640815742044
63705,loreal labial mate,1.0,0.9216017310213247,0.88995411685096,0.9216017310213247,0.0783982689786753
63715,loreto sesma,0.3157774392560288,0.393611844750705,0.6920788373899057,0.6920788373899057,-0.3763013981338769
63735,los grandes misterios de la historia,0.7129980666289261,0.7932119127470837,0.352839803998538,0.7932119127470837,-0.08021384611815763
63766,lote de pintalabios,1.0,1.0,1.0,1.0,0.0
63797,louis tomlinson walls,0.9305687780632229,0.77990823370192,0.9148568823583791,0.9148568823583791,0.01571189570484377
63879,love simon,0.9292442392789195,0.9216514835285049,1.0,1.0,-0.07075576072108047
63909,lovibond alcalinidad,0.8572048559638626,0.857980942822373,0.92663607790064,0.92663607790064,-0.06943122193677731
64034,lte laptop,0.3391602052736161,0.1208113026994942,0.45221360703148816,0.45221360703148816,-0.11305340175787204
64070,luces de led garage,1.0,0.88995411685096,0.9337457765456111,0.9337457765456111,0.06625422345438892
64076,luces infantiles sensoriales,0.752998787180638,0.6860491790714993,0.6217937096682962,0.6860491790714993,0.06694960810913864
64079,luces led para arbol de navidad,0.9363792118010483,0.9216017310213247,0.9363792118010483,0.9363792118010483,0.0
64081,luces led sin enchufe con pilas,0.7162874455029682,0.46035860613699897,0.4760705018418427,0.4760705018418427,0.2402169436611255
64086,luces para habitacion,1.0,1.0,1.0,1.0,0.0
64088,luces ruedas patines,0.2874203074791966,0.8191079142140382,0.6168713425521352,0.8191079142140382,-0.5316876067348415
64197,lulzbot mini 2,1.0,1.0,1.0,1.0,0.0
64232,luna 3,1.0,0.6309297535714575,1.0,1.0,0.0
64235,luna copa menstrual,1.0,0.8701249883466594,0.9363792118010483,0.9363792118010483,0.06362078819895167
64285,lunel activador de rizos,0.8201749498438573,0.4935232796777482,0.8094674305636808,0.8094674305636808,0.010707519280176547
64335,luxvista,1.0,1.0,1.0,1.0,0.0
64338,luz bicicleta potente delantera,1.0,1.0,1.0,1.0,0.0
64342,luz de anillo pra fotos,1.0,1.0,1.0,1.0,0.0
64344,luz detras tv,1.0,1.0,1.0,1.0,0.0
64348,luz help flash,1.0,1.0,1.0,1.0,0.0
64352,luz led enchufe mechero,0.951231200062686,0.6843515475204855,0.678140434533727,0.6843515475204855,0.2668796525422005
64357,luz movil selfie,0.718362797268624,0.77990823370192,0.9052116356304495,0.9052116356304495,-0.18684883836182553
64360,luz para mesa de escritorio,1.0,1.0,0.9363792118010483,1.0,0.0
64364,luz solar interior,0.7104770117651427,0.9148568823583791,0.823699893396571,0.9148568823583791,-0.20437987059323648
64412,lámina a4 decorativa,0.8611375561264456,0.77990823370192,0.9148568823583791,0.9148568823583791,-0.05371932623193354
64420,lámparas de mesita de noche a bateria,1.0,0.7564477297898766,0.8482378089219648,0.8482378089219648,0.15176219107803524
64467,m1 apple,0.7015099647232446,0.8603818544462509,0.8415908474314977,0.8603818544462509,-0.15887188972300637
64554,maca sin gluten,1.0,1.0,1.0,1.0,0.0
64604,macbook pro 13,1.0,0.5098501619682683,0.838847952689218,0.838847952689218,0.16115204731078203
64642,maceta bonsai sin esmaltar,0.510383374527714,0.4088805820474889,0.1879516032875281,0.4088805820474889,0.10150279248022509
64648,macetero cerámica grande,0.7059054020403313,0.599976751690748,0.7381919257729246,0.7381919257729246,-0.03228652373259333
64650,machacador de ajos,0.8630152897016883,0.9337457765456111,0.8454256604216018,0.9337457765456111,-0.0707304868439228
64651,machado,0.5874682201074466,0.882892613843742,0.8120483967124719,0.882892613843742,-0.29542439373629537
64670,maclaren,0.9453078548481746,0.4842680210393205,0.9683310355387569,0.9683310355387569,-0.02302318069058229
64681,macro 105 nikon,0.7967610662472993,0.6274092458891773,0.7655934900767002,0.7655934900767002,0.031167576170599065
64750,madpax mochila,1.0,1.0,0.9134015924715543,1.0,0.0
64752,maeloc sin alcohol,0.5857421563596759,0.3557092775816186,0.5857421563596759,0.5857421563596759,0.0
65208,maksutov-cassegrain,1.0,0.9363792118010483,0.88995411685096,0.9363792118010483,0.06362078819895167
65257,maleta 40x20x25 cm ryanair,0.8021574504628256,0.6608850241063915,0.8192424985064938,0.8192424985064938,-0.017085048043668172
65258,maleta 55x40x20,0.8088412634217226,0.5845904686910708,0.6321443398878814,0.6321443398878814,0.17669692353384114
65260,maleta estudiante,1.0,1.0,1.0,1.0,0.0
65262,maleta hombre viaje,0.92663607790064,0.7183424120903082,0.9337457765456111,0.9337457765456111,-0.00710969864497113
65271,maleta ruedas,0.15642624200758548,0.1480409554829326,0.1480409554829326,0.1480409554829326,0.008385286524652869
65278,maletas gabol,0.3562071871080222,0.3562071871080222,1.0,1.0,-0.6437928128919779
65285,maletín máquina tatuar,0.45699707501773656,0.7264127302306637,0.6363762929310756,0.7264127302306637,-0.2694156552129271
65286,malezas,0.429595510713961,0.3245839744442362,0.5166851630541055,0.5166851630541055,-0.08708965234014449
65300,mallas de invierno mujer,0.741670249010153,0.793584067764911,0.7151857987862358,0.793584067764911,-0.05191381875475798
65303,mallas kalenji mujer,0.5159624448948676,0.2807081466403135,0.17833927279888337,0.2807081466403135,0.23525429825455413
65304,mallas largas compresion running,0.9363792118010483,0.9363792118010483,0.9363792118010483,0.9363792118010483,0.0
65306,mallas mujer sexy,0.7145882195859141,0.7442689468507669,0.6563441316651529,0.7442689468507669,-0.029680727264852824
65313,malta whisky,0.8521705090845474,0.9337457765456111,1.0,1.0,-0.1478294909154526
65345,mammut zapatillas trekking mujer,0.9138523351597089,0.512405453249751,0.7653481560174081,0.7653481560174081,0.14850417914230074
65349,mampara metacrilato mostrador sin ventana,0.8572048559638626,0.6371523797895857,0.857980942822373,0.857980942822373,-0.0007760868585103831
65381,manbo cecotec,0.9493885684853097,0.7701035286296695,1.0,1.0,-0.050611431514690275
65389,mandalas para la pared,0.88995411685096,0.618519700841442,0.7353797772725618,0.7353797772725618,0.15457433957839828
65404,mando all in one,0.812653045383133,0.8854598815714874,0.7039180890341347,0.8854598815714874,-0.07280683618835437
65410,mando hidraulico,0.7859363362324141,0.3818137049388446,0.45928466606630497,0.45928466606630497,0.32665167016610913
65414,mando para tv samsung,1.0,1.0,1.0,1.0,0.0
65419,mando ps4 sony,0.9305687780632229,0.6214011939609387,0.7909506325094736,0.7909506325094736,0.1396181455537493
65423,mando sony rm-ed013,0.7151857987862358,0.5107164012496702,0.6015720654566381,0.6015720654566381,0.11361373332959768
65426,mando usb inalambrico,0.9305687780632229,0.9148568823583791,0.9305687780632229,0.9305687780632229,0.0
65427,mando westwood,1.0,1.0,1.0,1.0,0.0
65429,mandolina de cocina,1.0,1.0,1.0,1.0,0.0
65430,mandolina inoxidable,1.0,1.0,1.0,1.0,0.0
65438,mandos puertas automaticas,1.0,1.0,0.92663607790064,1.0,0.0
65446,manecillas puertas interior,1.0,1.0,1.0,1.0,0.0
65499,maniqui peluqueria,0.8847838959703267,0.4966595839083822,0.8816172070446371,0.8816172070446371,0.003166688925689609
65514,manolo escobar,1.0,1.0,1.0,1.0,0.0
65516,manos a la obra serie completa,1.0,1.0,1.0,1.0,0.0
65534,manta electrica,1.0,1.0,1.0,1.0,0.0
65536,manta electrica cama,1.0,1.0,1.0,1.0,0.0
65539,manta gris cama 90,0.9216017310213247,0.9337457765456111,0.7885497208855957,0.9337457765456111,-0.012144045524286384
65543,manta sofa,1.0,1.0,1.0,1.0,0.0
65546,mantas electricas reptiles,1.0,1.0,1.0,1.0,0.0
65547,mantas electricas sofa,1.0,0.88995411685096,0.9363792118010483,0.9363792118010483,0.06362078819895167
65553,mantel lol,1.0,0.8318724637288826,1.0,1.0,0.0
65565,manual avanzado de manifestacion,1.0,1.0,1.0,1.0,0.0
65632,maquina almendras,1.0,1.0,1.0,1.0,0.0
65635,maquina con sierra para cortar carne,0.4088509304831694,0.3026024134988135,0.3026024134988135,0.3026024134988135,0.10624851698435589
65638,maquina cortar piedra,0.9337457765456111,0.8415908474314977,0.7885497208855957,0.8415908474314977,0.09215492911411338
65641,maquina de coser bernina precios,1.0,0.0,1.0,1.0,0.0
65642,maquina de coser singer electronica,0.8435385085913265,0.9083745556952363,0.9731203984025376,0.9731203984025376,-0.1295818898112111
65650,maquina deporte multifuncion,1.0,0.7721596254947204,1.0,1.0,0.0
65651,maquina doble arrastre,0.39780880120575696,0.20438239758848611,0.18457569677956817,0.20438239758848611,0.19342640361727084
65655,maquina laser de grabar metales,1.0,0.9363792118010483,0.9363792118010483,0.9363792118010483,0.06362078819895167
65664,maquina soldar hilo sin gas,0.9337457765456111,0.9363792118010483,0.9148568823583791,0.9363792118010483,-0.002633435255437244
65665,maquina soldar por puntos,0.9918291064614978,0.47401203179625306,0.8201741356762529,0.8201741356762529,0.17165497078524494
65668,maquina wahl profesional sin cable,0.653362686448447,0.5579957246028069,0.7713707099946514,0.7713707099946514,-0.11800802354620443
65670,maquinas de soldar de hilo sin gas,0.9337457765456111,0.8482378089219648,0.92663607790064,0.92663607790064,0.00710969864497113
65675,mar sin limites,0.6131471927654584,0.38685280723454163,0.6131471927654584,0.6131471927654584,0.0
65732,marco caja,1.0,1.0,1.0,1.0,0.0
65734,marco de madera personalizable,0.8277720769620966,0.5320731575613595,0.7485127361320908,0.7485127361320908,0.07925934083000585
65736,marco digital ips,1.0,1.0,1.0,1.0,0.0
65737,marco nilox,1.0,1.0,1.0,1.0,0.0
65744,marcos de fotos multiples,0.7606395682357036,0.44149241373678083,0.9493885684853097,0.9493885684853097,-0.18874900024960617
65745,marcos de fotos nácar blanco,0.9363792118010483,0.5462574254588146,0.8643145546088339,0.8643145546088339,0.07206465719221444
65761,marea cd el azoge,1.0,1.0,1.0,1.0,0.0
65762,mares del sur,0.7377693065954244,0.7015330073607993,0.7237478018511488,0.7237478018511488,0.014021504744275548
65775,marian izaguirre,0.5430029249822635,0.4629920413924364,0.7670273914429266,0.7670273914429266,-0.2240244664606631
65781,marido y mujer wilkie collins,1.0,1.0,0.4457341703503471,1.0,0.0
65833,mario bros pijama,0.8939775118263373,0.7892144143602857,0.7380396325465057,0.7892144143602857,0.10476309746605161
65864,marionetas dedis,1.0,1.0,1.0,1.0,0.0
65865,mariposas de aceite,0.9674679834891693,0.7039180890341347,0.9325210919548239,0.9325210919548239,0.03494689153434538
65867,marisol vol 2,0.6309297535714575,0.6309297535714575,0.43067655807339306,0.6309297535714575,0.0
65885,markers tombow,0.9216017310213247,1.0,0.841492960259019,1.0,-0.0783982689786753
65917,marrakech accessoires,1.0,1.0,1.0,1.0,0.0
65929,mars poster,0.9363792118010483,0.8389574121760603,0.8200685179888284,0.8389574121760603,0.09742179962498798
66073,masajeador cabeza,0.92663607790064,0.9337457765456111,0.9337457765456111,0.9337457765456111,-0.00710969864497113
66078,masajes spa,0.3235866969737877,0.8179809735263114,0.46927872602275644,0.8179809735263114,-0.49439427655252366
66084,mascara culo,0.9337457765456111,0.8603818544462509,0.88995411685096,0.88995411685096,0.04379165969465104
66091,mascara la purga roja,0.9305687780632229,0.857980942822373,0.8643145546088339,0.8643145546088339,0.06625422345438903
66093,mascara luz neutrogena,0.561240270496232,0.07311683844390995,0.3519478782764817,0.3519478782764817,0.20929239221975032
66094,mascara militar tactico,1.0,0.8603818544462509,1.0,1.0,0.0
66096,mascara purga roja,0.9896062251871525,0.252016380211836,0.713772726109045,0.713772726109045,0.2758334990781075
66101,mascarilla de pelo sin aclarar,0.8669479898642711,0.8048109992093391,0.7849818707050383,0.8048109992093391,0.062136990654932056
66111,mascarillas ffp2 3m sin valvula,0.5965173333990071,0.7759944384848245,0.7191184989488185,0.7759944384848245,-0.17947710508581738
66123,masglo,1.0,1.0,1.0,1.0,0.0
66124,masglo blanco tiza,1.0,0.9134015924715543,0.6447841584694202,0.9134015924715543,0.08659840752844572
66240,massana pijama mujer,1.0,1.0,1.0,1.0,0.0
66271,masturbádor hombre lata,0.6112833214150002,0.8179809735263114,0.6182885020492784,0.8179809735263114,-0.2066976521113112
66322,mate 20,0.889918709778036,0.4172025044756148,0.9950883841893561,0.9950883841893561,-0.10516967441132008
66329,material biologico acuario,1.0,1.0,1.0,1.0,0.0
66332,material mesa de luz montessori,0.4123144993714363,0.3265208687926954,0.38121301394452073,0.38121301394452073,0.031101485426915598
66385,matizador sin sulfatos,0.8318477135310892,0.9337457765456111,0.8521705090845474,0.9337457765456111,-0.10189806301452187
66402,matrix triologia,0.8318724637288826,0.5389215187286102,1.0,1.0,-0.16812753627111743
66485,maureen o'hara,1.0,1.0,1.0,1.0,0.0
66486,maurice lacroix aikon,1.0,0.88995411685096,0.8165901947515999,0.88995411685096,0.11004588314903996
66505,mavic pro,1.0,0.10699313236726378,0.4190186829331484,0.4190186829331484,0.5809813170668516
66567,maya hombre running,0.8364586133797037,0.7065443116025598,0.8389574121760603,0.8389574121760603,-0.002498798796356616
66570,mayas estampadas mujer,0.77990823370192,0.9148568823583791,0.9363792118010483,0.9363792118010483,-0.15647097809912835
66571,mayas niña 4 años,0.8263333286520084,0.3944952343807792,0.617585285916322,0.617585285916322,0.20874804273568637
66589,maybelline superstay 24h,1.0,1.0,1.0,1.0,0.0
66622,mañana lo dejo pedro garcia aguado,0.6240505200038379,0.38685280723454163,0.38685280723454163,0.38685280723454163,0.23719771276929624
66638,mcbook apple pro,1.0,1.0,1.0,1.0,0.0
66665,mcp47,1.0,1.0,1.0,1.0,0.0
66691,me encanta mi papa,0.8772153153380493,0.6052602440527057,0.9197207891481876,0.9197207891481876,-0.04250547381013825
66751,mecanismo cisterna universal,0.7778721720600673,1.0,1.0,1.0,-0.2221278279399327
66795,medias blancas,1.0,1.0,1.0,1.0,0.0
66796,medias de compresion mujer sin puntera,0.9363792118010483,0.8115558478722846,0.9216017310213247,0.9216017310213247,0.014777480779723629
66803,medias sexys para liguero,0.9305687780632229,0.4892835987503299,0.9337457765456111,0.9337457765456111,-0.0031769984823881714
66843,medicina juguete,1.0,1.0,1.0,1.0,0.0
66860,medidor de glucosa en sangre sin pinchazos,0.46662341680017894,0.3187939258847264,0.17366667134799182,0.3187939258847264,0.14782949091545255
66869,medievil,1.0,1.0,1.0,1.0,0.0
66942,mega zero,0.7819835854675756,0.6332971816211658,0.5420423054868792,0.6332971816211658,0.14868640384640985
66945,megadrive mini,1.0,0.812653045383133,0.8854598815714874,0.8854598815714874,0.11454011842851264
66946,megadrive mini japonesa,0.8411523906828934,0.644824486427155,0.7322962005285631,0.7322962005285631,0.10885619015433023
66952,megaohmetro,1.0,0.6936634693435664,1.0,1.0,0.0
66966,meguiars plastic restorer,0.4644147025690223,0.2774192047677609,0.5778858797137414,0.5778858797137414,-0.1134711771447191
66983,mejor quemagrasas,1.0,1.0,1.0,1.0,0.0
66985,mejor tinte sin amoniaco,1.0,1.0,1.0,1.0,0.0
67059,mello music,0.32584372089811503,0.3391602052736161,0.3391602052736161,0.3391602052736161,-0.013316484375501092
67398,menoquinas niña,1.0,1.0,1.0,1.0,0.0
68074,mensajes de tus angeles doreen virtue,0.897617883552293,0.8201749498438573,1.0,1.0,-0.102382116447707
68097,mepiform aposito,1.0,1.0,1.0,1.0,0.0
68126,merida,0.6352557412688554,0.791726719367984,0.7007731679885375,0.791726719367984,-0.15647097809912858
68172,mermelada sin azucar arandanos,0.6203974344166849,0.6300426811446147,0.4530643748551538,0.6300426811446147,-0.009645246727929768
68174,mermelada sin azucar ni edulcorantes,0.9363792118010483,0.6316243658611128,0.8521705090845474,0.8521705090845474,0.08420870271650094
68205,mesa blanca,0.5012658353418871,0.6131471927654584,0.8315546295836225,0.8315546295836225,-0.3302887942417354
68207,mesa centro elevable cristal,0.5724250321999883,0.5646436081071458,0.7668091220635322,0.7668091220635322,-0.19438408986354394
68208,mesa centro madera olmo,0.9305687780632229,0.9363792118010483,0.9305687780632229,0.9363792118010483,-0.005810433737825416
68219,mesa de ping pong plegable,1.0,0.3557772116892466,0.8643145546088339,0.8643145546088339,0.13568544539116612
68224,mesa extensión universal de máquina de coser,1.0,1.0,1.0,1.0,0.0
68225,mesa gaming,0.9305687780632229,0.77990823370192,1.0,1.0,-0.06943122193677709
68226,mesa jardin ceramica rectangular,0.8696762340896294,0.29612833979219033,0.42104506762575716,0.42104506762575716,0.4486311664638722
68230,mesa nido marmol dorada,0.8630152897016883,0.6618313225363276,0.6505132600483448,0.6618313225363276,0.2011839671653607
68233,mesa para ordenador y altavoces,0.7827141072039429,0.6436579276931672,0.876848805629635,0.876848805629635,-0.09413469842569211
68235,mesa plancha,1.0,1.0,0.9363792118010483,1.0,0.0
68237,mesa plegable de comedor grande,1.0,0.7600791051976192,0.8553475075669357,0.8553475075669357,0.14465249243306433
68241,mesas altas,0.6736002216239915,0.8112689688197959,0.6084687718752274,0.8112689688197959,-0.13766874719580446
68242,mesas brasero,0.4340013854116349,0.0,0.3590095125790997,0.3590095125790997,0.07499187283253522
68247,mesas de oficina barcelona,0.9197207891481876,0.3065735963827292,0.8315546295836225,0.8315546295836225,0.08816615956456508
68249,mesas extensibles cocina,0.9363792118010483,0.7951657524814092,1.0,1.0,-0.06362078819895167
68250,mesas extensibles comedor,0.7312625444731049,0.5867945846769146,0.7264127302306637,0.7264127302306637,0.004849814242441242
68252,mesas jardin piedra,0.4103737754674528,0.45230377787847614,0.7211689601674283,0.7211689601674283,-0.31079518469997547
68253,mesas rusticas comedor,0.8767055912339932,0.8020378746650066,0.3975796519395046,0.8020378746650066,0.07466771656898652
68255,mesas y sillas terraza,0.8415908474314977,1.0,1.0,1.0,-0.1584091525685023
68289,mesilla de 3 cajones,1.0,1.0,1.0,1.0,0.0
68293,mesita g,0.9818483242455303,0.7144729184600214,0.73164900573283,0.73164900573283,0.2501993185127003
68294,mesita noche blanc,1.0,1.0,1.0,1.0,0.0
68295,mesita noche brillo en negro,0.7909355713617177,0.8220134460821679,0.9579534943578899,0.9579534943578899,-0.16701792299617224
68520,metro xbox one,1.0,1.0,1.0,1.0,0.0
68563,mezclador batidos proteinas,1.0,1.0,1.0,1.0,0.0
68588,mi band 4 pulsera,1.0,0.4362115423097745,0.5925846332364245,0.5925846332364245,0.4074153667635755
68589,mi box,1.0,1.0,0.9878316351280036,1.0,0.0
68749,mico onco,0.9305687780632229,1.0,1.0,1.0,-0.06943122193677709
68794,micro-sd 64 gb,1.0,0.6371130896657825,0.56264752084969,0.6371130896657825,0.3628869103342175
68803,microcemento monto,0.3576223542196109,0.39852346056134885,0.5876855006285636,0.5876855006285636,-0.2300631464089527
68827,microfonos solapa inalambrico,0.9202054614375518,0.5501553725136366,0.6600628612447169,0.6600628612447169,0.26014260019283486
68845,microondas con grill 25l,0.9963488021549354,0.8698774507711068,0.9202054614375518,0.9202054614375518,0.0761433407173836
68967,midea aire acondicionado,0.4703652827859579,0.6661998717660157,0.5087403079104241,0.6661998717660157,-0.1958345889800578
68981,midi keyboard 25,1.0,1.0,1.0,1.0,0.0
69035,mijia m365 accesorios,1.0,1.0,1.0,1.0,0.0
69170,milwaukee atornillador,1.0,1.0,1.0,1.0,0.0
69234,mindstorm ev3,0.9709286432396583,0.25657228426720274,0.6165954389682339,0.6165954389682339,0.35433320427142445
69239,mine,0.625524935148309,0.7606395682357036,1.0,1.0,-0.374475064851691
69262,minecraft ps4 juego,1.0,0.7925092120340054,0.8954442351097145,0.8954442351097145,0.10455576489028551
69288,mini almazara de aceite de oliva,0.6399441431116328,0.77990823370192,0.6281460426238845,0.77990823370192,-0.13996409059028714
69301,mini bands fitness,0.8553475075669357,0.9216017310213247,0.7759944384848245,0.9216017310213247,-0.06625422345438903
69368,mini cuna para bebe baratas,1.0,0.769526190239283,0.9216017310213247,0.9216017310213247,0.0783982689786753
69433,mini itx placa base,1.0,0.5958595188912911,1.0,1.0,0.0
69457,mini mesa de corte,1.0,1.0,1.0,1.0,0.0
69467,mini nevera con congelador,0.9216017310213247,0.9052116356304495,0.9337457765456111,0.9337457765456111,-0.012144045524286384
69476,mini pc sin sistema operativo,0.6772733739526912,0.7778721720600673,0.8603818544462509,0.8603818544462509,-0.18310848049355977
69478,"mini pen drive pequeño para coche, memoria usb 32gb",1.0,0.7162874455029682,1.0,1.0,0.0
69535,mini stepper barato,1.0,1.0,1.0,1.0,0.0
69553,mini turmix batidora de mano,0.544221363816962,0.6086182388744241,0.4977962688668736,0.6086182388744241,-0.06439687505746217
69690,mira nerf,0.490168314029901,0.6518919677062146,0.6585696678247529,0.6585696678247529,-0.16840135379485188
69756,mis calcetines,0.9052116356304495,0.7975167679274939,0.8611375561264456,0.8611375561264456,0.04407407950400388
69757,mis pequeños heroes libros,0.7218018303820491,0.6698623505528799,0.37830330067616974,0.6698623505528799,0.051939479829169244
69778,miss selfridge,0.8553475075669357,0.7538142945344394,0.6067216003536937,0.7538142945344394,0.1015332130324963
69801,mister potato,0.5113553108118987,0.8006937664098821,0.5801476231864474,0.8006937664098821,-0.28933845559798343
69878,mizuno futbol sala,0.8364586133797037,0.8669479898642711,1.0,1.0,-0.16354138662029627
69969,mocasin mujer 35,0.8603818544462509,0.8643145546088339,0.713654010247531,0.8643145546088339,-0.003932700162582958
69976,mochila 50 litros,0.9363792118010483,0.7818048722226502,1.0,1.0,-0.06362078819895167
69982,mochila blindada portatil,0.6291031399287499,0.9424720919083772,0.8237523265073413,0.9424720919083772,-0.31336895197962733
69985,mochila colegio niña,0.5774250016294137,0.6214011939609387,0.6520881886359192,0.6520881886359192,-0.07466318700650554
69988,mochila crossfit hombre,0.8065735963827293,0.5,0.0,0.5,0.3065735963827293
69989,mochila cuero porta documentos,0.5331149116882513,0.5813740015740176,0.5166400850076803,0.5813740015740176,-0.048259089885766326
69991,mochila detector garrett,0.7486361493410435,0.8738100898801322,0.7525434150364478,0.8738100898801322,-0.1251739405390887
69993,mochila eastpak,1.0,1.0,1.0,1.0,0.0
69997,mochila fjallraven,0.9337457765456111,0.5684579545875156,0.8611375561264456,0.8611375561264456,0.07260822041916548
70001,mochila karate,0.9148568823583791,0.9305687780632229,0.9305687780632229,0.9305687780632229,-0.01571189570484377
70002,mochila marron de mujer joseko,0.7982650576674577,0.9796825595768973,0.9495662644168644,0.9796825595768973,-0.18141750190943962
70009,mochila negra hombre,1.0,1.0,1.0,1.0,0.0
70011,mochila niño 8 años primaria,1.0,1.0,1.0,1.0,0.0
70015,mochila portatil 17,1.0,1.0,1.0,1.0,0.0
70017,mochila saco,1.0,1.0,1.0,1.0,0.0
70018,mochila stanley,0.6295304155921457,0.9799214801447084,0.9911205770005563,0.9911205770005563,-0.3615901614084106
70021,mochila transporte gato,1.0,1.0,1.0,1.0,0.0
70022,mochila vans negra,0.8603818544462509,0.61886564587798,0.6402900881481708,0.6402900881481708,0.22009176629808014
70026,mochilas baratas mujer,1.0,1.0,1.0,1.0,0.0
70029,mochilas cuatro ruedas,1.0,1.0,1.0,1.0,0.0
70030,mochilas dakine 25 litros,1.0,0.88995411685096,0.9363792118010483,0.9363792118010483,0.06362078819895167
70031,mochilas de montaña,1.0,1.0,1.0,1.0,0.0
70032,mochilas deporte,0.7753366239771086,0.8364586133797037,0.7877736340270853,0.8364586133797037,-0.06112198940259517
70034,mochilas escolares grandes con ruedas,1.0,1.0,1.0,1.0,0.0
70044,mochilas mujer,1.0,1.0,1.0,1.0,0.0
70045,mochilas mujer casual,1.0,1.0,1.0,1.0,0.0
70050,mochilas totto sin ruedas niña,1.0,0.5559026721867444,0.5077181160122075,0.5559026721867444,0.4440973278132556
70071,modauto,1.0,1.0,1.0,1.0,0.0
70090,modelo sistema solar,1.0,1.0,1.0,1.0,0.0
70160,modulador de voz,1.0,0.9052116356304495,1.0,1.0,0.0
70164,modulo bajo cocina 90,0.8270433092474515,0.44149241373678083,0.6366824387328317,0.6366824387328317,0.1903608705146198
70165,modulo fuente de alimentacion,0.8200685179888284,0.6028078051365984,0.72891152902702,0.72891152902702,0.09115698896180835
70166,modulo salidas raspberry,0.5788060776291201,0.5554622266077412,0.8032048812839162,0.8032048812839162,-0.22439880365479614
70222,molde flan,0.9363792118010483,0.8364586133797037,0.8572048559638626,0.8572048559638626,0.07917435583718568
70225,molde silicona lagrima,0.8318724637288826,0.39233405721184117,0.8318724637288826,0.8318724637288826,0.0
70229,moldes para huevos fritos freiforas sin aceite,0.727329844310522,0.8630152897016883,0.7682269253321375,0.8630152897016883,-0.13568544539116634
70259,molle,0.8191079142140382,0.5348066665275308,0.8626199664389337,0.8626199664389337,-0.043512052224895514
70296,moma 26 pulgadas,0.8104616303452686,0.5355852974309777,0.7640814291585591,0.7640814291585591,0.04638020118670949
70297,moma bikes electrica e-mtb 29,0.7653606369886217,0.7653606369886217,0.7653606369886217,0.7653606369886217,0.0
70370,monitor 75 hz,0.9337457765456111,0.715550648768261,0.6936634693435664,0.715550648768261,0.21819512777735006
70379,monitor curvo 27 pulgadas,1.0,0.8572048559638626,1.0,1.0,0.0
70429,mono de moto talla 58,0.8006937664098821,0.9363792118010483,1.0,1.0,-0.1993062335901179
70464,monopoly assassins creed español,0.6182885020492784,0.8529278650606567,1.0,1.0,-0.38171149795072157
70469,monopoly junior,1.0,1.0,1.0,1.0,0.0
70479,monos+ajustados manga mujer,1.0,1.0,0.8611375561264456,1.0,0.0
70481,monseur cuisine connet de lidl,1.0,0.3562071871080222,1.0,1.0,0.0
70491,monster high,1.0,1.0,1.0,1.0,0.0
70504,monster sin azucar pack,0.9337457765456111,0.7411902110103873,0.8482378089219648,0.8482378089219648,0.08550796762364632
70536,montessori,1.0,1.0,1.0,1.0,0.0
70554,monturas gafas mujer,1.0,1.0,1.0,1.0,0.0
70632,mophie iphone 7,0.9580803995284011,0.72944281594399,0.5214109094626678,0.72944281594399,0.2286375835844111
70638,moquetas para suelos,0.8829374068620366,0.6248860537989134,0.7021799053685304,0.7021799053685304,0.18075750149350622
70647,morcon iberico de bellota,0.6691255538181727,0.513528549750033,0.7631925784528223,0.7631925784528223,-0.09406702463464955
70650,morec tipo 2,0.9363792118010483,0.7280855459907166,0.8048109992093391,0.8048109992093391,0.13156821259170925
70655,moreno sin sol,0.8669479898642711,0.7630946912803437,0.6547216238913565,0.7630946912803437,0.10385329858392744
70685,moroccanoil champu sin sulfatos,0.9782917460822231,0.14926017916129347,0.6627647896774951,0.6627647896774951,0.31552695640472805
70713,mortal kombat xl ps4,1.0,0.6608397947263839,0.9072602453428913,0.9072602453428913,0.09273975465710871
70727,mosaicos manualidades,0.7877736340270853,0.8048109992093391,0.8611375561264456,0.8611375561264456,-0.07336392209936027
70730,moscow ncm,0.6131471927654584,0.8772153153380493,0.7903864795495061,0.8772153153380493,-0.26406812257259094
70734,mosfet irf520,1.0,1.0,1.0,1.0,0.0
70854,moto e6,1.0,0.36048792943606295,0.8207149601443599,0.8207149601443599,0.17928503985564015
70879,moto guantes verano xxl,1.0,1.0,1.0,1.0,0.0
70909,motor winder mabuchi,0.7315449642824575,0.7084409501232901,0.9148568823583791,0.9148568823583791,-0.18331191807592162
70984,motorola one action,1.0,0.0,1.0,1.0,0.0
71133,movil infantil 8 años,0.4560429847391163,0.15130120674940675,0.419665006636777,0.419665006636777,0.03637797810233928
71134,movil mas barato del mundo,0.8115558478722846,1.0,0.8200685179888284,1.0,-0.18844415212771537
71138,movil sin camara delantera,0.3903800499921017,0.0,0.0,0.0,0.3903800499921017
71146,moviles libres baratos 4g,0.8486026589039901,0.7104770117651427,0.7542686714597937,0.7542686714597937,0.09433398744419641
71161,moxa rolls,1.0,0.92663607790064,1.0,1.0,0.0
71179,mp3 con auriculares inalambricos,0.32703966649239957,0.2188505885308512,0.6739577727076379,0.6739577727076379,-0.34691810621523833
71192,mp4,0.9083745556952363,0.9878316351280036,0.8932076516505887,0.9878316351280036,-0.07945707943276736
71200,mpm freidora sin aceite,0.510927102244958,0.3875426811710551,0.47087795603961946,0.47087795603961946,0.040049146205338504
71214,mr boho frelard,0.715696758318853,0.6760236910196463,0.854105797972385,0.854105797972385,-0.1384090396535319
71295,msi bravo 17,0.0,0.0,0.0,0.0,0.0
71313,msi meg z390 godlike,0.6309297535714575,0.6309297535714575,0.38685280723454163,0.6309297535714575,0.0
71338,msr7b,1.0,1.0,0.5706417189553201,1.0,0.0
71343,mt matrix,1.0,1.0,1.0,1.0,0.0
71409,mueble auxiliar baño,1.0,1.0,1.0,1.0,0.0
71410,mueble auxiliar mini cadena,0.19587129117873783,0.48457138819693474,0.521844871212202,0.521844871212202,-0.3259735800334642
71411,mueble basura reciclaje,1.0,0.8611375561264456,0.9148568823583791,0.9148568823583791,0.08514311764162086
71412,mueble baño 80 cm sin lavabo,0.6129699722429848,0.3895262241347595,0.21905299129122976,0.3895262241347595,0.22344374810822526
71415,mueble de salon barato,1.0,1.0,1.0,1.0,0.0
71418,mueble ordenador sobremesa,0.9216017310213247,0.38820476264318793,0.7967610662472993,0.7967610662472993,0.12484066477402544
71419,mueble pecera,1.0,0.9305687780632229,0.9052116356304495,0.9305687780632229,0.06943122193677709
71424,mueble tv industrial,1.0,1.0,1.0,1.0,0.0
71428,muebles cama,1.0,1.0,1.0,1.0,0.0
71432,muebles escoberos exterior,0.9216017310213247,0.8389574121760603,0.8006937664098821,0.8389574121760603,0.08264431884526435
71442,muerte y vida de las grandes ciudades,0.7653606369886217,0.7653606369886217,0.7653606369886217,0.7653606369886217,0.0
71466,mujer coctel,1.0,1.0,1.0,1.0,0.0
71533,multicargador apple,1.0,1.0,1.0,1.0,0.0
71597,munchkin bañera,1.0,0.8772153153380493,0.8772153153380493,0.8772153153380493,0.1227846846619507
71600,munchkin vaso rosa,0.8523720832560094,0.8358912271816661,0.750310914222736,0.8358912271816661,0.016480856074343353
71608,munich sapporo,1.0,1.0,1.0,1.0,0.0
71620,mural mapa mundi pared,0.9337457765456111,1.0,1.0,1.0,-0.06625422345438892
71749,mustela embarazo estrias,0.5857421563596759,0.5857421563596759,0.17108252373753102,0.5857421563596759,0.0
71760,muñeca rosaura,1.0,1.0,1.0,1.0,0.0
71761,muñeca rosaura falca 105,1.0,1.0,1.0,1.0,0.0
71766,muñeco blade,0.3333333333333333,0.0,1.0,1.0,-0.6666666666666667
71768,muñeco de madera wing chun,0.6835381846158709,0.6090726157997784,0.6987957033953602,0.6987957033953602,-0.015257518779489332
71769,muñeco hinchable,0.92663607790064,1.0,0.9337457765456111,1.0,-0.07336392209936005
71781,muñequera padel,0.7917063341896683,0.8553475075669357,0.857980942822373,0.857980942822373,-0.06627460863270473
71782,muñequera tenis verde,0.9337457765456111,1.0,1.0,1.0,-0.06625422345438892
71784,muñequeras futbol sala,0.29096343487431736,0.682230146374314,0.5725185965839159,0.682230146374314,-0.39126671149999664
71785,muñequeras para gym,0.8550956239938449,0.8757867620870119,0.8225346955790378,0.8757867620870119,-0.020691138093167027
71898,myk,1.0,1.0,1.0,1.0,0.0
71901,mylene farmer,1.0,1.0,1.0,1.0,0.0
71938,máquina laser madera,1.0,1.0,1.0,1.0,0.0
71942,máquinas de coser,1.0,1.0,1.0,1.0,0.0
71946,máscara la purga,1.0,1.0,1.0,1.0,0.0
71949,móvil 5g resistente al agua y golpes,0.3967293407545449,0.33996862056246635,0.08372491399919348,0.33996862056246635,0.05676072019207856
71957,móvil xiaomi redmi note 7 negro,0.7827141072039429,0.75369761125927,0.7668091220635322,0.7668091220635322,0.01590498514041061
72006,naf naf abrigo mujer,1.0,1.0,1.0,1.0,0.0
72145,nanas para dormir bebes,0.4323181322709948,0.6136525857537394,0.45699707501773656,0.6136525857537394,-0.18133445348274457
72150,nancy comunion morena,0.46927872602275644,0.23463936301137822,0.46927872602275644,0.46927872602275644,0.0
72191,napapijri mujer,1.0,1.0,1.0,1.0,0.0
72253,nas netgear,1.0,1.0,0.9558295932317544,1.0,0.0
72258,nasa,1.0,1.0,1.0,1.0,0.0
72278,natación mochila competición,0.9337457765456111,0.8643145546088339,0.7948833326720566,0.8643145546088339,0.0694312219367772
72433,natysal serum,0.9709286432396583,0.9828920819566879,0.9619991470595832,0.9828920819566879,-0.01196343871702954
72567,nba 2k xbox one,0.8458581824477313,0.6704315219338838,0.8867592887894689,0.8867592887894689,-0.0409011063417376
72570,nba 2k20,0.8932076516505887,0.9878316351280036,0.5355852974309777,0.9878316351280036,-0.09462398347741496
72576,nba niños equipacion,0.22400556151517556,0.17366667134799182,0.4977962688668736,0.4977962688668736,-0.2737907073516981
72599,nch software,0.640591412903011,0.3785009188665827,0.5621931439243355,0.5621931439243355,0.07839826897867552
72640,neceser pequeño,1.0,1.0,1.0,1.0,0.0
72641,necesito verte,1.0,1.0,1.0,1.0,0.0
72723,neem face wash,0.7222954974312067,0.7728378251807521,0.668306326910793,0.7728378251807521,-0.05054232774954537
72768,nenuco dolor de garganta,0.6131471927654584,0.8503449055347546,0.8175295903539445,0.8503449055347546,-0.23719771276929624
72832,neopreno mujer surf,1.0,0.7778721720600673,1.0,1.0,0.0
72898,nerf x fortnite,0.685119869332369,0.77990823370192,0.9363792118010483,0.9363792118010483,-0.2512593424686793
72958,nestlé cereales sin gluten,0.7967610662472993,0.6555476069276601,0.6594803070902427,0.6594803070902427,0.1372807591570565
72968,netatmo,1.0,1.0,1.0,1.0,0.0
73005,neumáticos ultraligeros mtb 29,1.0,0.9704091209634449,1.0,1.0,0.0
73013,neurotrac,0.6934264036172708,0.8772153153380493,0.8772153153380493,0.8772153153380493,-0.1837889117207785
73169,new skill seiryu,0.8315546295836225,0.38685280723454163,0.8315546295836225,0.8315546295836225,0.0
73270,next to me chicco,0.6701421017823512,0.3229501751883214,0.7434619002283402,0.7434619002283402,-0.07331979844598902
73315,ngs pctransfer soporte cpu con ruedas,0.5014839712467825,0.34222207292834145,0.25909036127391766,0.34222207292834145,0.159261898318441
73375,nieve artificial,1.0,1.0,1.0,1.0,0.0
73419,night vision yukon,1.0,0.7538142945344394,0.8415908474314977,0.8415908474314977,0.1584091525685023
73508,nike bebe sin suela,0.49820370960044086,0.0,0.0,0.0,0.49820370960044086
73533,nike dry fit hombre pantalon corto,0.9052116356304495,0.5430029249822635,0.77990823370192,0.77990823370192,0.1253034019285295
73570,nike hyperwarm,1.0,0.7967610662472993,0.9363792118010483,0.9363792118010483,0.06362078819895167
73579,nike kids girls,1.0,1.0,1.0,1.0,0.0
73590,nike max 270,1.0,1.0,1.0,1.0,0.0
73605,nike negro niño,0.6870165078530993,0.685119869332369,0.6969179698201176,0.6969179698201176,-0.009901461967018244
73638,nike sb check solar,1.0,1.0,1.0,1.0,0.0
73837,nintendo consola,1.0,1.0,0.92663607790064,1.0,0.0
73847,nintendo game boy advance,1.0,0.5307212739772434,0.6447841584694202,0.6447841584694202,0.35521584153057983
73902,nintendo switch lite protector pantalla,0.9933222998814618,0.9017290978091301,0.8668509484976332,0.9017290978091301,0.09159320207233168
73974,nitnedo switch,1.0,0.7028046245779905,0.6425958210520417,0.7028046245779905,0.29719537542200947
73997,nivea manchas,0.8318724637288826,0.5205067333228022,0.8048099750039491,0.8048099750039491,0.027062488724933442
74012,niña mujer otras libro,0.5724626779088695,0.3391602052736161,0.4808659172767282,0.4808659172767282,0.09159676063214128
74067,no hay verano sin ti,0.8318724637288826,0.6366824387328317,0.8318724637288826,0.8318724637288826,0.0
74129,noah evans español,0.4710361549625274,0.1396181455537491,0.23440650992329992,0.23440650992329992,0.23662964503922745
74153,nofx tshirt,1.0,1.0,0.9305687780632229,1.0,0.0
74179,nokia 2.2 funda,0.599976751690748,0.6871952210980249,0.9052116356304495,0.9052116356304495,-0.30523488393970144
74268,noodles sin gluten,0.92663607790064,0.92663607790064,0.8701249883466594,0.92663607790064,0.0
74300,nordico sin funda,1.0,0.741670249010153,0.8512360941594275,0.8512360941594275,0.14876390584057253
74324,norm macdonald,1.0,1.0,1.0,1.0,0.0
74354,north face shirt,1.0,0.6242322474067891,0.857980942822373,0.857980942822373,0.14201905717762697
74394,norway geographical mujer,1.0,1.0,1.0,1.0,0.0
74513,notebook i3 8gb ssd,0.9363792118010483,0.8669479898642711,0.7605591431973849,0.8669479898642711,0.0694312219367772
74566,novia cadaver,0.5912352048230277,0.41183384043543503,0.6509209298071326,0.6509209298071326,-0.05968572498410485
74702,numerados,0.8486026589039901,0.5559026721867444,0.7162874455029682,0.7162874455029682,0.13231521340102192
74809,nutria peluche,1.0,0.5142842514302276,0.9305687780632229,0.9305687780632229,0.06943122193677709
74819,nutrifit,0.5012658353418871,0.3706656904013186,0.3065735963827292,0.3706656904013186,0.13060014494056849
74919,nórdico saco cama 90,1.0,1.0,1.0,1.0,0.0
74920,nórdicos sintéticos 150,0.8701249883466594,0.8701249883466594,0.6352557412688554,0.8701249883466594,0.0
74963,oakley graduadas,0.42520843362602384,0.5224955967919311,0.5580759111248786,0.5580759111248786,-0.1328674774988548
74970,oakley retina burn,0.7720911544214064,0.6112833214150002,0.5374517914100283,0.6112833214150002,0.16080783300640622
75017,objetivos canon serie l,0.92663607790064,0.8263333286520084,0.8486026589039901,0.8486026589039901,0.07803341899664984
75022,obleas de arroz,0.6154062275862391,0.4896484487323553,0.6004311286161026,0.6004311286161026,0.014975098970136491
75039,occitane pack,0.7778721720600673,0.4922818839877926,0.5519699720241615,0.5519699720241615,0.22590220003590578
75112,odyssey g9 4k,0.6713860725233041,0.6049306994552042,0.7928654229965442,0.7928654229965442,-0.1214793504732401
75130,oferta tv 32 pulgadas,1.0,1.0,1.0,1.0,0.0
75132,ofertas flash del dia,1.0,1.0,1.0,1.0,0.0
75156,off white,0.8263333286520084,0.88995411685096,0.8611375561264456,0.88995411685096,-0.06362078819895167
75193,office furniture,1.0,0.9337457765456111,1.0,1.0,0.0
75324,oil thermometer,0.9363792118010483,0.8611375561264456,0.8572048559638626,0.8611375561264456,0.07524165567460273
75362,olaf peluche,1.0,1.0,1.0,1.0,0.0
75408,old skool,0.9165542635924873,0.7964203751627554,1.0,1.0,-0.08344573640751274
75411,old spice captain,1.0,1.0,1.0,1.0,0.0
75471,olla coccion lenta russell hobbs,1.0,1.0,1.0,1.0,0.0
75473,olla modelo g,0.31546487678572877,1.0,0.43067655807339306,1.0,-0.6845351232142712
75475,ollas,1.0,1.0,1.0,1.0,0.0
75478,ollas industriales,0.88995411685096,0.6214011939609387,0.8643145546088339,0.8643145546088339,0.025639562242126157
75479,ollas para cocina,0.7846170207230131,0.694765116060299,0.599976751690748,0.694765116060299,0.08985190466271409
75521,omd em10 mark iii,0.9441592263400607,0.9607686373130875,0.8851120525594057,0.9607686373130875,-0.016609410973026817
75524,omega 3,1.0,0.7951657524814092,1.0,1.0,0.0
75569,omron x7,0.3391602052736161,0.21398626473452756,0.21398626473452756,0.21398626473452756,0.12517394053908856
75578,on screen c1,0.9292442392789195,0.9292442392789195,0.9258513847149256,0.9292442392789195,0.0
75595,ondas sin calor tubo,1.0,0.77990823370192,0.9052116356304495,0.9052116356304495,0.09478836436955052
75698,oneplus 6t,1.0,0.7821154372211577,1.0,1.0,0.0
75843,oppo,1.0,1.0,1.0,1.0,0.0
75986,orbea bicicletas electricas,0.0,0.0,0.0,0.0,0.0
76010,orden nevera,0.7315449642824575,0.7917063341896683,0.7827392871477703,0.7917063341896683,-0.06016136990721077
76014,ordenador asus zenbook 14,1.0,0.45841207143847545,0.9052116356304495,0.9052116356304495,0.09478836436955052
76023,ordenador portátil 11 pulgadas,0.8318724637288826,0.5098501619682683,0.13012668333070054,0.5098501619682683,0.3220223017606143
76028,ordenador sobremesa i5 16gb ram ssd,1.0,0.8603818544462509,0.5278432933752527,0.8603818544462509,0.13961814555374907
76029,ordenador tactil i7,0.6489315753318466,0.5212960629027201,0.5894280199323519,0.5894280199323519,0.0595035553994947
76031,ordenadores msi precios,0.9708923176105698,0.8687949224876582,0.6552438651310554,0.8687949224876582,0.1020973951229116
76178,organizador accesorios afeitado,0.0,0.0,1.0,1.0,-1.0
76179,organizador apilable stanley,0.8539316501572937,0.5147714448836774,0.8687949224876582,0.8687949224876582,-0.014863272330364552
76181,organizador clavos y tornillos,1.0,1.0,1.0,1.0,0.0
76183,organizador colgante,0.0,0.18457569677956817,0.0,0.18457569677956817,-0.18457569677956817
76185,organizador cremalleras,0.4892835987503299,0.39842793454336195,0.5072380780124418,0.5072380780124418,-0.01795447926211191
76193,organizador mp4,0.42495990177520937,0.4401191709229659,0.2920782154400332,0.4401191709229659,-0.015159269147756504
76214,organza blanca por metros,0.6177639991612476,0.3312392961638528,0.552265477387053,0.552265477387053,0.06549852177419457
76269,orinales nińas,0.9363792118010483,0.9148568823583791,1.0,1.0,-0.06362078819895167
76299,ornos electricos de cocina,0.92663607790064,0.7702043899253147,0.826813366651774,0.826813366651774,0.09982271124886599
76300,oro cadena hombre,0.9216017310213247,0.9216017310213247,1.0,1.0,-0.0783982689786753
76335,ortur laser master 2,0.7713707099946514,0.7767471075223498,0.7767471075223498,0.7767471075223498,-0.005376397527698362
76344,os x el capitan,0.38685280723454163,0.38685280723454163,0.6131471927654584,0.6131471927654584,-0.22629438553091674
76348,osann,0.9963488021549354,0.9249372331423046,0.9782917460822231,0.9782917460822231,0.01805705607271224
76363,osito musica bebe,0.7065443116025598,0.8630152897016883,0.8263333286520084,0.8630152897016883,-0.15647097809912847
76919,ovomaltine original,0.6754160255557639,0.4412851793128929,0.6968404678259547,0.6968404678259547,-0.021424442270190802
76961,oxigenador vino,1.0,1.0,1.0,1.0,0.0
77039,p30 pro,1.0,0.5462574254588146,1.0,1.0,0.0
77083,pack cámara vigilancia wifi interior,1.0,0.9337457765456111,0.9305687780632229,0.9337457765456111,0.06625422345438892
77090,pack mustela recien nacido,0.841492960259019,0.38113435412202007,0.6020521034564039,0.6020521034564039,0.23944085680261507
77165,padel hombre zapatillas,0.5727555047321238,0.8643145546088339,0.7788065869851875,0.8643145546088339,-0.2915590498767101
77168,padelfreak,1.0,0.9305687780632229,0.9363792118010483,0.9363792118010483,0.06362078819895167
77306,pajarita azul hombre,0.7909506325094736,0.7100226348397881,0.793584067764911,0.793584067764911,-0.0026334352554373552
77307,pajarita infantil,0.8187245042096152,0.5955163178801942,0.4911720512196216,0.5955163178801942,0.22320818632942097
77322,palas de pádel,1.0,0.9216017310213247,0.9216017310213247,0.9216017310213247,0.0783982689786753
77327,paleo approach,0.8710785440003369,0.6045093387918965,0.7988614740430418,0.7988614740430418,0.07221706995729515
77336,palillos acero coctel,0.3391602052736161,0.4371994911049732,0.13120507751234178,0.4371994911049732,-0.09803928583135707
77337,palitos ambientador,1.0,0.9305687780632229,0.88995411685096,0.9305687780632229,0.06943122193677709
77347,"palmeras, plantas de jardin",0.7885497208855957,0.3052348839397012,0.56264752084969,0.56264752084969,0.22590220003590566
77362,palos de naranjo manicura,1.0,1.0,1.0,1.0,0.0
77368,pamela,0.88995411685096,0.7600791051976192,0.7503359712972109,0.7600791051976192,0.1298750116533408
77403,pan sin gluten,0.9337457765456111,0.713654010247531,0.6281460426238845,0.713654010247531,0.22009176629808014
77406,panales jsponeses,1.0,1.0,1.0,1.0,0.0
77409,panales talla 6+ braguita,0.7227265726449519,0.7227265726449519,0.32214392924804747,0.7227265726449519,0.0
77420,panasonic lumix fz82,1.0,0.18457569677956817,0.9197207891481876,0.9197207891481876,0.08027921085181244
77436,pancarta mickey mouse,0.6429235234036081,0.6316243658611128,0.7467045958894682,0.7467045958894682,-0.1037810724858601
77437,panceta de cerdo,0.8701249883466594,0.8006937664098821,0.9305687780632229,0.9305687780632229,-0.0604437897165635
77507,pantalla 4k 24 pulgadas,1.0,1.0,0.6309297535714575,1.0,0.0
77508,pantalla android seat leon mk3,0.5637884576902257,0.6300426811446147,0.6300426811446147,0.6300426811446147,-0.06625422345438903
77511,pantalla de gas,0.558226059985166,0.46927872602275644,0.23463936301137822,0.46927872602275644,0.0889473339624095
77512,pantalla de proyector 200 pulgadas,0.7375728492866022,0.6930221935231563,0.5321454488055234,0.6930221935231563,0.04455065576344586
77515,pantalla plana ordenador,1.0,0.7257345305446319,0.7818048722226502,0.7818048722226502,0.21819512777734984
77519,pantalla proyector,1.0,1.0,1.0,1.0,0.0
77529,pantalon anticorte motosierra,0.9337457765456111,0.9363792118010483,1.0,1.0,-0.06625422345438892
77533,pantalon dc,1.0,1.0,1.0,1.0,0.0
77537,pantalon hombre chandal,1.0,1.0,1.0,1.0,0.0
77542,pantalon levis,0.77990823370192,0.77990823370192,0.77990823370192,0.77990823370192,0.0
77552,pantalones atlético de madrid,0.793584067764911,0.9148568823583791,0.8701249883466594,0.9148568823583791,-0.12127281459346817
77555,pantalones bombachos mujer,1.0,1.0,1.0,1.0,0.0
77559,pantalones de trabajo hombre,1.0,1.0,1.0,1.0,0.0
77564,pantalones hombre montaña,1.0,1.0,1.0,1.0,0.0
77565,pantalones jogging mujer vestir,0.9148568823583791,0.8486026589039901,0.9148568823583791,0.9148568823583791,0.0
77568,pantalones nike hombres,0.9363792118010483,0.8512360941594275,0.9305687780632229,0.9305687780632229,0.005810433737825416
77569,pantalones palazzo,1.0,1.0,1.0,1.0,0.0
77571,pantalones senderismo hombre,1.0,1.0,1.0,1.0,0.0
77572,pantalons ski mujer xll,0.8701249883466594,0.7720617383222419,0.8603818544462509,0.8603818544462509,0.009743133900408485
77573,pantalón chandal niño,1.0,1.0,1.0,1.0,0.0
77577,pantalón trabajo lluvia,0.6509209298071326,0.39780880120575696,0.5640920940185894,0.5640920940185894,0.08682883578854317
77593,pantone carta de color,0.841492960259019,0.7849818707050383,0.8454256604216018,0.8454256604216018,-0.003932700162582847
77615,pantuflas casa mujer verano,0.5933607200949347,0.7827392871477703,0.5774250016294137,0.7827392871477703,-0.18937856705283562
77640,papel adhesivo rombos,0.9828920819566879,0.8932547230000344,0.9349366583346498,0.9349366583346498,0.047955423622038085
77649,papel fotografico polaroid 600,0.7975167679274939,0.35106842466815347,0.4864714502499671,0.4864714502499671,0.31104531767752686
77651,papel higienico biodegradable,0.6046855387118413,0.7534494445524139,0.9305687780632229,0.9305687780632229,-0.32588323935138164
77663,papel pintado pared piedra,1.0,1.0,1.0,1.0,0.0
77665,papel pintado vintage,1.0,1.0,1.0,1.0,0.0
77668,papelera de baño pared,0.9643632283499571,0.8727377840451935,0.9878316351280036,0.9878316351280036,-0.023468406778046513
77671,papelera habitacion,0.9052116356304495,0.7381919257729246,0.9148568823583791,0.9148568823583791,-0.009645246727929657
77763,paperwhite sin publicidad,0.7151857987862358,0.6489315753318466,0.6421867266689011,0.6489315753318466,0.06625422345438914
77773,paquete de body marron,0.31546487678572877,0.6309297535714575,0.43067655807339306,0.6309297535714575,-0.31546487678572877
77784,parabolic satellite,0.8740803371737863,0.23936018781366117,0.7675061604425087,0.7675061604425087,0.10657417673127756
77797,parafina blanca neutra,0.7166492644739908,0.7269547345639102,0.7052464806461334,0.7269547345639102,-0.010305470089919444
77800,parafina sin olor,0.3903800499921017,0.312706129752478,0.2741708125981702,0.312706129752478,0.07767392023962366
77805,paraguas,0.8611375561264456,0.9052116356304495,0.713654010247531,0.9052116356304495,-0.04407407950400388
77811,paraguero moderno gris,1.0,1.0,1.0,1.0,0.0
77823,parche cicatrizante,0.8701249883466594,0.6429424283490957,1.0,1.0,-0.1298750116533406
77824,parche cuero ropa,0.7467045958894682,0.7819835854675756,0.30308203017988267,0.7819835854675756,-0.03527898957810738
77826,parche los increibles,1.0,0.6309297535714575,1.0,1.0,0.0
77829,parches guardia civil,0.7967610662472993,0.6975961695061493,0.7720617383222419,0.7720617383222419,0.024699327925057357
77831,parches para electroestimulador,1.0,1.0,1.0,1.0,0.0
77832,parches star wars coffe,0.9842184869190973,1.0,0.9842184869190973,1.0,-0.015781513080902698
77866,parka mujer entretiempo sin capucha,0.2258169302025588,0.3029889503327762,0.22664574704164425,0.3029889503327762,-0.07717202013021737
77867,parka mujer invierno rebajas,1.0,1.0,1.0,1.0,0.0
77868,parka mujer sin mangas,1.0,1.0,1.0,1.0,0.0
77869,parkas hombre invierno,0.9363792118010483,0.6067216003536937,0.9148568823583791,0.9148568823583791,0.021522329442669186
77887,parogencyl colutorio,0.9447176050778178,0.9550236580992476,0.8318724637288826,0.9550236580992476,-0.01030605302142984
77888,parque de bolas,0.7885497208855957,0.9363792118010483,0.857980942822373,0.9363792118010483,-0.1478294909154526
77954,pascua chocolate,0.3543334123470583,0.19796212533499347,0.4639590352498408,0.4639590352498408,-0.1096256229027825
77955,pascualina,1.0,1.0,0.6309297535714575,1.0,0.0
77974,passoa,1.0,1.0,1.0,1.0,0.0
77989,pasta de dientes sin plástico,0.5271064966405457,0.570404489286039,0.6691255538181727,0.6691255538181727,-0.14201905717762708
78019,pasteles sin azucar,0.9337457765456111,0.39170347105873204,0.9363792118010483,0.9363792118010483,-0.002633435255437244
78023,pastillas barbacoa,1.0,1.0,1.0,1.0,0.0
78034,pastillero 5 tomas,0.2826335043946801,0.2442584792702138,0.2188505885308512,0.2442584792702138,0.038375025124466305
78074,patin electrico,1.0,0.77990823370192,1.0,1.0,0.0
78076,patines de ambar de soy luna originales,1.0,0.31546487678572877,0.5,0.5,0.5
78083,patinete electrico juvenil,0.6389751319299919,0.53917469639354,0.7456919575934262,0.7456919575934262,-0.10671682566343432
78084,patinete eléctrico,1.0,0.9305687780632229,0.9337457765456111,0.9337457765456111,0.06625422345438892
78085,patinete evolutivo 3 en 1 con asiento,0.8189080569732083,0.8112689688197959,0.7767509398452653,0.8112689688197959,0.00763908815341241
78086,patinete lila,0.7849818707050383,0.7264127302306637,0.7000949683025057,0.7264127302306637,0.05856914047437467
78089,patinete niño 9 años,1.0,1.0,1.0,1.0,0.0
78090,patinete smartgyro rockway,0.0,0.0,0.3333333333333333,0.3333333333333333,-0.3333333333333333
78091,patinetes electricos baratos,0.9337457765456111,0.9216017310213247,0.9337457765456111,0.9337457765456111,0.0
78168,patrulla canina,0.92663607790064,0.9216017310213247,0.92663607790064,0.92663607790064,0.0
78183,patucos bebe marca,1.0,0.92663607790064,0.9305687780632229,0.9305687780632229,0.06943122193677709
78267,paños de cocina,1.0,1.0,1.0,1.0,0.0
78268,pañuelo karate kid,0.3157774392560288,0.3517669297871228,0.43707943365237834,0.43707943365237834,-0.12130199439634953
78302,pc convertible 2 en 1,1.0,1.0,0.9216017310213247,1.0,0.0
78317,pc gaming montado,1.0,1.0,1.0,1.0,0.0
78320,pc haming,1.0,1.0,0.6163668470816235,1.0,0.0
78324,pc hp 32 gb,1.0,0.7227265726449519,0.9896062251871525,0.9896062251871525,0.010393774812847534
78329,pc intel core i9,0.8357804136936722,0.575073986183329,0.6114735274236562,0.6114735274236562,0.22430688627001594
78359,pc+sobremesa+gaming,0.9305687780632229,0.7917063341896683,1.0,1.0,-0.06943122193677709
78366,pcmcia usb 3.0,0.9504206262110482,0.8594925955920694,1.0,1.0,-0.04957937378895183
78496,peceras medianas para peces,0.9305687780632229,0.37259075411082276,0.2200917662980802,0.37259075411082276,0.5579780239524001
78575,pega cuadros sin taladrar,0.841492960259019,0.8611375561264456,0.9148568823583791,0.9148568823583791,-0.07336392209936016
78576,pega de pestañas,1.0,0.23177307466786257,0.7624164915943119,0.7624164915943119,0.2375835084056881
78582,pegamento pelucas lace front,0.369417425616138,0.44149241373678083,0.123151194370365,0.44149241373678083,-0.07207498812064284
78585,pegatina 1 pulgada,0.8446905084406404,0.8594925955920694,0.9230390249121357,0.9230390249121357,-0.07834851647149532
78588,pegatina llanta ducati,0.9337457765456111,1.0,0.92663607790064,1.0,-0.06625422345438892
78589,pegatina luna,0.7526136409516659,0.9147029315959612,0.7456919575934262,0.9147029315959612,-0.16208929064429523
78595,pegatinas de ladrillos para la pared,1.0,1.0,1.0,1.0,0.0
78597,pegatinas hoverboard,1.0,1.0,0.88995411685096,1.0,0.0
78598,pegatinas infantiles,1.0,1.0,1.0,1.0,0.0
78604,pegatinas para pared frases,1.0,1.0,1.0,1.0,0.0
78608,pegatinas personalizadas,1.0,1.0,1.0,1.0,0.0
78618,peine de pestañas,1.0,1.0,1.0,1.0,0.0
78627,pela patatas,0.8486026589039901,0.8048109992093391,0.7538142945344394,0.8048109992093391,0.04379165969465104
78629,pelacables,1.0,0.9305687780632229,0.92663607790064,0.9305687780632229,0.06943122193677709
78638,pelicula el niño con el pijama de rayas,1.0,1.0,0.6309297535714575,1.0,0.0
78640,pelicula sin identidad,0.8701249883466594,0.8701249883466594,0.8701249883466594,0.8701249883466594,0.0
78642,pellet de madera,0.9363792118010483,0.8006937664098821,1.0,1.0,-0.06362078819895167
78651,pelos para muñecas,0.5880199086650614,0.8358912271816661,0.8815140373113173,0.8815140373113173,-0.2934941286462559
78657,pelotas padel,1.0,0.8205228949141828,0.7788065869851875,0.8205228949141828,0.17947710508581716
78666,peluca muñeco chucky,1.0,0.3562071871080222,0.43067655807339306,0.43067655807339306,0.5693234419266069
78672,pelucas mujer pelo humano p o,1.0,1.0,1.0,1.0,0.0
78675,peluche cerdo,1.0,1.0,1.0,1.0,0.0
78676,peluche koala para bebe,0.9305687780632229,1.0,0.8630152897016883,1.0,-0.06943122193677709
78686,películas eróticas,1.0,1.0,1.0,1.0,0.0
78693,pen de animales,0.842126470715732,0.8149419398286234,0.8307234529095261,0.8307234529095261,0.011403017806205895
78694,pen f olympus,0.4441228664487979,0.0,0.16716045496620227,0.16716045496620227,0.2769624114825956
78753,pendiente hombre plata,0.8475028682434304,0.7587492362187309,0.7959399514907739,0.7959399514907739,0.05156291675265645
78756,pendientes,1.0,1.0,1.0,1.0,0.0
78759,pendientes de aro con colgante,0.7039180890341347,0.8194270280062366,0.8710785440003369,0.8710785440003369,-0.16716045496620224
78764,pendientes grandes mujer,1.0,1.0,1.0,1.0,0.0
78768,pendientes mujer plata,0.9337457765456111,0.7917063341896683,1.0,1.0,-0.06625422345438892
78770,pendientes niña sin agujero,1.0,1.0,1.0,1.0,0.0
78772,pendientes rock and roll 925,0.645449205636615,0.45491663620029577,0.6378487833911712,0.6378487833911712,0.007600422245443772
78774,pendientes serpiente acero inoxidable,0.8486026589039901,0.45484422125791807,0.9148568823583791,0.9148568823583791,-0.06625422345438903
78775,pendientes trueno con diamantes,0.6934264036172708,0.9197207891481876,0.6934264036172708,0.9197207891481876,-0.22629438553091674
78782,pendrive 128gb 3.0,1.0,0.7849818707050383,0.8512360941594275,0.8512360941594275,0.14876390584057253
78783,pendrive 16 gb,1.0,0.9337457765456111,0.9337457765456111,0.9337457765456111,0.06625422345438892
78784,pendrive 64 gb,1.0,0.92663607790064,0.9305687780632229,0.9305687780632229,0.06943122193677709
78789,penes consoladores,1.0,0.9052116356304495,1.0,1.0,0.0
78868,peonzas beyblade,0.7573821447149967,0.7630946912803437,0.7542686714597937,0.7630946912803437,-0.005712546565347032
78879,pepa pig,1.0,1.0,1.0,1.0,0.0
78881,pepapig juguete escuela,0.41042277291186013,0.09092803061897885,0.29289999820461743,0.29289999820461743,0.1175227747072427
78885,pepe the frog peluche,1.0,1.0,1.0,1.0,0.0
78936,pequeña pinza,0.8065735963827293,0.20438239758848611,0.5640920940185894,0.5640920940185894,0.2424815023641399
78944,perchas,1.0,1.0,1.0,1.0,0.0
78945,perchas baño,1.0,1.0,1.0,1.0,0.0
78947,perchas bebe pequeñas madera,1.0,0.571614567891588,0.8643145546088339,0.8643145546088339,0.13568544539116612
78950,perchas para pantalones,1.0,1.0,1.0,1.0,0.0
78951,perchas pvc,0.9262845298966466,0.9492756620369743,0.6187869860554792,0.9492756620369743,-0.022991132140327775
78955,perchero de madera para pared,1.0,1.0,1.0,1.0,0.0
78960,percheros pared sin taladrar,0.8389574121760603,0.5774250016294137,1.0,1.0,-0.16104258782393965
78962,percusión huevo,1.0,1.0,1.0,1.0,0.0
79000,perfume chloe,1.0,1.0,1.0,1.0,0.0
79021,perfumes hombre,1.0,1.0,1.0,1.0,0.0
79023,perfumes hombre versace eros,0.5965173333990071,0.3824147140836781,0.5517854393872874,0.5517854393872874,0.04473189401171973
79040,perla tahiti,1.0,1.0,1.0,1.0,0.0
79042,perlas para coronas,0.6108377030333358,0.5434528875462725,0.4531981631642389,0.5434528875462725,0.06738481548706332
79045,perlon filtro acuario,0.92663607790064,0.640591412903011,0.8701249883466594,0.8701249883466594,0.05651108955398054
79062,perritos para niñas,0.826813366651774,0.5368103404171508,0.4800032020044256,0.5368103404171508,0.29000302623462315
79066,perro placa,0.7909506325094736,0.8643145546088339,0.7728378251807521,0.8643145546088339,-0.07336392209936027
79176,pesas,0.8603818544462509,0.7967610662472993,0.7917063341896683,0.7967610662472993,0.06362078819895167
79178,pesca baits 5 ganchos,1.0,1.0,1.0,1.0,0.0
79181,peso cocina digital,1.0,1.0,1.0,1.0,0.0
79192,pestillo sin agujeros puerta habitación,0.7818048722226502,0.7885497208855957,0.8512360941594275,0.8512360941594275,-0.06943122193677731
79269,petardos para pistolas,0.5779050396291793,0.7510916729774055,0.694765116060299,0.7510916729774055,-0.17318663334822626
79336,petrus,1.0,1.0,1.0,1.0,0.0
79378,pg35vq,1.0,1.0,1.0,1.0,0.0
79413,philadelphia eagles camiseta,1.0,0.8318477135310892,0.8165901947515999,0.8318477135310892,0.16815228646891078
79423,philips 278e8qjab,1.0,0.8772153153380493,1.0,1.0,0.0
79425,philips 58,1.0,0.8529278650606567,1.0,1.0,0.0
79430,philips hue,1.0,1.0,1.0,1.0,0.0
79684,physalis,0.77990823370192,0.88995411685096,0.8611375561264456,0.88995411685096,-0.11004588314904007
79705,piano,0.8357804136936722,0.77523873680463,0.7720617383222419,0.77523873680463,0.06054167688904222
79767,picsil calleras rx,1.0,0.9674679834891693,0.9325210919548239,0.9674679834891693,0.03253201651083071
79815,pie de lámpara sin pantalla,0.7791714369672128,0.5166851630541055,0.1951890007906611,0.5166851630541055,0.2624862739131073
79833,piedra desodorante natural,0.7630946912803437,0.9305687780632229,0.7506372960520511,0.9305687780632229,-0.16747408678287923
79837,piel de luna,1.0,1.0,1.0,1.0,0.0
79840,pienso satisfaction puppy medium,0.7149394488115769,0.6850948573248621,0.8829374068620366,0.8829374068620366,-0.1679979580504597
79857,pies de lamparas de mesa sin pantalla,0.4478509691918938,0.2716774977597197,0.0,0.2716774977597197,0.1761734714321741
79858,pies hongos,0.9305687780632229,0.6698623505528799,1.0,1.0,-0.06943122193677709
79879,pijama animales mujer,1.0,1.0,1.0,1.0,0.0
79880,pijama aristogatos mujer,0.9930783166417602,0.9537123696623918,0.9930783166417602,0.9930783166417602,0.0
79881,pijama bebe,1.0,1.0,1.0,1.0,0.0
79885,pijama día del padre,0.3065735963827292,0.6131471927654584,0.5,0.6131471927654584,-0.3065735963827292
79887,pijama fornite para niño 14 años,0.6200500745793595,0.4309168405932232,0.6188735782380818,0.6188735782380818,0.0011764963412776996
79892,pijama mickey mouse bebe,1.0,0.8701249883466594,0.9363792118010483,0.9363792118010483,0.06362078819895167
79897,pijama navigare,1.0,1.0,1.0,1.0,0.0
79902,pijama simpsons hombre,1.0,0.77523873680463,0.9305687780632229,0.9305687780632229,0.06943122193677709
79904,pijama toy story niño,1.0,0.9052116356304495,1.0,1.0,0.0
79905,pijama unicornio niña,0.92663607790064,0.7065443116025598,0.8630152897016883,0.8630152897016883,0.06362078819895167
79913,pijamas hulk niño,0.9337457765456111,0.5734923014668308,0.7123736502858729,0.7123736502858729,0.22137212625973823
79916,pijamas lactancia hospital,1.0,1.0,1.0,1.0,0.0
79942,pilas aaa,1.0,1.0,1.0,1.0,0.0
79943,pilas para calculadora casio,1.0,0.6364391809889587,0.18154179253735267,0.6364391809889587,0.3635608190110413
79946,pilas recargables aa,1.0,1.0,1.0,1.0,0.0
79952,piles cream,0.38121301394452073,0.4950605206767564,0.4644147025690223,0.4950605206767564,-0.11384750673223565
80011,pillow top para colchon,0.92663607790064,0.8318477135310892,0.9052116356304495,0.9052116356304495,0.02142444227019047
80046,pilot gtec,1.0,0.77990823370192,0.9216017310213247,0.9216017310213247,0.0783982689786753
80092,pinceles acrilico,1.0,1.0,1.0,1.0,0.0
80093,pinceles pelo de marta,1.0,1.0,1.0,1.0,0.0
80096,pinche cocina,0.9337457765456111,0.7381919257729246,0.9052116356304495,0.9052116356304495,0.0285341409151616
80100,pincho antipalomas,1.0,1.0,1.0,1.0,0.0
80372,pino navidad grande,1.0,1.0,1.0,1.0,0.0
80388,pintauñas efecto gel sin lampara,0.6141069626790936,0.7381919257729246,0.7975167679274939,0.7975167679274939,-0.18340980524840034
80390,pintauñas semipermanente,1.0,1.0,1.0,1.0,0.0
80396,pintura al temple para pared gotele,0.5847192329112589,0.5868720866710774,0.5527460588826718,0.5868720866710774,-0.0021528537598184405
80397,pintura americana para manualidades,0.9397911964740513,0.5857420314400269,0.7237820654170265,0.7237820654170265,0.2160091310570248
80402,pintura efecto tiza colores,0.92663607790064,0.9337457765456111,0.77990823370192,0.9337457765456111,-0.00710969864497113
80403,pintura facial,1.0,1.0,1.0,1.0,0.0
80413,pinturas acuarelables,1.0,1.0,1.0,1.0,0.0
80418,pinturas para niños,0.8643145546088339,0.718362797268624,0.7827392871477703,0.7827392871477703,0.08157526746106358
80419,pinturas sin toxicos,0.8389574121760603,0.9216017310213247,0.9305687780632229,0.9305687780632229,-0.09161136588716257
80433,pinza diseccion sin dientes,0.48331483694589455,0.46785915648013926,0.6267310462031456,0.6267310462031456,-0.14341620925725101
80434,pinza moto casco,1.0,1.0,1.0,1.0,0.0
80442,piojos gallinas,1.0,1.0,1.0,1.0,0.0
80511,pirograbador de madera,1.0,1.0,1.0,1.0,0.0
80517,piscina intex 488,0.9060254355346823,0.0,0.47084972088011423,0.47084972088011423,0.43517571465456806
80532,pistachos sin sal,1.0,0.8572048559638626,1.0,1.0,0.0
80548,pistola de impacto,0.8048109992093391,0.8415908474314977,0.9305687780632229,0.9305687780632229,-0.12575777885388384
80549,pistola de masaje muscular personal de mano,1.0,1.0,1.0,1.0,0.0
80550,pistola de succion,0.7421246259355073,0.38223600083875253,0.6062415623539281,0.6062415623539281,0.1358830635815792
80554,pistola pintura electrica,1.0,1.0,1.0,1.0,0.0
80558,pistolas de balines,0.9052116356304495,1.0,0.88995411685096,1.0,-0.09478836436955052
80561,pistolas nerf fornite,1.0,0.5536912854565034,0.9216514835285049,0.9216514835285049,0.0783485164714951
80582,pitos de carnaval cadiz,0.39790583709582267,0.5460985297060886,0.46584923801411343,0.5460985297060886,-0.14819269261026596
80654,pizarra led,0.6311443278613472,0.8643145546088339,0.7670273914429266,0.8643145546088339,-0.23317022674748666
80668,pizza flour sin gluton,0.8643145546088339,0.693761356516045,0.8553475075669357,0.8553475075669357,0.008967047041898213
80737,placa base intel xeon,0.8389574121760603,0.7162874455029682,0.8521705090845474,0.8521705090845474,-0.013213096908487043
80744,placa ducha 80x130,1.0,0.0,1.0,1.0,0.0
80745,placa gas sin mandos,0.22716217481924805,0.06625422345438904,0.21501812929496178,0.21501812929496178,0.012144045524286273
80747,placa peso multiestacion,0.45128618090292527,0.2932016065763043,0.16917200913059097,0.2932016065763043,0.15808457432662099
80748,placa solar enc,0.8572048559638626,0.8454256604216018,0.8263333286520084,0.8454256604216018,0.011779195542260812
80821,plancha de vapor,1.0,0.9363792118010483,0.9363792118010483,0.9363792118010483,0.06362078819895167
80822,plancha dyson pelo,0.6131471927654584,0.38685280723454163,0.6131471927654584,0.6131471927654584,0.0
80829,plancha pelo,1.0,1.0,1.0,1.0,0.0
80833,plancha vertical vapor sin cable,0.6410457898283654,0.33816867746367263,0.5462574254588146,0.5462574254588146,0.09478836436955074
80837,planchas pelo crimper,0.3391602052736161,0.52111607805606,0.6902609733149433,0.6902609733149433,-0.35110076804132717
80838,planchas sin cable,0.9337457765456111,0.8630152897016883,0.9363792118010483,0.9363792118010483,-0.002633435255437244
80859,planificador a6 anillas,0.77990823370192,0.7123736502858729,0.8357804136936722,0.8357804136936722,-0.0558721799917522
80952,plantronics rig 300,1.0,1.0,1.0,1.0,0.0
80976,plasma pen arrugas,0.9363792118010483,0.9337457765456111,0.8669479898642711,0.9337457765456111,0.002633435255437244
81137,plastico liquido para faros de coche,0.8482378089219648,0.4568991878452581,0.8521705090845474,0.8521705090845474,-0.003932700162582625
81139,plastico para llaveros,0.6036081270984909,0.6067216003536937,0.6898286563534622,0.6898286563534622,-0.08622052925497137
81140,plastico para pendientes,0.9363792118010483,0.7254521107352793,0.685119869332369,0.7254521107352793,0.21092710106576906
81141,plastico trasparente grueso,0.8263333286520084,0.7778721720600673,0.7967610662472993,0.7967610662472993,0.029572262404709115
81146,plata angeles dije,0.7545912946607471,0.7442907170674258,0.8279110931067362,0.8279110931067362,-0.07331979844598902
81188,plato de tarta con tapa,0.5206178632166883,0.5462574254588146,0.826813366651774,0.826813366651774,-0.3061955034350856
81193,platos cuadrados modernos,0.4773810124095342,0.44161471987550566,0.6582631570618874,0.6582631570618874,-0.18088214465235325
81197,platos desechables cumpleaños,1.0,1.0,1.0,1.0,0.0
81264,playeras converse mujer plataforma,0.06943122193677728,0.0,0.16815228646891087,0.16815228646891087,-0.09872106453213358
81266,playeras tommy hombre,0.0,0.0,0.0,0.0,0.0
81286,playmobil,1.0,1.0,1.0,1.0,0.0
81291,playmobil castillo,0.915446269161721,0.842126470715732,0.8379265695293115,0.842126470715732,0.07331979844598902
81307,playstation 2,0.6934264036172708,0.6131471927654584,0.45749452618986164,0.6131471927654584,0.08027921085181244
81346,playstation vr,1.0,1.0,0.7486361493410435,1.0,0.0
81357,plc tplink,1.0,0.5309999066793253,0.8389574121760603,0.8389574121760603,0.16104258782393965
81395,plseras,1.0,0.6489315753318466,0.2883820513943218,0.6489315753318466,0.35106842466815336
81444,plumiferos hombre,0.5763233549126812,0.5509662124799076,0.7791714369672128,0.7791714369672128,-0.20284808205453164
81748,pokemon cartas brillantes,0.9337457765456111,0.6968404678259547,0.727329844310522,0.727329844310522,0.20641593223508914
81825,polar mujer cremallerara,1.0,1.0,1.0,1.0,0.0
81826,polar mujer sin capucha,0.7605591431973849,0.6772733739526912,0.4568991878452581,0.6772733739526912,0.08328576924469377
81894,poleras hombre,0.32584372089811503,0.23330247263525344,0.3156484524795145,0.3156484524795145,0.010195268418600523
81947,polo,1.0,1.0,1.0,1.0,0.0
81969,polo sin cuello hombre,0.2394408568026152,0.5907272848394974,0.45953262310069537,0.5907272848394974,-0.35128642803688226
81971,polo superdry hombre,1.0,1.0,1.0,1.0,0.0
81981,polos manga larga mujer,0.9911205770005563,0.7709363892380909,0.8936633189697701,0.8936633189697701,0.0974572580307862
81983,poltrone italia piel,0.7510916729774055,0.9148568823583791,0.685119869332369,0.9148568823583791,-0.1637652093809736
81984,polvo traslucido loreal,0.6509209298071326,0.20438239758848611,0.0,0.20438239758848611,0.4465385322186465
81985,polvos translucidos maquillaje,0.6533933590057491,0.25657228426720274,0.5548265038690208,0.5548265038690208,0.09856685513672836
82010,polygel de uñas kit,1.0,0.8454256604216018,1.0,1.0,0.0
82041,pomada del silencio,0.0,0.18457569677956817,0.0,0.18457569677956817,-0.18457569677956817
82052,pomos y tiradores,1.0,1.0,1.0,1.0,0.0
82053,pomos y tiradores zara home,0.5714285040141098,0.0,0.3065735963827292,0.3065735963827292,0.26485490763138064
82056,pompom mini,0.4899692203633839,0.0,0.4776237035032179,0.4776237035032179,0.012345516860165995
82062,poncho de lluvia,1.0,1.0,1.0,1.0,0.0
82077,ponte en forma sin perder el tiempo,0.8772153153380493,0.8175295903539445,0.8772153153380493,0.8772153153380493,0.0
82225,pop funko batman,0.9216017310213247,0.9305687780632229,0.88995411685096,0.9305687780632229,-0.008967047041898213
82226,pop it zanahoria,0.6780494608112013,0.6489315753318466,0.611019150498302,0.6489315753318466,0.029117885479354677
82342,pore strips,1.0,0.8630152897016883,1.0,1.0,0.0
82359,porsche 993 turbo,0.544192623472237,0.252016380211836,0.4599715079731103,0.4599715079731103,0.08422111549912664
82371,porta fotos para pared sin marco,0.7818048722226502,0.7421246259355073,0.841492960259019,0.841492960259019,-0.059688088036368825
82373,porta merienda infantil,0.92663607790064,1.0,1.0,1.0,-0.07336392209936005
82380,porta tarjetas,1.0,1.0,1.0,1.0,0.0
82385,portabebe fular,1.0,1.0,1.0,1.0,0.0
82388,portabidon,1.0,1.0,1.0,1.0,0.0
82533,portalamparas escritorio,0.6182885020492784,0.3044671974905181,0.5307212739772434,0.5307212739772434,0.08756722807203499
82535,portamatriculas coche,1.0,1.0,1.0,1.0,0.0
82545,portatil 4k,0.5498407734605132,0.4632423659320675,0.13565197343244778,0.4632423659320675,0.08659840752844566
82549,portatil dell gaming,0.2960819109658652,0.3501483019834802,0.2960819109658652,0.3501483019834802,-0.054066391017614956
82552,portatil gaming sin sistema operativo,0.9363792118010483,1.0,0.9052116356304495,1.0,-0.06362078819895167
82556,portatil i5 hdd ssd,0.8603818544462509,0.8643145546088339,0.7218018303820491,0.8643145546088339,-0.003932700162582958
82559,portatil razer blade pro,0.8662406555609836,0.6787553679106947,0.7618870795651186,0.7618870795651186,0.10435357599586503
82562,portatiles hp 17,0.8687949224876582,0.8687949224876582,0.7860137352654724,0.8687949224876582,0.0
82563,portatiles hp 2 en 1,0.39106560501896365,0.14126697285982898,0.13565197343244778,0.14126697285982898,0.24979863215913467
82591,portátil gaming windows 10,0.9363792118010483,0.9363792118010483,0.9216017310213247,0.9363792118010483,0.0
82594,portátil i7 16gb ram windows 10,1.0,1.0,0.35687885840597905,1.0,0.0
82597,portátil segunda mano,0.6410457898283654,0.9305687780632229,0.6004311286161026,0.9305687780632229,-0.28952298823485756
82598,portátil sin sistema operativo,1.0,1.0,0.77523873680463,1.0,0.0
82633,post it super sticky,1.0,0.92663607790064,1.0,1.0,0.0
82668,poster de xavi hernández,1.0,1.0,1.0,1.0,0.0
82680,poster the avengers,0.92663607790064,0.8611375561264456,0.9148568823583791,0.9148568823583791,0.011779195542260812
82684,posters coches,1.0,1.0,1.0,1.0,0.0
82811,power ball muñeca,0.7888463634395011,0.44687905456720073,0.817692920012317,0.817692920012317,-0.028846556572815873
82863,power ranger,0.8158069199778482,0.7409096387260824,0.23877292085081495,0.7409096387260824,0.07489728125176576
82877,power rangers disfraz niño,1.0,0.9148568823583791,1.0,1.0,0.0
83045,predator 19.3,1.0,1.0,1.0,1.0,0.0
83049,predator helios 300,1.0,1.0,1.0,1.0,0.0
83106,premiata mujer 37,0.7702043899253147,0.7917063341896683,0.7065443116025598,0.7917063341896683,-0.02150194426435359
83115,premium body nutrition,0.8701249883466594,0.8701249883466594,0.7529694065526482,0.8701249883466594,0.0
83181,presscontrol para bomba de agua,0.9148568823583791,0.8482378089219648,0.9052116356304495,0.9052116356304495,0.009645246727929657
83347,princesas maquillaje,1.0,0.8701249883466594,0.8486026589039901,0.8701249883466594,0.1298750116533406
83382,princess revlon,1.0,0.9469024295259745,1.0,1.0,0.0
83453,prismaticos de teatro,0.6102570478849114,0.8623312528041955,0.6555431655512793,0.8623312528041955,-0.2520742049192841
83474,privata mujer bolso,0.0,0.0,0.0,0.0,0.0
83482,prixton auriculares inalambricos,0.8990671370233444,0.8502983370860306,1.0,1.0,-0.1009328629766556
83490,pro 600 oral b,0.8550956239938449,0.9258513847149256,0.5324470571772103,0.9258513847149256,-0.0707557607210807
83499,pro controller,0.9148568823583791,0.8521705090845474,0.88995411685096,0.88995411685096,0.0249027655074191
83544,proceli sin gluten,0.7767471075223498,0.9216514835285049,0.6158501733929389,0.9216514835285049,-0.14490437600615513
83545,procesador alimentos bebe,0.7606395682357036,0.8318724637288826,0.8927537907700456,0.8927537907700456,-0.13211422253434202
83546,procesador i7,1.0,0.8358912271816661,0.9963488021549354,0.9963488021549354,0.0036511978450646243
83558,producros belleza,0.8603818544462509,0.6659485553357845,0.6601585067762745,0.6659485553357845,0.19443329911046647
83562,productos para las ojeras,1.0,0.9148568823583791,1.0,1.0,0.0
83645,proliant gen10,1.0,0.9134627261980166,1.0,1.0,0.0
83718,prostitución,0.6458375023792304,0.9651366671790967,0.6608850241063915,0.9651366671790967,-0.3192991647998663
83725,proteccion contra la lluvia para mochila portabebes,1.0,0.9216017310213247,1.0,1.0,0.0
83745,protector camara moto g5s plus,0.6934264036172708,0.5706417189553201,0.6934264036172708,0.6934264036172708,0.0
83746,protector camara xiaomi redmi note 7,0.7034646249939236,0.5337936505754552,0.8922108454754891,0.8922108454754891,-0.18874622048156553
83756,protector film,0.6659485553357845,0.6410457898283654,0.7104770117651427,0.7104770117651427,-0.04452845642935821
83763,protector maletero,1.0,1.0,1.0,1.0,0.0
83764,protector pantalla aquaris vs plus,1.0,0.8816172070446371,0.9815441540827995,0.9815441540827995,0.01845584591720051
83771,protector para apple watch serie 3,1.0,1.0,1.0,1.0,0.0
83776,protectores electricos,0.8883444449388405,0.6854831540674774,0.8529794827885766,0.8529794827885766,0.03536496215026386
83807,proteina guisante texturizada,0.5541432109622959,0.4233117951052936,0.4920062203073638,0.4920062203073638,0.06213699065493211
83810,proteina vegana sin gluten,1.0,0.9363792118010483,0.9305687780632229,0.9363792118010483,0.06362078819895167
83812,proteinas veganas sin azucar,1.0,0.9052116356304495,1.0,1.0,0.0
83835,proxeed hombre,0.5734133100049832,0.20815499636142165,0.4770204255781524,0.4770204255781524,0.0963928844268308
83838,proyector 4k optoma,1.0,1.0,1.0,1.0,0.0
83839,proyector cine,1.0,1.0,1.0,1.0,0.0
83841,proyector corto alcance led,0.823699893396571,0.747935059673333,0.7573821447149967,0.7573821447149967,0.06631774868157436
83842,proyector dibujo niños,1.0,0.92663607790064,1.0,1.0,0.0
83843,proyector holografico 3d,1.0,1.0,1.0,1.0,0.0
83848,proyector pantalla,1.0,0.23719771276929622,0.6131471927654584,0.6131471927654584,0.38685280723454163
83891,ps3 dualshock 3,0.8630152897016883,0.7670273914429266,0.7059054020403313,0.7670273914429266,0.09598789825876164
83945,ps4 mando,1.0,0.9363792118010483,1.0,1.0,0.0
83993,ps5 consola sin lector,0.0,0.48522855511632257,0.14606834984270645,0.48522855511632257,-0.48522855511632257
84017,psp4,1.0,0.823699893396571,0.7631925784528223,0.823699893396571,0.17630010660342899
84057,puas ibanez,1.0,0.77990823370192,1.0,1.0,0.0
84079,puerto hdmi a tablet,0.5307212739772434,0.6871475159848289,0.4776237035032179,0.6871475159848289,-0.15642624200758548
84080,puerto obd,0.4380892758850172,0.6464018466408364,0.7183424120903082,0.7183424120903082,-0.280253136205291
84093,puff cama,1.0,0.8687949224876582,0.975788054854922,0.975788054854922,0.024211945145077962
84116,pulidora uñas,1.0,1.0,1.0,1.0,0.0
84176,pulsera actividad sin movil,1.0,1.0,0.7759944384848245,1.0,0.0
84181,pulsera de actividad,1.0,1.0,1.0,1.0,0.0
84186,pulsera esclava mujer personalizada,0.9363792118010483,0.9305687780632229,0.9363792118010483,0.9363792118010483,0.0
84191,pulsera media caña oro,0.9337457765456111,0.9363792118010483,0.7538142945344394,0.9363792118010483,-0.002633435255437244
84193,pulsera navidad,1.0,1.0,0.92663607790064,1.0,0.0
84195,pulsera plata de ley mujer,1.0,1.0,1.0,1.0,0.0
84202,pulsera totoro,0.9305687780632229,1.0,0.9216017310213247,1.0,-0.06943122193677709
84214,pulseras plastico niñas,0.8486026589039901,0.9148568823583791,0.9337457765456111,0.9337457765456111,-0.08514311764162097
84241,puma one 20.2,0.889918709778036,0.7093892840067337,0.8664503029999894,0.8664503029999894,0.023468406778046624
84265,puma zapatillas mujer,1.0,0.6309297535714575,1.0,1.0,0.0
84334,punta taco billar,1.0,0.6036081270984909,0.9148568823583791,0.9148568823583791,0.08514311764162086
84339,punzon metal letra,0.8611375561264456,1.0,0.8611375561264456,1.0,-0.1388624438735544
84428,pure electric scooter,0.31252911522154636,0.32776097292662437,0.3164618153841292,0.32776097292662437,-0.015231857705078011
84519,puros habanos para fumar cohiba,0.0,0.0,0.0,0.0,0.0
84700,puyo puyo tetris 2,0.9363792118010483,0.5264282969545139,0.7788065869851875,0.7788065869851875,0.15757262481586087
84702,puzles deslizantes,1.0,1.0,1.0,1.0,0.0
84712,puzzle juguete 1 año,0.9453078548481746,0.41802406015059584,0.8824642221139221,0.8824642221139221,0.06284363273425253
84728,puzzles 100 piezas niños,1.0,0.8959590319849101,0.8987713917876999,0.8987713917876999,0.10122860821230006
84759,pvris,0.8200685179888284,0.9216017310213247,0.9148568823583791,0.9216017310213247,-0.1015332130324963
84790,python,1.0,1.0,1.0,1.0,0.0
84797,péndulo hebreo de haya,0.8421423592553552,0.3903800499921017,0.7087212693585175,0.7087212693585175,0.13342108989683765
84799,pétalos de rosa secos naturales,0.8701249883466594,0.7967610662472993,0.7975167679274939,0.7975167679274939,0.07260822041916548
84835,qiilu,0.9052116356304495,0.9216017310213247,0.88995411685096,0.9216017310213247,-0.016390095390875214
84851,qrity,1.0,0.9363792118010483,0.9052116356304495,0.9363792118010483,0.06362078819895167
84860,quad racy feber,1.0,1.0,1.0,1.0,0.0
84873,quantico,0.7328286204777911,0.7328286204777911,0.9674679834891693,0.9674679834891693,-0.23463936301137822
84876,quarq dzero,0.918839123725715,0.8287181397291629,0.9062596095782314,0.9062596095782314,0.012579514147483595
84904,que bello sera vivir sin cultura,0.6131471927654584,0.6131471927654584,0.6131471927654584,0.6131471927654584,0.0
85008,queso,0.9363792118010483,0.9363792118010483,0.6410457898283654,0.9363792118010483,0.0
85119,quirumed silla,0.8816172070446371,0.8767055912339932,0.8265723430117606,0.8767055912339932,0.004911615810643921
85120,quitabolas philips,0.6366824387328317,0.6366824387328317,0.7598336331031966,0.7598336331031966,-0.12315119437036492
85249,radiador sin aceite,1.0,0.8572048559638626,0.4451989745299882,0.8572048559638626,0.14279514403613736
85254,radian crema,0.9674679834891693,1.0,0.9010126104210695,1.0,-0.03253201651083071
85268,radio coche bluetooth,1.0,1.0,1.0,1.0,0.0
85270,radio cocina,0.8104616303452686,1.0,0.9950883841893561,1.0,-0.18953836965473136
85274,radio dacia,0.8701249883466594,0.7624164915943119,0.7630946912803437,0.7630946912803437,0.10703029706631573
85283,radio mondeo mk4,0.5559026721867444,0.6879509227782193,0.5519699720241615,0.6879509227782193,-0.13204825059147496
85289,radiofrecuencia facial,1.0,1.0,1.0,1.0,0.0
85502,ram 32gb portatil,0.9337457765456111,0.7104770117651427,0.2687374555268953,0.7104770117651427,0.22326876478046842
85508,ram gaming 4gb,0.5508095940041026,0.0,0.20210734650054757,0.20210734650054757,0.348702247503555
85512,ram portatil 8gb msi,0.7227265726449519,0.32097939710179135,0.7130329901830805,0.7130329901830805,0.009693582461871353
85534,ramon bilbao,1.0,1.0,1.0,1.0,0.0
85539,rampa de aluminio,1.0,1.0,1.0,1.0,0.0
85560,rane dj,0.9325210919548239,1.0,0.23463936301137822,1.0,-0.06747890804517609
85602,raqueta junior 26,1.0,0.5363559634917964,0.7183424120903082,0.7183424120903082,0.28165758790969175
85662,raton bluetooth sin receptor recargable,0.88995411685096,0.6812060741152738,0.9216017310213247,0.9216017310213247,-0.03164761417036466
85667,ratones baratos,1.0,0.88995411685096,1.0,1.0,0.0
85681,ratón bluetooth sin receptor,1.0,0.727329844310522,0.8603818544462509,0.8603818544462509,0.13961814555374907
85756,ray ban aviator transparente,0.7541985434892589,1.0,0.3973220069685352,1.0,-0.24580145651074115
85801,razer kraken x,0.48247555939075504,0.9197207891481876,0.6934264036172708,0.9197207891481876,-0.4372452297574325
85907,reacondicionados ipad,1.0,0.7791714369672128,0.9363792118010483,0.9363792118010483,0.06362078819895167
85974,real madrid niño,1.0,0.8611375561264456,1.0,1.0,0.0
85988,real sociedad niño,0.8572048559638626,0.39794789654359625,0.5837154733670049,0.5837154733670049,0.27348938259685773
85993,real-techniques brochas,1.0,1.0,1.0,1.0,0.0
86060,rebel master,1.0,1.0,0.9052116356304495,1.0,0.0
86091,recambios de irrigado bucal,1.0,1.0,1.0,1.0,0.0
86092,recambios filtro wateer,0.6461194268314838,0.5040610795300535,0.6366587127404282,0.6366587127404282,0.009460714091055644
86093,recambios hombot lg,0.9148568823583791,0.8611375561264456,0.88995411685096,0.88995411685096,0.0249027655074191
86095,recambios roca wc,1.0,0.8611375561264456,1.0,1.0,0.0
86146,recibidores de entrada sin espejo,0.6651992357924432,0.13743816645714543,0.27487633291429087,0.27487633291429087,0.39032290287815236
86177,recogedor con cepillo,0.6698623505528799,0.7218018303820491,0.699473903081392,0.7218018303820491,-0.051939479829169244
86220,recuerditos para bodas,0.6168295842361275,0.35895421017163476,0.45953262310069537,0.45953262310069537,0.15729696113543218
86418,red marinera,1.0,1.0,1.0,1.0,0.0
86422,red mi 9 xiaomi,0.7218018303820491,0.6987957033953602,0.5579780239524,0.6987957033953602,0.023006126986688913
86614,reebok hombre gtx,1.0,1.0,1.0,1.0,0.0
86730,regalitos para invitados a cumpleaños infantiles,1.0,1.0,1.0,1.0,0.0
86738,regalo friki,0.7948833326720566,0.7827392871477703,0.7759944384848245,0.7827392871477703,0.012144045524286273
86739,regalo madre navidad,1.0,1.0,1.0,1.0,0.0
86744,regalo para bautizo niño,0.43626211253236746,0.6699490237789268,0.5832948249557423,0.6699490237789268,-0.23368691124655938
86752,regalos de marca,0.826813366651774,0.6062415623539281,0.826813366651774,0.826813366651774,0.0
86754,regalos hombres,1.0,1.0,1.0,1.0,0.0
86755,regalos japoneses,1.0,1.0,1.0,1.0,0.0
86756,regalos mujer,1.0,1.0,1.0,1.0,0.0
86766,regalos originales para mujer cumpleanos,1.0,1.0,1.0,1.0,0.0
86769,regalos para adolescentes de 12 años,0.9337457765456111,1.0,1.0,1.0,-0.06625422345438892
86770,regalos para biologos,1.0,1.0,1.0,1.0,0.0
86773,regalos para la esposa,1.0,1.0,1.0,1.0,0.0
86774,regalos para los reyes magos,0.7759944384848245,0.685119869332369,0.92663607790064,0.92663607790064,-0.15064163941581543
86779,regalos para una compañera,1.0,1.0,1.0,1.0,0.0
86791,regla escolar 15 cm,0.8611375561264456,0.8669479898642711,0.6145870006788593,0.8669479898642711,-0.005810433737825527
86793,regleta 5m sobretension,0.7483860802939635,0.7599676921884454,0.3345704528181092,0.7599676921884454,-0.011581611894481925
86797,regleta schuko sin interruptor,0.4808931522791523,0.09791292534996782,0.0,0.09791292534996782,0.3829802269291845
86799,regletas enchufes 15,0.9888026041880241,0.9860433320650158,0.9098999913476322,0.9860433320650158,0.002759272123008305
86801,regruesadoras y cepilladoras,0.9363792118010483,0.6117559472330091,0.92663607790064,0.92663607790064,0.009743133900408374
86814,reina roja juan gomez jurado,1.0,1.0,1.0,1.0,0.0
86823,reinforcement learning,1.0,0.9052116356304495,0.9052116356304495,0.9052116356304495,0.09478836436955052
86855,relleno edredon cama 135,0.8630152897016883,0.7381919257729246,0.685119869332369,0.7381919257729246,0.1248233639287637
86865,reloj,1.0,1.0,1.0,1.0,0.0
86867,reloj calavera,1.0,0.9363792118010483,1.0,1.0,0.0
86868,reloj calypso,1.0,1.0,1.0,1.0,0.0
86870,reloj casio,1.0,1.0,1.0,1.0,0.0
86872,reloj casio hombre f91w,0.8318724637288826,0.5205067333228022,0.7095272044910244,0.7095272044910244,0.12234525923785822
86873,reloj casio mujer,1.0,1.0,1.0,1.0,0.0
86876,reloj citicen,1.0,1.0,1.0,1.0,0.0
86890,reloj grande mujer barato,1.0,1.0,1.0,1.0,0.0
86897,reloj inteligente hombre xiaomi,0.46927872602275644,0.0,0.20210734650054757,0.20210734650054757,0.2671713795222089
86901,reloj mapa mundi,0.9337457765456111,1.0,1.0,1.0,-0.06625422345438892
86905,reloj mujer dw,0.9363792118010483,0.7162874455029682,0.9305687780632229,0.9305687780632229,0.005810433737825416
86918,reloj pared vintage verde,0.4946396555628011,0.48189984052515566,0.40663927990506543,0.48189984052515566,0.01273981503764543
86919,reloj pieza,0.5355852974309777,0.670110851603087,0.7835820287478061,0.7835820287478061,-0.24799673131682842
86921,reloj pulsera personas mayores,1.0,1.0,1.0,1.0,0.0
86929,reloj smartwatch mujer compatible con samsung s8,1.0,1.0,1.0,1.0,0.0
86931,reloj swatch mujer,1.0,1.0,1.0,1.0,0.0
86935,reloj tag heuer hombres,0.77990823370192,1.0,0.7951657524814092,1.0,-0.22009176629808003
86937,reloj tous,1.0,1.0,1.0,1.0,0.0
86939,reloj viceroy mujer,1.0,1.0,1.0,1.0,0.0
86948,relojes con gps,0.92663607790064,0.8205228949141828,0.8318477135310892,0.8318477135310892,0.09478836436955074
86949,relojes correr,1.0,1.0,1.0,1.0,0.0
86951,relojes de espuma para pared,0.8062174677412686,0.5434776723950983,0.9670943502702473,0.9670943502702473,-0.1608768825289787
86956,relojes de running,1.0,1.0,1.0,1.0,0.0
86959,relojes hombre,1.0,1.0,1.0,1.0,0.0
86960,relojes hombre brillantes,1.0,1.0,1.0,1.0,0.0
86965,relojes mujer acuaticos baratos analogicos,0.7992370740951165,0.775848005048735,0.587118021594236,0.775848005048735,0.023389069046381494
86968,relojes para mujer,1.0,1.0,1.0,1.0,0.0
86970,relojes pegados a la pared,1.0,1.0,1.0,1.0,0.0
86975,relojes tag heuer hombre,0.8553475075669357,0.8611375561264456,0.92663607790064,0.92663607790064,-0.07128857033370428
86976,relojes tag heuer para hombre,0.826813366651774,1.0,0.77990823370192,1.0,-0.17318663334822604
86980,remaches zapatero,0.9363792118010483,0.6366587127404282,0.7759944384848245,0.7759944384848245,0.1603847733162238
86998,remolque,0.9818483242455303,0.7622369974983191,0.9747429528567877,0.9747429528567877,0.007105371388742565
86999,remolque plegable coche,0.123151194370365,0.2638647595767405,0.5585075862632192,0.5585075862632192,-0.4353563918928542
87070,reno blanco navidad,0.9148568823583791,0.6046855387118413,0.7215194105726963,0.7215194105726963,0.19333747178568284
87091,repetidor red wifi,1.0,1.0,1.0,1.0,0.0
87164,repuesto bicicleta electrica,0.6366587127404282,0.7885497208855957,0.92663607790064,0.92663607790064,-0.2899773651602118
87168,repuesto vaso licuadora oster,0.3535124404757274,0.11284514134893527,0.23599633571930026,0.23599633571930026,0.11751610475642713
87177,repuestos saeco poemia,1.0,1.0,1.0,1.0,0.0
87193,resident evil 2 ps4 remake,0.9911205770005563,0.8580265473197273,0.842483313687563,0.8580265473197273,0.13309402968082906
87221,resistencia calor coche,0.6509209298071326,0.18457569677956817,0.46845052016107697,0.46845052016107697,0.1824704096460556
87272,retenedor puerta,1.0,0.77990823370192,1.0,1.0,0.0
87295,retorno ping pong,0.7846170207230131,0.718362797268624,0.7569021067152311,0.7569021067152311,0.027714914007782032
87313,retro,1.0,1.0,1.0,1.0,0.0
87344,retrovisor scooter electrico,1.0,0.9714977244644463,0.9643632283499571,0.9714977244644463,0.028502275535553734
87403,revend skinny hombre gstar raw,1.0,0.77990823370192,0.9305687780632229,0.9305687780632229,0.06943122193677709
87419,revista 18 de superthings,0.3010299956639812,0.31546487678572877,0.3333333333333333,0.3333333333333333,-0.03230333766935212
87430,revlon flex 2 fases nutritivo acondicionador,0.6954632078628534,0.5493086013663016,0.6435089981563973,0.6435089981563973,0.051954209706456145
87463,rexona hombre,1.0,1.0,1.0,1.0,0.0
87481,rfy,1.0,1.0,1.0,1.0,0.0
87489,rgb grafica,0.715550648768261,0.4362115423097745,0.9052116356304495,0.9052116356304495,-0.18966098686218846
87508,rhiannon giddens,0.8643145546088339,0.8630152897016883,0.857980942822373,0.8630152897016883,0.001299264907145603
87677,rii rm100,1.0,1.0,0.9709286432396583,1.0,0.0
87688,rime edicion coleccionista,1.0,0.8772153153380493,1.0,1.0,0.0
87794,rinoduche xl,0.38685280723454163,0.6131471927654584,0.6131471927654584,0.6131471927654584,-0.22629438553091674
87853,rival penelope douglas,0.9558295932317544,0.6366824387328317,0.6366824387328317,0.6366824387328317,0.3191471544989227
87876,rizos perfectos,0.9216017310213247,1.0,0.92663607790064,1.0,-0.0783982689786753
87882,riñonera pequeña mujer,1.0,1.0,1.0,1.0,0.0
87883,riñonera verde,0.88995411685096,0.88995411685096,0.9052116356304495,0.9052116356304495,-0.015257518779489443
87886,riñonesa mujer,1.0,1.0,1.0,1.0,0.0
87895,rj45 sin crimpadora,0.8572048559638626,0.7222954974312067,0.6555476069276601,0.7222954974312067,0.13490935853265595
87963,roberto bassi,0.38685280723454163,0.0,0.3010299956639812,0.3010299956639812,0.08582281157056043
87988,robo kombat twin pack,0.9217868789962071,0.86034433104172,0.7122630665145961,0.86034433104172,0.061442547954487114
88009,robot piscina sin cable,0.826813366651774,0.8486026589039901,0.857980942822373,0.857980942822373,-0.031167576170599065
88024,robusta botas seguridad,0.6131471927654584,0.6131471927654584,0.6131471927654584,0.6131471927654584,0.0
88034,roca cisterna,0.5771493379489848,0.6313419460517602,0.5801476231864474,0.6313419460517602,-0.054192608102775375
88054,rock hudson,0.533722528236359,0.7007731679885375,0.6961622681399229,0.7007731679885375,-0.1670506397521785
88067,rockbros,1.0,1.0,1.0,1.0,0.0
88068,rockbros gafas,1.0,1.0,1.0,1.0,0.0
88133,rod pod carpfishing,0.8550956239938449,0.845519325279726,0.8475028682434304,0.8475028682434304,0.007592755750414515
88141,rodamientos lineales 16mm,1.0,1.0,1.0,1.0,0.0
88162,rodilleras menisco y ligamentos,1.0,1.0,1.0,1.0,0.0
88165,rodilleras skate 187,1.0,1.0,0.9337457765456111,1.0,0.0
88166,rodillo bcool,0.0,0.0,0.43734888382569426,0.43734888382569426,-0.43734888382569426
88187,rog portatil,1.0,0.77990823370192,1.0,1.0,0.0
88210,rointe,0.9305687780632229,0.77990823370192,0.9363792118010483,0.9363792118010483,-0.005810433737825416
88212,roka gafas natacion,0.19519002499605084,0.13905617951077562,0.33424620450682646,0.33424620450682646,-0.13905617951077562
88274,rollaway bed,0.92663607790064,0.7631925784528223,0.88995411685096,0.88995411685096,0.03668196104967991
88336,rollo de plastico protector,0.8669479898642711,1.0,0.7510916729774055,1.0,-0.13305201013572887
88345,rolos dominicanos,0.8118374955798289,0.24891692923220718,0.46618191555368604,0.46618191555368604,0.34565558002614283
88356,romanov,1.0,0.694765116060299,0.9052116356304495,0.9052116356304495,0.09478836436955052
88397,ronner baja temperatura,0.7885497208855957,0.88995411685096,0.9052116356304495,0.9052116356304495,-0.11666191474485377
88484,ropa astronauta,0.3909273842002217,0.6168295842361275,0.5063209639325834,0.6168295842361275,-0.22590220003590583
88498,ropa de desigual,0.9148568823583791,0.8611375561264456,0.9216017310213247,0.9216017310213247,-0.006744848662945557
88511,ropa hombre siksilk,1.0,0.6442227883107536,0.7605591431973849,0.7605591431973849,0.23944085680261507
88512,ropa hombres,1.0,1.0,1.0,1.0,0.0
88518,ropa mochino,0.7065443116025598,0.7100226348397881,1.0,1.0,-0.2934556883974402
88519,ropa mtb hombre invierno termica,0.9060254355346823,0.9060254355346823,0.9469024295259745,0.9469024295259745,-0.04087699399129219
88520,ropa mujer sudaderas sin capucha,0.9216017310213247,0.6987957033953602,0.747935059673333,0.747935059673333,0.17366667134799174
88527,ropa para motos custom,1.0,0.9305687780632229,0.8611375561264456,0.9305687780632229,0.06943122193677709
88532,ropa patrulla canina 3 años,0.9216017310213247,1.0,0.9363792118010483,1.0,-0.0783982689786753
88533,ropa perro,1.0,1.0,1.0,1.0,0.0
88535,ropa premama vestidos,1.0,0.6410457898283654,0.9052116356304495,0.9052116356304495,0.09478836436955052
88538,ropa trabajo hombre,0.9305687780632229,0.8669479898642711,0.7859162856301584,0.8669479898642711,0.06362078819895178
88558,rosa azul preservada,1.0,0.7027284035579431,0.92663607790064,0.92663607790064,0.07336392209936005
88560,rosa bella la bestia,1.0,0.92663607790064,1.0,1.0,0.0
88566,rosas de plastico rojas,0.8603818544462509,0.6036081270984909,0.8364586133797037,0.8364586133797037,0.023923241066547196
88698,rotulador azulejos,0.857980942822373,1.0,0.92663607790064,1.0,-0.14201905717762697
88795,router 4g,1.0,1.0,1.0,1.0,0.0
88825,rowenta plancha pelo sin cable,0.2685357229842324,0.15101961822780524,0.5135312443624667,0.5135312443624667,-0.24499552137823427
88881,royal canin sensitivity control perros,0.9950883841893561,0.9888009031441519,0.9594516125393133,0.9888009031441519,0.006287481045204157
88909,rtatil,0.7065443116025598,0.7951657524814092,0.694765116060299,0.7951657524814092,-0.08862144087884938
89035,rueda de ejercicio para gatos,0.8643145546088339,0.6867151830982592,1.0,1.0,-0.13568544539116612
89043,ruedas retro industrial,0.48877128938335535,0.41042277291186013,0.34954491927658526,0.41042277291186013,0.07834851647149521
89121,rulo camilla masaje,0.718362797268624,0.7569021067152311,0.5548989126424904,0.7569021067152311,-0.038539309446607106
89127,rummo pasta sin gluten,1.0,1.0,0.9052116356304495,1.0,0.0
89131,run the jewels,1.0,1.0,1.0,1.0,0.0
89280,rutas de leyenda para viajar con niños por españa,0.617319681505689,0.6508205185601091,0.6257049680303419,0.6508205185601091,-0.033500837054420085
89410,ryuk figura,1.0,0.3953144612881589,1.0,1.0,0.0
89413,ryzen,1.0,0.9833032486989473,1.0,1.0,0.0
89439,río sagrado,0.8669479898642711,0.633219679627003,0.6442227883107536,0.6442227883107536,0.2227252015535175
89440,römer,1.0,1.0,1.0,1.0,0.0
89454,s.l. aeol service,0.7175177623223635,0.6021313089211305,0.7457912185292984,0.7457912185292984,-0.028273456206934888
89526,sabanas 1.50 coralina burrito blanco,0.38685280723454163,1.0,0.5,1.0,-0.6131471927654584
89534,sabanas infantiles cama 90 niña,0.9363792118010483,1.0,0.8669479898642711,1.0,-0.06362078819895167
89537,sabanas star wars cama 90,0.6835381846158709,0.4256628105513782,0.6403089930936582,0.6403089930936582,0.04322919152221272
89564,saco calor semillas microondas,1.0,1.0,1.0,1.0,0.0
89565,saco cuna invierno,1.0,0.9363792118010483,0.8611375561264456,0.9363792118010483,0.06362078819895167
89566,saco de dormir doble adulto invierno,1.0,0.72891152902702,1.0,1.0,0.0
89569,saco de paseo invierno,1.0,0.9709286432396583,0.7606395682357036,0.9709286432396583,0.02907135676034167
89574,saco kick boxing,1.0,0.8643145546088339,0.8521705090845474,0.8643145546088339,0.13568544539116612
89580,sacos de boxeo,1.0,0.9337457765456111,0.88995411685096,0.9337457765456111,0.06625422345438892
89581,sacos para grupo 0 invierno universal,0.8006937664098821,0.841492960259019,1.0,1.0,-0.1993062335901179
89582,sacos para los ojos,0.8357804136936722,0.7827392871477703,0.599976751690748,0.7827392871477703,0.05304112654590187
89602,sadomaso,0.7702043899253147,0.8482378089219648,0.5637884576902257,0.8482378089219648,-0.07803341899665006
89606,saeyang,0.9363792118010483,1.0,0.9148568823583791,1.0,-0.06362078819895167
89685,sage green keyboard,0.5132045064790346,0.759305398653863,0.72471451675439,0.759305398653863,-0.24610089217482845
89702,said pc,1.0,1.0,1.0,1.0,0.0
89742,sal baja en sodio,0.7846170207230131,0.7702043899253147,0.8521705090845474,0.8521705090845474,-0.0675534883615343
89743,sal marina sin refinar,0.7791714369672128,0.428385432108412,0.5727555047321238,0.5727555047321238,0.20641593223508903
89955,samsung a10 funda pastel,0.9148568823583791,0.9216017310213247,0.77990823370192,0.9216017310213247,-0.006744848662945557
89970,samsung a40 funda,0.6594803070902427,0.6975961695061493,0.7759944384848245,0.7759944384848245,-0.11651413139458178
90020,samsung fold galaxy,1.0,0.8175295903539445,1.0,1.0,0.0
90082,samsung galaxy note 10,0.6934264036172708,0.39780880120575696,0.39780880120575696,0.39780880120575696,0.29561760241151386
90102,samsung galaxy note8,1.0,1.0,0.9469024295259745,1.0,0.0
90136,samsung galaxy s8,1.0,0.45560514958746035,0.9197207891481876,0.9197207891481876,0.08027921085181244
90186,samsung gear s3 frontier,1.0,0.6256646589861505,1.0,1.0,0.0
90236,samsung pendrive,0.9950883841893561,0.3753321301177287,0.43354368307629476,0.43354368307629476,0.5615447011130613
90274,samsung s6 pantalla completa,1.0,0.43067655807339306,0.38685280723454163,0.43067655807339306,0.5693234419266069
90281,samsung s8,1.0,0.2893079283427616,0.8529278650606567,0.8529278650606567,0.14707213493934335
90287,samsung s8 fundas,1.0,1.0,1.0,1.0,0.0
90291,samsung s9,0.9047172294870751,0.407591902495008,1.0,1.0,-0.09528277051292489
90421,sandalias tacon cordones mujer,0.6509209298071326,0.46845052016107697,0.6934264036172708,0.6934264036172708,-0.04250547381013825
90422,sandalias zuecos mujer,1.0,0.9363792118010483,0.7542686714597937,0.9363792118010483,0.06362078819895167
90507,santa claus,1.0,1.0,1.0,1.0,0.0
90537,sanyo eneloop,0.8630152897016883,0.9363792118010483,0.7510916729774055,0.9363792118010483,-0.07336392209936005
90540,saomi redmi note 8 pro,1.0,1.0,1.0,1.0,0.0
90591,sarten de buyer,1.0,1.0,1.0,1.0,0.0
90592,sarten de cobre,0.79254709692678,0.9062596095782314,0.8351142097265216,0.9062596095782314,-0.11371251265145133
90598,sarten wmf,1.0,1.0,1.0,1.0,0.0
90601,sartenes sin teflon,0.6812060741152738,0.2745478892647209,0.44270017573363174,0.44270017573363174,0.23850589838164205
90662,satisfayer pro 2 vibration,0.8104616303452686,0.8157259650369636,0.8104616303452686,0.8157259650369636,-0.005264334691694961
90664,satisfyer estimulador,0.8122682216087223,0.7618017901203944,0.7227265726449519,0.7618017901203944,0.050466431488327856
90665,satisfyer next generation pro 2,0.9197207891481876,0.9197207891481876,0.9197207891481876,0.9197207891481876,0.0
90667,satisfyer pro 2 next generation - estimulador,0.8519590445170673,0.8519590445170673,0.86034433104172,0.86034433104172,-0.008385286524652757
90669,satisfyer succionador mujer pro 2,0.5087403079104241,0.10209739512291163,0.0,0.10209739512291163,0.4066429127875125
90672,satseupser libro,0.8175295903539445,0.6131471927654584,0.6131471927654584,0.6131471927654584,0.2043823975884861
90698,sauna con ducha,0.34304271142002485,0.3085246824454944,0.34304271142002485,0.34304271142002485,0.0
90745,sawyer bicicleta sin pedales,0.5541432109622959,0.45374257454118555,0.42520843362602384,0.45374257454118555,0.10040063642111036
90901,schleich,1.0,1.0,1.0,1.0,0.0
90962,schwarzkopf tinte sin amoniaco,0.7352996175880481,0.5725185965839159,0.6836550817096437,0.6836550817096437,0.05164453587840434
91007,sckeacher mujer sandalias,0.951231200062686,0.2001366809542687,0.9896062251871525,0.9896062251871525,-0.038375025124466444
91327,seahawks t shirt,0.741670249010153,0.7720617383222419,0.77990823370192,0.77990823370192,-0.03823798469176698
91360,seascooter bateria,0.5321408435198609,0.3024038304938509,0.460012661100461,0.460012661100461,0.07212818241939989
91375,seastar direccion hidraulica,1.0,0.39780880120575696,0.6934264036172708,0.6934264036172708,0.3065735963827292
91399,seat león fr,0.0,0.3333333333333333,0.0,0.3333333333333333,-0.3333333333333333
91404,seating plan,0.8735286486161714,0.9120345678990496,0.9202054614375518,0.9202054614375518,-0.046676812821380365
91426,secador de pelo,1.0,0.7411902110103873,1.0,1.0,0.0
91427,secador de pelo sin cable,0.5203978935105924,0.22485174766247448,0.0,0.22485174766247448,0.2955461458481179
91430,secador de viaje,1.0,0.9216017310213247,1.0,1.0,0.0
91431,secador pelo 500w,0.9047172294870751,0.8048099750039491,0.8048099750039491,0.8048099750039491,0.09990725448312598
91432,secador pelo giubra,0.9292442392789195,0.9292442392789195,0.9292442392789195,0.9292442392789195,0.0
91434,secador pelo profesional babyliss,1.0,0.7819835854675756,0.9363792118010483,0.9363792118010483,0.06362078819895167
91435,secadora bosch bomba de calor,0.9950883841893561,0.8887517031591262,0.9950883841893561,0.9950883841893561,0.0
91442,second nature,1.0,0.8263333286520084,1.0,1.0,0.0
91507,seda natural sin teñir,1.0,1.0,0.9134015924715543,1.0,0.0
91541,sega mega drive mini,1.0,1.0,0.9197207891481876,1.0,0.0
91546,seguir sin ti jorge bucay,0.8207658584763088,0.8357799744028239,0.7227265726449519,0.8357799744028239,-0.015014115926515137
91556,seiko,1.0,1.0,1.0,1.0,0.0
91584,seis cuentos morales,1.0,1.0,1.0,1.0,0.0
91588,sekonic,1.0,1.0,0.92663607790064,1.0,0.0
91592,selectividad lengua,0.9197207891481876,0.8503449055347546,0.5109559939712153,0.8503449055347546,0.06937588361343294
91690,semillas diente de leon,1.0,1.0,1.0,1.0,0.0
91725,sensi seeds cbd oil,0.6049306994552042,0.6112833214150002,0.8519590445170673,0.8519590445170673,-0.2470283450618631
91753,sentiflore,1.0,1.0,1.0,1.0,0.0
91761,separador ropa interior,1.0,1.0,1.0,1.0,0.0
91807,serena pokemon,0.7920874914199381,0.4367467095119258,0.38364913903790027,0.4367467095119258,0.35534078190801227
91815,sergio tacchini hombre zapatillas,0.685119869332369,0.685119869332369,0.8521705090845474,0.8521705090845474,-0.16705063975217838
91853,serum neostrata,1.0,0.9833032486989473,0.8283813528274905,0.9833032486989473,0.016696751301052748
91867,servidor intel xeon,1.0,0.826813366651774,0.9305687780632229,0.9305687780632229,0.06943122193677709
91870,servilletas de tela,1.0,1.0,1.0,1.0,0.0
91886,sesion fotos bebe niña,1.0,0.826813366651774,1.0,1.0,0.0
91897,set de utensilios de cocina,1.0,1.0,1.0,1.0,0.0
91898,set degradado,0.5706417189553201,0.5706417189553201,0.6052602440527057,0.6052602440527057,-0.03461852509738561
91901,set juegos jardin,0.747935059673333,0.513528549750033,0.706583601726363,0.706583601726363,0.04135145794696993
91903,set maquillaje profesional completo,0.9363792118010483,0.9363792118010483,0.9216017310213247,0.9363792118010483,0.0
91916,set perfume light blue,0.9337457765456111,0.823699893396571,0.9148568823583791,0.9148568823583791,0.01888889418723194
92134,señal v16,1.0,0.9441592263400607,1.0,1.0,0.0
92135,señuelos poper,1.0,0.8486026589039901,0.8415908474314977,0.8486026589039901,0.15139734109600989
92277,shark,0.9197207891481876,0.8772153153380493,0.5706417189553201,0.8772153153380493,0.04250547381013825
92279,shark car hot wheels,1.0,0.3333333333333333,0.2890648263178879,0.3333333333333333,0.6666666666666667
92458,shein ropa niña,0.0,0.0,0.0,0.0,0.0
92638,shisas,0.3133689519796274,0.23722561126224387,0.33810370817087787,0.33810370817087787,-0.024734756191250484
92719,shoe tree,0.9148568823583791,0.8115558478722846,1.0,1.0,-0.08514311764162086
93135,sidiwen android 9.0,0.9337457765456111,1.0,0.8643145546088339,1.0,-0.06625422345438892
93141,sierra circular black and decker,0.9083745556952363,0.9521948634779609,0.8468274504638792,0.9521948634779609,-0.04382030778272461
93151,siesta sudadera,1.0,1.0,1.0,1.0,0.0
93154,sifon acuario,1.0,1.0,1.0,1.0,0.0
93155,sifon blanco lavabo,0.7125523635307983,0.542364015420035,0.7846170207230131,0.7846170207230131,-0.07206465719221478
93207,silbon hombre ropa,0.3391602052736161,0.5087403079104241,0.45221360703148816,0.5087403079104241,-0.169580102636808
93244,silicona gris antimoho,0.7365896932159578,0.6595629128335778,0.6436579276931672,0.6595629128335778,0.07702678038237998
93380,silla bar,0.8318477135310892,0.9337457765456111,0.9216017310213247,0.9337457765456111,-0.10189806301452187
93385,silla coche grupo 2-3 isofix,0.8115558478722846,0.7819835854675756,0.7600791051976192,0.7819835854675756,0.029572262404709004
93388,silla con ruedas para oficina,0.9216017310213247,0.77990823370192,0.77990823370192,0.77990823370192,0.14169349731940473
93401,silla estetica,0.781144079120574,0.8225346955790378,0.7733542529583558,0.8225346955790378,-0.04139061645846376
93405,silla gamer rosa,0.9337457765456111,0.9052116356304495,0.8521705090845474,0.9052116356304495,0.0285341409151616
93413,silla naturehike,1.0,1.0,1.0,1.0,0.0
93414,silla niño,0.8572048559638626,0.9216017310213247,0.618519700841442,0.9216017310213247,-0.06439687505746206
93419,silla taburete,0.92663607790064,0.9216017310213247,0.77990823370192,0.9216017310213247,0.005034346879315255
93421,sillas ancho patas 42cm,0.8611375561264456,0.6402900881481708,0.6311443278613472,0.6402900881481708,0.22084746797827481
93431,sillas escritorio sin ruedas,0.706100342134181,0.3226323993355606,0.13743816645714543,0.3226323993355606,0.38346794279862045
93433,sillas giratorias sin ruedas,0.0,0.2890648263178879,0.0,0.2890648263178879,-0.2890648263178879
93434,sillas green forest,0.43067655807339306,0.38685280723454163,0.5,0.5,-0.06932344192660694
93436,sillas niños,0.830419897363192,0.4599715079731103,0.6024169559021868,0.6024169559021868,0.2280029414610052
93437,sillas oficina ergonomicas,0.9911205770005563,0.6934547026244658,0.9815441540827995,0.9815441540827995,0.009576422917756844
93439,sillas para niñas,0.7238911047912078,0.42507895232375664,0.5873259502392343,0.5873259502392343,0.1365651545519735
93442,sillas y mesasa de exterior hosteleria,0.5,0.0,0.0,0.0,0.5
93443,sillin bicicleta blanco,0.9363792118010483,0.8415908474314977,0.7682269253321375,0.8415908474314977,0.09478836436955063
93451,sillon ortopedico reclinable,1.0,0.8669479898642711,0.9305687780632229,0.9305687780632229,0.06943122193677709
93453,sillon relax rotai,0.5672274908036509,0.6840182226156366,0.6235540477207573,0.6840182226156366,-0.11679073181198574
93464,sillón del amor,0.38685280723454163,0.5640920940185894,0.19342640361727081,0.5640920940185894,-0.17723928678404777
93610,simcity pc,0.8572048559638626,0.8415908474314977,0.8364586133797037,0.8415908474314977,0.015614008532364942
93796,sirface pro,1.0,1.0,1.0,1.0,0.0
93803,sirope de datil,0.9550236580992476,0.7095272044910244,0.9550236580992476,0.9550236580992476,0.0
93812,sisley ropa mujer,1.0,1.0,1.0,1.0,0.0
93814,sistema corredera puerta,0.7065632165480473,0.9052116356304495,0.5774250016294137,0.9052116356304495,-0.19864841908240216
93928,skate electrico adulto,0.92663607790064,0.8611375561264456,0.9148568823583791,0.9148568823583791,0.011779195542260812
93967,skechers d lite niña,0.7420427805456776,0.591176585485452,0.4136877383108716,0.591176585485452,0.15086619506022558
93973,skechers hombres,1.0,1.0,1.0,1.0,0.0
94018,sketcher mujeres sin cordones,0.6177639991612476,0.4924605972327181,0.5736899196572437,0.5736899196572437,0.04407407950400388
94242,skyn condoms,1.0,1.0,1.0,1.0,0.0
94252,skyzzie,0.8118374955798289,0.7251236670857091,0.9083745556952363,0.9083745556952363,-0.09653706011540741
94253,sl 72 adidas,1.0,0.9202054614375518,0.9782917460822231,0.9782917460822231,0.021708253917776865
94257,slahs valkirie,1.0,1.0,1.0,1.0,0.0
94338,sleepy puppy,1.0,1.0,0.5,1.0,0.0
94453,slimes fluffy grandes y baratos,0.88995411685096,0.8357804136936722,0.88995411685096,0.88995411685096,0.0
94503,slip superman hombre,0.13012668333070054,0.0,0.0,0.0,0.13012668333070054
94519,slips unno sin costuras,0.718362797268624,0.4647456832249362,0.4825387500873844,0.4825387500873844,0.23582404718123956
94555,slr magic,0.5827974955243853,0.2247194739855928,0.36296602664297095,0.36296602664297095,0.21983146888141436
95053,smart tv,1.0,1.0,1.0,1.0,0.0
95057,smart tv 32 wifi,1.0,0.9305687780632229,0.9363792118010483,0.9363792118010483,0.06362078819895167
95058,smart tv 50 pulgadas 4k,1.0,0.7975167679274939,0.7534494445524139,0.7975167679274939,0.20248323207250607
95076,smart watch men,1.0,1.0,1.0,1.0,0.0
95104,smartphone blanco,0.8454256604216018,0.7215194105726963,0.7846170207230131,0.7846170207230131,0.06080863969858874
95119,smartwatch,1.0,1.0,1.0,1.0,0.0
95129,smartwatch niño,1.0,1.0,1.0,1.0,0.0
95130,smartwatch sin tarjeta sim,0.7917063341896683,0.28744763646920174,0.40927271516050273,0.40927271516050273,0.38243361902916556
95140,smarty box dia de la madre,0.7976403384579975,0.5896084319766757,0.8486987932505933,0.8486987932505933,-0.05105845479259574
95149,smeg frigorifico,0.7967610662472993,0.8512360941594275,0.727329844310522,0.8512360941594275,-0.054475027912128215
95150,smeg induccion,1.0,1.0,1.0,1.0,0.0
95244,snack edamame,1.0,0.7383279578148271,0.9495662644168644,0.9495662644168644,0.050433735583135575
95317,snatam kaur,1.0,1.0,1.0,1.0,0.0
95560,sobre plastico transparente,0.897617883552293,0.6887841483036673,0.8325036712789009,0.8325036712789009,0.06511421227339209
95566,sobuy mes alta,0.9363792118010483,0.8415908474314977,0.9216017310213247,0.9216017310213247,0.014777480779723629
95668,sofa 2 plazas sin reposabrazos,0.4747204845360814,0.0,0.19526086862591915,0.19526086862591915,0.2794596159101622
95683,sofa piel blanco,0.8006937664098821,0.6659485553357845,0.7026305163854646,0.7026305163854646,0.09806325002441751
95802,sofás habitación,0.9148568823583791,0.7564477297898766,0.6969383549984333,0.7564477297898766,0.15840915256850252
95803,sofás jardin exterior,0.857980942822373,0.37960256558331523,0.7702043899253147,0.7702043899253147,0.08777655289705832
95967,sombreros de paja niña,0.9052116356304495,0.9305687780632229,0.9305687780632229,0.9305687780632229,-0.025357142432773427
95970,sombreros piratas,1.0,0.8611375561264456,0.9337457765456111,0.9337457765456111,0.06625422345438892
96064,sons of anarchy poster,1.0,1.0,1.0,1.0,0.0
96108,sony dslr,1.0,0.2090905274901754,0.7227265726449519,0.7227265726449519,0.2772734273550481
96110,sony e gran angular,0.3597099118518293,0.5925846332364245,0.5193185983095429,0.5925846332364245,-0.2328747213845952
96121,sony gran angular objetivo,0.8486026589039901,0.5509662124799076,0.7630946912803437,0.7630946912803437,0.08550796762364643
96195,sophie saint rose,0.5801011487023698,0.5773584151532217,0.32097939710179135,0.5773584151532217,0.002742733549148113
96202,soporte aire acondicionado ventana,0.8643145546088339,0.727329844310522,0.6936634693435664,0.727329844310522,0.13698471029831194
96204,soporte barra armario habitacion,0.7087212693585175,0.6525874238732423,0.5143371794949736,0.6525874238732423,0.056133845485275224
96206,soporte botella bicicleta sin tornillos,0.9305687780632229,0.9052116356304495,0.7885497208855957,0.9052116356304495,0.025357142432773427
96214,soporte de movil con sensor,1.0,1.0,1.0,1.0,0.0
96215,soporte de tortas,1.0,1.0,1.0,1.0,0.0
96219,soporte horquilla bicicleta eje pasante 12x100,0.8111564709904158,0.7895607149020191,0.4434915012085206,0.7895607149020191,0.0215957560883967
96220,soporte huevos,1.0,1.0,1.0,1.0,0.0
96222,soporte jamon sin hueso,0.7065443116025598,0.3372080579682882,0.7909506325094736,0.7909506325094736,-0.0844063209069138
96229,soporte movil,1.0,1.0,1.0,1.0,0.0
96233,soporte para altavoces home cinema,1.0,1.0,1.0,1.0,0.0
96235,soporte para brochas de maquillaje,1.0,1.0,1.0,1.0,0.0
96239,soporte para estanterias,0.8486026589039901,0.7534494445524139,0.8482378089219648,0.8482378089219648,0.00036484998202535035
96243,soporte pedales thrustmaster,0.27426546945536817,0.40030566811860474,0.5231737964779629,0.5231737964779629,-0.24890832702259474
96249,soporte tablet coche,1.0,1.0,1.0,1.0,0.0
96250,soporte tablet para coche,1.0,1.0,1.0,1.0,0.0
96251,soporte teclado piano 76 teclas,0.971476156593264,0.6025971538276527,0.5846156829012062,0.6025971538276527,0.36887900276561136
96256,soportes estanterias pared,0.9363792118010483,1.0,1.0,1.0,-0.06362078819895167
96400,soñador despierta,1.0,0.2960819109658652,0.6039071644781281,0.6039071644781281,0.3960928355218719
96467,spalding tf50,0.9796825595768973,0.9876712785649565,0.8486987932505933,0.9876712785649565,-0.007988718988059196
96547,spartacus bluray,0.7447855140948257,0.888111130388384,0.8891085695884217,0.8891085695884217,-0.14432305549359592
96558,spconect,1.0,0.699473903081392,1.0,1.0,0.0
96643,speed tubes kit completo,0.31546487678572877,0.5,0.31546487678572877,0.5,-0.18453512321427123
96663,speedway mini 4 pro,0.14126697285982898,0.20210734650054757,0.0,0.20210734650054757,-0.06084037364071859
96802,spiderman ultimate,0.88995411685096,0.8643145546088339,0.8611375561264456,0.8643145546088339,0.025639562242126157
96855,spinner patinaje,0.7470572972323428,0.4597307900205735,0.5402692099794264,0.5402692099794264,0.20678808725291642
97004,sportiva akira,0.9803771474638899,0.7601136219697596,0.9594516125393133,0.9594516125393133,0.020925534924576605
97078,spray desinfectante sanitario,0.8553475075669357,0.77990823370192,0.92663607790064,0.92663607790064,-0.07128857033370428
97085,spray impermeabilizante calzado,1.0,1.0,1.0,1.0,0.0
97123,springsteen,0.7102883736462104,0.5663116547472845,0.5720974291437665,0.5720974291437665,0.13819094450244396
97133,sprint futbol,0.36865805394823997,0.3159817773843635,0.5637884576902257,0.5637884576902257,-0.1951304037419857
97176,squalane ordinary,0.7957503936198024,0.5277610693352978,0.7450260556567766,0.7450260556567766,0.05072433796302578
97273,sram gx eagle 12v,0.3065735963827292,0.5714285040141098,0.3065735963827292,0.5714285040141098,-0.26485490763138064
97286,ssd,0.7885497208855957,0.3889808495016982,0.6758704024811183,0.6758704024811183,0.11267931840447742
97300,ssd 500 gb,0.9888009031441519,0.5462169152524982,0.7361466326573332,0.7361466326573332,0.25265427048681877
97626,star trek discovery,0.9145683473035052,0.6634386775986221,0.49453629562982365,0.6634386775986221,0.25112966970488315
97773,starter relay,1.0,1.0,1.0,1.0,0.0
97868,stee lauder stay in place,0.9363792118010483,0.9052116356304495,0.9337457765456111,0.9337457765456111,0.002633435255437244
97946,sten subfusil,0.5598144536257148,0.715696758318853,0.6333518746717375,0.715696758318853,-0.15588230469313824
97968,step fitness de 1 metro,0.1909208661789347,0.5407153339336951,0.23877292085081495,0.5407153339336951,-0.3497944677547604
98407,strand of oaks harder love,1.0,1.0,1.0,1.0,0.0
98529,strength bands,0.9337457765456111,0.8611375561264456,0.8357804136936722,0.8611375561264456,0.07260822041916548
98573,strimmer,0.4371994911049732,0.21398626473452756,0.3391602052736161,0.3391602052736161,0.09803928583135707
98791,suavinex bebe,1.0,1.0,1.0,1.0,0.0
98795,sub c nimh batteries,0.8669479898642711,0.5017289690294564,0.8669479898642711,0.8669479898642711,0.0
98808,subcionador de clitorix pro 2,1.0,1.0,1.0,1.0,0.0
98815,submarino rc con camara,0.6836550817096437,0.34253478790662806,0.759737292382243,0.759737292382243,-0.07608221067259924
98818,subrayador escaner,0.7877736340270853,0.4362115423097745,0.7162874455029682,0.7162874455029682,0.07148618852411714
98838,succionador de cliroris,1.0,1.0,1.0,1.0,0.0
98852,sucesión serie,0.8318724637288826,0.13905617951077562,0.49820370960044086,0.49820370960044086,0.3336687541284417
98868,sudadera adidas match,1.0,1.0,0.5,1.0,0.0
98875,sudadera disney,1.0,1.0,1.0,1.0,0.0
98880,sudadera frida kahlo mujer,1.0,1.0,1.0,1.0,0.0
98883,sudadera halloween hombre,0.7277107345829028,0.5320983164409243,0.9429942892150167,0.9429942892150167,-0.2152835546321139
98884,sudadera hombre cremallera sin capucha,0.9148568823583791,0.35895421017163476,0.24309789328476908,0.35895421017163476,0.5559026721867444
98892,sudadera morada niño,0.9911205770005563,0.7217553874814915,0.9950883841893561,0.9950883841893561,-0.0039678071887997435
98896,sudadera mujer negra nike,0.8486026589039901,0.7702043899253147,0.8701249883466594,0.8701249883466594,-0.021522329442669297
98902,sudadera para niño roblox,0.727329844310522,0.7655934900767002,0.92663607790064,0.92663607790064,-0.199306233590118
98905,sudadera roja niña,1.0,1.0,1.0,1.0,0.0
98913,sudaderas adolescente,1.0,1.0,1.0,1.0,0.0
98914,sudaderas alitas,0.8611375561264456,0.6563033086078547,0.77990823370192,0.77990823370192,0.08122932242452563
98921,sudaderas hombre baratas,1.0,0.727329844310522,1.0,1.0,0.0
98922,sudaderas hombre puma,1.0,1.0,1.0,1.0,0.0
98924,sudaderas hombres new balance,1.0,1.0,1.0,1.0,0.0
98925,sudaderas hombres sin capucha,0.6214011939609387,0.14876390584057272,0.347911811364081,0.347911811364081,0.27348938259685773
98926,sudaderas largas,0.9148568823583791,0.88995411685096,0.9216017310213247,0.9216017310213247,-0.006744848662945557
98933,sudaderas north face hombre,0.7827392871477703,0.662791942031712,0.685119869332369,0.685119869332369,0.09761941781540129
98934,sudaderas tumblr baratas,1.0,1.0,1.0,1.0,0.0
98935,sudarera de mujer lisa blanca,0.87710683944726,0.33035212218808513,0.6766267238974651,0.6766267238974651,0.20048011554979484
98951,suelo bebe,0.88995411685096,0.9216017310213247,0.9148568823583791,0.9216017310213247,-0.03164761417036466
98957,suelos para cocinas sin obras,0.6754160255557639,0.22793826167775835,0.526612829591388,0.526612829591388,0.14880319596437586
99028,sujetacabezas coche niños,0.9337457765456111,0.88995411685096,1.0,1.0,-0.06625422345438892
99030,sujetador 100b,0.805516250204893,0.37041969783702716,0.6567337707957821,0.6567337707957821,0.14878247940911093
99031,sujetador algodon sin aros,0.77990823370192,0.9052116356304495,0.9216017310213247,0.9216017310213247,-0.14169349731940473
99032,sujetador algodon sin tirantes,0.639945385422766,0.4468535299918563,0.10699313236726378,0.4468535299918563,0.19309185543090973
99033,sujetador azul marino,0.9148568823583791,0.7975167679274939,0.7975167679274939,0.7975167679274939,0.11734011443088521
99036,sujetador deportivo push up con relleno,0.7975167679274939,0.7162874455029682,0.8263333286520084,0.8263333286520084,-0.02881656072451444
99038,sujetador dim sin aros,0.8701249883466594,0.8669479898642711,0.7818048722226502,0.8669479898642711,0.0031769984823882824
99040,sujetador pegatina push up,0.7917063341896683,1.0,1.0,1.0,-0.2082936658103317
99041,sujetador playtex sin aros algodon,0.7846170207230131,0.7411902110103873,0.7421246259355073,0.7421246259355073,0.04249239478750577
99045,sujetador reductor sin aros,0.9363792118010483,0.7624164915943119,0.7104770117651427,0.7624164915943119,0.17396272020673642
99048,sujetador solo con tirantes,0.5368103404171508,0.7818048722226502,0.7702043899253147,0.7818048722226502,-0.24499453180549935
99049,sujetadores deportivos tallas grandes,1.0,0.92663607790064,1.0,1.0,0.0
99052,sujetadores sin costuras,1.0,0.9052116356304495,0.7827392871477703,0.9052116356304495,0.09478836436955052
99153,sun parasol,0.8630152897016883,0.8701249883466594,0.713654010247531,0.8701249883466594,-0.00710969864497113
99263,suns booker,0.7846170207230131,0.727329844310522,0.7846170207230131,0.7846170207230131,0.0
99264,sunsa vintage bolsos,0.9148568823583791,0.35781327333109914,0.8454256604216018,0.8454256604216018,0.06943122193677731
99322,super mario bros wii juego,0.6546154994739983,0.8529278650606567,0.8451850618939637,0.8529278650606567,-0.19831236558665832
99327,super mario odyssey,0.7653606369886217,0.7864724919925569,0.7864724919925569,0.7864724919925569,-0.021111855003935198
99329,super mario odyssey nintendo switch,0.8315546295836225,0.6934264036172708,0.45560514958746035,0.6934264036172708,0.13812822596635166
99375,superficie sin toma de tierra,0.8006937664098821,0.8006937664098821,0.8521705090845474,0.8521705090845474,-0.05147674267466529
99400,superman hijo rojo figura,0.6442884260490733,0.6763021500567697,0.7617203860460268,0.7617203860460268,-0.11743195999695344
99409,supermercado de madera,0.7827392871477703,0.7015099647232446,0.7917063341896683,0.7917063341896683,-0.00896704704189799
99535,surtido galletas sin azucar,0.8502983370860306,0.544192623472237,0.7682972668889274,0.7682972668889274,0.08200107019710323
99551,susaderas,1.0,1.0,1.0,1.0,0.0
99789,swiffer xxl,0.6489315753318466,0.6421867266689011,0.4373524791503101,0.6421867266689011,0.006744848662945557
99917,switch kvm,1.0,1.0,1.0,1.0,0.0
99974,syllable s101 auriculares,0.6131471927654584,0.6131471927654584,0.6131471927654584,0.6131471927654584,0.0
100012,szymborska,1.0,0.9363792118010483,1.0,1.0,0.0
100013,sábana de microlina,1.0,0.6410457898283654,1.0,1.0,0.0
100039,t racers magic box,0.46900009332067494,0.7605591431973849,0.88995411685096,0.88995411685096,-0.4209540235302851
100088,t26 led,1.0,1.0,1.0,1.0,0.0
100096,t5 led osram,0.5,0.43067655807339306,0.38685280723454163,0.43067655807339306,0.06932344192660694
100125,tabets baratas,1.0,1.0,1.0,1.0,0.0
100221,tablet,1.0,1.0,1.0,1.0,0.0
100256,tableta gráfica wacom pantalla,0.5143371794949736,0.7365896932159578,0.5143371794949736,0.7365896932159578,-0.2222525137209842
100257,tabletas gráficas con pantalla,1.0,1.0,0.9337457765456111,1.0,0.0
100264,tablets 10 pulgadas teclast,0.7162874455029682,0.6371130896657825,0.713654010247531,0.713654010247531,0.002633435255437244
100267,tablets con gps,1.0,0.8611375561264456,1.0,1.0,0.0
100270,tablets infantiles,0.77990823370192,0.8165901947515999,1.0,1.0,-0.22009176629808003
100277,tablilla entelada,1.0,1.0,1.0,1.0,0.0
100280,tablón madera escritorio,0.9148568823583791,0.8165901947515999,0.9216017310213247,0.9216017310213247,-0.006744848662945557
100283,taburete bajo vintage,1.0,1.0,1.0,1.0,0.0
100285,taburete cocina transparentes,0.615733440277688,0.0,0.24816574496561808,0.24816574496561808,0.3675676953120699
100286,taburete con reposabrazos giratorio,0.7818048722226502,0.7059054020403313,0.8263333286520084,0.8263333286520084,-0.04452845642935821
100289,taburete plegables,0.6366824387328317,0.6366824387328317,0.8396538878217249,0.8396538878217249,-0.2029714490888932
100293,taburetes madera,1.0,1.0,1.0,1.0,0.0
100309,tacklife detector de metales,0.46927872602275644,0.0,0.15642624200758548,0.15642624200758548,0.31285248401517096
100311,tacklife m1 compresor aire coche,0.3065735963827292,1.0,0.0,1.0,-0.6934264036172708
100324,tacon buganvilla,1.0,0.77990823370192,0.9337457765456111,0.9337457765456111,0.06625422345438892
100325,tacones,1.0,1.0,1.0,1.0,0.0
100368,tacx rodillo smart,0.7753366239771086,0.7569021067152311,0.6496872770120412,0.7569021067152311,0.018434517261877503
100385,tag formula 1,0.8611375561264456,0.9216017310213247,0.6777277508780453,0.9216017310213247,-0.0604641748948791
100388,tag heuer reloj hombre,0.6698623505528799,0.9337457765456111,0.8701249883466594,0.9337457765456111,-0.2638834259927312
100408,tail butt plug,0.5994293804883523,0.8232006379497264,0.8152568591281436,0.8232006379497264,-0.22377125746137416
100429,takashi murakami,0.8881917374298554,0.882892613843742,0.8909510095528637,0.8909510095528637,-0.002759272123008305
100455,taladro 24v batería,1.0,0.3010299956639812,0.0,0.3010299956639812,0.6989700043360187
100461,taladro percutor einhell,1.0,1.0,1.0,1.0,0.0
100464,taladros atornilladores a bateria 21v,1.0,0.791726719367984,1.0,1.0,0.0
100526,taller de carpintero,0.7624164915943119,0.8165901947515999,0.7630946912803437,0.8165901947515999,-0.05417370315728798
100556,tamron sp 35mm f 1.8 di vc usd,0.6131471927654584,0.38685280723454163,0.6131471927654584,0.6131471927654584,0.0
100591,tanga sin costuras hombre,0.6496872770120412,0.7125523635307983,0.7116179486056783,0.7125523635307983,-0.06286508651875711
100660,tapa cajas de luz,0.7778721720600673,0.7788065869851875,0.8486026589039901,0.8486026589039901,-0.0707304868439228
100661,tapa inodoro redonda roca,0.7191184989488185,0.7534494445524139,0.5551469705065497,0.7534494445524139,-0.0343309456035954
100662,tapa inodoro sin tornillos,0.8364586133797037,0.41125017975368,0.7682269253321375,0.7682269253321375,0.06823168804756619
100671,tapacubos r14,1.0,1.0,1.0,1.0,0.0
100676,tapas de silicona reutilizables ecológicas,1.0,1.0,1.0,1.0,0.0
100714,tapete decoración tarta,1.0,1.0,1.0,1.0,0.0
100719,tapices pared,1.0,1.0,1.0,1.0,0.0
100721,tapiflex 150x200 sin patas,0.36650177721905447,0.1930505095243496,0.3163449182903564,0.3163449182903564,0.05015685892869809
100737,taquilla con llave,0.7819835854675756,0.3699573188553854,0.33816867746367263,0.3699573188553854,0.4120262666121902
100754,tarjeta impresora 3d,0.0,0.0,0.0,0.0,0.0
100764,tarjeta sd 64gb,1.0,1.0,1.0,1.0,0.0
100767,tarjetas de visita en blanco,0.9148568823583791,0.6678262889110272,0.5680035776621611,0.6678262889110272,0.2470305934473519
100770,tarjetas navideñas divertidas,0.8701249883466594,0.7312625444731049,0.8701249883466594,0.8701249883466594,0.0
100772,tarjetas sim prepago,1.0,1.0,1.0,1.0,0.0
100773,tarjetas xqd,1.0,0.45824474400474136,0.22290869782240583,0.45824474400474136,0.5417552559952586
100775,tarjetero movil silicona,1.0,1.0,1.0,1.0,0.0
100790,tarritos de cristal pequeños con tapa,1.0,1.0,1.0,1.0,0.0
100793,tarros de cristal con tapa,1.0,1.0,1.0,1.0,0.0
100856,tatuaje serpiente,0.8784964149251224,0.8104616303452686,0.6027730669415465,0.8104616303452686,0.06803478457985379
100857,tatuajes temporales niños,1.0,1.0,1.0,1.0,0.0
100858,tauchmeister,0.9052116356304495,1.0,1.0,1.0,-0.09478836436955052
100885,taza abuelo mr wonderful,0.5943907508440193,0.644824486427155,0.5413753343496285,0.644824486427155,-0.050433735583135686
100886,taza automatica,0.9363792118010483,1.0,1.0,1.0,-0.06362078819895167
100901,tazas bormioli,1.0,0.8200685179888284,0.8512360941594275,0.8512360941594275,0.14876390584057253
100939,tds xiaomi,1.0,1.0,1.0,1.0,0.0
100940,te alquilo mi amor,0.9674679834891693,0.9469024295259745,0.9674679834891693,0.9674679834891693,0.0
100942,te azul oolong bolsitas,0.6749359875559983,0.45767527470376834,0.4977962688668736,0.4977962688668736,0.17713971868912465
100944,te chai sin azucar,0.535254316775064,0.791726719367984,0.8263333286520084,0.8263333286520084,-0.2910790118769444
101110,tec moon colchon,1.0,0.6410457898283654,1.0,1.0,0.0
101139,teclado bluetooth sin receptor,0.8630152897016883,0.06943122193677728,0.6403089930936582,0.6403089930936582,0.2227062966080301
101143,teclado funda surface pro 6,0.7495275800817669,0.37079398245749273,0.6891352018239085,0.6891352018239085,0.06039237825785837
101145,teclado inalámbrico,0.9363792118010483,1.0,1.0,1.0,-0.06362078819895167
101148,teclado mecanico cherry mx blue,0.8922108454754891,0.6073441914885231,0.7928580195906539,0.7928580195906539,0.09935282588483518
101150,teclado mecánico,0.9363792118010483,0.8611375561264456,0.7467045958894682,0.8611375561264456,0.07524165567460273
101151,teclado mesi,0.22466337602289158,0.5430029249822635,0.41310752815060703,0.5430029249822635,-0.318339548959372
101154,teclado para playstation 4,0.8932076516505887,0.7392674247768478,0.8936633189697701,0.8936633189697701,-0.000455667319181452
101155,teclado para samsung galaxy tab a sm- t550,0.4822987244600303,0.24630238874073,0.19519002499605084,0.24630238874073,0.23599633571930032
101163,teclado y raton gaming,0.7917063341896683,0.8701249883466594,0.92663607790064,0.92663607790064,-0.13492974371097166
101167,teclados mecanicos cherry mini,1.0,1.0,0.8773497378596238,1.0,0.0
101168,teclados originales,0.6659485553357845,0.699473903081392,0.5645252544249328,0.699473903081392,-0.03352534774560756
101169,tecnica contable,1.0,0.9895948844467957,0.9230390249121357,0.9895948844467957,0.010405115553204336
101170,tecnicas para pintar niños,0.6809047493604335,0.3948600843628045,0.2719144540092836,0.3948600843628045,0.28604466499762904
101235,teenage shutdown!,0.9148568823583791,0.9052116356304495,0.88995411685096,0.9052116356304495,0.009645246727929657
101264,tefal electrica picadoras,1.0,1.0,0.8529278650606567,1.0,0.0
101275,tejido sin tejer,1.0,1.0,1.0,1.0,0.0
101282,tela asfáltica autoadhesiva,0.9197207891481876,0.8503449055347546,0.8772153153380493,0.8772153153380493,0.04250547381013825
101283,tela azul por metros,0.6468562235661909,0.7542686714597937,0.6442227883107536,0.7542686714597937,-0.10741244789360282
101284,tela de gasa blanca por metros,0.43067655807339306,0.5,0.6309297535714575,0.6309297535714575,-0.20025319549806447
101285,tela de punto por metros,1.0,0.9052116356304495,0.7162874455029682,0.9052116356304495,0.09478836436955052
101286,tela elastica por metros ropa,1.0,0.7510916729774055,0.7788065869851875,0.7788065869851875,0.22119341301481255
101287,tela gris estampada,1.0,1.0,0.9363792118010483,1.0,0.0
101289,tela gris por metro,1.0,0.9337457765456111,0.9148568823583791,0.9337457765456111,0.06625422345438892
101292,tela nylon,0.6235540477207573,0.36745852005902896,0.706583601726363,0.706583601726363,-0.08302955400560574
101296,telas de franela para patchwork,0.92663607790064,0.31831916378105624,0.6901935063354876,0.6901935063354876,0.23644257156515236
101303,tele lg 65 pulgadas,0.8104616303452686,0.5408496321226728,0.9083745556952363,0.9083745556952363,-0.09791292534996765
101309,teledirigidos para niños,1.0,0.9305687780632229,1.0,1.0,0.0
101316,telefono iphone 7 plus,1.0,1.0,1.0,1.0,0.0
101321,telefono movil sin internet,1.0,0.7315449642824575,0.6378891765242929,0.7315449642824575,0.2684550357175425
101323,telefono para mayores con tapa,1.0,1.0,0.9363792118010483,1.0,0.0
101327,telefonos moviles para mayores con tapa,1.0,0.9363792118010483,1.0,1.0,0.0
101342,telescopio,1.0,1.0,1.0,1.0,0.0
101345,telescopio terrestre potente,0.88995411685096,0.88995411685096,0.77990823370192,0.88995411685096,0.0
101350,television,1.0,1.0,1.0,1.0,0.0
101352,television 28 pulgadas,0.9045395669105326,0.5515034178285837,0.8887327416814557,0.8887327416814557,0.01580682522907695
101354,television 32 pulgadas smart tv,0.9363792118010483,0.7510916729774055,0.8572048559638626,0.8572048559638626,0.07917435583718568
101358,televisiones qled 4k y soporte,0.889918709778036,0.4773810124095342,0.7980700674762069,0.7980700674762069,0.0918486423018291
101361,televisión smart tv 65 pulgadas,1.0,0.27584715417186634,0.5806020001118019,0.5806020001118019,0.41939799988819815
101364,televisor de 100 pulgadas smart tv,1.0,0.3152014104491349,0.0,0.3152014104491349,0.684798589550865
101370,televisores smart,1.0,1.0,1.0,1.0,0.0
101371,televusion 32 pulgadas baratas,1.0,1.0,1.0,1.0,0.0
101383,teléfono sin internet,1.0,0.9305687780632229,0.8572048559638626,0.9305687780632229,0.06943122193677709
101433,temporizador aceite,0.20438239758848611,0.17723928678404774,0.17723928678404774,0.17723928678404774,0.027143110804438375
101450,tendedero de pie de acero inoxidable,0.9148568823583791,0.9148568823583791,0.9052116356304495,0.9148568823583791,0.0
101452,tendedero para radiador,1.0,1.0,1.0,1.0,0.0
101454,tendedero sin alas,0.43067655807339306,0.31546487678572877,0.0,0.31546487678572877,0.11521168128766429
101455,tendedero techo,0.88995411685096,1.0,1.0,1.0,-0.11004588314903996
101533,termica verde futbol,0.7975167679274939,0.35106842466815347,0.7034066032439749,0.7034066032439749,0.09411016468351907
101538,terminales electricos,0.6975237030812638,0.5628779450399929,0.6913184887144799,0.6913184887144799,0.0062052143667838955
101552,termoformado para goma eva,0.5392968862278849,0.5531464700081437,0.3156484524795145,0.5531464700081437,-0.0138495837802588
101554,termometro cuchara,0.8358912271816661,0.612415052310012,0.9156857657441142,0.9156857657441142,-0.07979453856244811
101581,terracotta plant pot,0.9363792118010483,0.9216017310213247,1.0,1.0,-0.06362078819895167
101593,terrex gore tex,1.0,0.7471589728148226,0.8643145546088339,0.8643145546088339,0.13568544539116612
101596,terror sin límites,0.8318724637288826,0.8048099750039491,0.6366824387328317,0.8048099750039491,0.027062488724933442
101634,test ph cloro,1.0,1.0,0.92663607790064,1.0,0.0
101651,tetina dr brown nivel 3 boca estrecha,1.0,0.5706417189553201,0.5706417189553201,0.5706417189553201,0.4293582810446799
101705,tezenis bragas sin costuras,0.5009732673492617,0.4779671403625729,0.5446757407423164,0.5446757407423164,-0.043702473393054664
101919,the crazy haacks,1.0,1.0,0.9918291064614978,1.0,0.0
101972,the feather thief,0.6773676006644396,0.5271615417507156,0.759737292382243,0.759737292382243,-0.0823696917178034
102123,the last of us,0.9047172294870751,0.9047172294870751,0.5749135036336186,0.9047172294870751,0.0
102282,the ordinary ojos,0.861994354508527,0.5159369855005637,0.895183044469731,0.895183044469731,-0.03318868996120394
102295,the painted bird,0.6992148198508501,0.6739577727076379,0.6552438651310554,0.6739577727076379,0.025257047143212197
102744,think fun rush hour,1.0,0.6489315753318466,1.0,1.0,0.0
102867,threadripper,1.0,0.9683310355387569,0.9561626706667605,0.9683310355387569,0.03166896446124312
102968,thunderbolt 3 to hdmi,1.0,1.0,1.0,1.0,0.0
103066,tiendas de campaña burbuja,1.0,0.7631925784528223,1.0,1.0,0.0
103124,tijeras de acero inoxidable,1.0,1.0,1.0,1.0,0.0
103125,tijeras inoxidable,0.7827392871477703,0.713654010247531,0.6410457898283654,0.713654010247531,0.06908527690023936
103127,tijeras ratio electricista,0.7682269253321375,0.9148568823583791,1.0,1.0,-0.23177307466786246
103128,tijeras sanitarias,1.0,1.0,1.0,1.0,0.0
103144,tiksounds,0.7322962005285631,0.8829374068620366,0.644824486427155,0.8829374068620366,-0.15064120633347344
103165,tim burton libro,0.7937341100537232,0.8223538668023913,0.8358912271816661,0.8358912271816661,-0.0421571171279429
103185,timberland mujer botas,1.0,1.0,1.0,1.0,0.0
103196,timbres sin pilas,0.9305687780632229,0.8701249883466594,1.0,1.0,-0.06943122193677709
103208,time road mujer joyas,0.13905617951077562,0.0,0.25657228426720274,0.25657228426720274,-0.11751610475642713
103275,tinte barba rubio claro,0.7207934339526979,0.3967293407545449,0.19215663883127906,0.3967293407545449,0.324064093198153
103277,tinte crazy color,1.0,1.0,1.0,1.0,0.0
103282,tinte para el pelo azul,0.9828920819566879,0.5585075862632192,0.5135312443624667,0.5585075862632192,0.4243844956934687
103284,tinte sin parabenos ni sulfatos,0.5252098581198154,0.5152880109744816,0.5658245193320781,0.5658245193320781,-0.04061466121226276
103297,tintes profesionales de peluqueria sin amoniaco,1.0,0.77990823370192,1.0,1.0,0.0
103346,tira aislante autoadhesiva profesional fillin,0.9337457765456111,0.92663607790064,0.8415908474314977,0.92663607790064,0.00710969864497113
103347,tira caucho,1.0,1.0,1.0,1.0,0.0
103353,tira led inteligente 10 metros alexa,0.9493885684853097,0.8048099750039491,0.8899603164338973,0.8899603164338973,0.059428252051412445
103355,tira led sin cable,0.769526190239283,0.28481420121376444,0.508473817692402,0.508473817692402,0.2610523725468811
103366,tirantes para bebés,0.6645997082078612,0.4410472408411781,0.7093892840067337,0.7093892840067337,-0.04478957579887255
103368,tiras glucosa sinocare,0.6325414799409712,0.6371523797895857,0.5884674004369674,0.6371523797895857,-0.004610899848614514
103436,titanlux gris piedra,0.8313773227400805,0.72471451675439,0.7021799053685304,0.72471451675439,0.10666280598569045
103437,titanpro,0.38685280723454163,0.6309297535714575,0.3562071871080222,0.6309297535714575,-0.2440769463369159
103508,toalla pelo secado rapido,1.0,1.0,1.0,1.0,0.0
103509,toalla xxl playa,1.0,0.8389574121760603,1.0,1.0,0.0
103515,toalleros,1.0,1.0,1.0,1.0,0.0
103516,toallitas aqua pure,1.0,1.0,1.0,1.0,0.0
103521,toallitas uñas sin pelusa,1.0,1.0,0.92663607790064,1.0,0.0
103555,tocado dorado para el pelo,0.8512360941594275,0.9052116356304495,0.8486026589039901,0.9052116356304495,-0.053975541471022015
103819,todo mafalda libro,0.8307234529095261,0.45128618090292527,0.41748832019487603,0.45128618090292527,0.3794372720066008
103950,tom moore,0.39956887138389763,0.14465249243306438,0.6371523797895857,0.6371523797895857,-0.2375835084056881
103955,toma 12v,0.9148568823583791,0.92663607790064,0.9052116356304495,0.92663607790064,-0.011779195542260812
104013,tommy hilfiguer chaquetas,1.0,1.0,1.0,1.0,0.0
104076,tony stark funko pop,0.7671708088082309,0.6930221935231563,0.5917935853108561,0.6930221935231563,0.07414861528507455
104171,top de cuello alto,0.77990823370192,0.7663491917568949,0.713654010247531,0.7663491917568949,0.013559041945025108
104201,top reebok mujer,0.7917063341896683,0.7948833326720566,0.7510916729774055,0.7948833326720566,-0.0031769984823882824
104208,top sin tiras,0.6930221935231563,0.14829723057014912,0.24880155990324684,0.24880155990324684,0.4442206336199095
104214,tope colchon canape,0.7778721720600673,0.6059848036189868,0.5907272848394974,0.6059848036189868,0.17188736844108055
104216,tope ventana pared,0.9148568823583791,0.9363792118010483,0.92663607790064,0.9363792118010483,-0.021522329442669186
104239,tops mujer verano sin mangas,1.0,1.0,0.9363792118010483,1.0,0.0
104274,tornillos allen sin cabeza,1.0,0.92663607790064,0.9052116356304495,0.92663607790064,0.07336392209936005
104278,torno alfarería,1.0,0.9216017310213247,0.9305687780632229,0.9305687780632229,0.06943122193677709
104280,torno hbm 250,0.19342640361727081,0.0,0.19342640361727081,0.19342640361727081,0.0
104296,torquimetro digital,0.8603818544462509,0.8611375561264456,1.0,1.0,-0.13961814555374907
104302,torre de beber los simpson,0.3010299956639812,0.2890648263178879,0.31546487678572877,0.31546487678572877,-0.014434881121747567
104303,torre de ordenador 32gb i7,0.9782917460822231,0.8009634987298764,0.5170376467725687,0.8009634987298764,0.17732824735234676
104306,torre msi gaming,0.8687949224876582,0.5676648326913505,0.4328368532653788,0.5676648326913505,0.30113008979630773
104307,torres pc gaming completas,1.0,0.92663607790064,0.9363792118010483,0.9363792118010483,0.06362078819895167
104315,tortilla sin aceite,0.6168295842361275,0.617585285916322,0.6274092458891773,0.6274092458891773,-0.010579661653049799
104319,tortitas sin gluten,0.5795003533950693,0.7116179486056783,0.5388856921828066,0.7116179486056783,-0.13211759521060895
104668,tp-link tl wa860re,0.9060254355346823,0.9674679834891693,1.0,1.0,-0.09397456446531771
104669,tp-link tl-wn722n,1.0,0.9896062251871525,1.0,1.0,0.0
104670,tplink camara wifi,0.8922108454754891,0.2820132694023928,0.7618870795651186,0.7618870795651186,0.13032376591037054
104740,traductor simultaneo auriculares,1.0,1.0,1.0,1.0,0.0
104812,traje gran showman,1.0,1.0,1.0,1.0,0.0
104817,traje navidad niña,1.0,1.0,1.0,1.0,0.0
104826,trajes mujer vestir elegante,0.8553475075669357,0.8669479898642711,0.9216017310213247,0.9216017310213247,-0.06625422345438903
104896,transmisor bluetooth optico,1.0,1.0,1.0,1.0,0.0
104915,transportin para conejos enanos,1.0,1.0,1.0,1.0,0.0
105177,treking hombres zapatillas,1.0,1.0,0.9363792118010483,1.0,0.0
105201,tres espejos decorativos,0.8219345592466819,0.8112689688197959,0.8053706965939338,0.8112689688197959,0.010665590426885974
105263,trigo sarraceno sin gluten copos,0.791726719367984,0.7058075148678529,0.88995411685096,0.88995411685096,-0.09822739748297604
105271,triluminos sony,1.0,1.0,0.9305687780632229,1.0,0.0
105292,triple magnesio complex,0.8315546295836225,1.0,0.9197207891481876,1.0,-0.16844537041637753
105307,tripode k&f,1.0,0.5747915663739763,0.9052116356304495,0.9052116356304495,0.09478836436955052
105309,"tripode para movil 1,50m",0.9132861715058803,0.7845258373696504,0.8429389810067445,0.8429389810067445,0.07034719049913585
105310,tripode para telefono movil,0.8687949224876582,0.6217937096682962,0.830419897363192,0.830419897363192,0.03837502512446622
105311,tripode proyector,0.5009732673492617,0.823699893396571,0.6581810421830975,0.823699893396571,-0.3227266260473093
105340,trofolastin cicatrices,1.0,1.0,1.0,1.0,0.0
105341,trofolastin reductor cicatrices,1.0,1.0,1.0,1.0,0.0
105357,trolley piloto,0.5,1.0,1.0,1.0,-0.5
105374,tronco brasil planta natural,0.5384313152574522,0.46900009332067494,0.5326208815196266,0.5326208815196266,0.005810433737825638
105375,troncos madera decoracion largos,0.4671034547999447,0.4728935033594544,0.508473817692402,0.508473817692402,-0.04137036289245727
105478,true wireless earphones,0.8740803371737863,0.6582450939840575,0.7476089857899577,0.7476089857899577,0.1264713513838286
105546,trípode manfrotto pixi evo,0.9674679834891693,0.9674679834891693,0.9674679834891693,0.9674679834891693,0.0
105551,ts pc racer,0.5199967979955746,0.5988751049740156,0.33816867746367263,0.5988751049740156,-0.078878306978441
105616,tubo de aire para tapón de deposito colores,0.7114533439819829,0.5166400850076803,0.6678067074646312,0.6678067074646312,0.04364663651735168
105617,tubo de riego 16mm con gotero,1.0,0.4080731812712917,0.9216017310213247,0.9216017310213247,0.0783982689786753
105620,tubo goma espuma,1.0,1.0,1.0,1.0,0.0
105625,tubo resistencia,0.9216017310213247,1.0,0.8553475075669357,1.0,-0.0783982689786753
105652,tul negro,0.8553475075669357,0.6320787427864673,0.8357804136936722,0.8357804136936722,0.019567093873263497
105660,tulipas,0.6153925060653322,0.6386364459525712,0.6980646980039836,0.6980646980039836,-0.08267219193865138
105717,tunica caballero cosplay,1.0,1.0,1.0,1.0,0.0
105811,turrón lays gourmet,0.6934264036172708,0.4227898344066503,0.8315546295836225,0.8315546295836225,-0.13812822596635166
105872,tv 22 pulgadas,0.9705437052559006,0.5644921396795606,0.9147029315959612,0.9147029315959612,0.05584077365993945
105873,tv 24 pulgadas led,1.0,0.9216017310213247,1.0,1.0,0.0
105875,tv 39 smart tv,0.9197207891481876,0.9197207891481876,1.0,1.0,-0.08027921085181244
105893,tv auriculares inalámbrico radio,1.0,1.0,1.0,1.0,0.0
105912,tv hdr 4k samsung,1.0,1.0,1.0,1.0,0.0
105915,tv led,1.0,0.9363792118010483,1.0,1.0,0.0
105922,tv lg 86 pulgadas,1.0,1.0,1.0,1.0,0.0
105935,tv oled sony,0.9363792118010483,0.8701249883466594,0.8669479898642711,0.8701249883466594,0.06625422345438892
105949,tv sin smart tv,0.633219679627003,0.13886244387355456,0.21819512777735,0.21819512777735,0.415024551849653
105952,tv sony led 40 pulgadas,0.7653606369886217,0.7653606369886217,0.7039180890341347,0.7653606369886217,0.0
105954,tv speakers,0.5559904114224437,0.6119720699899832,0.6065956724622849,0.6119720699899832,-0.05598165856753956
106186,tws i12 auriculares,1.0,0.9337457765456111,1.0,1.0,0.0
106272,u acero,0.7007731679885375,0.6578986223737446,0.6429424283490957,0.6578986223737446,0.04287454561479287
106423,ukelele profesional adulto,0.826813366651774,0.4380892758850172,0.9337457765456111,0.9337457765456111,-0.10693240989383712
106430,ulla popken leggings,0.8572048559638626,0.7534494445524139,0.8357804136936722,0.8357804136936722,0.02142444227019047
106549,un avión sin ella,0.3903800499921017,0.5032251913410369,0.5135312443624667,0.5135312443624667,-0.12315119437036498
106553,un mundo sin fin ken follet,0.9896062251871525,0.9668342083190152,0.951231200062686,0.9668342083190152,0.022772016868137235
106558,una radio para un coche marca vw caddy,0.6402900881481708,0.7951657524814092,0.4198523768135527,0.7951657524814092,-0.1548756643332384
106634,under armour mujer zapatillas 42,0.8611375561264456,0.8611375561264456,0.9305687780632229,0.9305687780632229,-0.06943122193677731
106767,unhas gelinho,0.6269451355036492,0.3438894825673598,0.7380396325465057,0.7380396325465057,-0.11109449704285657
106851,unicornio,0.6605440328515734,0.5929700816521338,0.7750434027136732,0.7750434027136732,-0.11449936986209985
106852,unicornio luna,0.7909506325094736,0.7605591431973849,0.8630152897016883,0.8630152897016883,-0.07206465719221467
107000,uno de 50 mujer pulseras,0.6659485553357845,0.7123736502858729,0.6698623505528799,0.7123736502858729,-0.0464250949500884
107002,unos cascos inalambrico para hacer,1.0,0.8630152897016883,1.0,1.0,0.0
107004,unplugged in new york,0.9363792118010483,1.0,0.9363792118010483,1.0,-0.06362078819895167
107028,untitled goose game,0.791726719367984,0.7467045958894682,0.5919268187287084,0.7467045958894682,0.04502212347851575
107092,uraqt diademas mujer,1.0,0.8553475075669357,1.0,1.0,0.0
107120,urinario portátil para niños,1.0,1.0,1.0,1.0,0.0
107131,urna 1-o,1.0,0.38685280723454163,0.38685280723454163,0.38685280723454163,0.6131471927654584
107132,urna cenizas pequeñas,1.0,0.8630152897016883,1.0,1.0,0.0
107186,usb 3.0 aluminio,0.9090719693810213,0.760965594441447,0.8088412634217226,0.8088412634217226,0.10023070595929873
107343,usb otg xiaomi,0.6528642754944295,0.6871952210980249,0.8318477135310892,0.8318477135310892,-0.17898343803665973
107428,usb3 to ethernet,0.9363792118010483,0.8454256604216018,0.8521705090845474,0.8521705090845474,0.08420870271650094
107506,usp airsoft,0.6421867266689011,0.7125523635307983,0.5868924718493931,0.7125523635307983,-0.07036563686189723
107521,utensilio,1.0,0.8318477135310892,0.8415908474314977,0.8415908474314977,0.1584091525685023
107522,utensilios acuario,1.0,1.0,1.0,1.0,0.0
107525,utensilios ecologicos,0.9337457765456111,0.8200685179888284,0.713654010247531,0.8200685179888284,0.11367725855678268
107526,utensilios estufa leña,1.0,0.9337457765456111,1.0,1.0,0.0
107705,vainilla sin azucar,0.67175898907361,0.6523706084452718,0.6848374495230164,0.6848374495230164,-0.013078460449406415
107709,vajilla 60 piezas,1.0,1.0,1.0,1.0,0.0
107710,vajilla apta para microondas,1.0,1.0,1.0,1.0,0.0
107781,valvula olla khun rikon duromatic,0.18154179253735267,0.3084274278260313,0.4525081529734507,0.4525081529734507,-0.270966360436098
107887,vans negras hombre,1.0,1.0,1.0,1.0,0.0
107917,vaper,0.21515079688078367,0.5922216874835863,0.41412294568879626,0.5922216874835863,-0.37707089060280263
107918,vaper sin nicotina para niños,0.77990823370192,0.7312625444731049,0.9305687780632229,0.9305687780632229,-0.15066054436130294
107925,vapoo vinci,1.0,0.36865805394823997,0.8643145546088339,0.8643145546088339,0.13568544539116612
107946,vaquero negro hombr,0.9363792118010483,0.8205228949141828,0.92663607790064,0.92663607790064,0.009743133900408374
107950,vaqueros mujer verano,0.9305687780632229,0.41628452663299526,0.8115558478722846,0.8115558478722846,0.11901293019093828
107957,variador malossi,0.77990823370192,0.9363792118010483,0.9305687780632229,0.9363792118010483,-0.15647097809912835
107982,vaso bebe 6 meses,0.4328368532653788,0.3753127131864053,0.4731080163351061,0.4731080163351061,-0.04027116306972728
107984,vaso oster licuadora,0.7709363892380909,0.5102274247214041,0.11838279295536293,0.5102274247214041,0.2607089645166868
107986,vaso patrulla canina,0.8643145546088339,0.4946396555628011,0.6371523797895857,0.6371523797895857,0.22716217481924816
107989,vasos altos,1.0,1.0,0.9363792118010483,1.0,0.0
107990,vasos cristal labrados,0.6609134825704245,0.7207934339526979,0.6301390267075182,0.7207934339526979,-0.05987995138227342
107992,vasos luminarc colores,0.4985723557253839,0.2895229882348575,0.5473983622993503,0.5473983622993503,-0.04882600657396646
107995,vasos para máquina selladora,0.20438239758848611,0.3065735963827292,0.3065735963827292,0.3065735963827292,-0.10219119879424307
108000,vassoura criança,0.7877736340270853,0.31831916378105624,0.6722390270733758,0.6722390270733758,0.11553460695370954
108020,vci autocom,0.18507983333513942,0.20678808725291634,0.20678808725291634,0.20678808725291634,-0.02170825391777692
108116,vela organica,0.7751482523375256,0.5107574098602351,0.7402568920975974,0.7402568920975974,0.034891360239928226
108120,velas para masaje shunga,1.0,0.77990823370192,0.9148568823583791,0.9148568823583791,0.08514311764162086
108197,ventana ojo de buey,1.0,1.0,1.0,1.0,0.0
108205,ventilador calefactor usb,0.7975167679274939,0.6410457898283654,0.7827392871477703,0.7827392871477703,0.014777480779723629
108230,ver canales de tv de pago gratis sin programas,0.5806020001118019,0.6325414799409712,0.7104770117651427,0.7104770117651427,-0.1298750116533408
108320,vesa escritorio soporte portatil monitor 29 ultrawide,1.0,0.5,0.43067655807339306,0.5,0.5
108336,vestido ajustado negro mujer,0.8454256604216018,0.8357804136936722,0.8521705090845474,0.8521705090845474,-0.006744848662945557
108337,vestido basico negro,1.0,1.0,1.0,1.0,0.0
108338,vestido calvin klein mujer,0.6618313225363276,0.508473817692402,0.857980942822373,0.857980942822373,-0.19614962028604543
108340,vestido con tirantes algodon,1.0,1.0,0.9305687780632229,1.0,0.0
108348,vestido fiesta largo escote,0.35917726695263485,0.7094198757978375,0.5694111640347342,0.7094198757978375,-0.35024260884520264
108353,vestido largo abertura lateral invierno,0.6879934754976503,0.8446905084406404,0.8393141109129421,0.8446905084406404,-0.1566970329429901
108356,vestido manga larga mujer,1.0,1.0,1.0,1.0,0.0
108358,vestido mujer,1.0,1.0,1.0,1.0,0.0
108361,vestido nochevieja mujer,1.0,1.0,1.0,1.0,0.0
108363,vestido para boda civil invierno,1.0,1.0,1.0,1.0,0.0
108364,vestido pin up mujer,0.88995411685096,0.7827392871477703,0.694765116060299,0.7827392871477703,0.10721482970318974
108367,vestido sexy mujer,1.0,1.0,0.8603818544462509,1.0,0.0
108369,vestido suelto mujer invierno,0.88995411685096,1.0,1.0,1.0,-0.11004588314903996
108371,vestidod largos tay days,0.6547216238913565,0.46664232174566644,0.617585285916322,0.617585285916322,0.03713633797503446
108373,vestidos bebe,1.0,1.0,1.0,1.0,0.0
108381,vestidos de niñas de fiesta con piedras,1.0,0.7111953650219202,0.8508957228074243,0.8508957228074243,0.14910427719257568
108383,vestidos de otoño invierno,1.0,0.77990823370192,0.88995411685096,0.88995411685096,0.11004588314903996
108385,vestidos fiesta,1.0,0.5181190644203318,0.8630152897016883,0.8630152897016883,0.13698471029831172
108387,vestidos fin año mujer,1.0,1.0,0.7065443116025598,1.0,0.0
108392,vestidos mujer blancos,0.8389574121760603,0.77990823370192,0.8482378089219648,0.8482378089219648,-0.009280396745904418
108396,vestidos oficina,1.0,1.0,1.0,1.0,0.0
108451,viagra para hombres,0.6509209298071326,0.5706417189553201,0.18457569677956817,0.5706417189553201,0.08027921085181244
108521,victor ruiz time,0.9896062251871525,0.7816510974258781,0.9565912771023182,0.9565912771023182,0.033014948084834295
108585,video juego ps4 fifa,0.8072467605676945,0.8072467605676945,0.5316900945208328,0.8072467605676945,0.0
108591,videocamaras,1.0,1.0,1.0,1.0,0.0
108605,view2,1.0,0.0,0.11751610475642714,0.11751610475642714,0.8824838952435728
108676,vinilo decorativo,1.0,1.0,1.0,1.0,0.0
108708,vino tinto sin sulfatos,0.5965377185773229,0.5836175861945263,0.510069131458292,0.5836175861945263,0.012920132382796545
108892,visillo,1.0,1.0,1.0,1.0,0.0
108893,visillo sin taladrar,0.9216017310213247,0.8200685179888284,0.9337457765456111,0.9337457765456111,-0.012144045524286384
108970,vitamina b,1.0,1.0,1.0,1.0,0.0
108975,vitaminas magnesio y colageno,0.8315546295836225,0.4911492931622974,0.8503449055347546,0.8503449055347546,-0.01879027595113214
108991,vitis aloe vera manzana,0.4946396555628011,0.6020521034564039,0.6421867266689011,0.6421867266689011,-0.1475470711061
109015,viver kombucha,0.0,0.0,0.0,0.0,0.0
109016,viviactive 3,1.0,0.831584429509448,0.7870111744655099,0.831584429509448,0.168415570490552
109038,vivrador anales hombre mando,0.5837154733670049,0.6563033086078547,0.6505132600483448,0.6563033086078547,-0.07258783524084977
109077,vodka ruso,1.0,0.88995411685096,1.0,1.0,0.0
109092,voile straps,0.38685280723454163,0.0,0.6240505200038379,0.6240505200038379,-0.23719771276929624
109097,volante,0.41412294568879626,1.0,0.8539316501572937,1.0,-0.5858770543112037
109100,volante truthmaster t300 alcantara,0.8698774507711068,0.7937341100537232,0.8000715730078201,0.8000715730078201,0.06980587776328673
109102,volca keys,1.0,0.38685280723454163,0.5,0.5,0.5
109251,vulca bicha zapatillas casa niña,0.8200685179888284,1.0,0.8643145546088339,1.0,-0.1799314820111716
109288,wacom cintiq,1.0,0.8826130928198886,0.9121559825872435,0.9121559825872435,0.08784401741275649
109289,wacom cintiq pro,0.5943907508440193,0.5889837127672155,0.6105858728157117,0.6105858728157117,-0.016195121971692483
109294,wacon pro,0.5000544765641111,0.5946976087835997,0.6193198671454698,0.6193198671454698,-0.11926539058135877
109346,wahl sin cable,0.793584067764911,0.7467045958894682,0.6901935063354876,0.7467045958894682,0.046879471875442724
109413,walkie pmr,1.0,0.9337457765456111,0.9305687780632229,0.9337457765456111,0.06625422345438892
109414,walkie talkie,1.0,1.0,1.0,1.0,0.0
109662,waluigi disfraz,0.38685280723454163,0.20438239758848611,0.2640681225725909,0.2640681225725909,0.12278468466195075
109665,wananfu,0.8207658584763088,0.7864489426433972,0.830419897363192,0.830419897363192,-0.00965403888688321
109697,warhammer fantasy,0.9363792118010483,1.0,0.9363792118010483,1.0,-0.06362078819895167
109800,watain vinilo,0.77990823370192,0.77990823370192,0.9148568823583791,0.9148568823583791,-0.13494864865645917
109844,watch series 3,1.0,0.7122630665145961,0.6182885020492784,0.7122630665145961,0.28773693348540386
110270,wc quimico portatil caravana,0.8357804136936722,0.7975167679274939,0.9337457765456111,0.9337457765456111,-0.09796536285193891
110283,wd green,0.9560290452802053,0.8539316501572937,0.8687949224876582,0.8687949224876582,0.08723412279254705
110310,we never learn,1.0,1.0,1.0,1.0,0.0
110361,web cam,1.0,1.0,1.0,1.0,0.0
110378,webcam sin microfono,0.0,0.3562071871080222,0.5,0.5,-0.5
110606,weishi,1.0,1.0,1.0,1.0,0.0
110697,western,1.0,1.0,1.0,1.0,0.0
110767,whall profesional magic clip,0.8701249883466594,0.718362797268624,0.7846170207230131,0.7846170207230131,0.08550796762364632
110908,whisky macallan,1.0,1.0,1.0,1.0,0.0
111502,wickey,0.9148568823583791,1.0,1.0,1.0,-0.08514311764162086
111651,wii u consolas,0.92663607790064,0.5430029249822635,0.7682269253321375,0.7682269253321375,0.1584091525685024
111685,wild tiger,0.9619991470595832,0.7365896932159578,0.9447176050778178,0.9447176050778178,0.017281541981765458
111755,wimpy kid 13,0.7511984400967533,0.8083286100076829,0.3967293407545449,0.8083286100076829,-0.05713016991092956
112265,wirsbo,0.6105456988825855,0.46927872602275644,0.46927872602275644,0.46927872602275644,0.14126697285982903
112338,wmf espumadera,0.9838048780283076,0.9876712785649565,0.8090791338210653,0.9876712785649565,-0.003866400536648884
112850,womens black and white striped trousers,0.8315546295836225,0.5437713091520254,0.9197207891481876,0.9197207891481876,-0.08816615956456508
113768,woomax cocina de madera,1.0,0.8899603164338973,0.9178287402913374,0.9178287402913374,0.08217125970866257
114014,wrapples fashion wraps,1.0,1.0,1.0,1.0,0.0
114094,written in the stars,0.9305687780632229,0.7218018303820491,0.88995411685096,0.88995411685096,0.04061466121226287
114122,ww tiguan,0.0,0.0,0.0,0.0,0.0
114128,wwe,1.0,1.0,1.0,1.0,0.0
114198,x-wing miniaturas,1.0,1.0,0.7917063341896683,1.0,0.0
114300,xbox one s,1.0,0.7162874455029682,0.9363792118010483,0.9363792118010483,0.06362078819895167
114328,xcaybh,0.47084972088011423,1.0,0.7461976723150332,1.0,-0.5291502791198858
114349,xevi verdaguer libros,0.5543110021543998,0.3391602052736161,0.44615333764087994,0.44615333764087994,0.10815766451351982
114368,xiaomi 8 lite 128gb,1.0,1.0,0.6509209298071326,1.0,0.0
114373,xiaomi amazfit gtr,0.5,1.0,0.5,1.0,-0.5
114374,xiaomi amazfit gts,1.0,1.0,1.0,1.0,0.0
114382,xiaomi cinta de correr plegable,1.0,1.0,0.9447176050778178,1.0,0.0
114383,xiaomi g1 aspirador,0.20210734650054757,0.0,0.0,0.0,0.20210734650054757
114384,xiaomi go,1.0,0.4776237035032179,0.9674679834891693,0.9674679834891693,0.03253201651083071
114390,xiaomi mi 9,0.7532831509624124,0.34085783682463,0.6552438651310554,0.6552438651310554,0.09803928583135701
114398,xiaomi mi a 2,1.0,0.6366824387328317,0.39233405721184117,0.6366824387328317,0.3633175612671683
114401,xiaomi mi a3,1.0,0.7951657524814092,1.0,1.0,0.0
114403,xiaomi mi a3 pro,0.6049306994552042,0.5065745439910657,0.617319681505689,0.617319681505689,-0.012388982050484887
114413,xiaomi mi9t,0.7909506325094736,0.7506372960520511,0.6830838076905166,0.7506372960520511,0.04031333645742252
114415,xiaomi mi9t pro,1.0,1.0,0.8006937664098821,1.0,0.0
114418,xiaomi my band 4,1.0,0.6378891765242929,0.8482378089219648,0.8482378089219648,0.15176219107803524
114423,xiaomi perro,1.0,1.0,1.0,1.0,0.0
114431,xiaomi redmi note 7,0.9782917460822231,0.6895293891407199,0.9120345678990496,0.9120345678990496,0.06625717818317356
114433,xiaomi redmi note 8,1.0,1.0,1.0,1.0,0.0
114440,xiaomi smart tv,1.0,1.0,0.7653606369886217,1.0,0.0
114442,xiaomi tv box s,1.0,0.8573475126545859,0.9833032486989473,0.9833032486989473,0.016696751301052748
114444,xihama mi band 2,0.9469024295259745,0.9066276098484507,0.8854598815714874,0.9066276098484507,0.04027481967752378
114447,xiomiredmi,1.0,0.9305687780632229,1.0,1.0,0.0
114494,xls medical,0.9337457765456111,0.9052116356304495,0.77990823370192,0.9052116356304495,0.0285341409151616
114665,y s park,1.0,1.0,1.0,1.0,0.0
114788,yatour citroen c4,0.7104770117651427,0.5747915663739763,0.8115558478722846,0.8115558478722846,-0.10107883610714197
115017,yoga,1.0,1.0,1.0,1.0,0.0
115068,yogures sin lactosa,0.3727892582642587,0.21629571830533073,0.27487633291429087,0.27487633291429087,0.09791292534996782
115075,yohinbina,0.6508205185601091,0.0,0.46927872602275644,0.46927872602275644,0.1815417925373527
115136,young avengers omnibus,0.8480740740411332,0.7618870795651186,0.7618870795651186,0.7618870795651186,0.08618699447601463
115234,ysey miyake hombre,1.0,1.0,1.0,1.0,0.0
115243,ytx7l bs bateria,1.0,0.7510916729774055,0.9305687780632229,0.9305687780632229,0.06943122193677709
115366,zapata bicicleta spinning,1.0,0.39639187290150935,0.461568684742548,0.461568684742548,0.538431315257452
115370,zapatero alto blanco,1.0,1.0,1.0,1.0,0.0
115378,zapatillas 11 años,0.36926780146674987,0.43334518829986224,0.5249161118977292,0.5249161118977292,-0.15564831043097938
115381,zapatillas all star mujer converse,0.9363792118010483,0.9216017310213247,0.8572048559638626,0.9216017310213247,0.014777480779723629
115384,zapatillas asics niño 36 running,1.0,1.0,0.9148568823583791,1.0,0.0
115387,zapatillas blancas plataforma,0.8643145546088339,0.7846170207230131,0.8521705090845474,0.8521705090845474,0.012144045524286495
115392,zapatillas catlike mtb,1.0,1.0,0.7003502195797513,1.0,0.0
115396,zapatillas comodas mujer,1.0,0.9052116356304495,0.88995411685096,0.9052116356304495,0.09478836436955052
115402,zapatillas de deporte mujer desigual blancas,0.430624116386567,0.8175295903539445,0.18457569677956817,0.8175295903539445,-0.38690547396737746
115405,zapatillas de hombre agua,0.9068250379649666,0.7064104889703594,0.951231200062686,0.951231200062686,-0.044406162097719415
115407,zapatillas de mujer fila,1.0,1.0,1.0,1.0,0.0
115413,zapatillas dunlop hombre vestir,0.5201261898372743,0.28379961835714673,0.4259504763732005,0.4259504763732005,0.09417571346407383
115420,zapatillas goretex surround mujer,0.7328286204777911,0.2960819109658652,0.8278123145308894,0.8278123145308894,-0.09498369405309837
115425,zapatillas hombre blancas,1.0,1.0,1.0,1.0,0.0
115429,zapatillas hombre sin cordones,0.9363792118010483,1.0,0.9305687780632229,1.0,-0.06362078819895167
115431,zapatillas hospital,0.6049306994552042,0.7653606369886217,0.6049306994552042,0.7653606369886217,-0.1604299375334175
115437,zapatillas montaña de mujer,0.8701249883466594,0.92663607790064,0.92663607790064,0.92663607790064,-0.05651108955398054
115439,zapatillas mtb,0.9337457765456111,0.8669479898642711,1.0,1.0,-0.06625422345438892
115447,zapatillas mujer running saucony,1.0,1.0,1.0,1.0,0.0
115452,zapatillas nike lunar gato,0.9674679834891693,0.49141527484330916,0.6112833214150002,0.6112833214150002,0.3561846620741691
115454,zapatillas niña puma,1.0,1.0,1.0,1.0,0.0
115457,zapatillas para niñas color blanco skecher,0.6913184887144799,0.6171698734294052,0.5595270501044359,0.6171698734294052,0.07414861528507466
115461,zapatillas rebook niño,0.8701249883466594,0.7631925784528223,0.92663607790064,0.92663607790064,-0.05651108955398054
115464,zapatillas skecher hombre,1.0,1.0,1.0,1.0,0.0
115472,zapato negro hebilla hombre vestir,0.8900174613068491,0.844330763384584,0.6625602459390023,0.844330763384584,0.045686697922265096
115474,zapato sin cordones,1.0,0.8611375561264456,1.0,1.0,0.0
115476,zapato trabajo hombre seguridad,0.9363792118010483,0.9363792118010483,0.8669479898642711,0.9363792118010483,0.0
115483,zapatos de esparto de mujer,0.9216017310213247,0.7909506325094736,0.8669479898642711,0.8669479898642711,0.05465374115705357
115487,zapatos de mujer deportivos,0.7162874455029682,0.8357804136936722,0.8486026589039901,0.8486026589039901,-0.13231521340102192
115494,zapatos deportivos hombre ofertas,1.0,1.0,1.0,1.0,0.0
115498,zapatos flamenca niña,1.0,1.0,1.0,1.0,0.0
115500,zapatos hippie,0.39399144290744104,0.7095272044910244,0.8667163765466582,0.8667163765466582,-0.4727249336392172
115503,zapatos mary jane tacon cuadrado,0.9594516125393133,0.8712396658637702,0.9766325382721557,0.9766325382721557,-0.017180925732842356
115504,zapatos mujer,1.0,1.0,1.0,1.0,0.0
115510,zapatos niños,1.0,1.0,1.0,1.0,0.0
115512,zapatos rosa terciopelo,0.6992148198508501,0.45824474400474136,0.5684045686173149,0.5684045686173149,0.13081025123353518
115516,zapatos sevillana,1.0,1.0,1.0,1.0,0.0
115519,zapatos tacon corrido,1.0,1.0,0.38685280723454163,1.0,0.0
115520,zapatos tacón pikolinos de mujer,0.9148568823583791,0.8701249883466594,0.8486026589039901,0.8701249883466594,0.04473189401171973
115524,zapatos zaragoza mujer,0.08747171410140821,0.6073441914885231,0.6973975865011866,0.6973975865011866,-0.6099258723997784
115582,zeiss prismaticos,1.0,0.5706291306523891,1.0,1.0,0.0
115630,zephyrus g14,0.4935232796777482,0.6013124342022591,0.4935232796777482,0.6013124342022591,-0.10778915452451093
115639,zero fog plus gafas,0.24630238874073,0.44149241373678083,0.5204732013389002,0.5204732013389002,-0.2741708125981702
115895,zuecos sin agujeros,0.8006937664098821,0.8701249883466594,0.706583601726363,0.8701249883466594,-0.06943122193677731
115896,zuecos suela blanda,0.9305687780632229,1.0,1.0,1.0,-0.06943122193677709
115897,zueos feliz caminar,1.0,0.7917063341896683,0.9363792118010483,0.9363792118010483,0.06362078819895167
115902,zumba camiseta,1.0,1.0,1.0,1.0,0.0
115934,zócalo autoadhesivo,0.8611375561264456,0.7967610662472993,0.7218018303820491,0.7967610662472993,0.06437648987914635
115939,álgebra y trigonometría,1.0,0.8389574121760603,1.0,1.0,0.0
