query_id,query,nDCG_finetuned,nDCG_bm25,nDCG_congelado,mejor_baseline,delta_vs_mejor_baseline,n_tokens_consulta,rareza_vocabulario,cobertura_lexica,n_candidatos,n_relevantes,grupo
4,"""vitamina c""",1.0,0.88995411685096,1.0,1.0,0.0,2,5.098854740914155,1.0,40,34,empata
130,'el verano sin hombres',1.0,1.0,1.0,1.0,0.0,4,3.764364719225406,1.0,40,1,empata
155,'suavizante sin olor',0.7653606369886217,0.5307212739772434,0.0,0.5307212739772434,0.23463936301137822,3,5.822179252067715,0.3333333333333333,40,3,mejora
210,+3 dioptrias lente sin montar,0.3333333333333333,0.38685280723454163,0.3333333333333333,0.38685280723454163,-0.053519473901208314,5,5.625647866065488,0.0,8,1,empeora
232,", almohadilla sin tinta para sellos",0.841492960259019,0.07336392209936006,0.5769706247040592,0.5769706247040592,0.26452233555495974,5,4.728666655322694,1.0,40,13,mejora
237,", champú sin sal salerm",0.13886244387355456,0.23177307466786257,0.5779050396291793,0.5779050396291793,-0.4390425957556247,4,5.803541529101169,1.0,40,11,empeora
245,", mascarilla infantil ffp2 sin grafeno",0.7162874455029682,0.7569021067152311,0.5577804057619871,0.7569021067152311,-0.04061466121226287,5,5.757680756724268,0.8,39,20,empeora
248,", punta de acero, botas sin cordones",0.2658200052773918,0.4378043742107727,0.38414982660706115,0.4378043742107727,-0.17198436893338087,6,3.8546372641816173,1.0,39,9,empeora
260,",metal anillo para el pelo sin goma",0.1909208661789347,0.21252302622743088,0.13032376591037065,0.21252302622743088,-0.02160216004849619,7,3.742258745796163,1.0,39,6,empeora
266,",vestido acanalado delgado sin mangas",1.0,1.0,0.8643145546088339,1.0,0.0,5,5.740691305883996,1.0,40,37,empata
270,- butaca de diseño de terciopelo sin reposabrazos,0.727329844310522,0.349966777951421,0.6403089930936582,0.6403089930936582,0.08702085121686376,7,4.156924484601178,1.0,40,12,mejora
369,.bolitas sin gluten,0.9363792118010483,0.9363792118010483,1.0,1.0,-0.06362078819895167,3,5.447234090811977,1.0,40,27,empeora
375,.hidratante cara sin perfume,0.8486026589039901,0.7877736340270853,0.92663607790064,0.92663607790064,-0.07803341899664984,4,4.950517583350346,1.0,40,24,empeora
425,0.1mm wire sin esmalte,0.46047467141697834,0.44562607775993796,0.6564116633996523,0.6564116633996523,-0.19593699198267395,5,5.669243981548638,0.6,23,8,empeora
592,0lanchas sin cable,0.43707943365237834,0.17342765698823948,0.27487633291429087,0.27487633291429087,0.16220310073808747,3,5.539746631938647,0.6666666666666666,36,7,mejora
672,1 año sin insectos,0.4412576003965278,0.44615333764087994,0.21398626473452756,0.44615333764087994,-0.004895737244352161,4,4.579021130072818,1.0,35,5,empeora
701,1 cerbeza sin alcol,0.9363792118010483,0.7100226348397881,0.9305687780632229,0.9305687780632229,0.005810433737825416,4,6.363737880059199,0.5,40,18,mejora
702,1 cinturones sin hebilla,1.0,0.4977962688668736,0.8643145546088339,0.8643145546088339,0.13568544539116612,4,4.790845595169619,1.0,40,15,mejora
740,1 funda de cojin con patron mixto sin relleno,0.6684881776649959,0.8346590855918831,0.6295304155921457,0.8346590855918831,-0.16617090792688716,9,4.545828359920614,0.5555555555555556,13,7,empeora
747,1 gang 2 way wifi sin neutro,0.4006705181006301,0.2496640287027892,0.4505655760587973,0.4505655760587973,-0.04989505795816723,7,4.759334819309227,1.0,40,14,empeora
811,1 mascarilla sin aclarado,0.857980942822373,0.7791714369672128,0.6555476069276601,0.7791714369672128,0.07880950585516022,4,4.829846657288765,1.0,40,23,mejora
828,1 molde freidora sin aceite,0.5509662124799076,0.5779050396291793,0.6749359875559983,0.6749359875559983,-0.12396977507609064,5,4.239135675700255,1.0,37,19,empeora
851,1 palets madera baratos sin respaldo,0.7279965505724832,0.38414982660706115,0.20124768870643617,0.38414982660706115,0.3438467239654221,6,5.056937153266932,0.8333333333333334,40,9,mejora
852,1 paños de limpieza de microfibra desechables sin pelusa,0.5637884576902257,0.5072380780124418,0.4034826666009929,0.5072380780124418,0.05655037967778387,9,4.334427856795389,1.0,39,12,mejora
855,1 pendientes clip hombre sin agujero,1.0,0.9337457765456111,1.0,1.0,0.0,6,4.336952736490287,1.0,40,32,empata
882,1 sobre pokémon sin brillar,0.38685280723454163,0.38685280723454163,0.5,0.5,-0.11314719276545837,5,5.726921326390344,0.0,22,1,empeora
888,1 sumas sin llevada,0.7631925784528223,0.5224955967919311,0.6145870006788593,0.6145870006788593,0.148605577773963,4,5.8772603427953705,1.0,40,13,mejora
901,1 turbante para rizos sin calor,0.62851089260591,0.37878333867593544,0.77990823370192,0.77990823370192,-0.15139734109601,6,4.478478686045294,0.8333333333333334,37,12,empeora
937,"1, 2 o 3 pantalones cortos moldeadores sin costuras",0.6901935063354876,0.618519700841442,0.551331062461933,0.618519700841442,0.07167380549404556,9,4.38766673464578,0.7777777777777778,33,15,mejora
1122,1/4 pulgadas convertidor sin llave de mandril,1.0,1.0,1.0,1.0,0.0,8,3.9927675040726736,1.0,40,34,empata
1126,1/4 sin cabeza hexagonales,0.3187704634136789,0.34416852174888696,0.3229501751883214,0.34416852174888696,-0.025398058335208085,5,4.257419880834243,1.0,40,9,empeora
1170,10 cinta de goma elástica para el pelo sin pliegue,1.0,0.8415908474314977,1.0,1.0,0.0,10,4.06617410261317,1.0,18,14,empata
1178,10 enchufes regleta sin cable,0.0,0.38685280723454163,0.0,0.38685280723454163,-0.38685280723454163,5,4.410494493832138,0.8,40,1,empeora
1368,100 algodon mujer camisones sin mangas,0.9216017310213247,0.6620158551732018,0.9337457765456111,0.9337457765456111,-0.012144045524286384,6,4.9618995716209175,1.0,40,24,empeora
1373,100 bandera españa sin escudo colga palo,0.9135277613190136,0.9502236778911698,0.8735286486161714,0.9502236778911698,-0.036695916572156206,7,6.111957932685994,0.7142857142857143,17,8,empeora
1430,100 terminales de cable sin aislar,0.8701249883466594,0.8669479898642711,0.6867151830982592,0.8669479898642711,0.0031769984823882824,6,4.655070983886719,1.0,40,15,mejora
1431,100 velas sin parafina,0.4412851793128929,0.2972715964420571,0.17947710508581738,0.2972715964420571,0.14401358287083582,4,5.047729048128829,1.0,40,15,mejora
1437,100 whey protein sin lactosa,0.4772656487866462,0.41918605213740834,0.4772656487866462,0.4772656487866462,0.0,5,5.202746496945911,1.0,40,8,empata
1440,100 x papel para hornear freidora sin aceite,0.7065443116025598,0.77990823370192,0.7948833326720566,0.7948833326720566,-0.08833902106949676,8,3.866045623649318,1.0,40,30,empeora
1508,100w proyector led exterior ip67 sin prime,1.0,1.0,0.6309297535714575,1.0,0.0,7,5.212322415441062,0.7142857142857143,32,1,empata
1538,105h sin tirantes,0.92663607790064,0.92663607790064,0.633219679627003,0.92663607790064,0.0,3,6.207010167755237,1.0,40,12,empata
1658,10xdiez saco nordico sin relleno,0.7034066032439749,0.5212960629027201,0.6874708847784539,0.6874708847784539,0.015935718465520998,5,6.336827496931777,1.0,32,10,mejora
1727,11.1 tinte sin amoniaco,0.32558463453628983,0.0,0.3599578324401888,0.3599578324401888,-0.03437319790389898,5,4.492799796957295,0.4,32,6,empeora
1762,117a toner sin chip,1.0,1.0,1.0,1.0,0.0,4,7.030722931000211,1.0,39,16,empata
1798,12 años sin piedad,1.0,1.0,1.0,1.0,0.0,4,5.0633725028559375,1.0,39,1,empata
1870,12 pomos sin tornillos,0.0,0.0,0.0,0.0,0.0,4,4.962261197804083,0.75,40,3,empata
1921,12/0 sin amoniaco,1.0,1.0,0.0,1.0,0.0,4,4.056420982547589,0.5,40,1,empata
1924,120 luces sin cables exterior,0.7542686714597937,0.7065443116025598,0.7162874455029682,0.7162874455029682,0.037981225956825515,5,4.426032134311425,1.0,39,17,mejora
1955,128gb ram ddr4,1.0,1.0,0.7605591431973849,1.0,0.0,3,4.9816194603172095,1.0,40,19,empata
1959,128x90 soporte para fotos cuadro sin borde,0.38685280723454163,0.31546487678572877,0.0,0.31546487678572877,0.07138793044881286,7,5.123974859581552,0.42857142857142855,18,1,mejora
1982,12v electrovalvula programable para agua sin presión,0.2601000397495698,0.06794340091829076,0.1386991616393714,0.1386991616393714,0.1214008781101984,7,4.944951099066349,0.2857142857142857,38,9,mejora
1983,12v electrovalvula sin presión,1.0,1.0,1.0,1.0,0.0,4,5.889462332275882,0.75,39,29,empata
2027,13 cosas sin sentido,1.0,1.0,1.0,1.0,0.0,4,6.065824064803314,0.75,39,1,empata
2059,135 x 190 somier sin patas,0.7849818707050383,0.5321408435198609,0.5590796706691327,0.5590796706691327,0.22590220003590566,6,4.9155478646149176,1.0,40,10,mejora
2107,140x230 estor beige sin taladrar,0.3026024134988135,0.1909208661789347,0.13032376591037065,0.1909208661789347,0.11168154731987881,5,6.2630892156112346,0.8,40,6,mejora
2112,144 preservativos sin latex,0.8357804136936722,0.77523873680463,0.7778721720600673,0.7778721720600673,0.05790824163360486,4,6.116316203347752,1.0,40,22,mejora
2115,144hz sin bordes,0.8643145546088339,0.3557772116892466,0.44903378752009254,0.44903378752009254,0.41528076708874134,3,5.356477492993013,1.0,40,15,mejora
2135,14mm bolas redondas sin agujero colores,0.6366824387328317,0.312706129752478,0.5294362295028773,0.5294362295028773,0.10724620922995443,6,5.734582199040594,0.8333333333333334,39,4,mejora
2177,15 x 21 sin marco,0.975788054854922,0.7227265726449519,0.5548441015591575,0.7227265726449519,0.25306148220997016,5,3.836488937791721,1.0,40,5,mejora
2181,"15, bluetooth led sin enchufe",0.4678747406062546,0.18546617562553347,0.5959934864972766,0.5959934864972766,-0.12811874589102196,5,3.7337642334204117,0.6,39,9,empeora
2195,150 juegos para jugar sin pantallas,0.8503449055347546,0.8315546295836225,0.8503449055347546,0.8503449055347546,0.0,6,4.55805485438221,0.8333333333333334,39,2,empata
2210,15m tiras led sin transformador,1.0,0.4673791184803735,0.37960256558331523,0.4673791184803735,0.5326208815196265,5,5.323442028905694,0.6,40,17,mejora
2213,15x20 sin moldura,0.7967610662472993,0.6804503724350792,0.7059054020403313,0.7059054020403313,0.090855664206968,3,7.4645971471201165,1.0,40,10,mejora
2224,16 etiquetas sin margen,1.0,1.0,0.6309297535714575,1.0,0.0,4,5.702554097426215,1.0,17,1,empata
2240,16 mm manguera sin gotero,0.7909506325094736,0.7125523635307983,0.7753366239771086,0.7753366239771086,0.015614008532365053,5,5.231236363026019,0.8,39,14,mejora
2248,16 piezas cuberteria dorada sin cuchara pequeña,0.0,0.0,0.43067655807339306,0.43067655807339306,-0.43067655807339306,7,5.749057323302184,0.14285714285714285,20,1,empeora
2270,16mm sony full frame sin espejo,0.6366824387328317,0.33424620450682646,0.4428328130831785,0.4428328130831785,0.1938496256496532,6,5.166937011146923,0.6666666666666666,19,4,mejora
2425,1esmalte sin pack semipermanente,0.6149518506608848,0.4729327934832576,0.5224955967919311,0.5224955967919311,0.09245625386895362,4,5.854092260938115,0.5,40,21,mejora
2430,1l+1l gel sin jabon,0.6399441431116328,0.7065632165480473,0.6154062275862391,0.7065632165480473,-0.06661907343641449,5,5.499175115964251,0.8,40,18,empeora
2456,1tanga sin costuras mujer,0.9363792118010483,0.6320787427864673,0.88995411685096,0.88995411685096,0.046425094950088286,4,5.361946644875701,0.75,40,25,mejora
2460,1tb ssd nvme m.2 pcie 4.0 sin disipador térmico,0.9558295932317544,0.8421423592553552,0.9279611693743142,0.9279611693743142,0.02786842385744026,11,4.73837223470904,0.7272727272727273,11,4,mejora
2467,1x cat 7a conector de red rj45 sin herramientas,0.6216966993238303,0.476846588700353,0.4381081808305046,0.476846588700353,0.1448501106234773,9,5.075806243132647,0.8888888888888888,40,20,mejora
2472,1´5l sin lactosa,0.36181498356361597,0.44130740935663865,0.6240505200038379,0.6240505200038379,-0.2622355364402219,4,4.30883901651493,0.75,40,2,empeora
2498,2 0 hdmi switch sin mando,0.38820476264318793,0.510069131458292,0.5330752584449809,0.5330752584449809,-0.144870495801793,6,3.781193811577786,0.8333333333333334,40,17,empeora
2511,2 barra para utensilios cocina negro sin perforar,0.5868720866710774,0.7183424120903082,0.5270672065167424,0.7183424120903082,-0.13147032541923087,8,4.016870333320368,1.0,39,24,empeora
2512,2 barras para utensilios cocina negro sin perforar,0.37259075411082276,0.7026305163854646,0.6067216003536937,0.7026305163854646,-0.3300397622746418,8,4.132868679775036,0.875,40,19,empeora
2516,2 bombillas sin casquillo led,0.5887498202463202,0.5996943318813954,0.47479014188018465,0.5996943318813954,-0.01094451163507526,5,4.251684605369457,1.0,40,12,empeora
2521,2 cepillso electricso sin cargador,0.571614567891588,0.2726701556894781,0.6429235234036081,0.6429235234036081,-0.0713089555120201,5,6.004346797776125,0.2,39,24,empeora
2525,2 cojines sofa sin relleno lisos alargados,0.38820476264318793,0.23440650992329992,0.5220328596374271,0.5220328596374271,-0.13382809699423914,7,6.077362385884988,0.42857142857142855,40,13,empeora
2528,2 cuchillos csgo sin filo,0.7909506325094736,0.571614567891588,0.9148568823583791,0.9148568823583791,-0.12390624984890553,5,5.718128296972168,0.6,28,18,empeora
2539,2 enchufes y 1 interruptor pared sin empotrar,0.35805441083232703,0.17342765698823948,0.17437146561008365,0.17437146561008365,0.18368294522224338,8,4.120278363110206,0.75,40,7,mejora
2544,2 fundas silla sin brazos,1.0,1.0,0.92663607790064,1.0,0.0,5,4.258617202301628,1.0,38,24,empata
2584,2 lamparas de mesita de noche sin cable,0.7721596254947204,0.7084409501232901,0.6163668470816235,0.7084409501232901,0.06371867537143028,8,3.617174788879632,1.0,40,30,mejora
2593,2 lámparas mesita sin enchufes,0.7125523635307983,0.5847192329112589,0.5321408435198609,0.5847192329112589,0.12783313061953938,5,4.773749404912921,0.8,39,18,mejora
2649,2 porterias de fútbol sin balón,0.7573821447149967,0.2583297509898471,0.4544793712758927,0.4544793712758927,0.30290277343910393,6,4.878603786270779,0.8333333333333334,40,18,mejora
2677,2 tapa microondas sin bpa antisalpicaduras,0.8482378089219648,0.9305687780632229,0.92663607790064,0.9305687780632229,-0.08233096914125815,6,4.751397406572491,1.0,39,22,empeora
2678,2 tazones ramen sin cucharas,0.49075483234705974,0.35674803589637066,0.07834851647149513,0.35674803589637066,0.13400679645068908,5,6.169341312443999,0.8,35,9,mejora
2691,2 tomas sin cable vertical,0.3391602052736161,0.3391602052736161,0.44615333764087994,0.44615333764087994,-0.10699313236726382,5,4.084785068245409,0.8,40,5,empeora
2694,2 utp cat 6a sin herramientas,0.8415908474314977,0.9052116356304495,0.713654010247531,0.9052116356304495,-0.06362078819895178,6,5.398024339474399,1.0,40,20,empeora
2769,20 clips de pelo sin pliegue,1.0,0.9337457765456111,0.9337457765456111,0.9337457765456111,0.06625422345438892,6,4.621800508320431,1.0,40,33,mejora
2770,20 cuentos de hadas sin expurgar,0.7971998030554314,0.8626775533459291,0.6913628197251253,0.8626775533459291,-0.06547775029049774,6,5.26298441820857,0.8333333333333334,22,8,empeora
2793,20 l agua sin bpa,0.9216017310213247,0.7421246259355073,0.791726719367984,0.791726719367984,0.1298750116533407,5,3.7888600192787663,1.0,40,12,mejora
2799,20 liquida para vaper sin nicotina,0.8611375561264456,1.0,0.9052116356304495,1.0,-0.1388624438735544,6,4.7439643731963415,0.8333333333333334,40,37,empeora
2800,20 luces sin enchufe para espejo,0.5875502863571092,0.7026305163854646,0.3909273842002217,0.7026305163854646,-0.11508023002835543,6,3.667440566576721,1.0,40,12,empeora
2809,20 piezas de pinzas para el pelo sin doblar clips,1.0,1.0,1.0,1.0,0.0,10,4.023605249699422,1.0,35,28,empata
2812,20 señales flechas sin letreros,0.10209739512291163,0.0,0.2001366809542687,0.2001366809542687,-0.09803928583135707,5,6.39538722784103,0.6,40,5,empeora
2829,200 cartas pokemon sin repetir,0.7280855459907166,0.7506372960520511,0.72891152902702,0.7506372960520511,-0.022551750061334475,5,6.31115723848125,0.8,23,15,empeora
2830,"200 guantes de nitrilo azul sin polvo, desechables, talla m",0.7827392871477703,0.7315449642824575,0.6874708847784539,0.7315449642824575,0.05119432286531278,10,4.234450060778091,1.0,40,26,mejora
2833,200 metros de goma de 16mm sin gotero,0.38685280723454163,0.2890648263178879,0.43067655807339306,0.43067655807339306,-0.04382375083885143,8,4.527676767695613,0.375,21,1,empeora
2856,20m cat5e sin terminales,1.0,0.8175295903539445,0.6240505200038379,0.8175295903539445,0.18247040964605554,4,6.877446812778608,0.5,17,2,mejora
2933,220v a usb sin carcasa,0.7668091220635322,0.3071837157818931,0.6804558477306826,0.6804558477306826,0.08635327433284967,5,3.9420578094666667,0.6,38,4,mejora
2948,226ers sin mangas,0.8899603164338973,0.867043684838194,0.8048099750039491,0.867043684838194,0.02291663159570323,3,5.213062447290795,1.0,17,4,mejora
2961,23 otoños sin ti libro,0.6309297535714575,1.0,1.0,1.0,-0.36907024642854247,5,6.0483235961764095,0.6,14,1,empeora
3013,24 sin marcos,0.5716349530699038,0.5009732673492617,0.6500332220485792,0.6500332220485792,-0.07839826897867541,3,4.458143331089768,1.0,40,14,empeora
3059,24x32 sin espiral cuadros grandes,0.6739577727076379,0.3973845377035661,0.591176585485452,0.591176585485452,0.08278118722218586,5,5.875323749358169,0.2,21,5,mejora
3095,250 sobres sin ventana 26x18,0.0,0.0,0.3562071871080222,0.3562071871080222,-0.3562071871080222,5,6.1408591439068685,0.0,22,1,empeora
3170,28 pulgadas tv sin smart,1.0,1.0,0.0,1.0,0.0,5,4.029432347531992,0.4,40,1,empata
3183,29 bolsas de papel kraft sin asas,0.571614567891588,0.5462574254588146,0.7241528458281337,0.7241528458281337,-0.15253827793654562,7,4.570205619757898,1.0,40,10,empeora
3213,2kg forbury base jabón de glicerina transparente sin sls,0.8013122149737618,0.9284591831945489,0.9434732991210639,0.9434732991210639,-0.1421610841473021,9,5.784853762364211,1.0,16,5,empeora
3214,2kg jabon base blanco sin sls,0.7573821447149967,0.6840182226156366,0.5298982599625927,0.6840182226156366,0.07336392209936005,6,5.664375864282319,1.0,30,11,mejora
3252,2u psu,0.9363792118010483,1.0,0.8630152897016883,1.0,-0.06362078819895167,2,9.962379070364321,1.0,40,22,empeora
3315,3 camaras de vigilancia sin cables exterior,1.0,0.9148568823583791,0.92663607790064,0.92663607790064,0.07336392209936005,7,4.167782158023949,1.0,39,35,mejora
3319,3 catus artificial sin maceta,0.6096199500078984,0.8048099750039491,0.36331756126716835,0.8048099750039491,-0.19519002499605076,5,5.486301766785841,0.6,40,4,empeora
3323,3 cuadros sin marcos muy coloridos,0.92663607790064,0.7254521107352793,1.0,1.0,-0.07336392209936005,6,5.080683765375459,0.6666666666666666,39,27,empeora
3374,3 laminas sin marco decorativas salon,0.77990823370192,0.7948833326720566,0.77990823370192,0.7948833326720566,-0.014975098970136602,6,5.22926562863617,0.8333333333333334,37,33,empeora
3386,3 metros de luces led sin enchufw,0.685819076903371,0.3525683241217281,0.07075576072108063,0.3525683241217281,0.33325075278164284,7,4.125282026852671,0.7142857142857143,40,9,mejora
3412,3 pommes niño,1.0,1.0,0.9337457765456111,1.0,0.0,3,5.628527769777271,0.6666666666666666,38,34,empata
3427,3 restas sin llevada,0.8603818544462509,0.6429424283490957,0.7573821447149967,0.7573821447149967,0.10299970973125427,4,5.90077796300322,1.0,39,11,mejora
3428,3 restas sin llevada ismael sausa,0.7039180890341347,0.7653606369886217,0.4367467095119258,0.7653606369886217,-0.061442547954487,6,7.3701695288835785,0.8333333333333334,24,3,empeora
3451,3 usb para ordenador sin cable blanco,0.6238470455881189,0.11706259313796355,0.2820132694023928,0.2820132694023928,0.3418337761857261,7,2.808335002037682,0.8571428571428571,39,6,mejora
3453,3 ventiladores sin color,0.4378068560756645,0.39375843764607205,0.3732689537968545,0.39375843764607205,0.04404841842959245,4,3.6215417069090634,1.0,38,12,mejora
3498,3.5 sin tornillos nox,0.0,0.3333333333333333,0.5,0.5,-0.5,5,4.408001757434629,0.2,40,1,empeora
3575,30 cumpleaños sin globos helio,0.322805924221174,0.6115682811626771,0.6368547259115426,0.6368547259115426,-0.3140488016903686,5,4.8294555715723835,0.8,40,8,empeora
3600,30 plastico a4 carpeta sin anillas,0.718362797268624,0.605504765619221,0.5606114592078374,0.605504765619221,0.112858031649403,6,5.747565422730716,0.6666666666666666,40,14,mejora
3608,30 x 30 sin marco,0.5912352048230277,0.3065735963827292,0.5012658353418871,0.5012658353418871,0.08996936948114065,5,3.6621723114360343,1.0,40,2,mejora
3630,305x76cm sin depuradora,0.8165901947515999,0.5766692999492191,0.3597099118518293,0.5766692999492191,0.23992089480238077,3,6.68080539473229,1.0,38,15,mejora
3637,30g ginebra sin alcol,0.6310473491188939,0.49958026644179554,0.5716190970674814,0.5716190970674814,0.059428252051412556,4,7.671960270365595,0.5,15,4,mejora
3651,30x90 sin marco,1.0,0.3010299956639812,0.3333333333333333,0.3333333333333333,0.6666666666666667,3,5.885864330988618,0.6666666666666666,40,1,mejora
3670,32 gb ssd,0.787702056960637,0.24630238874073,1.0,1.0,-0.212297943039363,3,4.391553249267957,1.0,40,4,empeora
3691,32'' full hd,1.0,1.0,0.841492960259019,1.0,0.0,3,4.491752935350352,1.0,16,12,empata
3726,35 aniversario mario bros,0.8058467414416308,0.81383546042969,0.8325036712789009,0.8325036712789009,-0.026656929837270082,4,6.5060633580125815,1.0,33,6,empeora
3732,350 ml botella plastico sin bisfenol,0.9363792118010483,0.3621108234757073,0.5541432109622959,0.5541432109622959,0.3822360008387524,6,5.4932948905204695,0.6666666666666666,33,15,mejora
3744,35mm olympus,0.5017289690294564,0.5797827732044221,0.5797827732044221,0.5797827732044221,-0.07805380417496566,2,6.942251714725613,1.0,40,17,empeora
3745,35mm sigma sony,0.6366824387328317,0.6366824387328317,0.6366824387328317,0.6366824387328317,0.0,3,6.438911071195176,1.0,40,4,empata
3796,365 sin pantallas,0.6713527276121545,0.6595629128335778,0.7508679794281646,0.7508679794281646,-0.07951525181601016,3,5.794385382421364,1.0,38,4,empeora
3812,377 battery,1.0,1.0,0.9363792118010483,1.0,0.0,2,9.026477981913525,1.0,40,28,empata
3884,3d suelo para baños,0.9093183643170807,0.45316653561240483,1.0,1.0,-0.09068163568291931,4,4.6237092593183835,0.75,16,7,empeora
3907,3eme acondicionador sin silicona,0.3171937659698004,0.370291336443826,0.14126697285982898,0.370291336443826,-0.05309757047402558,4,5.865881192619521,0.5,14,3,empeora
3925,3m doble cara sin residuos,0.8205228949141828,0.6320787427864673,0.747935059673333,0.747935059673333,0.07258783524084989,5,5.244607404066185,1.0,40,21,mejora
3929,3m ffp3 sin valvula,0.447734522612947,0.3159817773843635,0.4152807670887413,0.4152807670887413,0.03245375552420571,4,6.691962476596264,0.75,61,10,mejora
3933,3m máscara sin válvula,0.4637282884073714,0.43185491466831016,0.3730314366226675,0.43185491466831016,0.03187337373906124,4,5.350134917087517,1.0,38,8,mejora
3955,3mm algondon sin trenzar,0.4260276605334036,0.3667028183788344,0.48882922182497557,0.48882922182497557,-0.062801561291572,4,7.671960270365595,0.5,39,16,empeora
4080,4 libretas medida folio de cuadrícula sin espiral,0.36926780146674987,0.20210734650054757,0.2960819109658652,0.2960819109658652,0.07318589050088464,8,5.26901477292598,0.625,29,3,mejora
4084,4 ojos de buey sin bombillas,0.30315953217404545,0.2719144540092836,0.06362078819895173,0.2719144540092836,0.031245078164761853,6,4.322256225530576,0.8333333333333334,40,12,mejora
4102,4 pin conector led sin soldadura,1.0,0.9305687780632229,0.9305687780632229,0.9305687780632229,0.06943122193677709,6,4.5204056219854465,1.0,40,29,mejora
4108,4 pulgadas sin bordes,0.0,0.2890648263178879,0.0,0.2890648263178879,-0.2890648263178879,4,3.913960156467007,0.5,35,1,empeora
4121,4 taburetes cocina sin respaldo.,0.7951657524814092,0.35895421017163476,0.49827103097054376,0.49827103097054376,0.29689472151086543,5,4.6855453999384435,1.0,40,12,mejora
4179,40 unidades de cera sin silicona colores,0.3562071871080222,1.0,0.43067655807339306,1.0,-0.6437928128919779,7,3.732985898499684,0.7142857142857143,29,1,empeora
4182,40 x cable de puente hembra a hembra sin soldadura flexible,1.0,1.0,1.0,1.0,0.0,11,4.353847195471864,1.0,38,17,empata
4272,47 brand gorras sin logos,0.2685357229842324,0.664550862590272,0.3853585682515056,0.664550862590272,-0.39601513960603957,5,6.795392111943836,0.6,17,4,empeora
4294,49 pulgadas,1.0,0.35106842466815347,1.0,1.0,0.0,2,5.442188033281506,0.5,39,22,empata
4330,4guysclub sin cordones,0.568808955610168,0.36114500749459505,0.39391698095175504,0.39391698095175504,0.17489197465841294,3,6.319934745625068,0.6666666666666666,22,9,mejora
4417,4patas sin ruedas 40x30,0.43067655807339306,0.0,0.3562071871080222,0.3562071871080222,0.07446937096537087,4,6.569266258375627,0.0,25,1,mejora
4449,4x 50 ml liquido sin nicotina,0.9764093402750902,0.6684881776649959,0.7715359168226731,0.7715359168226731,0.2048734234524171,6,4.840459388495955,1.0,14,7,mejora
4473,4xl hombre camiseta sin mangas,0.9337457765456111,0.9363792118010483,0.8669479898642711,0.9363792118010483,-0.002633435255437244,5,4.639838628602993,1.0,40,18,empeora
4532,5 lenguajes del amor,1.0,0.9363792118010483,1.0,1.0,0.0,4,5.678627833315752,1.0,40,18,empata
4550,5 ojas de papl de lija con velcro sin agujeros grano 40,0.570404489286039,0.2172607128522299,0.2200917662980802,0.2200917662980802,0.35031272298795885,12,4.994859992462207,0.75,40,10,mejora
4642,50 mm canon,0.6969383549984333,0.46785915648013926,0.7917063341896683,0.7917063341896683,-0.09476797919123503,3,4.354122343781051,1.0,39,12,empeora
4905,6 tb nas,0.9363792118010483,0.6816808362189439,0.4818809355796683,0.6816808362189439,0.2546983755821044,3,5.008291884122523,1.0,40,14,mejora
5010,64tb,0.8572048559638626,0.7151857987862358,0.7967610662472993,0.7967610662472993,0.06044378971656339,1,10.308952660644293,1.0,34,10,mejora
5170,72 piezas azulejos adhesivos 15x15,0.5104418534059961,0.36094793708279127,0.4199990716259791,0.4199990716259791,0.09044278178001702,5,6.633823709038488,1.0,40,9,mejora
5248,8 cctv,0.5215784827120727,0.8630152897016883,0.7162874455029682,0.8630152897016883,-0.34143680698961554,2,5.648190710175894,1.0,16,11,empeora
5358,85 sony,1.0,0.510069131458292,0.7827392871477703,0.7827392871477703,0.2172607128522297,2,5.7245060696132875,1.0,38,17,mejora
5378,8gb 512gb,1.0,1.0,0.9216017310213247,1.0,0.0,2,4.9727569878966325,1.0,39,27,empata
5385,8k tv,1.0,1.0,0.9669850519151656,1.0,0.0,2,6.052360075634943,1.0,40,5,empata
5814,a doa metros de ti,0.9705437052559006,0.7456919575934262,0.7618870795651186,0.7618870795651186,0.20865662569078203,5,5.227490193557575,0.8,16,6,mejora
5997,a7 iii,1.0,0.39564672360221187,0.45560514958746035,0.45560514958746035,0.5443948504125397,2,6.783024849166345,0.5,16,2,mejora
6003,a7c sony,0.6508205185601091,0.1480409554829326,0.6105456988825855,0.6105456988825855,0.040274819677523666,2,6.863139712118166,0.5,28,3,mejora
6050,abanicos seda pintado a mano,1.0,0.9337457765456111,1.0,1.0,0.0,5,5.796172607294577,1.0,40,29,empata
6071,abercrombie & fitch hombre,0.727329844310522,0.8553475075669357,0.7859162856301584,0.8553475075669357,-0.12801766325641373,3,7.863090079464761,1.0,16,11,empeora
6074,abitacion juvenil completo decoracion,0.8454256604216018,0.9337457765456111,0.9148568823583791,0.9337457765456111,-0.08832011612400925,4,7.077336341899215,1.0,39,26,empeora
6099,abridores de vino profesional,1.0,1.0,1.0,1.0,0.0,4,5.189378268221272,1.0,16,16,empata
6102,abrigo de pelo de mujer de invierno,0.7827392871477703,0.7877736340270853,0.7948833326720566,0.7948833326720566,-0.012144045524286273,7,2.690219926945707,1.0,16,10,empeora
6105,abrigo hombre elegante,0.9216017310213247,1.0,0.88995411685096,1.0,-0.0783982689786753,3,4.737805142646842,1.0,16,13,empeora
6108,abrigo militar hombre,0.7720617383222419,0.7534494445524139,0.8486026589039901,0.8486026589039901,-0.07654092058174822,3,4.866359302917503,1.0,16,12,empeora
6110,abrigo niño,0.9216017310213247,1.0,0.92663607790064,1.0,-0.0783982689786753,2,5.250056583052725,1.0,16,15,empeora
6114,abrigos de fiesta largos,0.7791714369672128,0.6911279212606076,0.8512360941594275,0.8512360941594275,-0.07206465719221467,4,4.477648144306543,1.0,16,10,empeora
6117,abrigos mujer gris,1.0,1.0,1.0,1.0,0.0,3,4.280497035256676,0.6666666666666666,16,16,empata
6119,abrigos para niños de 10 años,0.8048109992093391,0.8115558478722846,0.7630946912803437,0.8115558478722846,-0.006744848662945557,6,2.98969178724944,0.8333333333333334,16,12,empeora
6122,abrotano macho,0.8701249883466594,0.727329844310522,0.8701249883466594,0.8701249883466594,0.0,2,8.130598247299497,1.0,40,12,empata
6194,accesorio picador batidora braun,0.8359212563489483,0.5383087035438704,0.5737957140072372,0.5737957140072372,0.26212554234171115,4,7.113978759790566,0.75,16,9,mejora
6197,accesorios baño,1.0,1.0,1.0,1.0,0.0,2,4.123430378649784,1.0,16,16,empata
6200,accesorios bra efficient,1.0,0.9337457765456111,0.9337457765456111,0.9337457765456111,0.06625422345438892,3,6.441022856885844,0.6666666666666666,16,11,mejora
6201,accesorios camara deportiva victure,0.5462574254588146,0.5462574254588146,0.575073986183329,0.575073986183329,-0.02881656072451433,4,6.1056337696151,0.75,16,13,empeora
6203,accesorios coche,1.0,1.0,1.0,1.0,0.0,2,4.040437809912654,1.0,16,15,empata
6207,accesorios de pinzas para buffet,1.0,1.0,1.0,1.0,0.0,5,4.133397462906396,1.0,16,15,empata
6211,accesorios mtb,1.0,1.0,1.0,1.0,0.0,2,4.968418766108841,1.0,16,16,empata
6217,accesorios para moto,0.9148568823583791,1.0,1.0,1.0,-0.08514311764162086,3,3.432218381996481,0.6666666666666666,16,14,empeora
6222,accesorios volante g29,1.0,1.0,1.0,1.0,0.0,3,6.395800901834792,1.0,40,17,empata
6223,accesoruios coche,1.0,1.0,1.0,1.0,0.0,2,7.114671957871478,0.5,16,14,empata
6237,accolmile,0.7827392871477703,0.9337457765456111,0.88995411685096,0.9337457765456111,-0.15100648939784078,1,9.615805480084347,1.0,36,10,empeora
6238,accordian,0.7600791051976192,0.6378891765242929,0.6489315753318466,0.6489315753318466,0.11114752986577259,1,10.308952660644293,1.0,35,15,mejora
6274,aceite de vainilla,1.0,1.0,1.0,1.0,0.0,3,3.9515113413380853,1.0,16,16,empata
6275,aceite esencial lavanda,1.0,1.0,1.0,1.0,0.0,3,6.473035291912216,1.0,16,16,empata
6278,aceite facial antiedad,1.0,1.0,1.0,1.0,0.0,3,5.72916228090962,1.0,16,16,empata
6280,aceite para persianas,0.8187026689573268,0.23722561126224387,0.46733433167771476,0.46733433167771476,0.35136833727961203,3,4.30933599181166,0.0,16,8,mejora
6283,aceitera acero inoxidable,1.0,0.9363792118010483,0.8572048559638626,0.9363792118010483,0.06362078819895167,3,5.866477853588368,1.0,16,13,mejora
6300,acer conceptd 500,0.0,0.5,0.0,0.5,-0.5,3,6.614776963872008,1.0,39,1,empeora
6321,acer triton 300,1.0,0.5706417189553201,0.5706417189553201,0.5706417189553201,0.4293582810446799,3,7.184204879562253,0.6666666666666666,15,2,mejora
6327,acesorios victure,0.4673791184803735,0.640591412903011,0.5559026721867444,0.640591412903011,-0.17321229442263752,2,9.413072926030265,0.5,16,12,empeora
6330,acetona pura esmalte permanente,0.8553475075669357,1.0,1.0,1.0,-0.14465249243306433,4,7.270152581855188,1.0,16,13,empeora
6347,acido para baterias,0.9619991470595832,0.8318724637288826,0.787702056960637,0.8318724637288826,0.13012668333070065,3,5.509412782872531,1.0,16,4,mejora
6391,acrilico cover para uñas,0.5552448576790283,0.5579780239524,0.7167674835027339,0.7167674835027339,-0.16152262582370558,4,4.952696970873788,0.75,40,21,empeora
6445,activador para hidroimpresion,0.9619991470595832,0.5883300173403988,1.0,1.0,-0.038000852940416774,3,6.447216355125877,1.0,16,4,empeora
6471,acuarelas niños lavables,0.9709286432396583,0.8318724637288826,0.876848805629635,0.876848805629635,0.09407983761002336,3,6.227521707861002,0.6666666666666666,16,4,mejora
6491,acustica,1.0,1.0,1.0,1.0,0.0,1,9.210340371976184,1.0,15,15,empata
6506,adadtador jack,1.0,1.0,1.0,1.0,0.0,2,7.860032760668837,0.5,39,36,empata
6522,adaptador cable router coaxial,1.0,1.0,0.5706417189553201,1.0,0.0,4,5.52628022031139,1.0,16,2,empata
6529,adaptador enchufe triple,0.9216017310213247,0.92663607790064,0.9148568823583791,0.92663607790064,-0.005034346879315255,3,5.162274624705487,1.0,16,13,empeora
6532,adaptador hdmi para ipad,1.0,1.0,1.0,1.0,0.0,4,3.8439882554055647,1.0,16,16,empata
6534,adaptador iphone 7 plus,1.0,0.421179651918213,0.7773228980348948,0.7773228980348948,0.22267710196510515,4,4.178433319542666,0.75,16,6,mejora
6540,adaptador mini cascos xiaomi,0.8364586133797037,0.77990823370192,1.0,1.0,-0.16354138662029627,4,4.6080655529336285,0.5,16,11,empeora
6544,adaptador radio 2 din,0.4518648409659428,0.6601585067762745,0.618519700841442,0.6601585067762745,-0.2082936658103317,4,4.438476138139499,1.0,16,10,empeora
6546,adaptador usb,0.9132861715058803,0.9799214801447084,1.0,1.0,-0.08671382849411968,2,3.8649338923005176,1.0,13,7,empeora
6548,adaptador usb tipo c a micro usb,1.0,1.0,1.0,1.0,0.0,7,3.9861752873030123,1.0,16,16,empata
6633,adidas,1.0,1.0,1.0,1.0,0.0,1,5.209086232820094,1.0,26,26,empata
6651,adidas busenitz vulc,0.88995411685096,0.7065443116025598,0.77990823370192,0.77990823370192,0.11004588314904007,3,8.608997184702893,1.0,38,17,mejora
6763,adidas superstar mujer,0.8301054527851841,0.8987025955356566,0.7820145169351078,0.8987025955356566,-0.06859714275047246,3,5.389631053944694,1.0,16,8,empeora
6809,adipometro medidor de grasa,0.9363792118010483,0.7951657524814092,1.0,1.0,-0.06362078819895167,4,5.883408321976585,1.0,16,14,empeora
6881,adornos para mesas de centro,0.9148568823583791,0.9337457765456111,0.8165901947515999,0.9337457765456111,-0.01888889418723194,5,4.4405626819245665,0.8,16,14,empeora
6882,adornos para tartas de unicornio,1.0,0.8364586133797037,1.0,1.0,0.0,5,4.219817204057591,0.8,16,14,empata
6884,adornos tela,0.9216017310213247,0.7788065869851875,0.8630152897016883,0.8630152897016883,0.05858644131963642,2,5.530712653644526,1.0,16,13,mejora
7073,afeitadora electrica,1.0,1.0,1.0,1.0,0.0,2,6.669293242936982,1.0,16,16,empata
7122,aftershave sin perfume,0.5958595188912911,0.17630010660342915,0.4701017400374073,0.4701017400374073,0.12575777885388378,3,6.08888568543842,0.6666666666666666,40,16,mejora
7135,agarraderas de cortinas,1.0,1.0,1.0,1.0,0.0,3,5.7842004950059165,1.0,16,16,empata
7136,agarre movil mano,1.0,1.0,1.0,1.0,0.0,3,5.79120896401047,1.0,16,16,empata
7139,agata,0.9053568677805113,0.5304625093224632,0.848793892424921,0.848793892424921,0.056562975355590295,1,9.615805480084347,0.0,16,8,mejora
7150,age repair isdin 50,1.0,0.8301054527851841,0.9156857657441142,0.9156857657441142,0.0843142342558858,4,6.744134441643096,1.0,16,8,mejora
7160,agenda charuca,0.9305687780632229,0.9052116356304495,1.0,1.0,-0.06943122193677709,2,7.7014847818398,1.0,16,15,empeora
7162,agenda escolar diaria,1.0,1.0,1.0,1.0,0.0,3,6.698990321124769,1.0,16,16,empata
7165,agendas,0.9197207891481876,0.0,0.5437713091520254,0.5437713091520254,0.37594947999616213,1,8.922658299524402,0.0,16,2,mejora
7178,agota kristof,1.0,1.0,1.0,1.0,0.0,2,10.308952660644293,0.0,14,14,empata
7180,agua bidestilada,0.6309297535714575,0.5,0.5,0.5,0.13092975357145753,2,7.098141526741034,0.5,16,1,mejora
7192,agujas pistola avery,0.8603818544462509,0.7104770117651427,0.7951657524814092,0.7951657524814092,0.06521610196484173,3,7.897560267394343,1.0,16,11,mejora
7196,agv pista gp rr,1.0,1.0,1.0,1.0,0.0,4,8.811712306421828,1.0,30,26,empata
7209,ahuyentador ratas,1.0,1.0,1.0,1.0,0.0,2,8.464512933587324,1.0,16,16,empata
7360,air max 97,1.0,1.0,1.0,1.0,0.0,3,5.806111549159463,1.0,16,15,empata
7390,air purifier mold,0.9337457765456111,0.6848374495230164,0.599976751690748,0.6848374495230164,0.2489083270225947,3,7.744155059767819,1.0,40,35,mejora
7422,air walks zapatos,1.0,0.5508095940041026,1.0,1.0,0.0,3,6.79975061174908,0.3333333333333333,16,3,empata
7429,airbone,1.0,0.858594026354055,0.8775271469089744,0.8775271469089744,0.12247285309102562,1,10.308952660644293,1.0,14,7,mejora
7569,airpods pro,1.0,0.5,1.0,1.0,0.0,2,5.295657785809237,1.0,16,1,empata
7630,airthings,0.9558295932317544,0.9619991470595832,0.8773497378596238,0.9619991470595832,-0.0061695538278288,1,10.308952660644293,1.0,9,4,empeora
7661,ajazz ak33 blue switch,0.4920922491350003,0.5281053503725599,0.7338014994066248,0.7338014994066248,-0.24170925027162443,4,7.561851032126234,1.0,40,7,empeora
7686,akg auriculares,1.0,1.0,1.0,1.0,0.0,2,6.837874307794558,1.0,16,16,empata
7761,alarma corte corriente,0.7315682114753617,0.8547529378296287,0.9178287402913374,0.9178287402913374,-0.18626052881597577,3,6.064121801411921,1.0,15,4,empeora
7789,album guardería,0.20829366581033185,0.3824147140836781,0.35623158861460097,0.3824147140836781,-0.17412104827334626,2,7.047906261559216,0.5,39,15,empeora
7791,album pareja,0.92663607790064,0.9305687780632229,0.9052116356304495,0.9305687780632229,-0.003932700162582958,2,6.754012929108157,1.0,16,15,empeora
7793,alcachofa ducha antical,1.0,1.0,1.0,1.0,0.0,3,6.558830933546883,1.0,16,16,empata
7794,alcachofa ducha cuadrada,0.7721596254947204,0.5215784827120727,0.6870165078530993,0.6870165078530993,0.08514311764162108,3,6.2286980322042576,1.0,16,11,mejora
7827,aldous huxley un mundo feliz,0.8482378089219648,0.6067216003536937,0.662791942031712,0.662791942031712,0.18544586689025278,5,7.6434677764107395,1.0,39,14,mejora
7834,aleron golf 3 gti,0.38685280723454163,0.6131471927654584,0.6131471927654584,0.6131471927654584,-0.22629438553091674,4,6.947013327396803,0.75,16,2,empeora
7852,alex & sierra,0.9197207891481876,0.8315546295836225,0.6131471927654584,0.8315546295836225,0.08816615956456508,2,7.443902769157505,1.0,15,2,mejora
7918,alfa style,0.9469024295259745,0.8529278650606567,0.8854598815714874,0.8854598815714874,0.061442547954487114,2,7.594279846167073,1.0,16,3,mejora
7919,alfabeto montessori,0.4415801103577823,0.3889580943680543,0.5912352048230277,0.5912352048230277,-0.14965509446524544,2,7.755979923694002,0.5,16,2,empeora
7930,alfombra de pasillo moderna,1.0,1.0,1.0,1.0,0.0,4,4.72571263151538,1.0,15,15,empata
7941,alfombra vinilica salon,0.8117214645716768,0.39790583709582267,0.8204228753162047,0.8204228753162047,-0.008701410744527904,3,7.2689965043735905,0.6666666666666666,16,9,empeora
7952,alfombras sin pelo,0.6804503724350792,0.5036067026046992,0.3785009188665827,0.5036067026046992,0.17684366983038002,3,4.6480069754205156,1.0,39,11,mejora
7956,alfombrilla antideslizante coche,1.0,1.0,1.0,1.0,0.0,3,5.068992759286053,1.0,16,16,empata
7971,algodon de azucar fresa,0.9619991470595832,0.9349366583346498,0.9558295932317544,0.9558295932317544,0.0061695538278288,4,5.441569553212376,0.5,16,4,mejora
7976,algun dia no es un dia de la semana,0.46927872602275644,0.86034433104172,0.7039180890341347,0.86034433104172,-0.3910656050189636,9,5.3704376566641665,0.6666666666666666,39,3,empeora
7979,alianzas boda hombre,0.9052116356304495,0.88995411685096,0.9052116356304495,0.9052116356304495,0.0,3,5.496414357255007,1.0,16,15,empata
7983,alicates crimpar,0.9052116356304495,0.7967610662472993,0.8701249883466594,0.8701249883466594,0.03508664728379007,2,8.786691441782581,1.0,16,13,mejora
8026,alienware portatil gaming,0.5531464700081437,0.6992148198508501,0.6552438651310554,0.6992148198508501,-0.14606834984270645,3,6.872202055185656,1.0,39,5,empeora
8033,alimentacion 3a,0.9363792118010483,0.77990823370192,0.77990823370192,0.77990823370192,0.15647097809912835,2,7.755979923694002,0.5,16,12,mejora
8035,alisado sin formol,0.9363792118010483,1.0,0.9052116356304495,1.0,-0.06362078819895167,3,6.732188954674711,1.0,40,27,empeora
8051,all about us 2,0.9550236580992476,0.8276904491046954,0.5646436081071458,0.8276904491046954,0.12733320899455225,4,5.699400110314526,1.0,16,4,mejora
8213,almohada de silla triangular,1.0,1.0,1.0,1.0,0.0,4,4.541572900956226,1.0,16,14,empata
8214,almohada ergononica espalda,0.27727342735504823,0.16958010263680806,0.41412294568879626,0.41412294568879626,-0.13684951833374803,3,7.2950576586622775,0.6666666666666666,16,5,empeora
8215,almohada lateral,0.7215194105726963,0.8318477135310892,0.7702043899253147,0.8318477135310892,-0.11032830295839291,2,5.998716890209423,1.0,16,12,empeora
8216,almohada piernas dormir,1.0,1.0,1.0,1.0,0.0,3,5.814664463369326,1.0,16,16,empata
8218,almohadas 70x40,0.6920788373899057,0.4966595839083822,0.5857421563596759,0.5857421563596759,0.10633668103022986,2,8.57608470924443,0.5,16,7,mejora
8221,almohadas firmeza media,0.9216017310213247,0.7510916729774055,0.5676818677290052,0.7510916729774055,0.17051005804391917,3,6.787582146847455,1.0,16,12,mejora
8224,almohadilla para caminar baratas,0.3265208687926954,0.5546406709327603,0.3776772633684371,0.5546406709327603,-0.2281198021400649,4,5.45617269713903,0.75,40,7,empeora
8329,alta voz sony portátil con bluetooth,0.9305687780632229,0.5766692999492191,0.6468562235661909,0.6468562235661909,0.28371255449703203,6,3.774141494334993,0.8333333333333334,40,19,mejora
8334,altavoces bluetooth portatiles,1.0,1.0,1.0,1.0,0.0,3,6.085160075979506,1.0,16,16,empata
8335,altavoces bluetooth potentes,1.0,1.0,1.0,1.0,0.0,3,5.647764612990784,1.0,16,16,empata
8339,altavoces es,1.0,0.92663607790064,0.9305687780632229,0.9305687780632229,0.06943122193677709,2,5.518345642986928,0.5,16,13,mejora
8340,altavoces exterior,1.0,1.0,1.0,1.0,0.0,2,5.282137555161368,1.0,16,15,empata
8351,altavoz bluetooth portatil impermeable,1.0,1.0,1.0,1.0,0.0,4,4.6515860251416905,1.0,16,16,empata
8354,altavoz karaoke,1.0,1.0,1.0,1.0,0.0,2,6.982521145967619,1.0,16,16,empata
8457,amafitbit gts 2,0.8379265695293115,0.6728499236252581,0.6597369862291469,0.6728499236252581,0.16507664590405347,3,7.3586845953921545,0.6666666666666666,40,9,mejora
8466,amasadora barata,0.92663607790064,0.77990823370192,1.0,1.0,-0.07336392209936005,2,8.86376678169621,0.5,16,12,empeora
8469,amaz fit,1.0,0.9363792118010483,1.0,1.0,0.0,2,7.6031296347167725,0.0,16,14,empata
8477,amazfit gtr 42 correa,0.9674679834891693,0.9010126104210695,0.9060254355346823,0.9060254355346823,0.061442547954487,4,6.261408124483458,1.0,16,3,mejora
8478,amazfit gtr 47mm,0.9202054614375518,0.6811464195909027,0.8950513976905918,0.8950513976905918,0.025154063746959943,3,8.421299167265644,1.0,16,8,mejora
8514,amazon basics pla,0.7193074786775863,1.0,1.0,1.0,-0.28069252132241373,3,5.971761052900658,1.0,16,6,empeora
8580,amazon locker buscar,1.0,1.0,1.0,1.0,0.0,3,7.808223831776651,0.3333333333333333,16,16,empata
8614,amazon sofa,1.0,0.7903864795495061,1.0,1.0,0.0,2,5.720871200556994,0.5,16,2,empata
8691,ambar perfums humidificador,0.8178341711089538,0.7380396325465057,0.7457912185292984,0.7457912185292984,0.07204295257965543,3,8.661738519774525,1.0,40,8,mejora
8711,ambientador coche nuevo,1.0,1.0,1.0,1.0,0.0,3,5.634330896709277,1.0,16,14,empata
8714,ambientador sin olor,0.314880130667631,0.2200917662980802,0.4220949603708208,0.4220949603708208,-0.1072148297031898,3,5.455975155845013,1.0,39,10,empeora
8716,ambulancia playmobil,0.9796825595768973,0.8417771098923534,0.7923823825200125,0.8417771098923534,0.13790544968454388,2,8.048058372119772,1.0,16,6,mejora
8838,americanas hombre sport,0.39639187290150935,0.2902597849695646,0.3824147140836781,0.3824147140836781,0.013977158817831237,3,6.12117452156036,0.6666666666666666,39,10,mejora
8855,amiibo kirby,0.8494348345648929,0.9279611693743142,0.6947702914378464,0.9279611693743142,-0.07852633480942128,2,9.413072926030265,1.0,15,4,empeora
8873,aminoacidos bcaa,0.8389574121760603,0.7849818707050383,0.8630152897016883,0.8630152897016883,-0.024057877525627935,2,8.440117851502608,1.0,15,12,empeora
8874,aminoacidos esenciales capsulas,0.7587492362187309,0.49295100115799784,0.6708244210331168,0.6708244210331168,0.08792481518561412,3,7.924080875006406,0.3333333333333333,16,9,mejora
8895,amor sin limites,0.9216514835285049,0.7279965505724832,0.7641675933748661,0.7641675933748661,0.15748389015363884,3,6.163939590595235,1.0,34,9,mejora
8896,amortiguador de la bici trasero,0.9052116356304495,0.8603818544462509,0.92663607790064,0.92663607790064,-0.02142444227019047,5,4.571970572533486,1.0,16,13,empeora
8897,amortiguador xmax 250,0.9242560749182925,0.4430895440946126,0.9571479481910375,0.9571479481910375,-0.03289187327274501,3,7.716634526203478,1.0,16,6,empeora
8908,amplificador bateria electronica,0.77990823370192,0.826813366651774,0.5580759111248786,0.826813366651774,-0.04690513294985399,3,7.01588770732193,0.3333333333333333,39,17,empeora
8909,amplificador coche jbl,1.0,1.0,1.0,1.0,0.0,3,5.906457503703909,1.0,16,9,empata
8963,anales juguete sexual mujer,0.9148568823583791,0.8165901947515999,0.5766692999492191,0.8165901947515999,0.09826668760677926,4,6.137211536392845,0.75,39,29,mejora
9014,andadores sin ruedas,0.6766267238974651,0.6488081217425109,0.4125317798925535,0.6488081217425109,0.02781860215495424,3,5.397085308057476,1.0,40,8,mejora
9044,android,0.21000823726012655,0.26899544908749884,0.09162544430476362,0.26899544908749884,-0.05898721182737229,1,4.124803769706809,1.0,16,7,empeora
9047,android auto sin cable,0.7885497208855957,0.0,0.23758350840568815,0.23758350840568815,0.5509662124799075,4,3.989137980685176,0.5,36,13,mejora
9067,android telefono,1.0,0.8482378089219648,0.8200685179888284,0.8482378089219648,0.15176219107803524,2,5.862853114624446,1.0,16,14,mejora
9081,andy z,1.0,1.0,1.0,1.0,0.0,2,7.915206789253269,1.0,16,15,empata
9090,angel de la noche,1.0,1.0,1.0,1.0,0.0,4,4.00786647288727,1.0,16,16,empata
9138,anillas madera mordedor,1.0,1.0,1.0,1.0,0.0,3,6.7363708076959155,1.0,16,16,empata
9141,anillo animales hombre,0.9216017310213247,1.0,1.0,1.0,-0.0783982689786753,3,4.656978209485437,1.0,40,33,empeora
9147,anillo hombte,0.9148568823583791,1.0,0.9216017310213247,1.0,-0.08514311764162086,2,7.8171493497901245,0.5,15,14,empeora
9155,anillo silicona pene,0.6320787427864673,0.6581810421830975,0.8454256604216018,0.8454256604216018,-0.21334691763513458,3,6.389295089762716,0.6666666666666666,16,12,empeora
9162,anillos hombre sello de oro solitario,0.5527460588826718,0.5360735436824438,0.6569815082938865,0.6569815082938865,-0.10423544941121465,6,4.8505464203751325,1.0,40,13,empeora
9164,anillos mujer acero inoxidable ajustable,0.9120345678990496,0.6241641366796028,0.8255857570917466,0.8255857570917466,0.08644881080730293,5,4.063995415874391,1.0,16,8,mejora
9199,animales de granja figuras,0.6629389851625659,0.7050119208717951,0.6913184887144799,0.7050119208717951,-0.04207293570922921,4,4.9746954369147804,1.0,16,9,empeora
9319,anna field zapatos mujer,1.0,1.0,1.0,1.0,0.0,4,6.061172308979022,1.0,16,15,empata
9333,anne perry,0.6473362615659566,0.769526190239283,0.7381919257729246,0.769526190239283,-0.12218992867332645,2,9.962379070364321,0.0,16,11,empeora
9353,anorak mujer rojo,0.5399873388995391,0.4892835987503299,0.45484422125791807,0.4892835987503299,0.0507037401492092,3,5.291521340947303,1.0,40,12,mejora
9379,antena parabolica portatil,0.92663607790064,0.7885497208855957,0.8482378089219648,0.8482378089219648,0.07839826897867519,3,7.114800827176694,0.6666666666666666,16,13,mejora
9389,anthem pc,0.9202054614375518,0.7971998030554314,0.8189080569732083,0.8189080569732083,0.10129740446434343,2,7.15855976331267,1.0,16,8,mejora
9443,antialgas estanque con peces,0.668306326910793,0.39375843764607205,0.5621931439243355,0.5621931439243355,0.10611318298645744,4,6.691580004660665,0.75,39,17,mejora
9449,antibeschlag set,0.5832678409476796,0.23386470445736623,0.5208317142742857,0.5208317142742857,0.06243612667339393,2,7.163168090865133,0.0,20,5,mejora
9457,antifaces dormir niños pack,0.7084653751049538,0.606719472279063,0.8294203610382852,0.8294203610382852,-0.12095498593333143,4,5.686309278045702,0.75,15,6,empeora
9468,antimosquitos sin deet,0.8669479898642711,0.8701249883466594,0.9337457765456111,0.9337457765456111,-0.06679778668133995,3,7.098393050897414,1.0,40,28,empeora
9469,antipalomas balcon,1.0,1.0,1.0,1.0,0.0,2,9.504233704427243,1.0,40,35,empata
9481,antironquidos tiritas,1.0,0.5309999066793253,0.9363792118010483,0.9363792118010483,0.06362078819895167,2,9.615805480084347,0.5,16,12,mejora
9483,antirrobo para patinetes electricos,0.77990823370192,0.8200685179888284,0.9216017310213247,0.9216017310213247,-0.14169349731940473,4,6.39468250491297,0.5,40,33,empeora
9484,antisalpicaduras vitroceramica,0.20438239758848611,0.17723928678404774,0.6131471927654584,0.6131471927654584,-0.4087647951769723,2,9.269231889804374,0.0,16,2,empeora
9500,antony morato hombre zapatos,0.9363792118010483,1.0,1.0,1.0,-0.06362078819895167,4,6.020073308716022,1.0,16,15,empeora
9518,aolvo,1.0,1.0,1.0,1.0,0.0,1,9.615805480084347,1.0,39,34,empata
9522,aorpods,1.0,0.0,0.6713527276121545,0.6713527276121545,0.3286472723878455,1,10.308952660644293,0.0,16,4,mejora
9539,aparadores cerezo,1.0,0.77990823370192,1.0,1.0,0.0,2,8.661034227642128,0.5,40,20,empata
9547,aparatos de cera,0.9052116356304495,1.0,0.8512360941594275,1.0,-0.09478836436955052,3,5.090038600318896,0.6666666666666666,16,14,empeora
9560,apecam a80,0.0,0.6131471927654584,0.3065735963827292,0.6131471927654584,-0.6131471927654584,2,10.308952660644293,0.5,40,2,empeora
9565,aperos para motocultor,0.56264752084969,0.6874708847784539,0.5384313152574522,0.6874708847784539,-0.12482336392876381,3,6.4864773670113385,1.0,38,19,empeora
9582,apivita tonico,1.0,1.0,1.0,1.0,0.0,2,9.962379070364321,0.5,16,2,empata
9586,apli kids,1.0,1.0,1.0,1.0,0.0,2,7.2565560444368,1.0,16,16,empata
9591,aplique led sin cables,1.0,1.0,1.0,1.0,0.0,4,4.757291459982438,1.0,40,31,empata
9594,apliques pared,1.0,1.0,1.0,1.0,0.0,2,5.639937794085757,1.0,16,16,empata
9595,apliquick,0.5413996682199069,0.3903800499921017,0.5205067333228022,0.5205067333228022,0.020892934897104753,1,10.308952660644293,1.0,39,4,mejora
9606,app alexa español descargar,0.6934264036172708,0.6934264036172708,0.6934264036172708,0.6934264036172708,0.0,4,6.197583849157132,0.25,11,2,empata
9635,apple accesorios,0.9709286432396583,0.8756458727267332,0.7087212693585175,0.8756458727267332,0.09528277051292511,2,4.509199285902619,0.5,16,4,mejora
9960,aprender ingles,0.8701249883466594,0.685119869332369,0.9337457765456111,0.9337457765456111,-0.06362078819895167,2,7.7124742351991875,0.5,16,11,empeora
9961,aprendre a llegir,0.7059054020403313,0.7100226348397881,0.7123736502858729,0.7123736502858729,-0.006468248245541597,3,7.767738678473769,1.0,31,14,empeora
10090,araña broma,1.0,1.0,1.0,1.0,0.0,2,8.57608470924443,1.0,16,16,empata
10096,arbily smartwatch,1.0,0.7606395682357036,1.0,1.0,0.0,2,7.0957084319154475,1.0,16,4,empata
10098,arbol de la vida pared negro,0.8521705090845474,0.92663607790064,0.92663607790064,0.92663607790064,-0.07446556881609256,6,3.6849812050418325,1.0,16,11,empeora
10100,arbol de navidad 180 cm,1.0,1.0,1.0,1.0,0.0,5,4.044140179774065,1.0,16,15,empata
10103,arbol del te acne,1.0,0.7065443116025598,0.9216017310213247,0.9216017310213247,0.0783982689786753,4,6.2574260285740335,1.0,40,32,mejora
10104,arbol navidad 180cm,1.0,0.8553475075669357,1.0,1.0,0.0,3,6.449756334545643,1.0,16,12,empata
10111,arboles para belen,0.8389574121760603,0.826813366651774,0.8389574121760603,0.8389574121760603,0.0,3,6.149277063118512,0.3333333333333333,14,11,empata
10159,archivador anillas de oxford,0.5805485932475565,0.9176551163528843,0.6844642384164166,0.9176551163528843,-0.33710652310532785,4,5.831105707724014,0.75,16,4,empeora
10160,archivador definitivo,1.0,1.0,1.0,1.0,0.0,2,9.066499335750294,1.0,16,16,empata
10168,arco profesional de tiro,1.0,1.0,1.0,1.0,0.0,4,4.512515913204067,1.0,15,1,empata
10224,arena para acuarios,1.0,0.9363792118010483,0.8643145546088339,0.9363792118010483,0.06362078819895167,3,5.002665338329322,1.0,16,13,mejora
10292,arkham knight,0.8550956239938449,0.7000877408061721,0.6728499236252581,0.7000877408061721,0.15500788318767278,2,9.335997586116637,1.0,16,9,mejora
10311,arm & hammer,1.0,1.0,1.0,1.0,0.0,2,8.989423995836663,1.0,40,23,empata
10338,armario,1.0,1.0,1.0,1.0,0.0,1,5.252706855295984,1.0,16,16,empata
10341,armario 90 ancho,1.0,0.5531464700081437,0.8297197050122157,0.8297197050122157,0.1702802949877843,3,5.060709263286205,1.0,16,5,mejora
10346,armario de tela,1.0,1.0,1.0,1.0,0.0,3,3.5268607058064365,1.0,16,16,empata
10350,armario escobero exterior,1.0,1.0,1.0,1.0,0.0,3,6.457443342369378,1.0,16,16,empata
10351,armario estanteria con puertas,0.8486026589039901,0.9216017310213247,0.7026305163854646,0.9216017310213247,-0.07299907211733458,4,4.676347723023331,1.0,40,33,empeora
10352,armario exterior madera estrecho,0.5774250016294137,0.5017100640839689,0.7909506325094736,0.7909506325094736,-0.21352563088005994,4,5.335057548513766,0.5,16,11,empeora
10356,armarios matrimonio baratos,1.0,0.6214990811334173,0.9363792118010483,0.9363792118010483,0.06362078819895167,3,7.287373861271829,0.3333333333333333,40,33,mejora
10357,armarios resina,1.0,1.0,1.0,1.0,0.0,2,6.321858326001287,0.5,16,16,empata
10400,armónica tremolo,1.0,1.0,1.0,1.0,0.0,2,9.759646516310237,1.0,40,36,empata
10414,arnés camara deportiva universal,0.7299222417644611,0.66200432687264,0.7336220334145286,0.7336220334145286,-0.0036997916500675077,4,5.759550331884975,0.25,16,5,empeora
10432,arrancador de baterias de coche,1.0,1.0,1.0,1.0,0.0,5,4.3045620063652095,1.0,16,16,empata
10520,arterix,1.0,0.6781655456329551,0.9878316351280036,0.9878316351280036,0.012168364871996351,1,10.308952660644293,0.0,13,7,mejora
10521,artero acondicionador perros,0.727329844310522,0.4634464183177907,0.6489315753318466,0.6489315753318466,0.0783982689786753,3,7.262814449842761,1.0,40,10,mejora
10544,articulos sin marca predeterm,1.0,0.9156857657441142,0.9090080656255759,0.9156857657441142,0.0843142342558858,4,6.893211346770393,1.0,11,8,mejora
10592,arts and crafts for kids,0.8611375561264456,0.9337457765456111,1.0,1.0,-0.1388624438735544,5,6.75085850001169,1.0,40,33,empeora
10604,arvo,0.9971876401972103,0.9971876401972103,1.0,1.0,-0.00281235980278971,1,10.308952660644293,1.0,10,9,empeora
10606,arya stark funko pop,0.843537875344446,0.8122682216087223,0.7227265726449519,0.8122682216087223,0.03126965373572377,4,7.6684418385626785,1.0,28,5,mejora
10627,asesinos sin rostro,0.8508957228074243,0.8317213551625277,0.9292442392789195,0.9292442392789195,-0.07834851647149521,3,6.2700908343014135,1.0,53,9,empeora
10660,asics,0.5,0.0,0.2890648263178879,0.2890648263178879,0.21093517368211212,1,6.620073206530356,0.0,16,1,mejora
10670,asics hn528,1.0,1.0,1.0,1.0,0.0,2,8.464512933587324,0.5,11,11,empata
10700,asientos de carreras,0.3352780388452758,0.3576223542196109,0.4799729543637735,0.4799729543637735,-0.14469491551849772,3,4.70768370963421,0.6666666666666666,16,7,empeora
10711,aspirador,1.0,0.9216017310213247,0.9148568823583791,0.9216017310213247,0.0783982689786753,1,5.272000058230663,1.0,16,15,mejora
10718,aspirador dayson sin cable potente,0.4935232796777482,0.1909208661789347,0.09109240322345807,0.1909208661789347,0.30260241349881345,5,5.521014552911261,0.8,40,6,mejora
10719,aspirador de mano sin cable con luz led,1.0,0.9148568823583791,1.0,1.0,0.0,8,3.0755145706185445,1.0,40,36,empata
10721,aspirador escoba sin cable dyson,0.36650177721905447,0.4639590352498408,0.27487633291429087,0.4639590352498408,-0.09745725803078631,5,5.1011261112339605,1.0,40,7,empeora
10723,aspirador para parquet,1.0,1.0,1.0,1.0,0.0,3,4.807493166206796,1.0,16,16,empata
10727,aspirador vapor sin cable,0.8454256604216018,0.8521705090845474,0.7573821447149967,0.8521705090845474,-0.006744848662945557,4,4.4370263069137685,0.75,40,28,empeora
10736,aspiradora kobold,0.8318724637288826,0.5078961547485289,0.6333518746717375,0.6333518746717375,0.1985205890571451,2,7.8947957919931415,1.0,16,4,mejora
10737,aspiradora mano sin cable rowenta,0.5637884576902257,0.6059848036189868,0.5637884576902257,0.6059848036189868,-0.04219634592876109,5,4.602701286722521,1.0,40,10,empeora
10743,aspiradoras dyson sin bolsa,0.11751610475642714,0.0,0.3903800499921017,0.3903800499921017,-0.27286394523567453,4,5.576872857110317,0.25,40,4,empeora
10745,aspiradoras para estufas de pellets,1.0,1.0,1.0,1.0,0.0,5,4.798815344808082,1.0,16,16,empata
10746,aspiradoras potentes,1.0,1.0,1.0,1.0,0.0,2,7.29361003051366,0.5,16,16,empata
10747,aspiradoras sin bolsa carrefour,1.0,0.6410457898283654,0.857980942822373,0.857980942822373,0.14201905717762697,4,6.096733242530275,0.5,16,12,mejora
10750,aspiradores sin cable bosch,0.9337457765456111,0.9337457765456111,0.8006937664098821,0.9337457765456111,0.0,4,5.365033103831276,0.75,40,10,empata
10791,astell and kern,1.0,1.0,1.0,1.0,0.0,3,8.542846871794948,1.0,39,19,empata
10831,asturiana sin lactosa semidesnatada,0.5078961547485289,0.5585075862632192,0.5032251913410369,0.5585075862632192,-0.050611431514690275,4,6.074679902173511,1.0,37,4,empeora
10849,asus gaming portatil,1.0,1.0,1.0,1.0,0.0,3,5.247136280785271,0.6666666666666666,40,32,empata
10852,asus i7 16gb ram ssd,1.0,1.0,0.9705437052559006,1.0,0.0,5,4.6677174722390005,1.0,16,6,empata
10859,asus laptop gaming,1.0,0.77990823370192,1.0,1.0,0.0,3,5.226296161791493,0.6666666666666666,40,33,empata
10868,asus radeon rx 570,0.8669479898642711,0.8701249883466594,0.727329844310522,0.8701249883466594,-0.0031769984823882824,4,7.03640172165361,1.0,40,14,empeora
10876,asus rog ordenator,1.0,0.6062415623539281,0.77990823370192,0.77990823370192,0.22009176629808003,3,7.561454942915084,0.6666666666666666,40,33,mejora
10881,asus rog zephyrus g15,1.0,1.0,1.0,1.0,0.0,4,7.398030026931846,1.0,40,3,empata
10895,asus zenbook,1.0,1.0,1.0,1.0,0.0,2,7.178206818483771,1.0,16,12,empata
10904,asus zephyrus g15,0.7526136409516659,0.644824486427155,0.6238470455881189,0.644824486427155,0.10778915452451099,3,7.550154425689857,1.0,40,6,mejora
10930,ataúd halloween,0.88995411685096,0.6936634693435664,0.7125523635307983,0.7125523635307983,0.17740175332016173,2,7.272430393594091,1.0,16,11,mejora
10985,atletismo niña mallas,0.7484853057448934,0.511877867738379,0.4468535299918563,0.511877867738379,0.2366074380065144,3,6.5781193970278045,0.6666666666666666,16,5,mejora
11002,atornillador bateria pladur,0.7329799437316435,0.4093462278296803,0.7369222915261394,0.7369222915261394,-0.003942347794495871,3,7.676768426763279,0.3333333333333333,16,7,empeora
11004,atornillador sin escobillas,1.0,1.0,1.0,1.0,0.0,3,5.429666069648455,1.0,40,31,empata
11061,audew aspiradora de mano sin cable,0.08274602130532004,0.08274602130532004,0.21689524588991285,0.21689524588991285,-0.13414922458459283,6,4.37239389771431,0.8333333333333334,40,7,empeora
11082,audifonos sennheiser,1.0,1.0,0.9182162519778516,1.0,0.0,2,8.71992574547032,0.5,16,5,empata
11106,audiolab m-dac plus,1.0,0.3562071871080222,1.0,1.0,0.0,4,6.579000994869123,0.25,15,1,empata
11131,aukey usb c,0.5568380918423016,0.5758934653440841,0.5608058990311013,0.5758934653440841,-0.019055373501782547,3,5.566032234185399,1.0,16,7,empeora
11150,auricular inalámbrico,1.0,1.0,1.0,1.0,0.0,2,5.551512879897099,0.5,16,16,empata
11151,auricular sony,1.0,1.0,1.0,1.0,0.0,2,5.711847165621142,0.5,16,16,empata
11158,auriculares bicicleta,0.9148568823583791,0.5309999066793253,0.6410457898283654,0.6410457898283654,0.2738110925300138,2,4.330339362212497,0.5,16,13,mejora
11161,auriculares bluetooth inalámbricos,1.0,1.0,1.0,1.0,0.0,3,4.531901969305193,1.0,16,16,empata
11162,auriculares bluetooth sin goma,0.9305687780632229,0.88995411685096,0.88995411685096,0.88995411685096,0.04061466121226287,4,4.003194867404145,0.75,40,26,mejora
11163,auriculares bluetooth xiaomi,1.0,1.0,0.9279611693743142,1.0,0.0,3,4.27830002629394,1.0,16,4,empata
11164,auriculares blutetooth,1.0,0.37259075411082276,1.0,1.0,0.0,2,7.387180452128613,0.5,50,41,empata
11167,auriculares cable largo,1.0,1.0,1.0,1.0,0.0,3,4.392511843291323,1.0,16,16,empata
11172,auriculares de diadema,1.0,1.0,1.0,1.0,0.0,3,3.667707143171531,1.0,16,16,empata
11183,auriculares inalambricos huawei p30 pro,1.0,0.9216017310213247,1.0,1.0,0.0,5,5.405354144999153,0.8,16,14,empata
11194,auriculares intraurales bass,0.6797310500037655,0.5316900945208328,0.8854598815714874,0.8854598815714874,-0.20572883156772181,3,6.86865891680777,0.6666666666666666,16,3,empeora
11201,auriculares running deportivos cable mp4,0.77990823370192,0.6378891765242929,0.7471589728148226,0.7471589728148226,0.0327492608870974,5,5.551929484475844,0.8,16,10,mejora
11223,aushen,1.0,1.0,1.0,1.0,0.0,1,9.615805480084347,1.0,16,14,empata
11240,autel evo 2 dual,0.591176585485452,0.4599715079731103,0.6992148198508501,0.6992148198508501,-0.10803823436539806,4,5.417647169517075,1.0,40,5,empeora
11244,autel maxicom mk808ts,0.8006937664098821,0.7058075148678529,0.7909506325094736,0.7909506325094736,0.009743133900408485,3,9.480650444048292,1.0,34,10,mejora
11299,autografos ariana grande,0.9202054614375518,0.7259007318721808,0.9202054614375518,0.9202054614375518,0.0,3,8.176642775572246,0.6666666666666666,16,8,empata
11342,automatico paraguas,0.9148568823583791,0.7624164915943119,1.0,1.0,-0.08514311764162086,2,7.5286118451365285,1.0,16,12,empeora
11359,autómata,0.6133596113736139,0.30797570872984537,0.5620910878293445,0.5620910878293445,0.05126852354426947,1,10.308952660644293,0.0,31,9,mejora
11376,av cable rca hdmi,1.0,1.0,1.0,1.0,0.0,4,5.35617178848965,1.0,16,15,empata
11488,avion pin y pon action,0.9197207891481876,0.2640681225725909,0.8315546295836225,0.8315546295836225,0.08816615956456508,5,6.989473350379197,0.4,16,2,mejora
11490,avion segunda mano,0.747935059673333,0.7241528458281337,0.8318477135310892,0.8318477135310892,-0.08391265385775626,3,7.42973954581359,1.0,36,17,empeora
11532,axe sin aluminio,1.0,1.0,0.9363792118010483,1.0,0.0,3,5.390405057762995,1.0,40,25,empata
11539,axiom verge ps4,1.0,1.0,1.0,1.0,0.0,3,8.447787224383726,1.0,8,3,empata
11549,ayuda dinamica,1.0,1.0,1.0,1.0,0.0,2,8.394631962399746,0.0,15,15,empata
11565,azucar,1.0,1.0,1.0,1.0,0.0,1,7.669895331029034,0.0,16,16,empata
11603,b&o altavoces,0.7756199604526248,0.0,0.37461252083542884,0.37461252083542884,0.401007439617196,3,4.976040869941765,0.0,40,5,mejora
11664,b12 vitamina vegana,1.0,1.0,1.0,1.0,0.0,3,6.856371719039718,1.0,39,36,empata
11673,b450 aorus,1.0,1.0,0.9828920819566879,1.0,0.0,2,8.699514748210191,1.0,16,4,empata
11695,babates bebe,1.0,0.9305687780632229,0.9363792118010483,0.9363792118010483,0.06362078819895167,2,7.936486596462668,0.5,12,11,mejora
11699,babero game of thrones,0.8122682216087223,0.5789052031080852,0.6043130938474478,0.6043130938474478,0.20795512776127445,4,7.0531567304388965,1.0,16,5,mejora
11700,babero impermeable sin manga,1.0,0.36745852005902896,0.26855292289002114,0.36745852005902896,0.632541479940971,4,4.669194131893391,0.75,40,12,mejora
12098,baby para guarderia,1.0,1.0,1.0,1.0,0.0,3,5.214823602816334,1.0,16,14,empata
12189,baby sin mangas guarderia,0.21840743681816419,0.17723928678404774,0.0,0.17723928678404774,0.041168150034116446,4,5.6346609545099575,0.25,39,2,mejora
12341,bach,0.77990823370192,0.6410457898283654,0.7015099647232446,0.7015099647232446,0.07839826897867541,1,9.210340371976184,1.0,16,14,mejora
12618,bai blade,0.4346298575932763,0.4256628105513782,0.7125523635307983,0.7125523635307983,-0.277922505937522,2,9.15766011414727,0.5,38,16,empeora
12711,baldas pared infantil,1.0,1.0,1.0,1.0,0.0,3,5.166753623762993,1.0,16,15,empata
12821,baloncesto,0.9876712785649565,0.7452496411730669,0.5627057907248066,0.7452496411730669,0.2424216373918896,1,6.595380593939985,1.0,16,6,mejora
12835,balsamo de tigre rojo,0.8553475075669357,0.5572998242663683,0.7503359712972109,0.7503359712972109,0.10501153626972481,4,5.334134936602152,1.0,16,11,mejora
12836,balsamo labial carmex,1.0,1.0,1.0,1.0,0.0,3,9.018552323674996,0.6666666666666666,16,16,empata
12848,balón baloncesto talla 5,1.0,1.0,1.0,1.0,0.0,4,5.3197681818640765,1.0,16,16,empata
12851,bambas,1.0,1.0,1.0,1.0,0.0,1,8.922658299524402,0.0,16,16,empata
12856,bambas mujer verano sin cordones,0.7471589728148226,0.5957616317188127,0.5861163849908828,0.5957616317188127,0.15139734109600989,5,5.088454870282197,0.6,40,17,mejora
12857,bambas new balance mujer,1.0,1.0,1.0,1.0,0.0,4,6.018674572894904,0.75,16,15,empata
12859,bambas niño velcro,0.9363792118010483,1.0,0.9363792118010483,1.0,-0.06362078819895167,3,7.161801962997768,0.0,16,15,empeora
12862,bambas skechers,1.0,1.0,1.0,1.0,0.0,2,7.437451066739552,0.5,16,16,empata
12923,banco baño,0.7720617383222419,0.6620158551732018,0.7967610662472993,0.7967610662472993,-0.024699327925057357,2,5.142227594521953,1.0,16,12,empeora
12946,banda pilates,1.0,1.0,1.0,1.0,0.0,2,6.231558874260032,1.0,16,16,empata
12973,bandeja arena gatos cubierta,0.7996927414142981,0.47271620530242126,0.39325912586965384,0.47271620530242126,0.3269765361118769,4,5.700667955925693,0.75,16,7,mejora
12986,bandolera cintura pierna,1.0,1.0,1.0,1.0,0.0,3,6.447383845289355,1.0,16,16,empata
12989,bandolera moschino,1.0,1.0,1.0,1.0,0.0,2,8.383878859789263,1.0,16,16,empata
12990,bandolera mujer,1.0,1.0,1.0,1.0,0.0,2,4.594550434491882,1.0,16,16,empata
12992,bandoleras mujer,0.92663607790064,0.9305687780632229,0.9216017310213247,0.9305687780632229,-0.003932700162582958,2,6.519624235346911,0.5,16,13,empeora
13025,bannana piercing,0.5056427642465516,0.7788065869851875,0.7630946912803437,0.7788065869851875,-0.2731638227386358,2,8.989423995836663,0.5,16,12,empeora
13058,bar de copas,0.5113553108118987,0.8669479898642711,0.6352557412688554,0.8669479898642711,-0.35559267905237246,3,4.282462132040192,1.0,16,11,empeora
13102,barandilla cama adulto,0.7254521107352793,0.7116179486056783,0.6785038377365556,0.7116179486056783,0.01383416212960098,3,5.950005039943452,1.0,16,12,mejora
13106,barba melchor,0.28351493630661895,0.30315953217404545,0.36288691033421755,0.36288691033421755,-0.0793719740275986,2,8.21412528963108,0.5,38,16,empeora
13110,barbacoa gas,1.0,1.0,1.0,1.0,0.0,2,5.93132027898695,1.0,16,15,empata
13114,barbanegra barco,1.0,0.6309297535714575,1.0,1.0,0.0,2,8.314460637362156,0.5,16,1,empata
13141,barbie,1.0,1.0,1.0,1.0,0.0,1,7.4757393165880766,1.0,13,12,empata
13151,barbie cientifica,0.9060254355346823,0.9469024295259745,1.0,1.0,-0.09397456446531771,2,8.892345988616185,0.5,16,3,empeora
13194,barco cebador pesca gps,0.975788054854922,0.8930068676327362,0.830419897363192,0.8930068676327362,0.08278118722218586,4,6.769475644993077,0.75,16,5,mejora
13198,barcos bandai,0.7827392871477703,0.77990823370192,1.0,1.0,-0.2172607128522297,2,8.006367567650246,0.5,16,13,empeora
13252,barnices para maderas,1.0,1.0,1.0,1.0,0.0,3,6.7175264271979875,0.6666666666666666,40,35,empata
13254,barniz dos componentes brillante,0.6620158551732018,0.6809047493604335,0.7007731679885375,0.7007731679885375,-0.038757312815335676,4,6.575708905046151,1.0,16,10,empeora
13264,barra cortina 150cm,0.7537624778216617,0.6057668556231993,0.6029012095266041,0.6057668556231993,0.1479956221984624,3,6.234236563225157,1.0,16,9,mejora
13271,barra de pesas romana,0.8971754588393883,0.8104616303452686,0.7646489081928867,0.8104616303452686,0.08671382849411968,4,5.238658044247288,1.0,40,7,mejora
13272,barra de sonido,1.0,1.0,1.0,1.0,0.0,3,3.502344341017855,1.0,16,16,empata
13275,barra ducha sin taladro,1.0,1.0,1.0,1.0,0.0,4,4.548519590878106,1.0,40,32,empata
13279,barra sonido samsung tv,1.0,0.38175401871878467,0.8668509484976332,0.8668509484976332,0.13314905150236678,4,4.604084145413017,0.75,16,8,mejora
13288,barras proteinas sin azucar,0.7059054020403313,0.4924605972327181,0.35388057316851634,0.4924605972327181,0.21344480480761313,4,6.058685288694795,0.5,39,12,mejora
13299,barrera cama seguridad infantil cama 90,0.8415908474314977,0.9337457765456111,0.9052116356304495,0.9337457765456111,-0.09215492911411338,6,4.99194759248072,1.0,16,14,empeora
13332,bascula comida,1.0,0.8263333286520084,1.0,1.0,0.0,2,7.3132203870903005,1.0,26,24,empata
13334,bascula de baño sin baterias,0.9363792118010483,0.8454256604216018,0.6968404678259547,0.8454256604216018,0.0909535513794465,5,4.741912047899708,1.0,38,25,mejora
13335,bascula de baño xiaomi,1.0,0.9047172294870751,0.787702056960637,0.9047172294870751,0.09528277051292489,4,4.442917727182716,1.0,16,4,mejora
13336,bascula de precision,1.0,1.0,1.0,1.0,0.0,3,5.686280122163196,1.0,16,16,empata
13337,bascula digital,1.0,1.0,1.0,1.0,0.0,2,6.428932320204102,1.0,16,16,empata
13338,bascula maletas viaje,1.0,1.0,1.0,1.0,0.0,3,7.263747052050877,0.3333333333333333,16,16,empata
13348,base de carga android,1.0,0.88995411685096,0.9363792118010483,0.9363792118010483,0.06362078819895167,4,3.34362164809483,1.0,16,10,mejora
13353,base one permanentes,0.43067655807339306,1.0,1.0,1.0,-0.5693234419266069,3,5.885339809506141,1.0,16,1,empeora
13356,base poner foto,0.8175295903539445,0.9197207891481876,0.6240505200038379,0.9197207891481876,-0.1021911987942431,3,6.449231813063165,0.6666666666666666,16,2,empeora
13357,base tapizada 160x200 sin patas,0.6366824387328317,0.4144299250118475,0.6366824387328317,0.6366824387328317,0.0,5,5.779937621565687,0.8,40,4,empata
13359,base top coat semipermanente,1.0,1.0,1.0,1.0,0.0,4,5.9004264654817415,1.0,40,34,empata
13396,baselina pura,1.0,1.0,1.0,1.0,0.0,2,8.464512933587324,0.5,16,16,empata
13413,basicos manga larga,1.0,1.0,1.0,1.0,0.0,3,5.832356243346723,0.6666666666666666,16,13,empata
13502,bat pat vampiro,0.6836127878533236,0.7397466333385988,0.7315682114753617,0.7397466333385988,-0.056133845485275224,3,8.912401079968818,1.0,9,4,empeora
13511,bata de chica,0.9337457765456111,0.8521705090845474,1.0,1.0,-0.06625422345438892,3,4.780780370300284,0.6666666666666666,16,14,empeora
13513,bata hombre invierno sin capucha,0.7241528458281337,0.42520843362602384,0.22082856303278733,0.42520843362602384,0.2989444122021098,5,4.28322609641897,1.0,40,16,mejora
13514,bata infantil escolar,1.0,1.0,1.0,1.0,0.0,3,5.8453725610449245,1.0,16,16,empata
13523,batas de plastico desechables,0.6969179698201176,0.4705561169627618,0.6528642754944295,0.6528642754944295,0.044053694325688064,4,5.462968678473153,0.75,40,15,mejora
13531,bateria 6v 7ah 20hr,0.49344424459786884,0.298254219601818,0.16812753627111746,0.298254219601818,0.19519002499605081,4,8.60946755740056,0.75,16,4,mejora
13532,bateria aa recargable,1.0,0.9148568823583791,0.9337457765456111,0.9337457765456111,0.06625422345438892,3,6.34644635750719,0.6666666666666666,16,14,mejora
13535,bateria compex,1.0,0.9052116356304495,1.0,1.0,0.0,2,7.7713657530273785,0.5,16,12,empata
13540,bateria externa enchufe,1.0,1.0,1.0,1.0,0.0,3,6.172887050770856,1.0,16,16,empata
13544,bateria litio 12v,0.9148568823583791,0.8611375561264456,0.77990823370192,0.8611375561264456,0.05371932623193354,3,5.924580133519861,1.0,16,15,mejora
13546,bateria para macbook pro 15,1.0,1.0,1.0,1.0,0.0,5,4.177977471587935,0.8,16,15,empata
13547,bateria patinete 60v,0.7757386182436072,0.19519002499605084,0.11284514134893527,0.19519002499605084,0.5805485932475564,3,7.5041207295849945,0.3333333333333333,40,4,mejora
13548,bateria placa solar 12v,0.791726719367984,0.3063365306564337,0.7015099647232446,0.7015099647232446,0.09021675464473944,4,5.741065299162978,0.75,40,20,mejora
13555,bateria tacklife,1.0,1.0,0.31546487678572877,1.0,0.0,2,7.477472420576319,1.0,16,1,empata
13559,batería claudio reig,1.0,1.0,1.0,1.0,0.0,3,7.610826512319973,1.0,16,15,empata
13560,batería cocina cobre,0.72471451675439,0.6292540836649226,0.7526136409516659,0.7526136409516659,-0.027899124197275915,3,4.695227899722911,1.0,16,6,empeora
13566,batería samsung gear,0.9740298100854947,0.9580803995284011,0.7164540940930129,0.9580803995284011,0.015949410557093646,3,5.05776938976462,1.0,15,6,mejora
13568,baterías de litio 3v,1.0,1.0,1.0,1.0,0.0,4,4.916309228466324,1.0,16,16,empata
13826,batidora aigostar,1.0,1.0,1.0,1.0,0.0,2,6.6651723404894305,1.0,16,5,empata
13831,batidoras,1.0,1.0,1.0,1.0,0.0,1,9.210340371976184,1.0,16,16,empata
13833,batidos sin azucar,0.6399441431116328,0.46664232174566644,0.5739723394665965,0.5739723394665965,0.0659718036450363,3,5.960977311614499,0.6666666666666666,40,14,mejora
13838,batman,0.49700386494564425,0.8000454602953494,0.8498259896365307,0.8498259896365307,-0.3528221246908864,1,7.3645136814778525,1.0,26,7,empeora
13998,baul moto 2 cascos,1.0,1.0,1.0,1.0,0.0,4,5.446481177520407,1.0,16,16,empata
14002,baul pequeño madera,0.6812060741152738,0.7788065869851875,0.7538142945344394,0.7788065869851875,-0.09760051286991367,3,5.915289090026975,1.0,40,31,empeora
14028,bañadores sin tirantes de mujer,0.9363792118010483,0.9337457765456111,0.5114531979843773,0.9337457765456111,0.002633435255437244,5,3.832107442826691,1.0,40,17,mejora
14029,bañera 150x75,0.9878316351280036,0.8104616303452686,0.5857421563596759,0.8104616303452686,0.177370004782735,2,8.296276815276718,0.5,40,7,mejora
14031,bañera bebe viaje,1.0,1.0,1.0,1.0,0.0,3,5.569945597056056,1.0,16,16,empata
14037,baño de color sin amoniaco castaño oscuro,0.7058075148678529,0.6578986223737446,0.7411902110103873,0.7411902110103873,-0.03538269614253442,7,4.107683362061812,1.0,40,17,empeora
14059,bbc tv news,0.6802547535551715,0.39814713097383225,0.7099567630410613,0.7099567630410613,-0.029702009485889747,3,7.776654514596111,1.0,25,7,empeora
14117,be cool trolley,0.4157726138414092,0.5734133100049832,0.4995550369640121,0.5734133100049832,-0.157640696163574,3,7.628696329188433,0.6666666666666666,40,6,empeora
14207,beacita 60 mg orlistat,0.3333333333333333,0.0,0.43067655807339306,0.43067655807339306,-0.09734322474005974,4,7.916180906823051,0.0,31,1,empeora
14427,bebe halloween,1.0,1.0,1.0,1.0,0.0,2,5.246537919692438,1.0,16,14,empata
14429,bebe reborn silicona,1.0,1.0,1.0,1.0,0.0,3,5.669554829944956,1.0,16,16,empata
14430,bebe ropa,1.0,1.0,1.0,1.0,0.0,2,4.969039498652874,1.0,16,16,empata
14435,bebes,1.0,1.0,1.0,1.0,0.0,1,6.753604599154879,0.0,16,16,empata
14438,bebes sylvanian families,1.0,1.0,1.0,1.0,0.0,3,8.05087803185842,0.6666666666666666,16,16,empata
14451,bechamel sin lactosa,0.7653606369886217,0.6508205185601091,0.15642624200758548,0.6508205185601091,0.11454011842851253,3,6.412263673403412,0.3333333333333333,39,3,mejora
14646,beechfield,1.0,1.0,1.0,1.0,0.0,1,8.922658299524402,1.0,16,16,empata
14723,begoña oro,1.0,1.0,1.0,1.0,0.0,2,7.1839650395145505,0.0,16,16,empata
14729,behringer altavoces,1.0,1.0,1.0,1.0,0.0,2,7.83813144933964,1.0,16,15,empata
14801,bella aurora,1.0,1.0,1.0,1.0,0.0,2,7.268986063096498,1.0,16,16,empata
14807,bella ciao,1.0,1.0,1.0,1.0,0.0,2,8.048058372119772,1.0,9,9,empata
14817,bellavista stylo,0.5372903784169164,0.8364586133797037,0.7631925784528223,0.8364586133797037,-0.2991682349627873,2,10.308952660644293,0.0,16,11,empeora
14822,belleza mujer,0.9216017310213247,0.9216017310213247,0.8572048559638626,0.9216017310213247,0.0,2,4.675184508289943,1.0,16,14,empata
14824,bellies,1.0,0.9216017310213247,1.0,1.0,0.0,1,7.7440033031827555,1.0,16,15,empata
14825,bellies beth,1.0,1.0,1.0,1.0,0.0,2,9.026477981913525,1.0,16,1,empata
14851,belstaff hombre chaqueta,1.0,0.7663491917568949,1.0,1.0,0.0,3,5.745546947358238,1.0,16,12,empata
14921,beneath the massacre,0.08372491399919348,0.1175227747072427,0.07834851647149513,0.1175227747072427,-0.03379786070804923,3,8.103151667986134,1.0,24,9,empeora
14931,bengalas de humo de colores,1.0,0.7975167679274939,1.0,1.0,0.0,5,4.3174168324295294,1.0,16,12,empata
15143,best protein harina de avena,0.747935059673333,0.6830838076905166,0.7917063341896683,0.7917063341896683,-0.043771274516335335,5,5.310994737468951,1.0,39,18,empeora
15207,bestard hombre,1.0,1.0,1.0,1.0,0.0,2,6.640158788874995,1.0,16,16,empata
15217,bestway steel pro 305,1.0,0.8006937664098821,0.8200685179888284,0.8200685179888284,0.1799314820111716,4,6.301014375360229,1.0,40,17,mejora
15287,beyblade arena,0.6404396043008396,0.6605440328515734,0.6434428197342043,0.6605440328515734,-0.0201044285507338,2,7.323321740749061,1.0,16,9,empeora
15305,beyblade fafnir,1.0,1.0,1.0,1.0,0.0,2,9.269231889804374,1.0,16,12,empata
15319,beyond the pill,1.0,0.5,1.0,1.0,0.0,3,7.872102607799486,1.0,16,1,empata
15330,bff pizza camisetas,1.0,0.9305687780632229,1.0,1.0,0.0,3,7.479354755012779,0.3333333333333333,16,15,empata
15335,bg xonar x6,0.8065735963827293,0.6131471927654584,0.7977228895450266,0.7977228895450266,0.008850706837702726,3,9.079326175939647,1.0,17,2,mejora
15338,bh cinta de correr i.boxster,0.44615333764087994,0.5392968862278849,0.6217937096682962,0.6217937096682962,-0.17564037202741623,6,5.414355188913276,1.0,29,5,empeora
15352,bialetti induccion,0.9305687780632229,1.0,0.77990823370192,1.0,-0.06943122193677709,2,8.517193191416238,0.5,16,14,empeora
15362,biberon vaso,1.0,0.8200685179888284,0.9363792118010483,0.9363792118010483,0.06362078819895167,2,7.729425011037028,0.5,16,14,mejora
15364,biberones philips avent,1.0,1.0,0.9363792118010483,1.0,0.0,3,7.280920445510316,1.0,16,15,empata
15367,bibicletas montaña,0.9337457765456111,0.3732689537968545,0.45953262310069537,0.45953262310069537,0.4742131534449157,2,7.820585789434006,0.5,40,11,mejora
15428,bici niña 16 pulgadas,1.0,0.92663607790064,0.8611375561264456,0.92663607790064,0.07336392209936005,4,4.714803135927039,1.0,16,14,mejora
15434,bicicleta 18 pulgadas,1.0,0.9292442392789195,0.8508957228074243,0.9292442392789195,0.07075576072108047,3,4.185666523201409,1.0,16,9,mejora
15436,bicicleta 29 pulgadas talla m,0.9305687780632229,0.7100226348397881,0.7655934900767002,0.7655934900767002,0.16497528798652272,5,4.259145034186801,1.0,40,13,mejora
15437,bicicleta 9 años,0.8016381468019373,0.6941986898644341,0.5016726013143038,0.6941986898644341,0.10743945693750323,3,3.976603668444876,0.6666666666666666,16,9,mejora
15438,bicicleta adulto segunda mano,0.6320787427864673,0.5621931439243355,0.5684579545875156,0.5684579545875156,0.06362078819895167,4,5.493407402933996,0.5,40,26,mejora
15441,bicicleta con pedales y ruedines niño,0.8048109992093391,0.8553475075669357,0.8200685179888284,0.8553475075669357,-0.0505365083575966,6,4.722078792522722,1.0,16,14,empeora
15443,bicicleta de montaña electrica doble suspension,0.88995411685096,0.5193185983095429,0.4283650469300963,0.5193185983095429,0.3706355185414172,6,4.870244585669575,1.0,40,23,mejora
15444,bicicleta de montaña electrica trek,0.7967610662472993,0.6421867266689011,0.42021722679557805,0.6421867266689011,0.15457433957839817,5,4.8907556797063165,1.0,40,16,mejora
15447,bicicleta electrica motor central yamaha,0.5,1.0,1.0,1.0,-0.5,5,5.8482148021682505,0.4,10,1,empeora
15453,bicicleta madera sin pedal,0.8669479898642711,0.823699893396571,0.8669479898642711,0.8669479898642711,0.0,4,4.287349284951735,0.75,16,11,empata
15458,bicicleta sin cadena,1.0,0.9197207891481876,0.3065735963827292,0.9197207891481876,0.08027921085181244,3,3.9176335390032464,1.0,40,2,mejora
15461,bicicletas 24 pulgadas niños,1.0,1.0,1.0,1.0,0.0,4,4.364032662163188,1.0,16,14,empata
15464,bicicletas de montaña de hombre,1.0,0.9337457765456111,0.9363792118010483,0.9363792118010483,0.06362078819895167,5,3.079639818533469,1.0,39,30,mejora
15466,bicicletas electricas vintage,0.6339753813071975,0.49435723575344837,0.6242322474067891,0.6242322474067891,0.009743133900408485,3,6.663870149238826,0.6666666666666666,40,17,mejora
15479,bicis,0.9895948844467957,0.49544719753574207,0.632951386510308,0.632951386510308,0.35664349793648764,1,8.699514748210191,0.0,16,9,mejora
15480,bicis carretera carbono,0.6941986898644341,0.1524971317565697,0.5553271489180154,0.5553271489180154,0.13887154094641874,3,7.023487345643534,0.6666666666666666,40,9,mejora
15833,bikini pecho grande reductor,0.6618313225363276,0.7312625444731049,0.6594803070902427,0.7312625444731049,-0.06943122193677731,4,5.920382767721557,1.0,40,26,empeora
15840,bikinis intimissimi,0.13032376591037065,0.11706259313796355,0.0,0.11706259313796355,0.013261172772407098,2,9.026477981913525,0.5,40,6,mejora
15895,bimbo sin gluten,0.9279611693743142,0.8796542634124673,0.8318724637288826,0.8796542634124673,0.048306905961846835,3,5.52161527458338,1.0,40,4,mejora
15932,binoculares de largo alcance,0.9052116356304495,1.0,0.9305687780632229,1.0,-0.09478836436955052,4,4.747517727826934,1.0,40,36,empeora
15944,bio oil,1.0,1.0,1.0,1.0,0.0,2,6.299475319066433,1.0,15,14,empata
15979,biombo blanco barato,1.0,1.0,0.9363792118010483,1.0,0.0,3,6.603750299978349,0.6666666666666666,40,25,empata
16007,biotina cabello,1.0,1.0,1.0,1.0,0.0,2,6.675888270866067,1.0,15,15,empata
16152,bisagras de soporte,1.0,0.88995411685096,0.7510916729774055,0.88995411685096,0.11004588314903996,3,4.117804525587282,1.0,40,30,mejora
16154,bisagras para puertas de armarios,1.0,0.8263333286520084,1.0,1.0,0.0,5,4.35306650896925,1.0,40,34,empata
16203,bitter kas sin alcohol,0.8104616303452686,0.8104616303452686,0.8887517031591262,0.8887517031591262,-0.07829007281385758,4,7.106519495747147,1.0,40,7,empeora
16538,black friday gps,0.8669479898642711,0.727329844310522,1.0,1.0,-0.13305201013572887,3,6.005966906312342,0.3333333333333333,16,11,empeora
17007,blade valtryek,1.0,0.9197207891481876,0.9197207891481876,0.9197207891481876,0.08027921085181244,2,9.15766011414727,0.5,16,2,mejora
17020,blanco y negro decoracion,1.0,0.88995411685096,0.9363792118010483,0.9363792118010483,0.06362078819895167,4,3.0950744720838808,1.0,39,28,mejora
17061,blauer mujer,1.0,1.0,1.0,1.0,0.0,2,6.519624235346911,1.0,16,16,empata
17113,blevet,1.0,1.0,1.0,1.0,0.0,1,10.308952660644293,1.0,16,16,empata
17173,bloc oxford 4 anillas,0.9337457765456111,0.07336392209936006,0.8643145546088339,0.8643145546088339,0.0694312219367772,4,5.826695920558574,0.75,40,12,mejora
17240,bloombastic,1.0,1.0,1.0,1.0,0.0,1,10.308952660644293,1.0,40,18,empata
17242,bloque cuchillos jamoneros,0.9363792118010483,0.9337457765456111,0.8611375561264456,0.9337457765456111,0.002633435255437244,3,8.20564656790212,0.6666666666666666,16,14,mejora
17247,bloqueo segurod puertas,1.0,1.0,1.0,1.0,0.0,3,7.335177968473872,0.6666666666666666,16,16,empata
17248,bloques construccion bebe,1.0,1.0,1.0,1.0,0.0,3,6.812974221920048,1.0,16,16,empata
17286,blu ray grabador interno,0.4883491838252098,0.8553475075669357,0.7573821447149967,0.8553475075669357,-0.36699832374172586,4,6.491878995556043,1.0,40,20,empeora
17595,bluetooth in ear,0.5982291239616433,0.8760157235037968,0.8325036712789009,0.8760157235037968,-0.27778659954215346,3,4.798651416203711,1.0,16,6,empeora
17672,blusas gato,1.0,0.88995411685096,1.0,1.0,0.0,2,6.589466864446361,1.0,16,13,empata
17697,blw libro,0.49818925746641285,0.15642624200758548,0.5400753810454857,0.5400753810454857,-0.04188612357907284,2,7.349505733507719,0.0,16,3,empeora
17704,bmw,1.0,1.0,1.0,1.0,0.0,1,7.418580902748128,1.0,16,16,empata
17717,bmw llaveros,1.0,0.9305687780632229,1.0,1.0,0.0,2,7.391547292112991,0.5,15,14,empata
17851,bobina de hilo para soldar sin gas,0.8603818544462509,0.8482378089219648,0.7655934900767002,0.8482378089219648,0.012144045524286162,7,4.262312107977015,1.0,40,26,mejora
17863,bocina trompeta,0.9052116356304495,1.0,0.88995411685096,1.0,-0.09478836436955052,2,9.066499335750294,1.0,40,35,empeora
17864,bocinas,1.0,1.0,1.0,1.0,0.0,1,9.210340371976184,1.0,16,16,empata
17868,boda vintage,0.3316936730892072,0.7967610662472993,0.3913817611255761,0.7967610662472993,-0.46506739315809204,2,5.047350933139198,1.0,37,19,empeora
17906,body lentejuelas,0.8553475075669357,0.7859162856301584,0.8454256604216018,0.8454256604216018,0.00992184714533384,2,6.44960991304506,1.0,16,11,mejora
18053,boiros rotulador de doble punta 36 colores,0.727329844310522,0.5473983622993503,0.7846170207230131,0.7846170207230131,-0.05728717641249115,7,5.167655426645639,1.0,38,12,empeora
18064,bolas de hamster,1.0,1.0,1.0,1.0,0.0,3,5.326192405496559,1.0,16,16,empata
18067,bolas de navidad rosas doradas,0.5363559634917964,0.3005260969186081,0.35687885840597905,0.35687885840597905,0.17947710508581732,5,5.365008353232493,0.6,40,15,mejora
18070,bolas masera pulsera,1.0,1.0,1.0,1.0,0.0,3,7.009025763776026,0.6666666666666666,16,16,empata
18072,bolas para ninos,0.7917063341896683,0.5617131059245699,0.5618918191694955,0.5618918191694955,0.2298145150201728,3,5.117555006271119,0.6666666666666666,16,12,mejora
18080,boligrafo montlanc,0.6325414799409712,0.06362078819895173,0.5473983622993503,0.5473983622993503,0.08514311764162086,2,9.504233704427243,0.0,40,12,mejora
18081,boligrafos personalizados,1.0,0.9305687780632229,1.0,1.0,0.0,2,8.05904782547916,1.0,16,12,empata
18082,boligrafos sheaffer precios,0.9305687780632229,1.0,0.77990823370192,1.0,-0.06943122193677709,3,9.345495408012239,0.3333333333333333,34,15,empeora
18084,bolis pilot borrables azul,0.9058653015743079,0.7036997876179215,0.45905478457279136,0.7036997876179215,0.20216551395638638,4,7.26085783104475,0.5,16,4,mejora
18100,bolsa de viaje mujer,1.0,1.0,1.0,1.0,0.0,4,3.028340599975394,1.0,16,16,empata
18103,bolsa frio insulina,1.0,1.0,1.0,1.0,0.0,3,6.791000092730954,1.0,16,16,empata
18104,bolsa gym mujer,1.0,1.0,1.0,1.0,0.0,3,4.3933353028033615,1.0,40,34,empata
18113,bolsa nordico guardar,0.34685330469621795,0.5077181160122075,0.3647442587311446,0.5077181160122075,-0.16086481131598956,3,6.340202489582883,0.6666666666666666,40,17,empeora
18114,bolsa organza 13x18,1.0,1.0,1.0,1.0,0.0,3,7.2315853727250605,0.6666666666666666,16,13,empata
18115,bolsa papel sin asa,0.647053841756604,0.6618313225363276,0.59839506697425,0.6618313225363276,-0.014777480779723629,4,4.440841468584122,1.0,40,16,empeora
18121,bolsa presoterapia,0.7506372960520511,0.46627747176364104,0.9305687780632229,0.9305687780632229,-0.17993148201117182,2,6.497620684982495,1.0,40,18,empeora
18122,bolsa refrigerante,1.0,1.0,1.0,1.0,0.0,2,6.217812791014784,1.0,16,16,empata
18125,bolsa transporte yoofan,0.7585866543655181,0.9217868789962071,0.8854598815714874,0.9217868789962071,-0.16320022463068906,3,6.691789291629306,1.0,15,3,empeora
18127,bolsa vacio reutilizable cocina,0.88995411685096,0.9216017310213247,1.0,1.0,-0.11004588314903996,4,5.639856839717436,1.0,16,13,empeora
18128,bolsa viaje tactica 80l,0.857980942822373,0.8482378089219648,0.9305687780632229,0.9305687780632229,-0.07258783524084989,4,7.38817592017679,1.0,16,14,empeora
18131,bolsas blancas plastico,0.7542686714597937,0.7846170207230131,0.4163824138054738,0.7846170207230131,-0.030348349263219387,3,6.1155279609904944,0.6666666666666666,40,17,empeora
18132,bolsas caca perro,1.0,1.0,1.0,1.0,0.0,3,6.786825430669275,1.0,16,14,empata
18133,bolsas de basura,0.8611375561264456,0.9363792118010483,0.9337457765456111,0.9363792118010483,-0.07524165567460273,3,4.154941017433033,1.0,16,15,empeora
18135,bolsas de cotillon para fiestas,0.9363792118010483,0.7670273914429266,0.8669479898642711,0.8669479898642711,0.0694312219367772,5,4.469966977882324,1.0,16,12,mejora
18139,bolsas de tela blanca para arroz,0.9216017310213247,0.6442227883107536,0.8318477135310892,0.8318477135310892,0.08975401749023548,6,3.945749392514903,0.8333333333333334,16,10,mejora
18144,bolsas regalo chuches,1.0,1.0,1.0,1.0,0.0,3,5.587617582456724,1.0,16,16,empata
18148,bolsas tostar pan sin gluten,0.8611375561264456,0.713654010247531,0.7951657524814092,0.7951657524814092,0.06597180364503641,5,5.673825353307693,1.0,40,30,mejora
18149,bolsitas de tela para regalos,1.0,0.9216017310213247,0.9363792118010483,0.9363792118010483,0.06362078819895167,5,3.723487031715308,1.0,16,15,mejora
18150,bolso asa metalica,0.8315546295836225,0.17723928678404774,0.6131471927654584,0.6131471927654584,0.2184074368181641,3,6.882101598603427,0.3333333333333333,16,2,mejora
18151,bolso avion 40x20x25,0.5725185965839159,0.6286102176767671,0.5929734460267241,0.6286102176767671,-0.05609162109285115,3,8.307656971608779,0.6666666666666666,40,7,empeora
18154,bolso de mano tommy hilfiger hombre,0.9052116356304495,0.19930623359011804,0.8263333286520084,0.8263333286520084,0.07887830697844112,6,4.44238564902573,0.8333333333333334,40,13,mejora
18159,bolso gotico mujer,1.0,1.0,1.0,1.0,0.0,3,5.6855439972599315,0.6666666666666666,16,16,empata
18166,bolso miss lulu,0.8165901947515999,0.5017100640839689,0.4932162989129128,0.5017100640839689,0.314880130667631,3,7.344199718976725,1.0,40,31,mejora
18168,bolso movil nylon,0.8482378089219648,0.6442227883107536,0.92663607790064,0.92663607790064,-0.07839826897867519,3,5.833333221258973,1.0,40,22,empeora
18169,bolso mujer,1.0,1.0,1.0,1.0,0.0,2,4.066986846127696,1.0,16,16,empata
18183,bolsos organizador maletas,0.8412976538766465,0.9230390249121357,0.9292442392789195,0.9292442392789195,-0.08794658540227307,3,6.625280333498009,1.0,16,9,empeora
18184,bolsos pequenos,1.0,1.0,1.0,1.0,0.0,2,8.416857843685161,0.5,16,16,empata
18185,bolsos piel mujer,1.0,1.0,1.0,1.0,0.0,3,4.563026922189274,1.0,16,14,empata
18186,bolsos rosas mujer,1.0,0.9216017310213247,1.0,1.0,0.0,3,5.476172427163569,0.6666666666666666,16,15,empata
18199,bomba aceite motosierra stihl,0.6504460199135362,0.72878684203556,0.7009124514018641,0.72878684203556,-0.07834082212202376,4,6.984074766788221,1.0,16,5,empeora
18203,bomba de circulación de agua,1.0,1.0,1.0,1.0,0.0,5,3.468183284411798,1.0,16,16,empata
18210,bombas para pozos,1.0,1.0,0.9305687780632229,1.0,0.0,3,6.582371391161932,1.0,40,36,empata
18212,bombay shapire,0.9363792118010483,0.6500332220485792,0.7951657524814092,0.7951657524814092,0.14121345931963913,2,9.962379070364321,0.5,16,11,mejora
18224,bombilla inteligente,1.0,1.0,1.0,1.0,0.0,2,5.189473016232414,1.0,16,16,empata
18225,bombilla intermitente naranja,1.0,1.0,1.0,1.0,0.0,3,6.4852516706054955,1.0,16,15,empata
18228,bombilla smart,1.0,1.0,1.0,1.0,0.0,2,5.170015308107577,1.0,16,16,empata
18231,bombillas led 2w,1.0,1.0,0.8611375561264456,1.0,0.0,3,5.893182651865306,1.0,16,15,empata
18234,bombillas wifi e27 luz calida,0.9305687780632229,0.8048109992093391,0.9148568823583791,0.9148568823583791,0.01571189570484377,5,5.788148482480005,0.8,16,14,mejora
18235,bombin balon,1.0,1.0,1.0,1.0,0.0,2,9.615805480084347,0.0,16,16,empata
18289,bontibu eau de toilette,0.0,0.0,0.0,0.0,0.0,4,5.913333608887204,0.75,39,1,empata
18391,bookcase white,0.718362797268624,0.6816808362189439,0.7846170207230131,0.7846170207230131,-0.06625422345438914,2,6.936334485902112,1.0,40,21,empeora
18394,"bookcases, cabinets & shelves",0.7453016244178956,0.5430029249822635,0.826813366651774,0.826813366651774,-0.08151174223387836,3,10.308952660644293,0.3333333333333333,39,23,empeora
18430,books for teenagers,0.6067216003536937,0.7663491917568949,0.7353797772725618,0.7663491917568949,-0.15962759140320115,3,7.440551304397975,1.0,39,32,empeora
18558,boquillas actitube,1.0,0.9363792118010483,0.9363792118010483,0.9363792118010483,0.06362078819895167,2,8.405621415759132,0.5,16,12,mejora
18559,boquillas airless titan,0.44821456061271275,0.45260163770065,0.45374257454118555,0.45374257454118555,-0.005528013928472797,3,7.444234583126838,0.6666666666666666,40,18,empeora
18560,bora extractor,0.0,0.16812753627111746,0.3903800499921017,0.3903800499921017,-0.3903800499921017,2,7.882937528684484,1.0,39,4,empeora
18566,bordado dorado,0.8454256604216018,0.6975961695061493,0.6726934039987302,0.6975961695061493,0.1478294909154525,2,6.085352750846441,1.0,16,11,mejora
18594,born pretty top coat,0.5205324778030482,0.6374604866485559,0.33423335394028225,0.6374604866485559,-0.11692800884550769,4,7.149125522998369,1.0,40,6,empeora
18604,bosanova botas militares,0.7313676349198184,0.4140954656308821,0.7407933245435487,0.7407933245435487,-0.00942568962373036,3,7.7112278782478905,1.0,15,9,empeora
18606,bosch 12v 2a bateria,1.0,0.6309297535714575,0.6309297535714575,0.6309297535714575,0.36907024642854247,4,6.510130728580317,0.5,16,1,mejora
18610,bosch gll 3-80 c,0.9709286432396583,0.9047172294870751,0.8927537907700456,0.9047172294870751,0.06621141375258321,5,5.544896046557871,1.0,11,4,mejora
18617,bosch martillo perforador gbh,1.0,1.0,1.0,1.0,0.0,4,8.282173292956696,1.0,16,15,empata
18635,bose altavoz techo,0.7322962005285631,0.3026024134988135,0.2917883373452058,0.3026024134988135,0.42969378702974964,3,6.183469950209049,1.0,40,6,mejora
18715,bota caña alta,0.8115558478722846,0.7000949683025057,0.7015099647232446,0.7015099647232446,0.11004588314904007,3,6.412375380285602,0.3333333333333333,16,12,mejora
18716,bota converse negra plataforma,0.4451989745299882,0.17318663334822615,0.5900490851534657,0.5900490851534657,-0.14485011062347747,4,6.629969651475854,0.5,39,18,empeora
18723,botaa camperas mujer,1.0,0.92663607790064,0.9216017310213247,0.92663607790064,0.07336392209936005,3,7.55168465025939,0.6666666666666666,16,13,mejora
18725,botas 45 goretex,1.0,0.8677498204895239,0.9560290452802053,0.9560290452802053,0.04397095471979473,3,6.56477816237238,1.0,16,5,mejora
18732,botas altas mustang,0.9438661545147249,0.9052181617170642,0.7757386182436072,0.9052181617170642,0.038647992797660735,3,6.464017871748069,1.0,16,4,mejora
18735,botas bunker,1.0,1.0,1.0,1.0,0.0,2,7.65481881194369,1.0,16,16,empata
18745,botas de agua niña azul marino,0.9337457765456111,0.9305687780632229,0.8611375561264456,0.9305687780632229,0.0031769984823881714,6,3.871621623389828,1.0,16,14,mejora
18748,botas de futbol rosas,0.88995411685096,0.8318477135310892,0.8115558478722846,0.8318477135310892,0.058106403319870825,4,5.284901207451986,0.5,16,13,mejora
18752,botas de niños de vestir,1.0,0.46111430781719365,0.77990823370192,0.77990823370192,0.22009176629808003,5,3.1838985025272257,0.8,40,22,mejora
18754,botas de seguridad,0.8112689688197959,0.5156373435391062,0.734388434701441,0.734388434701441,0.07688053411835494,3,3.3502651965239925,1.0,16,8,mejora
18759,botas de tacón alto para mujer,0.8550956239938449,0.8393141109129421,0.8142176609494209,0.8393141109129421,0.01578151308090281,6,3.4134909367516997,1.0,16,9,mejora
18762,botas estilo dr martens,1.0,1.0,1.0,1.0,0.0,4,6.242610117475616,0.75,16,14,empata
18765,botas futbol 44.5,0.9671081267272549,0.9445735153413951,0.9372375429818208,0.9445735153413951,0.02253461138585977,4,5.313681905121365,1.0,16,6,mejora
18771,botas futbol tacos talla 37,0.7663491917568949,0.8364586133797037,0.7605591431973849,0.8364586133797037,-0.07010942162280887,5,6.158231759466965,1.0,16,11,empeora
18783,botas militar ante,0.867043684838194,0.8485833840018,0.9619991470595832,0.9619991470595832,-0.09495546222138918,3,6.333729102185732,1.0,16,4,empeora
18784,botas militares,1.0,1.0,1.0,1.0,0.0,2,6.41236548704969,1.0,16,16,empata
18787,botas moto alpinestar,1.0,1.0,1.0,1.0,0.0,3,6.610564301054988,0.6666666666666666,14,14,empata
18789,botas mujer,1.0,1.0,1.0,1.0,0.0,2,3.8654903866463086,1.0,16,16,empata
18790,botas mujer invierno,1.0,1.0,1.0,1.0,0.0,3,4.0485101998906865,1.0,21,20,empata
18792,botas mujer iowa,0.11751610475642714,0.6096199500078984,0.3903800499921017,0.6096199500078984,-0.4921038452514712,3,6.013311144645637,0.6666666666666666,16,4,empeora
18805,botas salomon,0.8263333286520084,0.5582604437617529,0.706583601726363,0.706583601726363,0.11974972692564534,2,5.954220121112613,1.0,16,10,mejora
18819,bote gel viaje,1.0,0.8048109992093391,0.9337457765456111,0.9337457765456111,0.06625422345438892,3,5.336935443325117,1.0,40,35,mejora
18824,botella acero sin bpa,1.0,1.0,1.0,1.0,0.0,4,4.061715697907074,1.0,40,31,empata
18826,botella agua disney,1.0,1.0,1.0,1.0,0.0,3,5.010228875294679,1.0,16,16,empata
18828,botella cristal wonderful,0.8248239677678635,0.8297197050122157,0.8789901909062586,0.8789901909062586,-0.05416622313839514,3,5.731275031252562,1.0,16,5,empeora
18831,botella litro y medio cristal,0.09791292534996782,0.0,0.16220310073808747,0.16220310073808747,-0.06429017538811965,5,4.784476812964602,0.6,40,7,empeora
18835,botellas beber niños 2 años,0.7315449642824575,0.0,0.5333576782543338,0.5333576782543338,0.19818728602812374,5,4.456602602614031,0.2,40,14,mejora
18838,botellas hidro flask,1.0,0.77990823370192,0.9363792118010483,0.9363792118010483,0.06362078819895167,3,8.221153239780419,0.3333333333333333,16,10,mejora
18841,botellas tupperware 310 ml,1.0,1.0,1.0,1.0,0.0,4,6.578951283196658,1.0,16,15,empata
18843,botellines ciclismo,0.769526190239283,0.6410457898283654,0.6036081270984909,0.6410457898283654,0.12848040041091768,2,7.039159682835457,0.5,16,12,mejora
18845,botes de cristal,1.0,0.9148568823583791,1.0,1.0,0.0,3,3.9934588382734924,1.0,20,19,empata
18855,botines alpe mujer,1.0,0.9305687780632229,1.0,1.0,0.0,3,6.126129277254038,1.0,15,14,empata
18857,botines bajos mujer invierno,0.7104770117651427,0.7877736340270853,0.685119869332369,0.7877736340270853,-0.07729662226194267,4,5.453027101282458,0.75,16,12,empeora
18860,botines color mostaza,0.7039180890341347,0.9010126104210695,0.49818925746641285,0.9010126104210695,-0.19709452138693484,3,5.762128920202888,0.6666666666666666,16,3,empeora
18864,botines de hombre para vestir,0.9337457765456111,0.699473903081392,0.8701249883466594,0.8701249883466594,0.06362078819895167,5,3.537221679536595,1.0,16,10,mejora
18868,botines marrones mujer tacon medio,0.817692920012317,0.705068757936883,0.5286812672506765,0.705068757936883,0.11262416207543402,5,6.455778320511956,0.8,16,7,mejora
18871,botines mujer invierno mustang,0.9674679834891693,0.618890676363047,0.8179809735263114,0.8179809735263114,0.1494870099628579,4,5.373413668502824,0.75,16,3,mejora
18872,botines negros,1.0,0.8701249883466594,1.0,1.0,0.0,2,6.448278354335318,0.5,16,14,empata
18873,botines negros mujer tacon,1.0,1.0,1.0,1.0,0.0,4,5.964090909421156,0.75,16,14,empata
18881,botiquin riñonera emergencias,1.0,0.9337457765456111,0.826813366651774,0.9337457765456111,0.06625422345438892,3,8.356308275816472,1.0,40,24,mejora
18882,botones juguetes,0.8712137160156971,0.46437288783752695,0.44149241373678083,0.46437288783752695,0.40684082817817013,2,5.161170948881654,1.0,16,4,mejora
18885,botss mujer 43,1.0,1.0,1.0,1.0,0.0,3,6.005160779357581,0.6666666666666666,16,15,empata
18948,bounty sin azucar,0.36215764044273824,0.3385669807178284,0.19796212533499347,0.3385669807178284,0.023590659724909813,3,6.449756334545643,0.6666666666666666,27,7,mejora
18987,bowl pra gatos,0.5232184379652837,0.5533016463258741,0.510927102244958,0.5533016463258741,-0.03008320836059042,3,8.338687112630783,0.6666666666666666,16,9,empeora
19049,boxeo protector bucal,1.0,1.0,1.0,1.0,0.0,3,6.0802874391255095,1.0,16,16,empata
19056,boxer running hombre,0.7104770117651427,0.599976751690748,0.7951657524814092,0.7951657524814092,-0.08468874071626653,3,5.262489945495102,1.0,16,11,empeora
19409,bragas faja sin costuras mujer,1.0,1.0,1.0,1.0,0.0,5,5.009731031258806,1.0,40,35,empata
19412,bragas para el cuello,1.0,0.9052116356304495,0.9052116356304495,0.9052116356304495,0.09478836436955052,4,3.8643812434753686,0.75,16,15,mejora
19413,bragas push up sin relleno,0.9148568823583791,0.3597099118518293,0.0,0.3597099118518293,0.5551469705065498,5,5.115412282429216,1.0,40,16,mejora
19501,braseros calor negro,0.26774614184997625,0.3133689519796274,0.2927147007535798,0.3133689519796274,-0.04562281012965114,3,5.960611212364813,0.3333333333333333,16,8,empeora
19567,brazalete turquesa hombre,0.6804503724350792,0.72891152902702,0.6620158551732018,0.72891152902702,-0.048461156591940835,3,5.431630979701819,1.0,39,17,empeora
19687,breitling reloj hombre,1.0,0.9363792118010483,0.9363792118010483,0.9363792118010483,0.06362078819895167,3,5.8830329952246165,1.0,40,12,mejora
19713,breville hervidor,1.0,0.9216017310213247,0.9337457765456111,0.9337457765456111,0.06625422345438892,2,8.464512933587324,1.0,16,11,mejora
19722,brew monk,0.7908387778091585,0.7041249493150388,0.7748248586952258,0.7748248586952258,0.016013919113932684,2,9.759646516310237,1.0,30,7,mejora
19803,bright boost neutrogena,0.0,0.0,0.0,0.0,0.0,3,7.514932488169379,0.3333333333333333,21,1,empata
19890,broca larga pared,0.694765116060299,0.8263333286520084,0.9216017310213247,0.9216017310213247,-0.2268366149610257,3,5.237965839321259,1.0,40,30,empeora
19892,brocas con roscas para metal,1.0,0.8643145546088339,1.0,1.0,0.0,5,4.706670336128716,1.0,40,36,empata
19894,brochas maquillaje,1.0,1.0,1.0,1.0,0.0,2,6.705022724928055,1.0,16,16,empata
19896,broches para vestidos,1.0,1.0,1.0,1.0,0.0,3,5.3013613465148675,1.0,16,16,empata
19907,bromas cumpleaños adultos,1.0,1.0,1.0,1.0,0.0,3,6.42984969655754,1.0,16,16,empata
19981,brother,0.77990823370192,0.6618313225363276,0.6620158551732018,0.6620158551732018,0.11789237852871814,1,6.907755278982137,1.0,16,12,mejora
20174,bs-tech,0.36724566222618554,0.33810370817087787,0.4703608339511884,0.4703608339511884,-0.10311517172500284,2,7.600902459542082,0.5,29,8,empeora
20178,bt s3 intercomunicador,1.0,0.9148568823583791,1.0,1.0,0.0,3,7.2244860401654165,1.0,16,12,empata
20181,bt-s3,1.0,0.6772733739526912,1.0,1.0,0.0,2,6.924706054819978,1.0,16,11,empata
20186,bt21 peluche,1.0,0.9363792118010483,1.0,1.0,0.0,2,7.7713657530273785,1.0,16,13,empata
20322,bufanda leganes,1.0,0.6934264036172708,1.0,1.0,0.0,2,8.47717183757947,0.5,9,2,empata
20445,buje trasero mtb 29,0.1208113026994942,0.6739577727076379,0.16958010263680806,0.6739577727076379,-0.5531464700081437,4,6.74571637251641,1.0,38,5,empeora
20447,bujia ngk cr8eix,0.92663607790064,0.8454256604216018,0.533722528236359,0.8454256604216018,0.08121041747903812,3,9.846854540270996,1.0,16,10,mejora
20771,bushnell golf,0.6379893060953273,0.8270433092474515,0.710675276578257,0.8270433092474515,-0.18905400315212417,2,8.278731155371084,1.0,16,4,empeora
20928,buzon de tiempo,0.3903800499921017,0.3903800499921017,0.3903800499921017,0.3903800499921017,0.0,3,4.942616308894183,0.6666666666666666,38,4,empata
20929,buzon gris antracita,1.0,0.77990823370192,0.9305687780632229,0.9305687780632229,0.06943122193677709,3,6.263635805544837,0.6666666666666666,40,28,mejora
20964,byd baterias,0.2640681225725909,0.3065735963827292,0.0,0.3065735963827292,-0.042505473810138306,2,9.15766011414727,0.5,40,2,empeora
20979,bálsamo de labios originale,1.0,0.9337457765456111,0.9363792118010483,0.9363792118010483,0.06362078819895167,4,6.134985406554763,0.75,16,14,mejora
20981,báscula de cocina,1.0,1.0,1.0,1.0,0.0,3,3.8345427370928653,1.0,16,16,empata
21035,c922,1.0,0.6182885020492784,0.6653497124326151,0.6653497124326151,0.3346502875673849,1,10.308952660644293,1.0,16,3,mejora
21037,cabalgata de reyes,0.38685280723454163,1.0,0.2890648263178879,1.0,-0.6131471927654584,3,6.373421134222248,0.6666666666666666,16,1,empeora
21039,cabaña niños tela,1.0,1.0,1.0,1.0,0.0,3,5.734821071069998,1.0,15,14,empata
21041,cabecero acolchado blanco 135,1.0,1.0,1.0,1.0,0.0,4,5.64081324714161,1.0,40,19,empata
21043,cabecero cama 160,1.0,0.7441861791075427,0.8317213551625277,0.8317213551625277,0.16827864483747235,3,6.006556662064528,1.0,16,9,mejora
21045,cabecero madera y blanco,0.9305687780632229,0.8611375561264456,0.9363792118010483,0.9363792118010483,-0.005810433737825416,4,3.8745447977598726,1.0,16,15,empeora
21049,cabeceto cama 150,1.0,1.0,1.0,1.0,0.0,3,6.493892056349723,0.6666666666666666,16,14,empata
21050,cabecillas radios bicicleta,1.0,0.7183424120903082,0.8357804136936722,0.8357804136936722,0.16421958630632782,3,7.57791142014027,1.0,16,11,mejora
21052,cabello fino y sin volumen,0.6214990811334173,0.7065443116025598,0.5551469705065497,0.7065443116025598,-0.08504523046914247,5,4.332404690382536,1.0,35,21,empeora
21056,cabezal lumea philips,0.5481351590340574,0.3101713436465379,0.5806020001118019,0.5806020001118019,-0.032466841077744446,3,6.86455603230818,0.6666666666666666,31,12,empeora
21057,cabezas de elefantes infantil,0.5730249097309823,0.3362374957109626,0.48160565320269266,0.48160565320269266,0.09141925652828964,4,5.328125109622982,0.5,16,5,mejora
21067,cabina rayos uva,0.2460378879321994,0.0,0.33810370817087787,0.33810370817087787,-0.09206582023867846,3,7.610826512319972,0.0,37,8,empeora
21114,cable auxiliar audio video usb,0.7977228895450266,0.6240505200038379,0.6052602440527057,0.6240505200038379,0.1736723695411887,5,4.744154762327204,0.8,16,2,mejora
21152,cable ipad hdmi,0.7973123008848118,0.750522990234051,0.8595719806811872,0.8595719806811872,-0.06225967979637548,3,4.638958372494177,1.0,16,8,empeora
21179,cable rca hembra macho,0.8611375561264456,0.9216017310213247,0.88995411685096,0.9216017310213247,-0.0604641748948791,4,5.623466683959898,1.0,16,15,empeora
21195,cable vgac corto,1.0,0.0,0.6309297535714575,0.6309297535714575,0.36907024642854247,3,6.777341623594477,0.3333333333333333,16,1,mejora
21243,cadena estrella y luna barato de acero inoxidable,0.7039180890341347,0.8854598815714874,0.812653045383133,0.8854598815714874,-0.1815417925373527,8,4.376705403800868,0.875,16,3,empeora
21244,cadena oro y cruz,0.7951657524814092,0.857980942822373,0.6410457898283654,0.857980942822373,-0.06281519034096383,4,4.410603402235791,1.0,40,25,empeora
21245,cadena para bolso,0.92663607790064,0.6311443278613472,1.0,1.0,-0.07336392209936005,3,3.804414346399032,1.0,16,13,empeora
21247,cadenas de 18k de oro de comunion,0.88995411685096,1.0,0.8205228949141828,1.0,-0.11004588314903996,7,4.163607582291099,0.8571428571428571,16,10,empeora
21249,cadenas de oro,1.0,1.0,1.0,1.0,0.0,3,4.267098429640104,1.0,16,15,empata
21251,cadenas hombre,0.8389574121760603,0.5368103404171508,0.8205228949141828,0.8205228949141828,0.018434517261877503,2,5.28613368832389,0.5,16,11,mejora
21253,cadenas oro hombre 24k,1.0,0.5064767203222519,0.0,0.5064767203222519,0.4935232796777481,4,6.061762568779233,0.5,39,6,mejora
21254,cadenas para carteras,0.92663607790064,0.5847192329112589,0.8200685179888284,0.8200685179888284,0.10656755991181155,3,5.421958028050034,0.6666666666666666,16,11,mejora
21264,cafe grano lavazza espresso,0.9216514835285049,0.7649544505855147,0.8508957228074243,0.8508957228074243,0.07075576072108059,4,7.213421513316659,0.75,16,9,mejora
21273,cafetera bialetti acero,1.0,0.9363792118010483,0.8553475075669357,0.9363792118010483,0.06362078819895167,3,6.000656803031394,1.0,16,14,mejora
21277,cafetera de bomba,1.0,1.0,1.0,1.0,0.0,3,3.9508794296164518,1.0,16,16,empata
21282,cafetera goteo viaje,0.8218104166998356,0.7750434027136732,0.7132006782022834,0.7750434027136732,0.04676701398616234,3,6.034954944085604,1.0,16,9,mejora
21284,cafetera induccion 6 tazas,1.0,1.0,1.0,1.0,0.0,4,5.88770063093814,1.0,16,15,empata
21290,cafetera nesspreso cápsulas,0.5543375550857161,0.25657228426720274,0.24630238874073,0.25657228426720274,0.2977652708185134,3,7.177843202873192,0.6666666666666666,19,4,mejora
21295,cafeteras superautomaticas,0.88995411685096,0.7951657524814092,0.7917063341896683,0.7951657524814092,0.09478836436955085,2,9.026477981913525,0.5,16,11,mejora
21315,caixa pc gaming,0.575073986183329,1.0,0.7019727018777485,1.0,-0.42492601381667106,3,6.282806621348993,0.6666666666666666,39,28,empeora
21321,caja coche maletero,0.9363792118010483,0.8630152897016883,0.9305687780632229,0.9305687780632229,0.005810433737825416,3,5.0477402987977245,1.0,16,13,mejora
21327,caja fotos polaroid,0.6990965951279143,0.6941911863804712,0.49066989509317493,0.6941911863804712,0.004905408747443163,3,5.977958208676864,1.0,16,6,mejora
21331,caja hermetica,0.9305687780632229,0.9148568823583791,1.0,1.0,-0.06943122193677709,2,7.1791619286118316,1.0,16,15,empeora
21335,caja negra de conexión electrónicos,0.7751482523375256,0.618546564384746,0.8437060441751241,0.8437060441751241,-0.06855779183759847,5,4.577773849881547,0.8,16,6,empeora
21339,caja para guardar vinilos,0.9337457765456111,0.7027284035579431,0.718362797268624,0.718362797268624,0.21538297927698713,4,4.750518296109636,1.0,40,19,mejora
21343,caja plano pesca,0.9337457765456111,0.7791714369672128,0.9216017310213247,0.9216017310213247,0.012144045524286384,3,5.471349624095393,1.0,16,13,mejora
21358,cajas divisorias grande madera,0.6340499455108034,0.5307212739772434,0.7653606369886217,0.7653606369886217,-0.13131069147781826,4,6.268448451140231,0.25,16,3,empeora
21363,cajas plastico pulidora,0.6257049680303419,0.39106560501896365,0.4592386704062355,0.4592386704062355,0.16646629762410642,3,7.032410759331735,0.0,16,3,mejora
21364,cajas puzzles secretos,1.0,0.685119869332369,1.0,1.0,0.0,3,7.271303318655114,0.6666666666666666,39,35,empata
21368,cajero automatico,0.8630152897016883,0.6496872770120412,0.7951657524814092,0.7951657524814092,0.06784953722027909,2,8.464512933587324,1.0,16,11,mejora
21373,cajonera almacenaje armario ropa,0.6331992944486873,0.7624164915943119,0.542364015420035,0.7624164915943119,-0.12921719714562463,4,5.708127576666017,1.0,16,10,empeora
21376,cajoneras de plastico,1.0,1.0,1.0,1.0,0.0,3,5.402120382453462,0.6666666666666666,16,16,empata
21379,cajones estanteria,0.7381919257729246,0.857980942822373,0.7788065869851875,0.857980942822373,-0.11978901704944844,2,6.106157153226825,1.0,16,10,empeora
21431,cala artificial blanca,1.0,0.5399873388995391,0.8669479898642711,0.8669479898642711,0.13305201013572887,3,6.6595269824753816,1.0,40,19,mejora
21442,calcas,0.7877736340270853,0.6530488081313036,0.7015099647232446,0.7015099647232446,0.08626366930384077,1,10.308952660644293,1.0,16,11,mejora
21450,calcetines bebe,1.0,1.0,1.0,1.0,0.0,2,5.751762670229157,1.0,16,16,empata
21452,calcetines ciclismo originales,0.9216017310213247,1.0,1.0,1.0,-0.0783982689786753,3,5.764414890264923,0.6666666666666666,16,13,empeora
21462,calcetines joluvi thermolite,1.0,1.0,1.0,1.0,0.0,3,8.486265946932582,1.0,12,12,empata
21467,calcetines niños,1.0,1.0,1.0,1.0,0.0,2,4.527010308860614,1.0,16,12,empata
21470,calcetines sin goma hombre,0.8603818544462509,0.9216017310213247,0.9052116356304495,0.9216017310213247,-0.06121987657507377,4,4.156565163383001,1.0,40,32,empeora
21499,calculadora electrica,1.0,1.0,1.0,1.0,0.0,2,7.180118866702973,0.5,16,16,empata
21500,calculadora numeros grandes,1.0,1.0,1.0,1.0,0.0,3,7.1187530315622025,1.0,16,14,empata
21511,caldera de pellets,0.7125523635307983,0.6364741801035539,0.7909506325094736,0.7909506325094736,-0.0783982689786753,3,5.134404357195371,1.0,40,10,empeora
21515,calderas de gas natural vaillant,0.9337457765456111,0.718362797268624,0.7015099647232446,0.718362797268624,0.21538297927698713,5,5.606243803586351,0.8,40,20,mejora
21518,caldo de pescado sin sal,0.43734888382569426,0.29769321486741446,0.5239472913541398,0.5239472913541398,-0.0865984075284455,5,5.436973118662885,0.6,35,3,empeora
21537,calefactores,1.0,1.0,1.0,1.0,0.0,1,10.308952660644293,0.0,15,15,empata
21548,calendario adviento playmobil,1.0,0.9337457765456111,0.9363792118010483,0.9363792118010483,0.06362078819895167,3,6.989722125127746,1.0,16,11,mejora
21550,calendario de adviento,1.0,1.0,1.0,1.0,0.0,3,4.979041113887171,1.0,16,16,empata
21551,calendario de adviento marvel,0.796670591535181,0.5603502317119197,0.7562251525126247,0.7562251525126247,0.04044543902255637,4,5.318946022188421,1.0,16,7,mejora
21563,calentador electrico,0.8611375561264456,0.694765116060299,0.92663607790064,0.92663607790064,-0.06549852177419435,2,6.297504225843564,0.5,16,12,empeora
21565,calentador teka 50 l,1.0,0.5706417189553201,0.9197207891481876,0.9197207891481876,0.08027921085181244,4,5.282673816879441,0.5,16,2,mejora
21576,calibre pie de rey mitutoyo,0.42914113378860663,0.7151857987862358,0.3836331529183765,0.7151857987862358,-0.28604466499762915,5,6.1631020848861855,1.0,40,13,empeora
21622,call of duty : ghosts,1.0,0.9202054614375518,1.0,1.0,0.0,4,8.039037148560777,1.0,16,8,empata
21625,call of duty modern,0.9337457765456111,0.8669479898642711,0.8611375561264456,0.8669479898642711,0.06679778668133995,4,7.455193419606516,1.0,16,12,mejora
21627,call of duty modern warfare ps4,0.8815140373113173,0.8264542549401195,0.6466283906163723,0.8264542549401195,0.055059782371197796,6,7.408286263804132,1.0,15,8,mejora
21635,callaghan mujer botas,1.0,1.0,1.0,1.0,0.0,3,5.7822620844589885,1.0,16,15,empata
21641,calle sin salida,0.6618313225363276,0.37878333867593544,0.47870393709728004,0.47870393709728004,0.18312738543904755,3,5.484978948174889,1.0,32,10,mejora
21663,calmante de the body shop,0.6105858728157117,0.5889837127672155,0.6238470455881189,0.6238470455881189,-0.013261172772407126,5,5.098338481894414,1.0,40,6,empeora
21710,calzado,1.0,1.0,1.0,1.0,0.0,1,6.907755278982137,1.0,16,16,empata
21716,calzamedi mujer,1.0,1.0,1.0,1.0,0.0,2,6.519624235346911,1.0,16,16,empata
21717,calzamedi mujer verano,0.6121005180971476,0.8534811121179371,0.7322962005285631,0.8534811121179371,-0.24138059402078949,3,6.05923904543332,1.0,19,6,empeora
21722,calzoncillos,1.0,0.727329844310522,0.7967610662472993,0.7967610662472993,0.20323893375270075,1,6.812445099177812,1.0,37,23,mejora
21742,cama nido y armario puente,0.6083169141195839,0.8318477135310892,0.6961622681399229,0.8318477135310892,-0.22353079941150533,5,5.091345265271295,1.0,40,18,empeora
21743,cama para bebes recien nacidos,0.88995411685096,0.769526190239283,0.8389574121760603,0.8389574121760603,0.050996704674899695,5,5.266335896063933,1.0,40,24,mejora
21745,cama perro mediano,1.0,1.0,1.0,1.0,0.0,3,5.606275691625524,1.0,16,15,empata
21746,cama perros,1.0,1.0,1.0,1.0,0.0,2,4.735852568055295,1.0,16,13,empata
21755,camara bebe,1.0,1.0,1.0,1.0,0.0,2,5.881049664376012,1.0,16,16,empata
21756,camara bebes vigilancia,1.0,1.0,1.0,1.0,0.0,3,6.174812535958552,1.0,16,16,empata
21758,camara bicicleta 26x1.95,0.8603818544462509,0.823699893396571,0.7975167679274939,0.823699893396571,0.03668196104967991,4,6.446376981214607,0.75,16,13,mejora
21765,camara deportiva,1.0,1.0,1.0,1.0,0.0,2,5.8724287611587584,1.0,16,16,empata
21766,camara deportiva gopro 7,1.0,0.0,1.0,1.0,0.0,4,5.729357350989639,0.25,16,1,empata
21770,camara fotos digital,1.0,1.0,1.0,1.0,0.0,3,5.241246308901327,1.0,16,16,empata
21773,camara fotos niños,1.0,1.0,1.0,1.0,0.0,3,4.893301614683309,1.0,16,15,empata
21774,camara fujifilm,1.0,1.0,1.0,1.0,0.0,2,6.339195030313089,0.5,16,12,empata
21778,camara instantanea niños,1.0,0.9305687780632229,1.0,1.0,0.0,3,6.07841763517978,1.0,16,13,empata
21793,camara samsung wb150f,0.0,0.0,0.0,0.0,0.0,3,6.92208355417587,0.0,40,1,empata
21805,camaras de aparcamiento coche,1.0,1.0,1.0,1.0,0.0,4,5.184517391192841,0.75,16,16,empata
21807,camaras de vigilancia ocultas,1.0,0.30315953217404545,0.9363792118010483,0.9363792118010483,0.06362078819895167,4,5.809432595577425,0.25,16,10,mejora
21810,camaras espias camufladas,1.0,1.0,1.0,1.0,0.0,3,9.310375236126296,0.6666666666666666,16,16,empata
21812,camaras inalambricas para pc,0.9066276098484507,0.2769189462922768,0.49818925746641285,0.49818925746641285,0.40843835238203785,4,5.637827058785227,0.25,16,3,mejora
21825,camas juveniles con escritorio,0.7678620595110026,0.5676648326913505,0.6523502879857568,0.6523502879857568,0.11551177152524583,4,5.391157371945924,0.5,16,5,mejora
21832,camasutra libro,0.9818483242455303,0.13120507751234178,0.6669000641169921,0.6669000641169921,0.31494826012853816,2,7.696079323787692,0.0,15,5,mejora
21937,camisa hombre mangas largas cervezas,0.5,0.0,0.6309297535714575,0.6309297535714575,-0.13092975357145753,5,5.77324508201807,0.2,16,1,empeora
21941,camisa para perro pequeño,0.8503449055347546,0.0,0.2640681225725909,0.2640681225725909,0.5862767829621638,4,4.3754371681684106,0.25,16,2,mejora
21947,camisas hombre sin cuello,0.7967610662472993,0.823699893396571,0.823699893396571,0.823699893396571,-0.02693882714927176,4,4.282018493501318,1.0,39,21,empeora
21948,camisas hombres verano lino,1.0,0.92663607790064,1.0,1.0,0.0,4,5.690515680624046,1.0,40,29,empata
21949,camisas mujer años 70,0.9674679834891693,0.9134015924715543,1.0,1.0,-0.03253201651083071,4,4.635435110502117,0.75,16,3,empeora
21958,camiseta azul oscuro,0.4736364032178,0.29096343487431736,0.5291369345698581,0.5291369345698581,-0.055500531352058124,3,4.353985850254547,1.0,16,7,empeora
21959,camiseta blanca basica,1.0,0.826813366651774,0.9148568823583791,0.9148568823583791,0.08514311764162086,3,6.236892200751472,0.3333333333333333,16,12,mejora
21966,camiseta básica negra mujer larga,0.8630152897016883,0.7818048722226502,0.9216017310213247,0.9216017310213247,-0.05858644131963642,5,4.865055132872746,0.8,16,10,empeora
21968,camiseta chelsea,1.0,1.0,1.0,1.0,0.0,2,5.9124501149955275,1.0,16,13,empata
21971,camiseta de marvel hombre,0.897617883552293,0.4034158649873408,0.7815683063664048,0.7815683063664048,0.11604957718588815,4,3.5411533054685664,0.75,16,6,mejora
21972,camiseta de rugby francia,1.0,0.8141829732638892,1.0,1.0,0.0,4,5.127412062176269,1.0,16,8,empata
21973,camiseta deportiva basica hombre manga larga,0.8508957228074243,0.760965594441447,0.8117214645716768,0.8117214645716768,0.039174258235747494,6,5.155392887333553,0.8333333333333334,16,9,mejora
21976,camiseta hombre gimnasio,0.8669479898642711,0.8486026589039901,0.9216017310213247,0.9216017310213247,-0.05465374115705357,3,4.197628901395384,1.0,16,14,empeora
21985,camiseta muscle fit,0.823699893396571,0.8521705090845474,0.8318477135310892,0.8521705090845474,-0.028470615687976375,3,6.306477138705508,1.0,16,11,empeora
21988,camiseta nike manga corta blanca,0.8677498204895239,0.9434732991210639,0.9374130297304558,0.9434732991210639,-0.07572347863154005,5,4.918883086599658,0.8,16,5,empeora
21992,camiseta personalizada jubilado,1.0,1.0,1.0,1.0,0.0,3,6.965696754495473,1.0,16,2,empata
21995,camiseta roja niña,1.0,0.8611375561264456,1.0,1.0,0.0,3,5.2156716081067644,0.6666666666666666,16,15,empata
22003,camiseta termica sin mangas hombre,0.8006937664098821,0.5774250016294137,0.34527837610864365,0.5774250016294137,0.22326876478046842,5,4.511467851368514,0.8,40,11,mejora
22004,camiseta termicas mujer,1.0,0.92663607790064,1.0,1.0,0.0,3,5.278709961834216,0.6666666666666666,16,14,empata
22011,camiseta westbrook niño,1.0,1.0,1.0,1.0,0.0,3,6.559039039271347,0.6666666666666666,16,16,empata
22021,camisetas cortas mujer,0.7246262544989281,0.9619991470595832,0.9047172294870751,0.9619991470595832,-0.23737289256065508,3,5.598089242437434,1.0,16,4,empeora
22026,camisetas ecko cotto,1.0,0.9148568823583791,1.0,1.0,0.0,3,8.979291311789536,0.3333333333333333,16,15,empata
22028,camisetas hombre,0.9216017310213247,0.9052116356304495,0.9052116356304495,0.9052116356304495,0.016390095390875214,2,4.645666765592857,1.0,16,14,mejora
22117,campana 80cm,1.0,1.0,1.0,1.0,0.0,2,7.226243733528582,1.0,16,16,empata
22118,campana decorativa isla,1.0,1.0,1.0,1.0,0.0,3,6.953750526640104,1.0,40,35,empata
22119,campana extractora 60,1.0,1.0,1.0,1.0,0.0,3,6.4409498135343215,1.0,15,15,empata
22240,canape 1’35,0.6309297535714575,0.5,0.6309297535714575,0.6309297535714575,0.0,3,5.728941855048187,0.0,16,1,empata
22250,candado pequeño con llave,1.0,0.9363792118010483,1.0,1.0,0.0,4,4.9735457068155675,1.0,40,36,empata
22253,candados de seguridad sin llave,1.0,0.9216017310213247,0.8701249883466594,0.9216017310213247,0.0783982689786753,5,4.4920590891961805,1.0,39,29,mejora
22255,candados transparentes,0.9438661545147249,0.407591902495008,1.0,1.0,-0.05613384548527511,2,7.723710663125217,0.5,16,4,empeora
22259,candelabro vintage blanco,0.6652907408280684,0.6867151830982592,0.72891152902702,0.72891152902702,-0.06362078819895167,3,5.462691537184704,1.0,16,10,empeora
22309,candy colors tinte,0.45920859271393394,0.4125317798925535,0.3618791953854131,0.4125317798925535,0.04667681282138042,3,6.93241045636758,0.6666666666666666,40,8,mejora
22343,cangrejeras niño,1.0,0.7630946912803437,0.8611375561264456,0.8611375561264456,0.1388624438735544,2,7.288825305005585,1.0,40,25,mejora
22358,canizales,0.8611375561264456,0.8415908474314977,0.7381919257729246,0.8415908474314977,0.0195467086949479,1,10.308952660644293,0.0,30,19,mejora
22399,canon,0.8611375561264456,0.6975961695061493,0.6214990811334173,0.6975961695061493,0.16354138662029627,1,5.488671095039256,1.0,16,13,mejora
22440,canon eos r body - cámara digital,0.36926780146674987,0.3501483019834802,0.2920782154400332,0.3501483019834802,0.019119499483269686,6,5.2123148255820935,0.6666666666666666,16,3,mejora
22492,canon teleobjetivos,0.9216017310213247,1.0,0.7191184989488185,1.0,-0.0783982689786753,2,7.898811877841775,0.5,40,26,empeora
22563,canzocillo para hombre boxer calvin klein,0.7982650576674577,0.7599661463179086,0.9705437052559006,0.9705437052559006,-0.1722786475884429,6,5.824504098662288,0.6666666666666666,10,6,empeora
22582,capas samsung s20,0.643121141594021,0.6468562235661909,0.77990823370192,0.77990823370192,-0.13678709210789897,3,5.809791082217671,0.6666666666666666,40,32,empeora
22584,capazo bebe confort,0.8643145546088339,0.5036067026046992,0.718362797268624,0.718362797268624,0.14595175734020993,3,6.76527394070649,1.0,40,16,mejora
22600,capotas para sillas de paseo gemelos,0.5711601909662337,0.5847192329112589,1.0,1.0,-0.4288398090337663,6,5.363318796583702,0.6666666666666666,16,10,empeora
22616,capsulas dolce gusto recargables,1.0,1.0,1.0,1.0,0.0,4,7.196674426304583,1.0,16,15,empata
22618,capsulas mensaje,1.0,1.0,1.0,1.0,0.0,2,7.949703224996745,0.5,15,15,empata
22623,capsulas tassimo compatibles,0.6479443292923117,0.5670778462264137,0.6533207268200101,0.6533207268200101,-0.005376397527698362,3,7.7834160716532805,0.3333333333333333,16,9,empeora
22650,capturadora para nintendo switch,0.9148568823583791,1.0,1.0,1.0,-0.08514311764162086,4,5.089941866529511,1.0,16,15,empeora
22910,carabana pepa pig familia,0.6868169791563724,0.530421554585069,0.5126162520002755,0.530421554585069,0.1563954245713034,4,8.501492966106479,0.5,16,9,mejora
22925,caramelos sin azucar solano,0.8701249883466594,0.9363792118010483,0.8701249883466594,0.9363792118010483,-0.06625422345438892,4,6.916447874897754,0.75,40,11,empeora
22972,carcasa antigolpes xiaomi redmi 8 pro,0.8630152897016883,0.9305687780632229,0.6036081270984909,0.9305687780632229,-0.06755348836153463,6,4.697244421176375,1.0,40,15,empeora
22974,carcasa gopro session,0.8630152897016883,0.9305687780632229,0.9305687780632229,0.9305687780632229,-0.06755348836153463,3,7.354319792538466,1.0,38,20,empeora
22979,carcasa iphone xs original,0.6468562235661909,0.9216017310213247,0.6659485553357845,0.9216017310213247,-0.2747455074551338,4,4.821345778466145,0.75,16,13,empeora
22980,carcasa macbook pro 13 star wars,1.0,1.0,1.0,1.0,0.0,6,5.108434954391286,1.0,16,1,empata
22985,carcasa xiaomi redmi note3,0.961701088650451,1.0,0.9838048780283076,1.0,-0.03829891134954899,4,6.301151775748409,0.75,16,6,empeora
23032,cardenal cisneros,1.0,1.0,1.0,1.0,0.0,2,10.308952660644293,1.0,16,16,empata
23036,cardigan,1.0,1.0,1.0,1.0,0.0,1,7.7440033031827555,1.0,16,16,empata
23108,cargador baterias 24v,1.0,1.0,1.0,1.0,0.0,3,6.54436134900244,0.6666666666666666,16,16,empata
23110,cargador bosch profesional 18v,0.8006937664098821,0.7097402150304355,0.5810820381115674,0.7097402150304355,0.0909535513794466,4,5.622096983410748,1.0,40,18,mejora
23111,cargador cable galaxi s8+,0.8643145546088339,0.8521705090845474,0.8205228949141828,0.8521705090845474,0.012144045524286495,4,6.414785009721231,0.75,16,13,mejora
23115,cargador coche carga rapida samsung,0.38685280723454163,0.2640681225725909,0.23719771276929622,0.2640681225725909,0.12278468466195075,5,4.8697044653389545,0.8,16,2,mejora
23122,cargador inalambrico iphone,1.0,1.0,1.0,1.0,0.0,3,5.474752852664207,1.0,16,16,empata
23127,cargador iphone,0.8541058313273973,0.8313773227400805,0.4344408246906201,0.8313773227400805,0.022728508587316787,2,4.603174175353322,1.0,16,6,mejora
23134,cargador packard bell p5ws0,0.7957013235190329,0.9132861715058803,0.7949033785505174,0.9132861715058803,-0.11758484798684743,4,8.038752410488993,0.75,16,7,empeora
23137,cargador playstation 4,1.0,1.0,1.0,1.0,0.0,3,4.541987159680878,1.0,16,15,empata
23142,cargador rapido usb multiple,1.0,1.0,1.0,1.0,0.0,4,5.630849576639137,0.75,16,16,empata
23144,cargador samsung a20e,1.0,1.0,1.0,1.0,0.0,3,5.718149003410971,1.0,16,15,empata
23147,cargadores apple,0.0,1.0,0.15642624200758548,1.0,-1.0,2,6.6104783593337855,0.5,16,3,empeora
23155,cargo net,1.0,1.0,1.0,1.0,0.0,2,8.261780379533242,1.0,16,16,empata
23219,cariño cuanto te odio,0.6131471927654584,0.6131471927654584,0.6131471927654584,0.6131471927654584,0.0,4,8.883007041980242,0.75,36,2,empata
23224,carlos mayoral,0.4852658227346317,0.6677078027129131,0.2476427880871277,0.6677078027129131,-0.18244197997828138,2,8.786691441782581,0.0,15,4,empeora
23241,carne,0.16716045496620227,0.1480409554829326,0.16716045496620227,0.16716045496620227,0.0,1,6.698034748000068,1.0,16,3,empata
23282,carpa militar,0.0,0.0,0.0,0.0,0.0,2,6.845173707505134,0.5,16,1,empata
23318,carpetas sin anillas,0.6281460426238845,0.44202197604759996,0.15850703974098107,0.44202197604759996,0.18612406657628455,3,6.2187072743589935,0.6666666666666666,40,16,mejora
23331,carretilla de carga electrica,0.4644147025690223,0.26108529410420345,0.756824680097207,0.756824680097207,-0.29240997752818476,4,4.765754819553585,0.75,40,7,empeora
23354,carro para bebes recien nacidos,0.7510916729774055,0.2172607128522299,0.2465505554475862,0.2465505554475862,0.5045411175298193,5,5.619053614516204,1.0,40,18,mejora
23398,carta cd,0.9052116356304495,0.7663491917568949,0.6402900881481708,0.7663491917568949,0.13886244387355462,2,7.047906261559216,1.0,14,11,mejora
23422,carteras para hombre,1.0,1.0,1.0,1.0,0.0,3,3.8787788472379057,1.0,16,16,empata
23457,cartucho hp 304,0.7380396325465057,0.7457912185292984,0.24390331138078206,0.7457912185292984,-0.007751585982792686,3,5.969791745116509,1.0,16,8,empeora
23460,cartucho tinta lc221,0.9783978399515039,0.8067791927789943,0.6194790157221095,0.8067791927789943,0.17161864717250952,3,7.543936280499255,1.0,16,6,mejora
23462,cartulina blanco a3,0.9950883841893561,0.637033973357029,0.8029580725803853,0.8029580725803853,0.19213031160897076,3,6.0843687606294985,1.0,16,7,mejora
23471,casa de pajaro madera arbol navidad,0.75369761125927,0.5143371794949736,0.5646436081071458,0.5646436081071458,0.18905400315212428,6,5.101906659384868,0.6666666666666666,16,4,mejora
23472,casa de vacaciones playmobil 123,0.43067655807339306,0.0,0.0,0.0,0.43067655807339306,5,5.235569077999218,0.2,16,1,mejora
23483,cascabeles de colores,1.0,1.0,1.0,1.0,0.0,3,4.963435427205432,1.0,16,15,empata
23492,casco inhalambricos diadema,1.0,1.0,0.9363792118010483,1.0,0.0,3,7.458872312156813,0.6666666666666666,39,18,empata
23502,casco urbano,1.0,1.0,1.0,1.0,0.0,2,6.757291629381236,1.0,16,16,empata
23503,casco via ferrata,0.38941412718428836,0.5064767203222519,0.49091560650777377,0.5064767203222519,-0.11706259313796352,3,8.6343258203622,0.6666666666666666,16,6,empeora
23509,cascos de moto integrales ls2,1.0,1.0,0.9337457765456111,1.0,0.0,5,5.770280982952885,0.6,16,14,empata
23511,cascos esquiar chica,0.9267582364714125,0.8048099750039491,0.9828920819566879,0.9828920819566879,-0.056133845485275335,3,7.217534761404347,0.6666666666666666,16,4,empeora
23513,cascos gaming,0.8932498536862836,0.8103998819010443,0.9876712785649565,0.9876712785649565,-0.09442142487867289,2,5.216766875400838,1.0,16,6,empeora
23515,cascos gaming sin microfono,0.15642624200758548,0.16716045496620227,0.0,0.16716045496620227,-0.01073421295861679,4,5.094576592005366,0.75,40,3,empeora
23518,cascos inalámbricos,1.0,1.0,1.0,1.0,0.0,2,5.600275389964038,1.0,16,16,empata
23523,cascos sony microfono,1.0,0.3792377156012898,0.38820476264318793,0.38820476264318793,0.6117952373568121,3,6.060531284893348,0.3333333333333333,16,11,mejora
23525,cascos v moda,1.0,0.6004311286161026,0.8482378089219648,0.8482378089219648,0.15176219107803524,3,5.207441970484333,0.6666666666666666,16,11,mejora
23643,casita niña,1.0,1.0,1.0,1.0,0.0,2,6.593302823066342,0.5,16,16,empata
23646,casitas para niñas de 3 años,0.34762911100514526,0.38722074301564835,0.41140458397539986,0.41140458397539986,-0.0637754729702546,6,3.6821068935707273,0.5,16,6,empeora
23695,castillo de princesas para niñas,0.9216017310213247,0.8048109992093391,0.9216017310213247,0.9216017310213247,0.0,5,4.280056312621067,1.0,40,25,empata
23799,cat eye luces bicicleta,0.3333333333333333,0.0,0.0,0.0,0.3333333333333333,4,5.454671074495696,0.0,16,1,mejora
23944,catalizador pintura epoxi sin disolvente nazza,0.961701088650451,0.9671081267272549,0.9049278636531481,0.9671081267272549,-0.005407038076803872,6,7.1706282239805335,1.0,10,6,empeora
23995,catrice,1.0,1.0,1.0,1.0,0.0,1,8.517193191416238,1.0,15,13,empata
24044,cazadora harrington hombre,1.0,0.9148568823583791,0.9363792118010483,0.9363792118010483,0.06362078819895167,3,7.169942898904814,1.0,40,22,mejora
24045,cazadora lentejuelas mujer,0.7503696232576679,0.5447249629530071,0.4786677822018378,0.5447249629530071,0.20564466030466078,3,6.016627921596693,1.0,16,9,mejora
24047,cazadora niña 3 años,0.9216017310213247,0.9216017310213247,0.77990823370192,0.9216017310213247,0.0,4,4.830095913660105,0.75,16,12,empata
24050,cazadora plumas mujer invierno,0.870608685426993,0.580334993363223,0.6062178429497025,0.6062178429497025,0.2643908424772905,4,5.4636670048871565,0.75,16,6,mejora
24051,cazadora sport chico,0.5104379394614381,0.37461252083542884,0.384266559722312,0.384266559722312,0.12617137973912612,3,7.225253205828175,0.3333333333333333,15,5,mejora
24058,cazoleta de barro cachimba,0.845519325279726,0.8508957228074243,0.8987713917876999,0.8987713917876999,-0.05325206650797398,4,6.461424281213732,1.0,16,9,empeora
24061,cañamazo punto de cruz,0.841492960259019,0.9148568823583791,0.8006937664098821,0.9148568823583791,-0.07336392209936016,4,5.603600428008873,1.0,40,29,empeora
24161,cebolla frita sin gluten,0.6508205185601091,0.34870224750355494,0.15642624200758548,0.34870224750355494,0.3021182710565542,4,6.8917364162385955,1.0,39,3,mejora
24162,cebra hombre,0.18154179253735267,0.13565197343244778,0.45646838330896394,0.45646838330896394,-0.2749265907716113,2,5.600438018035076,0.5,16,3,empeora
24319,cenicero sin olores,0.9337457765456111,1.0,1.0,1.0,-0.06625422345438892,3,5.964660590343361,1.0,40,37,empeora
24344,centro de actividades bebe,1.0,1.0,1.0,1.0,0.0,4,4.738082645831223,1.0,16,16,empata
24358,cepillo dientes desechable,1.0,1.0,1.0,1.0,0.0,3,5.939335155518832,1.0,16,16,empata
24366,cepillo redondo pelo,1.0,1.0,1.0,1.0,0.0,3,5.08176849927006,1.0,16,16,empata
24370,cepillos electricos dentales philips,1.0,0.6698623505528799,0.718362797268624,0.718362797268624,0.28163720273137605,4,7.32109950389475,0.5,16,11,mejora
24375,cera depilflax,1.0,0.9305687780632229,0.8611375561264456,0.9305687780632229,0.06943122193677709,2,8.383878859789263,1.0,16,11,mejora
24422,cerave healing ointment,0.9223260797603763,0.7565030690421025,0.8318724637288826,0.8318724637288826,0.09045361603149371,3,9.11444634782559,1.0,33,4,mejora
24429,cercos de madera,0.92663607790064,0.8357804136936722,0.9363792118010483,0.9363792118010483,-0.009743133900408374,3,4.865641078308762,1.0,16,10,empeora
24438,cereales hipp sin gluten,0.4362932381209216,0.5588027712252335,0.6020941629041775,0.6020941629041775,-0.16580092478325592,4,5.663572694804582,1.0,40,9,empeora
24440,cereales sin azucar,0.8048099750039491,0.3071837157818931,0.8048099750039491,0.8048099750039491,0.0,3,5.40945786237631,0.6666666666666666,16,4,empata
24454,cerradura puerta corredera,0.6165641057516339,0.5306972923267993,0.5745176001095238,0.5745176001095238,0.0420465056421101,3,6.429305598793263,1.0,16,7,mejora
24461,cerrojo sin cerradura,0.6172839611614819,0.39375843764607205,0.42520843362602384,0.42520843362602384,0.19207552753545803,3,5.519660234765915,1.0,39,18,mejora
24476,cerveza torp cruzcampo,0.9793656319464775,0.7036341014013555,0.9793656319464775,0.9793656319464775,0.0,3,8.754472962606938,0.6666666666666666,16,8,empata
24489,cestas de mimbre para bodas,1.0,0.5847192329112589,0.7849818707050383,0.7849818707050383,0.21501812929496167,5,4.536591856452629,1.0,16,13,mejora
24490,cestas de mimbre setas,0.713654010247531,0.28444935123173903,0.6156886473955917,0.6156886473955917,0.09796536285193924,4,6.55116055433205,0.75,40,21,mejora
24494,cesto para lápices,0.4087190681031838,0.5020420510331549,0.5704707007904076,0.5704707007904076,-0.1617516326872238,3,5.432375542551402,0.6666666666666666,16,9,empeora
24497,cestos organizadores bebe,1.0,1.0,1.0,1.0,0.0,3,7.283730837761098,0.6666666666666666,15,14,empata
24603,chair massage,0.8669479898642711,0.28444935123173903,0.29409459795966886,0.29409459795966886,0.5728533919046023,2,8.305286068028057,1.0,40,26,mejora
24634,chaleco de niños,1.0,1.0,1.0,1.0,0.0,3,3.1937590864911107,1.0,16,15,empata
24635,chaleco deportivo con capucha,0.9083745556952363,0.8887517031591262,0.9579534943578899,0.9579534943578899,-0.049578938662653615,4,4.3258959829603985,1.0,16,7,empeora
24638,chaleco proteccion hipica,1.0,1.0,1.0,1.0,0.0,3,7.780187224926718,0.3333333333333333,16,15,empata
24685,champi cebolla sin parabenos,0.8643145546088339,0.37148910739409025,0.48882922182497557,0.48882922182497557,0.3754853327838583,4,7.272956547340105,0.75,40,12,mejora
24712,champion pantalon corto hombre,0.8521705090845474,0.88995411685096,0.92663607790064,0.92663607790064,-0.07446556881609256,4,6.069506767663233,0.75,40,29,empeora
24740,champu cabello graso sin sulfatos,0.7630946912803437,0.6293644814585829,0.7564477297898766,0.7564477297898766,0.006646961490467063,5,6.178187387494562,1.0,40,20,mejora
24747,champu matrix sin sulfatos,0.6309297535714575,0.5,0.43067655807339306,0.5,0.13092975357145753,4,6.379339271606057,0.25,11,1,mejora
24748,champu morado sin sulfatos,0.7778721720600673,0.6300426811446147,0.5579780239524,0.6300426811446147,0.1478294909154526,4,5.8517859715194085,0.75,40,15,mejora
24752,champu schwarzkopf sin sulfatos,0.6924048374257172,0.711318759689527,0.5709662133861838,0.711318759689527,-0.018913922263809724,4,6.048900311610476,0.75,23,6,empeora
24754,champu sin sulfatos,1.0,1.0,1.0,1.0,0.0,3,5.762615322486589,1.0,40,34,empata
24757,champu valquer sin sal,1.0,0.77990823370192,1.0,1.0,0.0,4,6.29903808048345,0.75,40,26,empata
24758,champus en seco,1.0,1.0,1.0,1.0,0.0,3,6.301477256819691,0.6666666666666666,16,16,empata
24777,chandal hombre baratas,0.9337457765456111,0.9337457765456111,0.8701249883466594,0.9337457765456111,0.0,3,5.993266147736441,0.3333333333333333,16,14,empata
24784,chandal nike mujer invierno,0.5721065642519196,0.7462742600311302,0.7511984400967533,0.7511984400967533,-0.17909187584483366,4,4.904590523042484,1.0,16,9,empeora
24786,chandal rojo bebe,0.37221133799821404,0.4408004321376471,0.5047378886447156,0.5047378886447156,-0.13252655064650154,3,5.587459532006036,0.6666666666666666,16,7,empeora
24800,chanel bleu,1.0,1.0,1.0,1.0,0.0,2,8.86376678169621,1.0,16,14,empata
24805,chanel maquillaje,0.77990823370192,0.3863474142462609,0.8611375561264456,0.8611375561264456,-0.08122932242452563,2,7.25432886926211,0.5,16,11,empeora
24876,chaqueta calefactable hombre,1.0,1.0,1.0,1.0,0.0,3,5.745546947358238,1.0,40,31,empata
24877,chaqueta carhartt con capuchas,0.9363792118010483,0.92663607790064,0.8669479898642711,0.92663607790064,0.009743133900408374,4,6.186105990652356,0.75,16,11,mejora
24886,chaqueta moto hombre,0.9337457765456111,1.0,1.0,1.0,-0.06625422345438892,3,4.2786792739426325,1.0,16,14,empeora
24895,chaqueta protectora moto,0.9363792118010483,1.0,0.9305687780632229,1.0,-0.06362078819895167,3,5.043400149482416,1.0,16,14,empeora
24903,chaqueta yamaha racing mujer,1.0,1.0,1.0,1.0,0.0,4,5.311642526821506,0.75,16,1,empata
24907,chaquetas de borrego,0.6744687194723645,0.703111904094716,0.6663212538075456,0.703111904094716,-0.028643184622351492,3,5.738675316670666,1.0,16,8,empeora
24910,chaquetas hombre invierno waterproof,0.7975167679274939,0.7951657524814092,0.6651928536555898,0.7951657524814092,0.0023510154460847366,4,5.142538381151889,0.75,16,11,mejora
24918,chaquetas tres capas calefactor,0.4500112274528524,0.8541058313273973,0.5014839712467825,0.8541058313273973,-0.4040946038745449,4,6.2961632974198505,0.75,16,6,empeora
25020,charm inicial pandora,0.5508095940041026,0.4716276524567204,0.5065745439910657,0.5065745439910657,0.04423505001303685,3,7.968591339214579,0.3333333333333333,16,3,mejora
25114,cheap spirit,0.6240505200038379,0.0,0.19342640361727081,0.19342640361727081,0.43062411638656706,2,9.15766011414727,0.5,27,2,mejora
25188,cheery brown,0.842126470715732,0.7809470087087704,0.8412976538766465,0.8412976538766465,0.0008288168390855333,2,8.394631962399746,0.5,16,9,mejora
25486,chickwin-shop,0.8701249883466594,0.857980942822373,0.826813366651774,0.857980942822373,0.012144045524286384,2,8.57608470924443,0.5,37,25,mejora
25487,chicles happydent menta,0.6309297535714575,0.38685280723454163,1.0,1.0,-0.36907024642854247,3,8.99187142111715,0.6666666666666666,14,1,empeora
25622,chilitec,0.9202054614375518,0.5659653542055512,0.9202054614375518,0.9202054614375518,0.0,1,10.308952660644293,1.0,16,8,empata
25759,chocolatina sin azucar,0.6850948573248621,0.34326108113913595,0.08747171410140821,0.34326108113913595,0.34183377618572613,3,6.815960430768345,0.3333333333333333,40,6,mejora
25787,chopping board glass,0.8205228949141828,0.0,0.14782949091545264,0.14782949091545264,0.6726934039987302,3,7.977030608542676,0.0,40,16,mejora
25821,christian jacq,1.0,1.0,1.0,1.0,0.0,2,10.308952660644293,1.0,15,15,empata
25908,christmas gift rugby toy,0.9828920819566879,0.9005471983095722,0.9223260797603763,0.9223260797603763,0.060566002196311586,4,6.976202100015378,1.0,16,4,mejora
26155,chseeo,1.0,1.0,1.0,1.0,0.0,1,10.308952660644293,1.0,16,16,empata
26159,chubasquero mujer talla grande,0.8550956239938449,0.7671708088082309,0.647642720920625,0.7671708088082309,0.08792481518561401,4,4.823235989456014,0.75,16,9,mejora
26160,chubasquero niño talla 12,0.9062487935025676,0.3958654189748537,0.8987025955356566,0.8987025955356566,0.007546197966911028,4,5.14224545816848,1.0,16,8,mejora
26166,chuches sin gluten,1.0,1.0,0.8669479898642711,1.0,0.0,3,5.039308946937939,1.0,40,26,empata
26217,chupetes forma pezon,0.7065443116025598,0.5829393865084945,0.7280855459907166,0.7280855459907166,-0.021541234388156805,3,7.909558134943644,0.6666666666666666,40,32,empeora
26236,chándal de toy story de niño,0.8669479898642711,0.8669479898642711,0.857980942822373,0.8669479898642711,0.0,6,4.3702741156181295,1.0,16,11,empata
26240,chándal para hombre,0.9337457765456111,0.8415908474314977,0.9363792118010483,0.9363792118010483,-0.002633435255437244,3,3.480028594493897,1.0,16,13,empeora
26252,ciclismo zapatillas carretera,1.0,0.8630152897016883,0.7663491917568949,0.8630152897016883,0.13698471029831172,3,5.1376779356058755,1.0,16,13,mejora
26261,cierre rapido de bicicleta,0.9305687780632229,0.7254521107352793,0.8454256604216018,0.8454256604216018,0.08514311764162108,4,4.508263895240129,1.0,16,13,mejora
26284,cigarrillos electrónicos mujer,0.9937947856332163,0.2911962933959411,0.6708446104448949,0.6708446104448949,0.3229501751883215,3,5.59290657030794,0.3333333333333333,16,9,mejora
26287,cigarros sin nicotina,0.533722528236359,0.23177307466786257,0.5747915663739763,0.5747915663739763,-0.04106903813761731,3,5.4274413672858905,1.0,40,21,empeora
26290,cilindro hidraulico sin costuras,0.5754994188159136,0.6188735782380818,0.5091406296930573,0.6188735782380818,-0.04337415942216816,4,6.483850244184813,0.5,30,9,empeora
26312,cine para adultos x,0.7041249493150388,0.4142578436403242,0.5310500112078504,0.5310500112078504,0.17307493810718833,4,3.6113340338271946,0.25,32,7,mejora
26326,cinta adhesiva 2.5,0.6214990811334173,0.713654010247531,0.7104770117651427,0.713654010247531,-0.0921549291141136,4,4.148963722546965,1.0,16,12,empeora
26328,cinta anticalorica,1.0,1.0,1.0,1.0,0.0,2,7.827530345514338,1.0,16,16,empata
26330,cinta correctora tipex,1.0,0.3535124404757274,0.8061503743503469,0.8061503743503469,0.19384962564965313,3,8.118191813079624,0.6666666666666666,16,4,mejora
26338,cinta para cabeza niña 4 años,0.6563441316651529,0.5225271904629677,0.6158501733929389,0.6158501733929389,0.040493958272214026,6,3.83047936699529,0.6666666666666666,16,9,mejora
26343,cinta scotch removable,0.8508957228074243,0.6530191184483232,0.7462742600311302,0.7462742600311302,0.10462146277629414,3,7.826368900628324,0.6666666666666666,38,9,mejora
26344,cinta teflon,0.8175295903539445,0.3065735963827292,0.38685280723454163,0.38685280723454163,0.43067678311940283,2,7.0228113892972885,0.5,16,2,mejora
26361,cinturon piel 5 cm,1.0,1.0,1.0,1.0,0.0,4,4.57587888904729,1.0,16,16,empata
26363,cinturones anchos mujer,1.0,1.0,1.0,1.0,0.0,3,6.251027093734508,1.0,16,16,empata
26365,cinturones de pinchos,1.0,0.7065443116025598,0.9052116356304495,0.9052116356304495,0.09478836436955052,3,5.827551537755316,0.3333333333333333,16,14,mejora
26399,circulador de inmersion,0.8611375561264456,0.9337457765456111,0.8611375561264456,0.9337457765456111,-0.07260822041916548,3,7.022057850574019,1.0,40,35,empeora
26415,circutor,1.0,1.0,1.0,1.0,0.0,1,10.308952660644293,1.0,16,14,empata
26425,cisco systems 24 port gigabit switch,1.0,0.8643145546088339,0.8669479898642711,0.8669479898642711,0.13305201013572887,6,6.628146758276219,0.8333333333333334,15,10,mejora
26449,citronela repelente,0.77990823370192,0.6311443278613472,0.77990823370192,0.77990823370192,0.0,2,8.545772398336211,1.0,40,20,empata
26455,citroën xsara picasso,0.0,0.0,0.0,0.0,0.0,3,9.345495408012239,0.6666666666666666,40,4,empata
26457,citrulina malato polvo,0.8701249883466594,0.9216017310213247,0.77990823370192,0.9216017310213247,-0.05147674267466529,3,8.534616000931491,1.0,39,15,empeora
26530,clarinete,0.9782917460822231,0.6774061517901412,0.8623312528041955,0.8623312528041955,0.1159604932780276,1,10.308952660644293,1.0,16,8,mejora
26616,clavija doble microfono,1.0,0.9052116356304495,0.9052116356304495,0.9052116356304495,0.09478836436955052,3,6.749931999908063,1.0,40,29,mejora
26618,clavijas afinacion guitarra electrica,1.0,1.0,1.0,1.0,0.0,4,7.903671500253806,0.5,15,15,empata
26620,clavos adhesivos para pared,1.0,0.8572048559638626,0.8572048559638626,0.8572048559638626,0.14279514403613736,4,4.551788741205439,1.0,40,28,mejora
26889,clip grande oficina,0.88995411685096,0.7353797772725618,0.9337457765456111,0.9337457765456111,-0.04379165969465104,3,4.844894116313688,1.0,40,33,empeora
26895,clip leatherman,0.3235866969737877,0.9674679834891693,0.6257049680303419,0.9674679834891693,-0.6438812865153816,2,7.945258751288122,1.0,16,3,empeora
26974,cloro sin cobre,0.9216017310213247,0.8318477135310892,0.7702043899253147,0.8318477135310892,0.08975401749023548,3,5.08063806822627,1.0,40,24,mejora
27125,cmp 12 años niño,1.0,1.0,1.0,1.0,0.0,4,5.513288665039729,1.0,15,15,empata
27133,cnc metal,0.4800032020044256,0.47479014188018465,0.4006705181006301,0.47479014188018465,0.0052130601242409425,2,5.916565364563785,1.0,40,17,mejora
27211,coaxial crimpadora,1.0,1.0,1.0,1.0,0.0,2,8.64285040555669,1.0,16,16,empata
27222,cobertizos y pergolas,0.38589303732090646,0.4544982762213801,0.3882251478215037,0.4544982762213801,-0.06860523890047365,3,6.898214129169656,0.6666666666666666,39,17,empeora
27226,cobijas de invierno grandes calientes,0.9363792118010483,0.9337457765456111,1.0,1.0,-0.06362078819895167,5,5.463537888033526,0.8,40,32,empeora
27238,cocaina,0.19195987438972922,0.4500112274528524,0.4376825060178087,0.4500112274528524,-0.25805135306312316,1,10.308952660644293,1.0,23,6,empeora
27243,coche,0.8611375561264456,0.88995411685096,0.7162874455029682,0.88995411685096,-0.02881656072451444,1,3.9203912550986626,1.0,18,15,empeora
27248,coche electrico niño 12v,1.0,1.0,1.0,1.0,0.0,4,5.178230344421193,1.0,16,16,empata
27250,coche nieve,0.9216017310213247,0.9363792118010483,1.0,1.0,-0.0783982689786753,2,4.807111699450848,1.0,16,15,empeora
27251,coche niño batería,1.0,1.0,1.0,1.0,0.0,3,4.2961900233082915,1.0,16,16,empata
27260,cochede juguete para niños,0.7654671039995544,0.609644959026155,0.6370265603250675,0.6370265603250675,0.12844054367448687,4,4.736569796877234,0.75,16,9,mejora
27263,coches 18 meses,1.0,0.9305687780632229,1.0,1.0,0.0,3,5.124321138444141,1.0,16,14,empata
27264,coches escarabajo,0.77990823370192,0.20641593223508908,0.77990823370192,0.77990823370192,0.0,2,7.790476359437478,0.5,38,21,empata
27265,coches rc gasolina 1 5,0.8020378746650066,0.7709363892380909,0.7837042816946692,0.7837042816946692,0.01833359297033743,5,4.655324050993057,1.0,39,7,mejora
27266,coches super zings,0.370291336443826,0.5780136823717549,0.6005491084563833,0.6005491084563833,-0.23025777201255732,3,6.96198635785793,0.0,16,3,empeora
27268,coches vtech,0.9230390249121357,0.7441861791075427,0.6992056376732813,0.7441861791075427,0.17885284580459304,2,6.548023034543478,1.0,16,9,mejora
27272,cocina,1.0,1.0,1.0,1.0,0.0,1,4.004503858222312,1.0,16,16,empata
27275,cocina antisalpicaduras,0.9337457765456111,0.9148568823583791,0.9337457765456111,0.9337457765456111,0.0,2,6.117007488593384,1.0,16,14,empata
27280,cocina mesa y sillas,0.5868769423506482,0.7315682114753617,0.9005471983095722,0.9005471983095722,-0.31367025595892395,4,3.976535288608437,1.0,16,4,empeora
27281,cocina para todos mery libro,0.9619991470595832,0.7226387152952866,0.8326783988613894,0.8326783988613894,0.12932074819819384,5,5.13986596054201,0.8,28,4,mejora
27350,coderas niños patines,0.7162874455029682,0.8669479898642711,0.6141069626790936,0.8669479898642711,-0.15066054436130294,3,6.208825218977321,1.0,40,30,empeora
27513,cojines cama,0.5460963797517798,0.3292053236583397,0.3872487704346732,0.3872487704346732,0.15884760931710662,2,5.404364224111848,1.0,16,6,mejora
27515,cojines decoracioncojines estampados,0.9305687780632229,1.0,0.9337457765456111,1.0,-0.06943122193677709,3,7.977030608542676,0.3333333333333333,16,15,empeora
27518,cojines para sillas de comedor,1.0,1.0,1.0,1.0,0.0,5,3.8717308989763604,1.0,16,16,empata
27519,cojines rosas,0.0,1.0,0.0,1.0,-1.0,2,6.765583693389004,0.5,16,1,empeora
27521,cojines verde agua,1.0,1.0,1.0,1.0,0.0,3,4.81789101450829,1.0,16,16,empata
27523,cojín cervical sofa,0.92663607790064,1.0,0.9305687780632229,1.0,-0.07336392209936005,3,6.724292559371008,1.0,40,28,empeora
27524,cojín cuello cervical,0.9363792118010483,0.9363792118010483,0.92663607790064,0.9363792118010483,0.0,3,6.068297192452838,1.0,40,36,empata
27528,cojín perro la resistencia,0.6154062275862391,0.7948833326720566,0.505360344437199,0.7948833326720566,-0.1794771050858175,4,4.755873266017874,0.75,40,29,empeora
27536,cola madera titebond,1.0,1.0,0.8364586133797037,1.0,0.0,3,6.987033367890208,1.0,40,24,empata
27550,colcha cama 120x190,0.3065735963827292,0.2640681225725909,0.21840743681816419,0.2640681225725909,0.042505473810138306,3,7.374828616094327,0.6666666666666666,16,2,mejora
27552,colcha niño,1.0,1.0,1.0,1.0,0.0,2,6.163179405702338,0.5,16,16,empata
27554,colchas bassetti,0.9337457765456111,0.9337457765456111,0.9363792118010483,0.9363792118010483,-0.002633435255437244,2,9.759646516310237,0.5,16,11,empeora
27560,colchon masaje espalda,0.9305687780632229,0.77523873680463,1.0,1.0,-0.06943122193677709,3,6.511265906274453,0.6666666666666666,39,26,empeora
27578,colchón topper 100x180,0.9217868789962071,0.37590633587120725,1.0,1.0,-0.07821312100379285,3,7.8089604803269195,0.6666666666666666,16,3,empeora
27634,coleccion cuentos disney pack princesas,0.5,1.0,1.0,1.0,-0.5,5,6.645250965890773,0.4,15,1,empeora
27661,coletero negro,0.88995411685096,0.9216017310213247,0.9052116356304495,0.9216017310213247,-0.03164761417036466,2,5.312654296840341,1.0,16,14,empeora
27665,colgadores de cuadros sin agujeros,0.8389574121760603,0.6848374495230164,0.6090726157997784,0.6848374495230164,0.15411996265304395,5,4.5819606647760684,1.0,40,19,mejora
27666,colgadores de pared sin taladrar,1.0,0.9305687780632229,1.0,1.0,0.0,5,4.226320129060199,1.0,40,36,empata
27671,colgante diamantes,0.8389574121760603,0.7702043899253147,0.8521705090845474,0.8521705090845474,-0.013213096908487043,2,6.13302929123017,1.0,39,30,empeora
27676,colgante piedra lunar,0.88995411685096,0.8572048559638626,0.7827392871477703,0.8572048559638626,0.0327492608870974,3,6.529000338548184,1.0,39,20,mejora
27679,colgante árbol de la vida mujer oro 18 kilates,0.9337457765456111,1.0,0.6530488081313036,1.0,-0.06625422345438892,9,4.545904932724306,1.0,40,19,empeora
27682,colgantes de gatos,1.0,1.0,1.0,1.0,0.0,3,4.127596061813917,1.0,16,16,empata
27683,colgar cuadros sin clavos,0.9148568823583791,0.4099509148465345,0.7191184989488185,0.7191184989488185,0.19573838340956062,4,5.251191868917398,1.0,37,22,mejora
27685,colgar movil cuello funda,1.0,0.9337457765456111,1.0,1.0,0.0,4,5.081843810398901,1.0,16,15,empata
27721,collar con palabras 100 idiomas,1.0,1.0,0.9363792118010483,1.0,0.0,5,5.422968232170892,0.8,16,15,empata
27723,collar de mejores amigas baratos,1.0,1.0,1.0,1.0,0.0,5,5.783998344182404,0.6,15,15,empata
27732,collar mosquitos perro,0.8611375561264456,0.9337457765456111,0.77990823370192,0.9337457765456111,-0.07260822041916548,3,6.301729686466994,1.0,16,14,empeora
27734,collar oro 18k,0.9305687780632229,0.4479321408033599,1.0,1.0,-0.06943122193677709,3,5.5480659545685915,1.0,39,24,empeora
27736,collar pastillero,0.972664731083356,0.8767055912339932,0.9950883841893561,0.9950883841893561,-0.02242365310600003,2,7.288825305005586,1.0,16,7,empeora
27748,collares amigas,1.0,0.9305687780632229,1.0,1.0,0.0,2,7.520978109071134,1.0,16,15,empata
27802,colonia adolfo dominguez mujer estuche,0.5868720866710774,0.14782949091545264,0.7682269253321375,0.7682269253321375,-0.18135483866106017,5,7.139782853338912,0.6,40,15,empeora
27803,colonia brummel,1.0,1.0,1.0,1.0,0.0,2,8.763431433965135,1.0,16,16,empata
27904,colores comestibles,0.9848330959553522,0.523193734561916,0.4882358282281201,0.523193734561916,0.4616393613934362,2,6.527871845031466,1.0,16,7,mejora
28009,coluna taladro,1.0,0.6875082266586884,0.8986668538278167,0.8986668538278167,0.10133314617218325,2,7.9408534364470444,0.5,16,9,mejora
28011,colutorio sin alcohol,1.0,1.0,1.0,1.0,0.0,3,6.2700908343014135,1.0,40,34,empata
28040,comedero automatico gatos,1.0,1.0,1.0,1.0,0.0,3,6.851330665181645,1.0,16,16,empata
28051,comfee,1.0,1.0,1.0,1.0,0.0,1,10.308952660644293,1.0,16,13,empata
28111,comida deshidratada sin gluten,0.713654010247531,0.77990823370192,0.92663607790064,0.92663607790064,-0.212982067653109,4,5.4496561672901525,0.75,40,26,empeora
28112,comida fieltro juguete,0.8062079522181139,1.0,0.7671013212946428,1.0,-0.19379204778188608,3,5.931066214928898,1.0,16,5,empeora
28136,commander pro,0.48381288316677695,1.0,0.8315546295836225,1.0,-0.516187116833223,2,6.174586744585423,1.0,16,2,empeora
28179,comoda,1.0,1.0,1.0,1.0,0.0,1,8.922658299524402,1.0,16,16,empata
28181,comoda 7 cajones 120,1.0,0.45374257454118555,0.4225749983705865,0.45374257454118555,0.5462574254588144,4,5.727160224481371,0.75,40,17,mejora
28183,comoda nordica,1.0,1.0,1.0,1.0,0.0,2,8.261780379533242,0.5,16,16,empata
28208,compas para lapiz,0.7587492362187309,0.26662705189981845,0.4680655962368296,0.4680655962368296,0.29068363998190133,3,6.486477367011339,0.3333333333333333,16,9,mejora
28247,composor 8,1.0,0.8772153153380493,1.0,1.0,0.0,2,6.341337890735839,1.0,16,2,empata
28263,comprar trufas,0.9060254355346823,0.9134015924715543,0.7328286204777911,0.9134015924715543,-0.0073761569368719915,2,9.504233704427243,0.5,16,3,empeora
28268,compresas sin plastico,0.7720617383222419,0.6698623505528799,0.77990823370192,0.77990823370192,-0.007846495379678076,3,5.709504642963505,0.6666666666666666,39,30,empeora
28270,compresor 2 cilindros,0.9337457765456111,1.0,1.0,1.0,-0.06625422345438892,3,5.749246682958052,1.0,16,14,empeora
28271,compresor aire,1.0,1.0,1.0,1.0,0.0,2,5.209011877849328,1.0,16,16,empata
28273,compresor de aire y maquina de vacio,0.4448530294934503,0.2646202227274384,0.5022037311331264,0.5022037311331264,-0.05735070163967615,7,3.9588453139793964,0.7142857142857143,40,14,empeora
28274,compresor industrial 500 litros,0.9918291064614978,0.8881917374298554,0.9062487935025676,0.9062487935025676,0.0855803129589302,4,5.482345728472802,1.0,17,8,mejora
28275,compresor y aerografo modelismo,1.0,0.9305687780632229,0.7655934900767002,0.9305687780632229,0.06943122193677709,4,6.599606215541292,1.0,40,30,mejora
28409,con acido hialuronico,1.0,1.0,0.9337457765456111,1.0,0.0,3,5.625359230952184,1.0,39,35,empata
28474,conector hembra rj45,1.0,1.0,1.0,1.0,0.0,3,6.0361670666334,1.0,16,16,empata
28478,conectores canon,0.5467843942868258,0.18065894665528784,0.4954925772894725,0.4954925772894725,0.0512918169973533,2,6.181818275599201,0.0,16,7,mejora
28479,conectores electricos rapidos,1.0,1.0,1.0,1.0,0.0,3,8.702192138775947,1.0,16,16,empata
28482,conejo,1.0,1.0,1.0,1.0,0.0,1,7.313220387090301,1.0,16,16,empata
28495,confitura sin azucar,0.791726719367984,0.6816604510406282,0.4131279133289228,0.6816604510406282,0.11006626832735578,3,6.815960430768345,1.0,39,19,mejora
28511,conjunto ducha sin grifo roca,0.72891152902702,0.6442227883107536,0.6331992944486873,0.6442227883107536,0.08468874071626642,5,5.186159143384633,1.0,40,19,mejora
28538,consolador mujer rojo,0.5726073975563163,0.3235866969737877,0.6196686079396531,0.6196686079396531,-0.04706121038333677,3,5.657725437170005,0.3333333333333333,16,3,empeora
28540,consolas baratas y buenas,1.0,0.5648901044069582,1.0,1.0,0.0,4,6.360728354284433,0.5,16,11,empata
28613,contorno ojos loreal,1.0,0.5747915663739763,0.857980942822373,0.857980942822373,0.14201905717762697,3,7.286411304052764,0.6666666666666666,16,13,mejora
28623,contraventanas pvc,0.5413996682199069,0.6096199500078984,0.544556608342548,0.6096199500078984,-0.06822028178799144,2,7.341505562834499,1.0,39,4,empeora
28633,control termo electrico,0.3010299956639812,0.0,0.43067655807339306,0.43067655807339306,-0.12964656240941186,3,5.6803895297824525,0.0,15,1,empeora
28635,controlador co2 aire covid,0.5396413938630011,0.15139734109601005,0.5795003533950693,0.5795003533950693,-0.039858959532068194,4,6.913733600660651,0.5,37,12,empeora
28636,controlador frcuencia de servo,0.7859162856301584,0.6457545768494585,0.6581810421830975,0.6581810421830975,0.1277352434470609,4,6.333717875272235,0.75,40,15,mejora
28661,converse all stars,0.7564477297898766,0.7353797772725618,0.6062415623539281,0.7353797772725618,0.02106795251731486,3,7.000993246583005,0.6666666666666666,16,11,mejora
28663,converse blancas plataforma,0.7897661029179006,0.47479145968892905,0.6388768046335795,0.6388768046335795,0.15088929828432107,3,6.604922785562383,0.3333333333333333,16,8,mejora
28667,converse de plataforma,1.0,0.9216017310213247,0.9363792118010483,0.9363792118010483,0.06362078819895167,3,4.594241774321809,0.3333333333333333,16,13,mejora
28674,converse plataforma altas,1.0,1.0,1.0,1.0,0.0,3,6.604922785562383,0.3333333333333333,16,16,empata
28675,converse plataforma blancas,0.7233035367188455,0.4891973179165766,0.519634841925904,0.519634841925904,0.20366869479294147,3,6.604922785562383,0.3333333333333333,16,8,mejora
28703,convertibles 2 en 1 portátil tactil,1.0,0.8701249883466594,0.9337457765456111,0.9337457765456111,0.06625422345438892,6,4.58605144617404,0.8333333333333334,40,25,mejora
28907,copa transparente,1.0,1.0,1.0,1.0,0.0,2,5.41206051692221,1.0,40,33,empata
28908,copa vino botella,1.0,0.6309297535714575,0.38685280723454163,0.6309297535714575,0.36907024642854247,3,5.662133591678657,1.0,16,1,mejora
28914,copas de madera,0.7299800935361876,0.5460985297060886,0.6395647163312487,0.6395647163312487,0.09041537720493897,3,3.680525057812291,1.0,16,9,mejora
28928,copo de nieve pandora,0.5036067026046992,0.2546983755821045,0.514186364257749,0.514186364257749,-0.010579661653049799,4,5.307644152003417,1.0,38,11,empeora
28930,copos de trigo sarraceno sin gluten,0.7721596254947204,0.5113553108118987,0.7569021067152311,0.7569021067152311,0.015257518779489332,6,5.1337178839717525,1.0,40,13,mejora
28986,corazon,0.0,0.3084274278260313,0.0,0.3084274278260313,-0.3084274278260313,1,8.36304251158898,0.0,16,3,empeora
29052,cordon blanco,0.6500332220485792,0.5559026721867444,0.6581810421830975,0.6581810421830975,-0.008147820134518313,2,5.849761408313486,0.5,16,10,empeora
29058,cordones para zapatillas cortos,0.8315546295836225,0.2640681225725909,0.46845052016107697,0.46845052016107697,0.3631041094225455,4,4.380947190369346,0.5,16,2,mejora
29060,cordones zapatillas,0.7534494445524139,0.8643145546088339,0.7015099647232446,0.8643145546088339,-0.11086511005641997,2,5.050265134589072,1.0,16,11,empeora
29156,corona 80mm madera,0.7542686714597937,0.5388856921828066,0.6325414799409712,0.6325414799409712,0.1217271915188225,3,6.469250552629188,1.0,39,10,mejora
29162,corona primer cumpleaños niña,0.6969179698201176,0.7026305163854646,0.72891152902702,0.72891152902702,-0.0319935592069025,4,5.786773200397618,1.0,16,10,empeora
29164,coroturn,0.8454256604216018,0.769526190239283,0.8630152897016883,0.8630152897016883,-0.01758962928008645,1,10.308952660644293,1.0,26,15,empeora
29177,correa cuello off white,1.0,1.0,1.0,1.0,0.0,4,5.027945098794317,1.0,16,5,empata
29179,correa de garmin forerunner,1.0,1.0,1.0,1.0,0.0,4,4.983894554300225,1.0,16,15,empata
29182,correa elastica apple watch,1.0,0.7975167679274939,1.0,1.0,0.0,4,5.918637467284531,0.75,40,36,empata
29185,correa fitbit ace,1.0,1.0,1.0,1.0,0.0,3,7.10928654005497,1.0,16,16,empata
29189,correa leotec health,0.6156886473955917,0.62851089260591,0.7104770117651427,0.7104770117651427,-0.09478836436955096,3,7.876814904386319,0.3333333333333333,16,12,empeora
29192,correa para perros muelle,1.0,1.0,1.0,1.0,0.0,4,4.541133428805395,0.75,16,16,empata
29195,correa seiko 21mm,0.5931729515195112,0.30281242839865,0.7461976723150332,0.7461976723150332,-0.15302472079552198,3,7.218787895712317,0.6666666666666666,16,3,empeora
29198,correa suunto ambit 3 sport,0.9337457765456111,0.9337457765456111,0.9305687780632229,0.9337457765456111,0.0,5,6.204316679882138,1.0,16,14,empata
29200,correa tag heuer carrera,0.7254521107352793,0.4362115423097745,0.8701249883466594,0.8701249883466594,-0.14467287761138015,4,6.606776893154443,0.75,39,11,empeora
29207,correas flexi para perros,0.92663607790064,0.2726701556894781,0.35106842466815347,0.35106842466815347,0.5755676532324865,4,5.175406529545037,0.25,16,10,mejora
29208,correas nick sea,0.3980847300545424,0.2090905274901754,0.09803928583135704,0.2090905274901754,0.18899420256436703,3,8.013101803422755,0.0,15,5,mejora
29213,corrector piernas en x,1.0,0.9197207891481876,1.0,1.0,0.0,4,4.5021086132410115,0.75,16,2,empata
29217,correpasillos,1.0,1.0,1.0,1.0,0.0,1,7.217910207285977,1.0,16,16,empata
29231,corsair force series mp510,0.6366824387328317,0.7030861797445797,0.6366824387328317,0.7030861797445797,-0.06640374101174795,4,7.457061423316192,1.0,22,4,empeora
29277,corta corriente bateria,1.0,1.0,1.0,1.0,0.0,3,6.253869110307652,1.0,40,37,empata
29281,cortacésped outils wolf,1.0,1.0,1.0,1.0,0.0,3,8.211762947458185,1.0,21,3,empata
29285,cortador de jabón de acero,0.9709286432396583,1.0,0.9828920819566879,1.0,-0.02907135676034167,5,3.4110908212691045,1.0,16,4,empeora
29287,cortador de piña,1.0,1.0,1.0,1.0,0.0,3,4.86823512512278,1.0,16,16,empata
29292,cortador galletas redondo,1.0,0.59932948189937,1.0,1.0,0.0,3,5.973825986671456,1.0,40,24,empata
29301,cortauñas pies profesional,1.0,1.0,1.0,1.0,0.0,3,6.326173444162177,1.0,15,15,empata
29303,cortavientos moto manillar,0.6929852696575346,0.7948833326720566,0.7257345305446319,0.7948833326720566,-0.10189806301452198,3,6.5017236657989725,1.0,16,10,empeora
29306,corte fibra de carbono,0.6309297535714575,1.0,1.0,1.0,-0.36907024642854247,4,4.387376730063448,1.0,16,1,empeora
29308,corteza pino,1.0,1.0,1.0,1.0,0.0,2,7.491557859059668,1.0,16,14,empata
29312,cortina baño a juego con alfombras,1.0,1.0,1.0,1.0,0.0,6,4.044214468381461,1.0,16,16,empata
29315,cortina para furgonetas,1.0,0.9363792118010483,1.0,1.0,0.0,3,5.513887122983245,1.0,16,14,empata
29317,cortina sin agujeros,0.7975167679274939,0.8318477135310892,0.6987957033953602,0.8318477135310892,-0.034330945603595286,3,5.015067970144252,1.0,40,20,empeora
29320,cortinas,1.0,1.0,1.0,1.0,0.0,1,6.595380593939985,1.0,19,18,empata
29322,cortinas baño,1.0,1.0,1.0,1.0,0.0,2,5.340878493256454,1.0,16,15,empata
29323,cortinas camion,0.9216017310213247,0.7381919257729246,0.694765116060299,0.7381919257729246,0.18340980524840012,2,7.556286892678111,1.0,16,12,mejora
29324,cortinas con enganche,0.40179981797758046,0.4367467095119258,0.3171937659698004,0.4367467095119258,-0.034946891534345326,3,5.409076923731063,0.6666666666666666,16,3,empeora
29325,cortinas de ducha,1.0,1.0,1.0,1.0,0.0,3,4.011493830391178,1.0,16,15,empata
29329,cortinas grises,1.0,1.0,1.0,1.0,0.0,2,7.253218990892954,0.5,16,16,empata
29339,cortos pixar,0.9020870746500321,0.6836550817096437,0.7908387778091585,0.7908387778091585,0.11124829684087367,2,7.856315271425078,1.0,33,7,mejora
29348,cosas bebe niña,1.0,1.0,0.9337457765456111,1.0,0.0,3,6.210947714252447,0.6666666666666666,16,14,empata
29351,cosas divertidas,1.0,0.9216017310213247,0.9363792118010483,0.9363792118010483,0.06362078819895167,2,8.111728083308073,1.0,16,15,mejora
29354,cosas para adolescentes chicas,1.0,1.0,0.92663607790064,1.0,0.0,4,5.719094459916078,1.0,35,26,empata
29371,cosmetico bio,0.5049197748991976,0.34870224750355494,0.4508533838815827,0.4508533838815827,0.0540663910176149,2,8.016468921309006,0.5,16,3,mejora
29537,couch tisch,0.8553475075669357,0.694765116060299,0.8115558478722846,0.8115558478722846,0.04379165969465104,2,10.308952660644293,0.5,36,30,mejora
29622,court royale nike,1.0,1.0,1.0,1.0,0.0,3,7.04217039610542,1.0,16,16,empata
29634,covap jamon iberico bellota,0.5670429581667767,0.7859162856301584,0.4990267326507383,0.7859162856301584,-0.21887332746338162,4,8.850249976378642,1.0,40,17,empeora
29670,covid test kit rapido,0.2640681225725909,0.0,0.0,0.0,0.2640681225725909,4,7.461913766140722,0.25,38,2,mejora
29765,cplay2air wireless adapter for factory carplay,0.5154852515822061,0.43585732412284295,0.369453583111095,0.43585732412284295,0.0796279274593632,6,7.692122839706013,0.6666666666666666,22,4,mejora
29823,crafters companion,1.0,1.0,1.0,1.0,0.0,2,9.504233704427243,1.0,37,28,empata
29965,creative sound blaster g6,1.0,0.5706417189553201,0.8315546295836225,0.8315546295836225,0.16844537041637753,4,7.765764900778319,0.75,8,2,mejora
29989,crema almendras sin azucar,0.9363792118010483,0.92663607790064,0.823699893396571,0.92663607790064,0.009743133900408374,4,5.479570540680482,1.0,40,18,mejora
29990,crema avellanas sin azucar,0.9363792118010483,0.6214011939609387,0.8521705090845474,0.8521705090845474,0.08420870271650094,4,5.67526037549289,0.75,40,17,mejora
29993,crema calor muscular deporte,0.9337457765456111,0.9337457765456111,0.8553475075669357,0.9337457765456111,0.0,4,5.443346752861772,0.75,16,14,empata
29994,crema colageno cara,1.0,1.0,1.0,1.0,0.0,3,6.433844278157913,0.6666666666666666,16,16,empata
30000,crema nuxe reve miel,0.8701249883466594,0.8205228949141828,0.7721596254947204,0.8205228949141828,0.04960209343247657,4,8.020351475732822,1.0,16,12,mejora
30006,crema sexo calor mujer y hombre,0.3052348839397012,0.5676818677290052,0.42883980903376645,0.5676818677290052,-0.262446983789304,6,4.233201660628377,0.5,40,19,empeora
30009,cremallera por metro,0.9216017310213247,1.0,1.0,1.0,-0.0783982689786753,3,5.607502007932325,1.0,16,13,empeora
30028,cremor tártaro,1.0,1.0,1.0,1.0,0.0,2,10.308952660644293,1.0,16,13,empata
30137,crimpadora,1.0,1.0,1.0,1.0,0.0,1,9.615805480084347,1.0,16,16,empata
30152,cristal templado,1.0,1.0,1.0,1.0,0.0,2,4.834444925588402,1.0,16,16,empata
30156,cristal templado para xiaomi mi note 8,0.7007731679885375,0.857980942822373,0.7027284035579431,0.857980942822373,-0.15720777483383552,7,4.063022468746931,1.0,16,10,empeora
30160,cristalinas ambientador spray,1.0,1.0,1.0,1.0,0.0,3,7.897560267394343,1.0,16,5,empata
30239,crocs invierno adulto,0.5519699720241615,0.8611375561264456,0.6812060741152738,0.8611375561264456,-0.30916758410228407,3,5.550131543414428,0.6666666666666666,16,11,empeora
30246,crocs outlet mujer,1.0,1.0,1.0,1.0,0.0,3,6.261284313290093,0.6666666666666666,16,15,empata
30260,croissant sin azúcar,0.4441228664487979,0.16716045496620227,0.46927872602275644,0.46927872602275644,-0.02515585957395855,3,6.1228132502084,0.6666666666666666,39,3,empeora
30404,cruzcampo lata,1.0,0.382588879179081,1.0,1.0,0.0,2,8.440117851502608,0.5,16,7,empata
30470,cslcetines bandera italia,1.0,1.0,0.9052116356304495,1.0,0.0,3,7.841468820371545,0.6666666666666666,16,15,empata
30490,cuaderno tapa dura a5,0.9305687780632229,0.92663607790064,0.857980942822373,0.92663607790064,0.003932700162582958,4,5.95346919955641,1.0,16,14,mejora
30492,cuadr pequeños decoracion s,1.0,0.571614567891588,0.7819835854675756,0.7819835854675756,0.21801641453242437,4,6.3255361722451084,0.0,16,12,mejora
30496,cuadro abstracto xxl,0.779777442118739,0.8565454784077136,0.8301054527851841,0.8565454784077136,-0.07676803628897455,3,6.5178618217592925,1.0,16,8,empeora
30497,cuadro arena viva,0.0,0.2890648263178879,0.0,0.2890648263178879,-0.2890648263178879,3,6.959352899412232,0.3333333333333333,16,1,empeora
30499,cuadro bicicleta vintage,1.0,1.0,1.0,1.0,0.0,3,5.173567533528647,1.0,16,15,empata
30501,cuadro final fantasy,1.0,0.9052116356304495,1.0,1.0,0.0,3,7.2729608722115735,1.0,16,14,empata
30505,cuadro marco madera,0.8987713917876999,0.7641675933748661,0.7511984400967533,0.7641675933748661,0.13460379841283387,3,4.983574864092315,1.0,16,9,mejora
30508,cuadro rectangular horizontal salon,0.8512360941594275,0.6235540477207573,0.7721596254947204,0.7721596254947204,0.07907646866470708,4,6.672545579172215,0.5,16,11,mejora
30512,cuadros bicicletas mtb 26,0.3828807405686639,0.09546043308946735,0.2783925802803429,0.2783925802803429,0.10448816028832097,4,5.763461227067232,0.5,39,6,mejora
30516,cuadros de musica,1.0,1.0,1.0,1.0,0.0,3,4.623162326962569,1.0,16,16,empata
30520,cuadros marcos blancos,1.0,0.8200685179888284,0.77990823370192,0.8200685179888284,0.1799314820111716,3,6.593403522109997,1.0,16,13,mejora
30521,cuadros modernos al oleo,1.0,1.0,1.0,1.0,0.0,4,6.279463350299254,0.75,16,16,empata
30525,cuadros rustico,0.826813366651774,0.5734923014668308,0.6848374495230164,0.6848374495230164,0.14197591712875757,2,7.71806088549825,0.5,16,10,mejora
30527,cuadros vintage vestido,0.7312625444731049,0.8553475075669357,0.9216017310213247,0.9216017310213247,-0.1903391865482198,3,5.318475898509475,1.0,16,10,empeora
30528,cuarenta años,0.0,0.0,0.0,0.0,0.0,2,6.720825394635721,0.5,16,1,empata
30529,cuarzos blancos,1.0,0.8553475075669357,1.0,1.0,0.0,2,8.836733171061073,0.0,15,13,empata
30554,cubierta 26x1.95,0.7218018303820491,0.5763233549126812,0.59932948189937,0.59932948189937,0.12247234848267918,3,6.784667925834069,1.0,16,11,mejora
30561,cubiertas mtb 27.5,0.7948833326720566,0.9148568823583791,0.826813366651774,0.9148568823583791,-0.11997354968632257,4,5.112746914687751,1.0,16,12,empeora
30580,cubre percheros,1.0,1.0,1.0,1.0,0.0,2,7.723710663125217,0.0,16,16,empata
30600,cucharas cafe originales,0.9148568823583791,0.9363792118010483,0.92663607790064,0.9363792118010483,-0.021522329442669186,3,7.066404340030998,0.6666666666666666,40,33,empeora
30603,cuchilla termomix tm 31,0.92663607790064,0.5708588662113935,0.8200685179888284,0.8200685179888284,0.10656755991181155,4,7.6729859937549385,0.75,40,17,mejora
30635,cuenco tibetano 15 cm,0.9197207891481876,1.0,0.8065735963827293,1.0,-0.08027921085181244,4,6.004695688534955,1.0,16,2,empeora
30642,cuentos infantiles 2 años,0.5724962033825488,0.34753960609622203,0.4996470987221627,0.4996470987221627,0.07284910466038613,4,4.77696814542744,0.25,16,9,mejora
30645,cuerda 20mm,1.0,0.9363792118010483,1.0,1.0,0.0,2,6.392945570391557,1.0,16,15,empata
30646,cuerda 4mm,0.9337457765456111,0.8521705090845474,0.9305687780632229,0.9305687780632229,0.0031769984823881714,2,6.565365813537422,1.0,16,12,mejora
30652,cuerdas flamenco,0.8603818544462509,0.8669479898642711,0.9216017310213247,0.9216017310213247,-0.06121987657507377,2,7.820585789434005,1.0,16,12,empeora
30703,culotte sin costuras mujer,0.9148568823583791,0.92663607790064,0.9148568823583791,0.92663607790064,-0.011779195542260812,4,4.625836900084091,1.0,40,27,empeora
30711,cuna bebe,0.9337457765456111,0.8611375561264456,1.0,1.0,-0.06625422345438892,2,5.951340639686606,1.0,16,13,empeora
30712,cuna colecho,1.0,1.0,1.0,1.0,0.0,2,7.774500559534177,1.0,16,15,empata
30718,cunas muebles,0.9363792118010483,0.6468562235661909,0.7967610662472993,0.7967610662472993,0.13961814555374907,2,7.163168090865132,0.5,16,11,mejora
31106,cuter fatmax,0.8603818544462509,0.8165901947515999,0.7720617383222419,0.8165901947515999,0.04379165969465104,2,9.759646516310237,1.0,16,10,mejora
31171,cybex solution m fix,0.7728378251807521,0.3667803203729972,0.505360344437199,0.505360344437199,0.26747748074355304,4,6.767333350460308,1.0,16,10,mejora
31210,cámara bridge wifi,0.5277610693352978,0.6177638397019701,0.44830398990253034,0.6177638397019701,-0.09000277036667237,3,5.5282778358461,1.0,38,7,empeora
31220,cámara mirrorless sony,0.759737292382243,0.08671382849411974,0.45553527956957873,0.45553527956957873,0.30420201281266424,3,5.437555080991395,1.0,40,7,mejora
31221,cámara otg,0.845519325279726,0.6479443292923117,0.8287181397291629,0.8287181397291629,0.01680118555056309,2,5.491475511182738,1.0,16,9,mejora
31224,cámaras bridge baratas,0.72878684203556,0.5043776700708298,0.44728873736978103,0.5043776700708298,0.2244091719647302,3,7.4994258162910805,0.3333333333333333,16,5,mejora
31397,daiwa crosscast,0.7538142945344394,0.7818048722226502,0.8553475075669357,0.8553475075669357,-0.1015332130324963,2,9.962379070364321,1.0,39,12,empeora
31398,daiwa j braid x4,0.8643145546088339,0.8415908474314977,0.826813366651774,0.8415908474314977,0.022723707177336183,4,8.671182576883442,1.0,16,13,mejora
31401,dakar imanes nevera,1.0,1.0,0.8630152897016883,1.0,0.0,3,8.076607911422132,0.6666666666666666,16,12,empata
31407,dalf c1 c2,1.0,0.6216966993238303,0.694765116060299,0.694765116060299,0.305234883939701,3,9.06306278788317,1.0,34,17,mejora
31540,dardos dina acero,0.26761938846816513,0.8063273823662358,0.7447855140948257,0.8063273823662358,-0.5387079938980707,3,7.213185522940189,0.6666666666666666,16,5,empeora
31671,data a ide,0.6182885020492784,0.7328286204777911,1.0,1.0,-0.38171149795072157,3,6.939436461877769,1.0,16,3,empeora
31685,daura sin gluten,1.0,0.7957503936198024,0.5725185965839159,0.7957503936198024,0.20424960638019762,3,5.983713394956678,1.0,25,7,mejora
31731,davinci resolve,0.6533933590057491,0.8061503743503469,0.6844642384164166,0.8061503743503469,-0.15275701534459774,2,9.759646516310237,1.0,15,4,empeora
31738,davosa,1.0,1.0,1.0,1.0,0.0,1,10.308952660644293,1.0,40,29,empata
31795,db killer 63 mm,1.0,1.0,1.0,1.0,0.0,4,6.889442663547239,0.5,11,1,empata
31867,de aceite peugeot,1.0,0.3903800499921017,0.24630238874073,0.3903800499921017,0.6096199500078983,3,4.634075622459837,1.0,16,4,mejora
31896,deadpool ps4,0.5413996682199069,0.24630238874073,0.44149241373678083,0.44149241373678083,0.0999072544831261,2,6.967898361919389,1.0,39,4,mejora
31909,dean guitars,0.75369761125927,0.44149241373678083,0.49344424459786884,0.49344424459786884,0.2602533666614012,2,8.608353969813216,1.0,40,4,mejora
32006,decoracion adhesiva,1.0,1.0,1.0,1.0,0.0,2,6.313833567784111,0.5,16,16,empata
32007,decoracion botes cristal mermelada,0.43889712265598707,0.38356636737133565,0.2765732350040718,0.38356636737133565,0.05533075528465142,4,6.448476486244924,0.5,16,5,mejora
32019,decoracion primer cumpleaños niña,0.8006937664098821,0.7788065869851875,0.7788065869851875,0.7788065869851875,0.021887179424694647,4,5.532130805148975,1.0,40,23,mejora
32079,deebot ozmo 900,1.0,0.3333333333333333,0.3562071871080222,0.3562071871080222,0.6437928128919779,3,8.274021583172631,1.0,16,1,mejora
32204,delantal cocina niño,1.0,1.0,1.0,1.0,0.0,3,5.365749272815161,0.6666666666666666,16,16,empata
32208,delantales vaqueros de camarero,0.8454256604216018,0.07839826897867534,0.7542686714597937,0.7542686714597937,0.09115698896180813,4,5.732464690130426,0.75,40,18,mejora
32217,delicate sound of thunder,1.0,0.24025211353571743,1.0,1.0,0.0,4,7.487885977402315,1.0,16,8,empata
32220,delineadores en neon,1.0,1.0,1.0,1.0,0.0,3,6.436632292855745,0.3333333333333333,16,16,empata
32282,delsey maleta cabina,0.8412976538766465,0.7067983934236958,0.7575727398774531,0.7575727398774531,0.08372491399919335,3,7.659020255257008,1.0,16,9,mejora
32308,demasiado inteligente para ser feliz,0.5135312443624667,0.5135312443624667,0.3903800499921017,0.5135312443624667,0.0,5,5.737424422269062,1.0,38,4,empata
32436,depiladora luz pulsada,1.0,1.0,1.0,1.0,0.0,3,6.104261149547523,1.0,16,16,empata
32440,deportivas,1.0,0.92663607790064,1.0,1.0,0.0,1,5.7763531674910364,1.0,16,15,empata
32442,deportivas con plataformas de color rojo,0.7598336331031966,0.39866240631493294,0.8332128630752801,0.8332128630752801,-0.07337922997208346,6,3.8281898659728566,0.3333333333333333,13,4,empeora
32452,deportivas sin cordones niño,0.8702958572419258,0.6845988903314878,0.5271615417507156,0.6845988903314878,0.18569696691043802,4,4.847262468412193,1.0,40,7,mejora
32453,deportivo casual mujer,1.0,0.8611375561264456,0.88995411685096,0.88995411685096,0.11004588314903996,3,4.360023488404693,0.6666666666666666,39,36,mejora
32456,deportivos hombre sin cordones,0.7600791051976192,0.8205228949141828,0.7967610662472993,0.8205228949141828,-0.06044378971656361,4,4.290121132378809,1.0,40,19,empeora
32457,deportivos mujer sin cordones,0.7827392871477703,0.8263333286520084,0.7564477297898766,0.8263333286520084,-0.04359404150423807,4,4.229853855614768,1.0,40,23,empeora
32458,deposito de lavacabezas,0.77990823370192,0.9305687780632229,0.77990823370192,0.9305687780632229,-0.15066054436130294,3,6.193755633978019,0.6666666666666666,16,13,empeora
32459,deposito de plastico,0.8603818544462509,0.8415908474314977,0.8357804136936722,0.8415908474314977,0.018791007014753225,3,5.1710713222668145,1.0,16,11,mejora
32465,depósito gasolina de 100litros,0.43734888382569426,0.14126697285982898,0.0,0.14126697285982898,0.2960819109658653,4,5.924315677922035,0.25,39,3,mejora
32491,desague con rebosadero blanco,0.8367843608168842,0.6266464104949483,0.8320020419495405,0.8320020419495405,0.0047823188673437045,4,5.544667713566844,0.75,16,6,mejora
32494,desamortizar,0.8415908474314977,0.6325414799409712,0.6410457898283654,0.6410457898283654,0.20054505760313235,1,10.308952660644293,0.0,31,20,mejora
32495,desapegarse sin anestesia,1.0,1.0,1.0,1.0,0.0,3,7.6956462073067655,1.0,32,2,empata
32497,desarrolle su cerebro,0.5889556853481908,0.5107574098602351,0.419665006636777,0.5107574098602351,0.07819827548795566,3,8.053555422424175,1.0,38,6,mejora
32502,descargador cisterna wc,1.0,1.0,1.0,1.0,0.0,3,8.68135201978217,0.6666666666666666,16,16,empata
32503,descargador de baterias,1.0,1.0,1.0,1.0,0.0,3,6.254529486242671,1.0,16,16,empata
32522,desert eagle airsoft full metal,0.6548086577531307,0.6164336326286644,0.7227265726449519,0.7227265726449519,-0.0679179148918212,5,6.607317044075616,1.0,40,5,empeora
32527,deshidratador,0.9963488021549354,0.7434060993872782,0.9860433320650158,0.9860433320650158,0.010305470089919555,1,8.36304251158898,1.0,16,8,mejora
32533,deshumificadores de humedad,1.0,1.0,1.0,1.0,0.0,3,5.753170353983912,0.6666666666666666,16,16,empata
32695,desrizante pelo,1.0,1.0,1.0,1.0,0.0,2,7.556286892678111,0.5,16,16,empata
32710,destornillador electrico,1.0,1.0,1.0,1.0,0.0,2,6.723892888919478,1.0,16,15,empata
32711,destornilladores,0.7748248586952258,0.7479452570977633,0.8814949540977741,0.8814949540977741,-0.10667009540254835,1,7.669895331029034,1.0,16,7,empeora
32723,detalle boda para invitados,1.0,1.0,1.0,1.0,0.0,4,5.471399563949854,1.0,16,16,empata
32725,detalles 50 aniversario bodas de oro,1.0,1.0,1.0,1.0,0.0,6,4.739876829611208,0.8333333333333334,16,16,empata
32737,detector de monoxido de carbono,0.9363792118010483,0.9052116356304495,0.92663607790064,0.92663607790064,0.009743133900408374,5,4.7571056416180415,0.8,16,15,mejora
32739,detector gases autocaravana,0.92663607790064,1.0,0.9052116356304495,1.0,-0.07336392209936005,3,8.152535888379035,0.6666666666666666,16,13,empeora
32747,detergente lavadora elena,1.0,0.7097661763395708,0.9202054614375518,0.9202054614375518,0.07979453856244823,3,7.9467066824741,1.0,16,8,mejora
32779,devil may cry 5 ps4,1.0,0.6973975865011866,0.9441592263400607,0.9441592263400607,0.055840773659939336,5,7.4113545331086055,0.8,15,6,mejora
32790,devocionales cristianos para niños,0.9337457765456111,0.5637884576902257,0.6758704024811183,0.6758704024811183,0.2578753740644928,4,6.163347363064453,1.0,39,15,mejora
32858,dewalt sin escobillas,1.0,1.0,1.0,1.0,0.0,3,6.003921602228822,1.0,40,27,empata
32868,dewars 18,0.7664011030149638,0.3897233752935702,0.8147566970208154,0.8147566970208154,-0.048355594005851654,2,7.418580902748127,0.5,25,7,empeora
32935,diafraz angel mujer,0.8389574121760603,0.7510916729774055,0.9148568823583791,0.9148568823583791,-0.0758994701823188,3,6.903047933907619,0.6666666666666666,16,13,empeora
33063,diari de greg 1,0.6978817289434457,0.7844801364718914,0.8451850618939637,0.8451850618939637,-0.147303332950518,4,5.583893540342613,1.0,16,3,empeora
33066,diario de un genio salvador dali,1.0,0.9828920819566879,0.9047172294870751,0.9828920819566879,0.01710791804331213,6,6.1983469362732215,1.0,11,4,mejora
33081,diccionari català-castellà,1.0,1.0,1.0,1.0,0.0,3,10.077903600457645,1.0,38,31,empata
33141,die walkure,1.0,1.0,1.0,1.0,0.0,2,9.110005024245108,1.0,37,34,empata
33145,diego dreyfus,0.6891352018239085,0.4255512711014133,0.7045057227504283,0.7045057227504283,-0.015370520926519804,2,10.308952660644293,0.0,11,4,empeora
33149,diesel fuel for life,1.0,1.0,1.0,1.0,0.0,4,6.870916490058679,1.0,16,13,empata
33168,dietorelle caramelos sin azucar,0.4725458388387121,0.7402849195166223,0.24738635904833423,0.7402849195166223,-0.26773908067791025,4,6.916447874897754,0.75,40,6,empeora
33193,difusor aceites esenciales usb,0.7631925784528223,0.6816808362189439,0.9148568823583791,0.9148568823583791,-0.15166430390555685,4,5.571616246353593,1.0,16,10,empeora
33195,difusor de aroma,1.0,1.0,1.0,1.0,0.0,3,4.345363152484832,1.0,16,16,empata
33273,dii mavic pro 2,0.9674679834891693,0.1480409554829326,0.8179809735263114,0.8179809735263114,0.1494870099628579,4,5.820841372941978,0.75,16,3,mejora
33278,dildo,0.8581578576524914,0.9963488021549354,0.840735496715799,0.9963488021549354,-0.13819094450244396,1,10.308952660644293,1.0,15,8,empeora
33293,diluyente esmalte uñas semipermanente,0.6216966993238303,0.6547216238913565,0.5455206287241074,0.6547216238913565,-0.03302492456752615,4,7.112630320706986,1.0,39,14,empeora
33297,dim xl,1.0,1.0,1.0,1.0,0.0,2,6.4257442116344645,1.0,16,16,empata
33409,dinosaurio,1.0,1.0,0.77990823370192,1.0,0.0,1,6.524763026726031,1.0,16,14,empata
33412,dinosaurios playmobil,0.7909506325094736,0.6563033086078547,0.9216017310213247,0.9216017310213247,-0.13065109851185108,2,6.805605047225772,1.0,16,11,empeora
33421,dionisio ridruejo,0.9337457765456111,1.0,0.9216017310213247,1.0,-0.06625422345438892,2,10.308952660644293,1.0,15,14,empeora
33436,diorama dragon ball,0.45374257454118555,0.45374257454118555,0.6117952373568122,0.6117952373568122,-0.15805266281562663,3,7.371933952996592,1.0,37,11,empeora
33437,dioramas maquetas guerra,0.4322788421471917,0.400023248309252,0.3785009188665827,0.400023248309252,0.03225559383793969,3,8.809016103867538,1.0,39,19,mejora
33445,dip station,1.0,0.9363792118010483,1.0,1.0,0.0,2,7.7469706709426625,1.0,16,15,empata
33469,dirio,1.0,1.0,1.0,1.0,0.0,1,10.308952660644293,0.0,16,16,empata
33510,disciplina sin lagrimas,0.7653606369886217,0.7653606369886217,0.7653606369886217,0.7653606369886217,0.0,3,7.4645971471201165,0.6666666666666666,37,3,empata
33521,disco duro externo 1 tb,1.0,0.9216017310213247,0.7312625444731049,0.9216017310213247,0.0783982689786753,5,4.934070037791555,1.0,16,10,mejora
33541,disco ssd 240gb,1.0,0.8572048559638626,0.9305687780632229,0.9305687780632229,0.06943122193677709,3,5.346573324344242,1.0,16,13,mejora
33542,disco ssd 480,1.0,0.8701249883466594,1.0,1.0,0.0,3,5.550941481973045,1.0,16,12,empata
33547,discos desmaquillantes de algodon biodegradable,1.0,1.0,1.0,1.0,0.0,5,6.061257216406382,0.8,16,14,empata
33548,discos desmaquillantes demak up,0.9363792118010483,1.0,0.9337457765456111,1.0,-0.06362078819895167,4,7.610491435048347,1.0,16,14,empeora
33549,discos desmaquillantes reutilizables,1.0,1.0,1.0,1.0,0.0,3,7.134389263585445,1.0,16,16,empata
33551,discos duro ssd,1.0,1.0,1.0,1.0,0.0,3,5.291227670001091,0.6666666666666666,16,15,empata
33571,disfraces disney niña,1.0,0.9216017310213247,1.0,1.0,0.0,3,5.742627829139363,1.0,16,15,empata
33578,disfraces niña muñeca,0.6196686079396531,0.5307212739772434,0.617319681505689,0.617319681505689,0.002348926433964005,3,5.5927861298386325,0.6666666666666666,16,3,mejora
33580,disfraces payaso halloween adultos economicos,1.0,0.5249810332008933,0.48247555939075504,0.5249810332008933,0.4750189667991067,5,6.752958048516608,0.4,16,2,mejora
33583,disfraces viernes 13 mujer,0.9493885684853097,0.4852658227346317,0.8318724637288826,0.8318724637288826,0.11751610475642715,4,5.669683019533187,0.75,16,4,mejora
33588,disfraz angel,1.0,1.0,1.0,1.0,0.0,2,6.249104534165667,1.0,16,16,empata
33597,disfraz castañero niño,0.9052116356304495,0.6569815082938865,0.7655934900767002,0.7655934900767002,0.1396181455537493,3,6.699703842624473,1.0,16,10,mejora
33601,disfraz cruella,1.0,1.0,1.0,1.0,0.0,2,7.222059608693325,1.0,16,15,empata
33610,disfraz de halloween mujer,1.0,1.0,1.0,1.0,0.0,4,3.2339832712222845,1.0,16,16,empata
33611,disfraz de halo,1.0,0.6934264036172708,0.9197207891481876,0.9197207891481876,0.08027921085181244,3,4.366875992864022,1.0,16,2,mejora
33612,disfraz de ingeniero niños,0.9277589908435726,0.7809509050749017,0.9228632535992205,0.9228632535992205,0.004895737244352105,4,4.50172581434102,1.0,16,5,mejora
33613,disfraz de it payaso,1.0,1.0,1.0,1.0,0.0,4,4.90072953736651,1.0,16,16,empata
33614,disfraz de jedi adulto,0.9216017310213247,0.8611375561264456,0.88995411685096,0.88995411685096,0.03164761417036466,4,4.521947729125795,1.0,16,14,mejora
33616,disfraz de príncipe niño talla 14,0.8529278650606567,0.6257049680303419,0.6462302129493456,0.6462302129493456,0.20669765211131108,6,4.563979061471369,0.8333333333333334,16,3,mejora
33633,disfraz halloween talla grande hombre,0.0,0.3333333333333333,0.38685280723454163,0.38685280723454163,-0.38685280723454163,5,4.257002908327223,0.2,16,1,empeora
33639,disfraz joker adulto,1.0,1.0,1.0,1.0,0.0,3,5.812950663535852,1.0,16,14,empata
33641,disfraz la casa de papel hombre,1.0,1.0,1.0,1.0,0.0,6,3.3638284488416197,1.0,16,15,empata
33642,disfraz la casa de papel niña,0.9305687780632229,0.77990823370192,0.9305687780632229,0.9305687780632229,0.0,6,3.6947833838520414,0.8333333333333334,16,15,empata
33643,disfraz leidi bag,0.7859162856301584,0.8553475075669357,0.7721596254947204,0.8553475075669357,-0.06943122193677731,3,7.1916726825609985,0.3333333333333333,16,11,empeora
33644,disfraz lentejuelas niña,1.0,1.0,1.0,1.0,0.0,3,5.625161700082207,1.0,16,15,empata
33645,disfraz lobo niña,1.0,1.0,1.0,1.0,0.0,3,6.004973127811662,1.0,16,14,empata
33654,disfraz niña 4 años,1.0,1.0,1.0,1.0,0.0,4,4.059776808191389,1.0,16,16,empata
33656,disfraz niño halloween 10 años,1.0,0.92663607790064,1.0,1.0,0.0,5,4.3107078659793086,1.0,16,14,empata
33662,disfraz payaso asesino,0.9305687780632229,0.8454256604216018,0.9052116356304495,0.9052116356304495,0.025357142432773427,3,7.056517646524944,1.0,16,14,mejora
33665,disfraz plus size,0.7877736340270853,0.7065443116025598,0.6429235234036081,0.7065443116025598,0.08122932242452552,3,4.936011531946006,1.0,16,10,mejora
33672,disfraz súper heroína mujer,1.0,1.0,1.0,1.0,0.0,4,6.012345120898831,1.0,16,16,empata
33674,disfraz zapatos niña,0.88995411685096,0.823699893396571,0.77990823370192,0.823699893396571,0.06625422345438903,3,4.925413643756868,1.0,16,12,mejora
33727,dishykooker huevo,0.8643145546088339,0.9148568823583791,0.8603818544462509,0.9148568823583791,-0.05054232774954526,2,8.954927560093187,1.0,16,10,empeora
33859,disparador remoto nikon,0.3010299956639812,0.0,0.0,0.0,0.3010299956639812,3,6.335090839319321,0.3333333333333333,16,1,mejora
33861,dispensador agua cristal con grifo,1.0,1.0,0.9363792118010483,1.0,0.0,5,4.489054666412803,1.0,16,15,empata
33865,dispensador de hielo y agua,0.3421013776262554,0.47890155528769296,0.6687607038361473,0.6687607038361473,-0.32665932620989185,5,3.779802904259415,1.0,40,12,empeora
33866,dispensador de jabon baño,1.0,1.0,1.0,1.0,0.0,4,4.9179777552382475,1.0,15,15,empata
33939,dispositivo alexa televisor,0.5587148206871072,0.5708588662113935,0.8669479898642711,0.8669479898642711,-0.3082331691771639,3,5.643325439570215,1.0,40,19,empeora
33951,divan tantra,0.7903864795495061,0.0,0.6131471927654584,0.6131471927654584,0.17723928678404777,2,9.759646516310237,0.0,16,2,mejora
33966,divina mousepad,0.2561736782935595,0.22018418776246548,0.4492477985243745,0.4492477985243745,-0.193074120230815,2,9.066499335750294,0.5,40,7,empeora
34015,dj denon,0.715550648768261,0.8572048559638626,0.6468562235661909,0.8572048559638626,-0.14165420719560162,2,8.440117851502608,1.0,39,11,empeora
34037,dji air 2s fly more combo,0.9228632535992205,0.384266559722312,0.6992148198508501,0.6992148198508501,0.2236484337483704,6,7.229627681607707,1.0,25,5,mejora
34071,dji tello mini dron,0.3391602052736161,0.252016380211836,0.4599715079731103,0.4599715079731103,-0.1208113026994942,4,6.773065111367693,1.0,40,5,empeora
34074,dji+mavic mini,1.0,0.0,1.0,1.0,0.0,3,5.866352429159586,1.0,16,1,empata
34155,dobble beach,1.0,1.0,0.9197207891481876,1.0,0.0,2,8.143585990501126,1.0,16,2,empata
34161,doble pantalla,0.56264752084969,0.7100226348397881,0.92663607790064,0.92663607790064,-0.3639885570509499,2,3.759845602058629,1.0,16,12,empeora
34179,doce hombres sin piedad libro,0.6364391809889587,0.4367467095119258,0.6364391809889587,0.6364391809889587,0.0,5,6.301110849995108,0.0,17,3,empata
34181,dock thunderbolt 2,0.0,0.0,0.0,0.0,0.0,3,6.112794722631031,0.0,39,1,empata
34198,doctor brown biberon,1.0,0.6870165078530993,0.8048109992093391,0.8048109992093391,0.19518900079066093,3,7.934126573146485,0.6666666666666666,40,13,mejora
34218,documental,1.0,0.92663607790064,1.0,1.0,0.0,1,9.615805480084347,1.0,15,14,empata
34251,dodot talla 3,1.0,1.0,0.9363792118010483,1.0,0.0,3,4.790257058921636,1.0,16,12,empata
34671,dolce gusto sin lactosa,0.4028825752720615,0.26687965254220064,0.14606834984270645,0.26687965254220064,0.13600292272986086,4,5.84143175680049,0.75,40,5,mejora
34723,dolça,0.7725665714262703,0.4935232796777482,0.7359168896506131,0.7359168896506131,0.036649681775657195,1,10.308952660644293,1.0,24,6,mejora
34731,dominadas pared,1.0,1.0,1.0,1.0,0.0,2,5.639937794085757,1.0,16,15,empata
34767,donde el corazón te lleve,0.9216017310213247,1.0,0.9305687780632229,1.0,-0.0783982689786753,5,7.016445449198551,1.0,35,13,empeora
34902,doraemon cumpleaños decoracion,0.8701249883466594,0.668306326910793,0.46900009332067494,0.668306326910793,0.20181866143586646,3,6.961666920043992,1.0,39,11,mejora
34930,dormir mejor,0.7859162856301584,0.7007731679885375,0.857980942822373,0.857980942822373,-0.07206465719221467,2,5.869564624790517,1.0,16,12,empeora
34932,dormitorio matrimonio baratos,0.6772733739526912,0.514186364257749,0.4671034547999447,0.514186364257749,0.16308700969494216,3,6.584836388389651,0.6666666666666666,40,14,mejora
35103,doxiciclina,0.3065735963827292,0.0,0.3065735963827292,0.3065735963827292,0.0,1,10.308952660644293,0.0,37,2,empata
35108,doña perfecta,1.0,0.9888009031441519,0.9950883841893561,0.9950883841893561,0.004911615810643921,2,8.699514748210191,1.0,13,7,mejora
35202,dr tree champu solido fortaleza,0.46927872602275644,0.7039180890341347,0.46927872602275644,0.7039180890341347,-0.23463936301137822,5,8.116697091307495,0.6,29,3,empeora
35220,dr400,0.6366824387328317,0.24630238874073,0.44149241373678083,0.44149241373678083,0.19519002499605087,1,10.308952660644293,1.0,30,4,mejora
35432,dress para hombre,1.0,1.0,1.0,1.0,0.0,3,3.6885972277487014,1.0,16,16,empata
35612,drone para gopro 4,0.0,0.31546487678572877,0.0,0.31546487678572877,-0.31546487678572877,4,4.2754920685074955,0.5,16,1,empeora
35625,drones para pescar en el mar,0.8263333286520084,0.3718539573761156,0.416566946442348,0.416566946442348,0.4097663822096604,6,4.835578624011525,1.0,39,20,mejora
35778,dsl-ac68u,0.7903864795495061,0.6131471927654584,0.6131471927654584,0.6131471927654584,0.17723928678404777,2,8.922658299524402,1.0,25,2,mejora
35846,ducha electrica portatil,0.9363792118010483,0.4647456832249362,1.0,1.0,-0.06362078819895167,3,5.671898494796328,0.6666666666666666,40,29,empeora
35850,duchas empotradas techo,1.0,0.713654010247531,1.0,1.0,0.0,3,7.983503303828377,0.6666666666666666,40,28,empata
35906,duffy bebe para dormir,0.7016190663078014,0.4853784348193614,0.5721065642519196,0.5721065642519196,0.12951250205588172,4,5.632045799122878,1.0,27,9,mejora
35916,dulces,0.0,0.3562071871080222,0.0,0.3562071871080222,-0.3562071871080222,1,6.782592136028131,0.0,16,1,empeora
35918,dulces sin gluten,0.6531466953037822,0.5333576782543338,0.7948833326720566,0.7948833326720566,-0.14173663736827435,3,4.808259886751291,1.0,40,26,empeora
36021,durex preservativos sensitivo suave,0.9052116356304495,0.8572048559638626,1.0,1.0,-0.09478836436955052,4,6.757079364516029,1.0,40,26,empeora
36023,durexina,1.0,1.0,1.0,1.0,0.0,1,10.308952660644293,1.0,16,16,empata
36086,dvd,1.0,1.0,1.0,1.0,0.0,1,5.403677882205863,1.0,16,16,empata
36095,dvd infantiles español,1.0,0.6410457898283654,0.7759944384848245,0.7759944384848245,0.22400556151517548,3,5.18840559698711,0.3333333333333333,14,12,mejora
36199,dyso,1.0,0.7026305163854646,1.0,1.0,0.0,1,10.308952660644293,0.0,16,12,empata
36210,dyson aspiradoras sin cable,1.0,0.7525434150364478,0.7974049492783575,0.7974049492783575,0.20259505072164252,4,5.519040573135154,0.75,16,5,mejora
36235,dyson repuesto,0.8357804136936722,0.7682269253321375,0.6149518506608848,0.7682269253321375,0.06755348836153463,2,6.777428578950206,1.0,16,12,mejora
36250,días sin escuela,1.0,1.0,1.0,1.0,0.0,3,5.022661312921525,1.0,36,1,empata
36285,e18-d80nk,1.0,1.0,1.0,1.0,0.0,2,9.15766011414727,1.0,16,16,empata
36534,eau de courreges original,1.0,0.6500332220485792,0.9148568823583791,0.9148568823583791,0.08514311764162086,4,5.425892679294378,0.75,23,10,mejora
36551,ebl cargador pilas,1.0,0.92663607790064,1.0,1.0,0.0,3,6.4741730926333245,1.0,40,20,empata
36601,echo flex,1.0,1.0,1.0,1.0,0.0,2,6.686838902842617,1.0,16,5,empata
36612,echo show 5,1.0,0.17723928678404774,1.0,1.0,0.0,3,5.343633035309388,1.0,16,2,empata
36643,eco tapas silicona reutilizables,0.9216017310213247,0.9216017310213247,0.9216017310213247,0.9216017310213247,0.0,4,5.729630887457324,1.0,16,15,empata
36646,ecoden almohada,0.0,0.3379680345449381,0.0,0.3379680345449381,-0.3379680345449381,2,7.867551699351107,0.5,39,3,empeora
36651,ecoline,1.0,1.0,1.0,1.0,0.0,1,10.308952660644293,1.0,16,16,empata
36716,edicards,1.0,1.0,1.0,1.0,0.0,1,10.308952660644293,1.0,15,15,empata
36735,edredon,1.0,1.0,1.0,1.0,0.0,1,8.517193191416238,1.0,16,16,empata
36736,edredon 105,1.0,1.0,1.0,1.0,0.0,2,7.409406333414029,0.5,16,15,empata
36737,edredon 150,1.0,1.0,1.0,1.0,0.0,2,6.619448596830141,1.0,16,15,empata
36743,edredones cama 90,1.0,1.0,1.0,1.0,0.0,3,6.28211618645935,0.6666666666666666,16,16,empata
36745,edredones nordicos,1.0,1.0,1.0,1.0,0.0,2,9.962379070364321,0.0,16,16,empata
36776,edx,1.0,1.0,1.0,1.0,0.0,1,10.308952660644293,1.0,31,15,empata
36782,eero pro wifi 6,0.7095272044910244,0.4202024810692814,0.7087212693585175,0.7087212693585175,0.0008059351325068187,4,5.147791798109422,1.0,40,4,mejora
36793,egatin,0.870608685426993,0.8158069199778482,0.8090791338210653,0.8158069199778482,0.054801765449144835,1,10.308952660644293,0.0,23,6,mejora
36834,egr mercedes w203,0.8151303853059922,0.8393423304510702,0.7780573279296032,0.8393423304510702,-0.024211945145077962,3,8.68135201978217,1.0,11,5,empeora
36884,el arte de la guerra sun tzu original,0.6812060741152738,0.7951657524814092,0.6563033086078547,0.7951657524814092,-0.11395967836613541,8,5.161048282066248,1.0,40,26,empeora
36888,el cerebro humano,1.0,1.0,0.6871475159848289,1.0,0.0,3,6.034803738216223,1.0,16,3,empata
36890,el desorden que dejas tapa dura,1.0,1.0,1.0,1.0,0.0,6,6.417549941813479,0.6666666666666666,37,1,empata
36892,el dia q se perdio la cordura,0.8798661115702683,0.8030980752812937,0.7524454907741532,0.8030980752812937,0.07676803628897455,7,6.359424145003215,0.5714285714285714,32,8,mejora
36900,el gran laboratorio de quimica,1.0,1.0,1.0,1.0,0.0,5,5.306561402210366,0.8,16,2,empata
36903,el hombre que tenia tres pelos,0.8710785440003369,0.7988614740430418,0.617319681505689,0.7988614740430418,0.07221706995729515,6,5.863740556573641,0.8333333333333334,40,3,mejora
36906,el ikabog,0.8687949224876582,0.16958010263680806,0.7972541056822071,0.7972541056822071,0.0715408168054511,2,6.662443820757901,0.5,38,5,mejora
36907,el imperio final,1.0,1.0,0.6309297535714575,1.0,0.0,3,6.346240150675168,1.0,16,1,empata
36908,el infierno del odio,0.6366824387328317,0.6366824387328317,0.5294362295028773,0.6366824387328317,0.0,4,6.507684018656345,1.0,33,4,empata
36910,el instituto - stephen king,0.6309297535714575,1.0,0.6309297535714575,1.0,-0.36907024642854247,4,6.894941214815981,0.5,15,1,empeora
36916,el libro blanco de ramtha,0.9674679834891693,0.8854598815714874,0.9325210919548239,0.9325210919548239,0.03494689153434538,5,4.326645275196587,1.0,20,3,mejora
36917,el libro blanco del autoconocimiento,0.9325210919548239,0.7653606369886217,0.7653606369886217,0.7653606369886217,0.16716045496620224,5,4.71637078360295,1.0,40,3,mejora
36921,el lloc magic,0.8175295903539445,0.8065735963827293,0.8772153153380493,0.8772153153380493,-0.05968572498410485,3,6.518767619418125,0.6666666666666666,10,2,empeora
36926,el misterio de la habitacio amarilla,1.0,0.0,0.9197207891481876,0.9197207891481876,0.08027921085181244,6,5.319779511408125,0.3333333333333333,16,2,mejora
36928,el mundo en guerra,1.0,1.0,1.0,1.0,0.0,4,4.815276678599451,1.0,16,13,empata
36933,el perverso narcisista,0.9217868789962071,0.7653606369886217,0.7039180890341347,0.7653606369886217,0.15642624200758548,3,7.280693610977347,1.0,23,3,mejora
36935,el pez en el agua,0.5846156829012062,0.5107574098602351,0.3900741276002217,0.5107574098602351,0.07385827304097115,5,4.092117922690178,1.0,36,6,mejora
36942,el rey leon,0.9017290978091301,0.971614045963685,0.9752652438087496,0.9752652438087496,-0.07353614599961944,3,6.438784062874595,1.0,15,8,empeora
36943,el rey leon cromos,0.715663226334951,0.9558295932317544,0.5883300173403988,0.9558295932317544,-0.24016636689680337,4,7.406326212317019,0.75,16,4,empeora
36947,el sotano libro,0.6601396023754075,0.34519134224686937,0.48522855511632257,0.48522855511632257,0.1749110472590849,3,6.136031209482297,0.6666666666666666,37,5,mejora
37050,electric estufa,0.7322962005285631,0.7452496411730669,0.6346351294830074,0.7452496411730669,-0.012953440644503766,2,6.374825527883987,1.0,16,6,empeora
37190,electroacoustic guitar,0.949671989333555,0.9466454870600814,0.8120032421377505,0.9466454870600814,0.0030265022734735636,2,8.989423995836663,0.5,16,8,mejora
37226,electronica lupa,1.0,1.0,1.0,1.0,0.0,2,8.261780379533242,1.0,16,16,empata
37290,elevadores de coches de 2 columnas,0.15642624200758548,0.16716045496620227,0.0,0.16716045496620227,-0.01073421295861679,6,4.639854199527652,0.5,40,3,empeora
37292,elevalunas universal coche,0.8701249883466594,0.7631925784528223,0.9363792118010483,0.9363792118010483,-0.06625422345438892,3,6.28377374001581,1.0,16,10,empeora
37331,elgato capturadora,0.8922108454754891,0.8829374068620366,0.8922108454754891,0.8922108454754891,0.0,2,9.269231889804374,1.0,40,6,empata
37339,elimina olores zapatos,1.0,1.0,1.0,1.0,0.0,3,6.326898870636376,1.0,40,32,empata
37344,eliptica proform,1.0,0.975788054854922,0.9896062251871525,0.9896062251871525,0.010393774812847534,2,10.308952660644293,1.0,16,5,mejora
37352,elite99 colores verano,0.4198523768135527,0.14279514403613736,0.4924605972327181,0.4924605972327181,-0.07260822041916543,3,5.5282581477449915,0.6666666666666666,39,18,empeora
37370,ellese camisetas hombre,1.0,0.9305687780632229,1.0,1.0,0.0,3,6.5334287306100025,0.6666666666666666,34,18,empata
37439,em1 mark ii,0.6131471927654584,0.38685280723454163,0.38685280723454163,0.38685280723454163,0.22629438553091674,3,7.565515727599286,0.6666666666666666,20,2,mejora
37445,embarazada,0.7948833326720566,0.7123736502858729,0.8486026589039901,0.8486026589039901,-0.05371932623193354,1,8.922658299524402,1.0,16,13,empeora
37446,embarazo,1.0,1.0,1.0,1.0,0.0,1,7.173458444715143,1.0,16,16,empata
37540,emisor bluetooth,1.0,1.0,1.0,1.0,0.0,2,5.971854190531341,1.0,15,15,empata
37555,emojis pops,0.8364586133797037,0.5599332595218056,0.8205228949141828,0.8205228949141828,0.015935718465520887,2,9.504233704427243,0.5,30,14,mejora
37592,en busca de la felicidad,0.9838048780283076,0.9838048780283076,0.7852835896039293,0.9838048780283076,0.0,5,4.572346017471584,1.0,16,6,empata
37604,enate gewürztraminer,0.8539316501572937,0.591176585485452,0.7760551678305495,0.7760551678305495,0.07787648232674416,2,10.308952660644293,1.0,34,5,mejora
37617,enchufe sensor de movimiento,0.9216017310213247,0.8415908474314977,0.9148568823583791,0.9148568823583791,0.006744848662945557,4,3.973979213810385,1.0,16,13,mejora
37618,enchufe temporizador,0.9363792118010483,0.9337457765456111,0.9363792118010483,0.9363792118010483,0.0,2,5.266048105979251,1.0,16,12,empata
37622,enchufes sin cable,1.0,0.9363792118010483,0.9337457765456111,0.9363792118010483,0.06362078819895167,3,4.180567483970074,1.0,40,26,mejora
37694,enfermania gorros,0.857980942822373,0.9305687780632229,0.5040610795300535,0.9305687780632229,-0.07258783524084989,2,9.15766011414727,0.5,23,13,empeora
37708,enganches para pared sin agujero,1.0,1.0,1.0,1.0,0.0,5,4.7349547215979735,0.8,40,33,empata
37766,enmarcar sin marco,1.0,0.8482378089219648,1.0,1.0,0.0,3,5.654815270801969,1.0,36,28,empata
37769,enorme 1,1.0,0.6309297535714575,0.6309297535714575,0.6309297535714575,0.36907024642854247,2,5.645335598920451,1.0,16,1,mejora
37810,envases para bocadillo,0.2960819109658652,0.0,0.6105456988825855,0.6105456988825855,-0.31446378791672025,3,5.875616879095234,0.0,16,3,empeora
37835,eos r,1.0,1.0,1.0,1.0,0.0,2,6.026342080430883,1.0,16,2,empata
37848,epilady mujer laser,0.3503127229879589,0.3159817773843635,0.442219594238013,0.442219594238013,-0.09190687125005409,3,6.588227397627335,0.6666666666666666,40,11,empeora
37866,epsom salt,1.0,1.0,1.0,1.0,0.0,2,9.066499335750294,1.0,16,16,empata
37883,epson home cinema,0.8415908474314977,0.5637884576902257,0.9148568823583791,0.9148568823583791,-0.07326603492688144,3,6.688236700385361,1.0,38,14,empeora
37886,epson proyector full hd,0.8922108454754891,0.8922108454754891,0.8696762340896294,0.8922108454754891,0.0,4,5.374378871632159,1.0,40,6,empata
37916,equipacion replica real madrid niño,0.8611375561264456,0.92663607790064,0.8611375561264456,0.92663607790064,-0.06549852177419435,5,7.352386870854682,0.8,16,15,empeora
37917,equipación de futbol,0.31546487678572877,1.0,0.31546487678572877,1.0,-0.6845351232142712,3,5.962706573791372,0.3333333333333333,14,1,empeora
37921,equipo de spinning,0.8772153153380493,0.7903864795495061,1.0,1.0,-0.1227846846619507,3,4.449162685507864,1.0,16,2,empeora
38023,escareadores,1.0,1.0,1.0,1.0,0.0,1,10.308952660644293,0.0,16,16,empata
38031,escobillas renault megane,0.77990823370192,0.88995411685096,0.88995411685096,0.88995411685096,-0.11004588314904007,3,8.05509507104294,0.3333333333333333,16,15,empeora
38035,escribir sin faltas,0.8550956239938449,0.8475028682434304,0.8550956239938449,0.8550956239938449,0.0,3,6.665298722853993,1.0,36,9,empata
38038,escritorio,1.0,0.9337457765456111,1.0,1.0,0.0,1,4.976233867378923,1.0,22,20,empata
38039,escritorio 140 x 70,0.8687949224876582,0.3391602052736161,0.7227265726449519,0.7227265726449519,0.14606834984270634,4,4.7010142378478275,1.0,40,5,mejora
38047,escuela peppa pig,0.8838242945899706,0.6542448095688422,0.7598336331031966,0.7598336331031966,0.12399066148677396,3,7.049644550790698,1.0,16,4,mejora
38052,escurridor pasta,1.0,1.0,1.0,1.0,0.0,2,7.102223182060614,1.0,16,16,empata
38057,esenciales para,1.0,1.0,1.0,1.0,0.0,2,3.770520763977811,1.0,13,13,empata
38101,espejo con luz portatil,1.0,1.0,1.0,1.0,0.0,4,3.9437321561341183,0.75,16,16,empata
38106,espejo maquillaje,1.0,1.0,1.0,1.0,0.0,2,5.130081248237429,1.0,16,16,empata
38110,espejo pared cuerpo entero sin marco,1.0,1.0,0.8553475075669357,1.0,0.0,6,4.859751513709133,1.0,38,15,empata
38112,espejo puerta,1.0,1.0,1.0,1.0,0.0,2,4.988746482923311,1.0,16,15,empata
38115,espejos alargados,0.9052116356304495,0.4362115423097745,0.4368897419958062,0.4368897419958062,0.46832189363464327,2,8.71992574547032,0.0,16,10,mejora
38119,espejos de pared alargados,0.9305687780632229,0.6410457898283654,0.8486026589039901,0.8486026589039901,0.0819661191592328,4,5.450870407016943,0.5,16,12,mejora
38127,espinilleras nike,0.88995411685096,1.0,0.9216017310213247,1.0,-0.11004588314903996,2,7.209713302398139,1.0,16,13,empeora
38130,esponja maquillaje,1.0,0.9216017310213247,0.9216017310213247,0.9216017310213247,0.0783982689786753,2,6.0259609828514575,1.0,16,15,mejora
38152,espuma pelo rizado sin sulfatos ni siliconas,0.92663607790064,0.6371523797895857,0.7682269253321375,0.7682269253321375,0.1584091525685024,7,5.6638786283767795,1.0,40,18,mejora
38157,esqueletos halloween,1.0,1.0,1.0,1.0,0.0,2,7.272430393594091,1.0,16,16,empata
38159,esquina mueble,1.0,1.0,1.0,1.0,0.0,2,6.212944203375854,0.5,16,16,empata
38168,essence paleta sombras,1.0,1.0,0.9434732991210639,1.0,0.0,3,7.6891482757464304,1.0,16,5,empata
38228,estante juegos switch,0.7631925784528223,1.0,1.0,1.0,-0.2368074215471777,3,5.314295868971532,1.0,39,20,empeora
38229,estante radiador sin taladrar,0.4603236742770995,0.1865528363129254,0.34326108113913595,0.34326108113913595,0.11706259313796358,4,5.3313523228351904,0.5,39,6,mejora
38245,estantería lavadero,0.7759944384848245,0.8603818544462509,0.8486026589039901,0.8603818544462509,-0.0843874159614264,2,7.581292102965442,1.0,16,12,empeora
38249,estantes sin taladro habitacion,1.0,0.9052116356304495,0.9363792118010483,0.9363792118010483,0.06362078819895167,4,5.215805897771009,1.0,40,30,mejora
38257,esterilla electrica sin enchufe,0.8357804136936722,0.5239294981581574,0.3405196929097572,0.5239294981581574,0.3118509155355148,4,5.286689786893492,0.75,40,21,mejora
38268,estimulador sexual,1.0,1.0,1.0,1.0,0.0,2,8.261780379533242,1.0,16,16,empata
38276,estor plegable basico,1.0,1.0,1.0,1.0,0.0,3,6.541501803701003,1.0,16,16,empata
38277,estor sin agujeros ventana corredera,1.0,0.8611375561264456,1.0,1.0,0.0,5,5.867808184954013,0.6,16,15,empata
38278,estores 160,1.0,1.0,1.0,1.0,0.0,2,7.030563482565271,1.0,16,14,empata
38281,estores de 2 metros,0.430624116386567,0.0,0.8772153153380493,0.8772153153380493,-0.4465911989514823,4,4.074446336830617,0.0,16,2,empeora
38284,estores para puertas sin taladrar,1.0,0.9216017310213247,1.0,1.0,0.0,5,4.727043516817071,1.0,40,34,empata
38285,estrella galicia sin gluten,0.7479452570977633,0.5857421563596759,0.6684881776649959,0.6684881776649959,0.07945707943276736,4,5.511371186773033,1.0,40,7,mejora
38286,estrella mercedes w211,0.5889556853481908,0.5112590391895956,0.7183750273402226,0.7183750273402226,-0.12941934199203187,3,7.743548447528823,1.0,38,6,empeora
38289,estrias senos,0.8454256604216018,0.5739723394665965,0.7162874455029682,0.7162874455029682,0.12913821491863364,2,9.962379070364321,1.0,36,21,mejora
38293,estuche 2 cremalleras,1.0,1.0,0.9305687780632229,1.0,0.0,3,5.009367292233679,1.0,16,15,empata
38295,estuche chica instituto,0.9937947856332163,0.8287181397291629,0.7442907170674258,0.8287181397291629,0.16507664590405347,3,6.730008872781172,0.6666666666666666,16,9,mejora
38301,estuche mpvil,1.0,1.0,0.8611375561264456,1.0,0.0,2,7.720877794357378,0.5,16,15,empata
38303,estuche portacuchillos,1.0,1.0,1.0,1.0,0.0,2,7.720877794357378,1.0,16,16,empata
38304,estuche tela,1.0,1.0,1.0,1.0,0.0,2,5.006204979880158,1.0,16,16,empata
38310,estuches harry potter,1.0,0.713654010247531,0.9305687780632229,0.9305687780632229,0.06943122193677709,3,6.432583587557747,1.0,40,32,mejora
38316,estufa de butano,0.9052116356304495,0.9305687780632229,0.77990823370192,0.9305687780632229,-0.025357142432773427,3,4.547535035820964,1.0,16,13,empeora
38317,estufa de gas,1.0,1.0,1.0,1.0,0.0,3,4.072363344396574,1.0,16,14,empata
38326,estufa nordica leña,1.0,1.0,1.0,1.0,0.0,3,7.125019277274814,1.0,40,35,empata
38332,estufas de leña,1.0,0.685119869332369,0.9216017310213247,0.9216017310213247,0.0783982689786753,3,5.26268629749718,0.6666666666666666,16,11,mejora
38336,estufas eléctrica,1.0,1.0,1.0,1.0,0.0,2,6.113137676423847,0.5,16,16,empata
38337,estufas exterior,1.0,0.9216017310213247,0.9052116356304495,0.9216017310213247,0.0783982689786753,2,6.086856511378419,0.5,16,15,mejora
38345,etapas de potencia para coche,0.8364586133797037,0.6410457898283654,0.6410457898283654,0.6410457898283654,0.19541282355133838,5,3.7193965939423137,0.8,16,14,mejora
38390,etiqueta azul jhonny walker,0.2837125544970319,0.3052348839397012,0.3187939258847264,0.3187939258847264,-0.03508137138769446,4,7.136507180186287,0.25,40,12,empeora
38391,etiquetas adhesivas personalizadas,1.0,1.0,1.0,1.0,0.0,3,7.219919758712695,1.0,16,15,empata
38392,etiquetas botes cristal,0.9148568823583791,0.77990823370192,0.77990823370192,0.77990823370192,0.13494864865645917,3,6.169618811618697,1.0,16,15,mejora
38409,eucalipto difusor,1.0,0.37960256558331523,0.551331062461933,0.551331062461933,0.448668937538067,2,6.987057794070456,0.5,16,10,mejora
38575,ewparts 3mm mini cuentas,0.8006937664098821,0.5736899196572437,0.706583601726363,0.706583601726363,0.09411016468351907,4,7.017690352180726,1.0,39,14,mejora
38683,explorer k2,0.7618870795651186,0.7618870795651186,0.8626199664389337,0.8626199664389337,-0.1007328868738151,2,8.237385297448526,1.0,40,6,empeora
38697,expositor pared,0.92663607790064,0.7975167679274939,0.8486026589039901,0.8486026589039901,0.07803341899664984,2,6.21627754905495,1.0,16,13,mejora
38746,extensiones,1.0,1.0,1.0,1.0,0.0,1,7.090076835776092,1.0,16,16,empata
38747,extensiones baratas niñas,0.9202054614375518,0.8223538668023913,0.8295381009038233,0.8295381009038233,0.09066736053372848,3,6.371584759790814,0.6666666666666666,16,8,mejora
38863,extractor de humos sin salida,0.7123736502858729,0.8521705090845474,0.9305687780632229,0.9305687780632229,-0.21819512777735006,5,4.839681391309153,1.0,40,33,empeora
38866,extractor teclas,1.0,0.6835381846158709,0.7164850636933813,0.7164850636933813,0.2835149363066187,2,6.410718039101264,1.0,16,12,mejora
38871,extreme ghostbusters,1.0,0.9363792118010483,0.857980942822373,0.9363792118010483,0.06362078819895167,2,7.7713657530273785,1.0,38,16,mejora
38984,eyerline negro loreal,1.0,0.33217371108897287,0.4228506620510154,0.4228506620510154,0.5771493379489846,3,7.20913614496164,0.3333333333333333,40,15,mejora
39001,eyeshine,0.8643145546088339,0.5680035776621611,0.727329844310522,0.727329844310522,0.13698471029831194,1,10.308952660644293,0.0,36,18,mejora
39206,face paints,1.0,0.6698623505528799,0.88995411685096,0.88995411685096,0.11004588314903996,2,8.261780379533242,0.5,40,35,mejora
39330,fajas sin tirantes,0.6020521034564039,0.5887498202463202,0.7241528458281337,0.7241528458281337,-0.12210074237172974,3,5.609757011345885,1.0,39,19,empeora
39408,falda blanca plisada,0.88995411685096,0.6371130896657825,0.8553475075669357,0.8553475075669357,0.03460660928402437,3,6.161662068610201,1.0,40,24,mejora
39411,falda de plumas,0.8643145546088339,0.9052116356304495,0.8553475075669357,0.9052116356304495,-0.0408970810216156,3,4.261061619659819,1.0,16,13,empeora
39424,faldas de lino mujer,0.7052464806461334,0.5787751292623047,0.9748459362530401,0.9748459362530401,-0.2695994556069067,4,4.306396599858001,0.75,16,8,empeora
39425,faldas fiesta mujer lentejuelas,1.0,0.5714285040141098,0.5714285040141098,0.5714285040141098,0.42857149598589017,4,5.42811147764666,0.75,16,2,mejora
39427,faldon rueda caravana,0.5917935853108561,0.07834851647149513,0.5956779034950407,0.5956779034950407,-0.003884318184184554,3,7.897319853872681,0.3333333333333333,39,9,empeora
39623,farmacia online sin gastos de envio,0.38685280723454163,0.0,0.0,0.0,0.38685280723454163,6,6.188671368225536,0.16666666666666666,15,2,mejora
39669,faroles exterior,1.0,1.0,1.0,1.0,0.0,2,6.857079031851994,1.0,16,16,empata
39670,faros,1.0,0.0,0.0,0.0,1.0,1,6.753604599154879,0.0,16,1,mejora
39671,faros de bicicleta americana,0.8669479898642711,0.92663607790064,0.9216017310213247,0.92663607790064,-0.059688088036368825,4,4.877217848427121,1.0,16,11,empeora
39672,faros led para,1.0,0.9363792118010483,0.77990823370192,0.9363792118010483,0.06362078819895167,3,3.6106800391065677,1.0,16,15,mejora
39711,fast and furious pack bluray,0.46900009332067494,0.727329844310522,0.6136525857537394,0.727329844310522,-0.258329750989847,5,6.87319298733365,0.8,39,13,empeora
39852,feber jardin,1.0,1.0,1.0,1.0,0.0,2,7.206673779359948,0.5,16,9,empata
39888,fein taladro,0.77990823370192,0.77990823370192,1.0,1.0,-0.22009176629808003,2,7.9408534364470444,1.0,40,23,empeora
39905,felpas niña,0.39749351961824186,0.6300426811446147,0.5056427642465516,0.6300426811446147,-0.23254916152637284,2,7.633023593906259,0.5,16,10,empeora
39906,felpudo disney,1.0,1.0,1.0,1.0,0.0,2,7.3522011578251565,1.0,16,14,empata
39908,felpudos personalizados,0.9878316351280036,0.7329799437316435,0.8887517031591262,0.8887517031591262,0.09907993196887743,2,8.05904782547916,0.0,16,7,mejora
39959,femoral,0.7885497208855957,0.7753366239771086,0.8263333286520084,0.8263333286520084,-0.03778360776641265,1,10.308952660644293,1.0,30,13,empeora
40015,ferplast filtro,0.8687949224876582,0.8687949224876582,0.9747429528567877,0.9747429528567877,-0.10594803036912948,2,7.635398895285558,1.0,16,5,empeora
40087,fiambrera metalica hermetica,1.0,1.0,1.0,1.0,0.0,3,8.713122079716944,0.3333333333333333,16,16,empata
40088,fiambrera niños ecologica,1.0,0.8512360941594275,0.9363792118010483,0.9363792118010483,0.06362078819895167,3,6.128437866705025,0.6666666666666666,40,26,mejora
40115,fibra optica empalme,0.7538142945344394,0.5210984447123072,0.6028078051365984,0.6028078051365984,0.151006489397841,3,7.648261035617225,1.0,40,20,mejora
40116,fibre de vidrio,0.9230390249121357,0.46584923801411343,0.8351142097265216,0.8351142097265216,0.08792481518561412,3,4.9697315220455005,0.6666666666666666,16,9,mejora
40151,fieltro adhesivo muebles,1.0,1.0,1.0,1.0,0.0,3,6.06097482675677,1.0,15,15,empata
40168,fifa 20,0.7909506325094736,0.7909506325094736,0.7909506325094736,0.7909506325094736,0.0,2,6.159682887956853,1.0,15,11,empata
40169,fifa 20 ps4,0.8851652351563817,0.8815140373113173,0.8404109228751037,0.8815140373113173,0.0036511978450644023,3,5.912656436112083,1.0,15,8,mejora
40205,figura goku ultra instinto,0.7467045958894682,0.6410457898283654,0.841492960259019,0.841492960259019,-0.09478836436955074,4,7.093803027332147,0.75,16,12,empeora
40206,figura playmobil deportivo,0.8603818544462509,0.92663607790064,0.7510916729774055,0.92663607790064,-0.06625422345438903,3,5.699049568189597,1.0,16,11,empeora
40211,figuras anime,1.0,1.0,1.0,1.0,0.0,2,6.2861585202425285,1.0,16,16,empata
40215,figuras de peter pan,1.0,0.9148568823583791,1.0,1.0,0.0,4,5.207025494955903,1.0,16,13,empata
40222,figuras para belenes,1.0,1.0,1.0,1.0,0.0,3,5.7273882720080875,0.6666666666666666,16,15,empata
40224,figuras pesebre madera,0.9337457765456111,0.9305687780632229,0.9363792118010483,0.9363792118010483,-0.002633435255437244,3,6.334095516593134,1.0,16,13,empeora
40235,fija cuadros sin agujeros,0.8415908474314977,0.7315449642824575,0.841492960259019,0.841492960259019,9.78871724787167e-05,4,5.370176460108786,1.0,39,19,mejora
40237,fijar mueble a la pared sin taladrar,0.8630152897016883,0.8454256604216018,0.8048109992093391,0.8454256604216018,0.01758962928008645,7,4.636529212116607,0.8571428571428571,34,23,mejora
40254,fila zapatilla mujer rosa,0.8389574121760603,0.4825387500873844,0.841492960259019,0.841492960259019,-0.0025355480829586385,4,5.444896303356067,0.75,16,10,empeora
40260,filarmonica,1.0,0.9337457765456111,0.9216017310213247,0.9337457765456111,0.06625422345438892,1,10.308952660644293,1.0,15,11,mejora
40282,filios de colores,1.0,0.9363792118010483,1.0,1.0,0.0,3,4.963435427205432,0.6666666666666666,38,25,empata
40299,filosofia jaspers,0.7630946912803437,0.7467045958894682,0.7605591431973849,0.7605591431973849,0.0025355480829587496,2,9.962379070364321,1.0,15,11,mejora
40300,filosofia siglo xxi,0.8454256604216018,0.4631896595828493,0.514186364257749,0.514186364257749,0.33123929616385284,3,8.736119703545928,1.0,39,15,mejora
40314,filtro agua,0.9363792118010483,0.88995411685096,0.9148568823583791,0.9148568823583791,0.021522329442669186,2,4.424587761382299,1.0,16,14,mejora
40316,filtro de aceite para coche peugeot 307 diesel,0.7034066032439749,0.7162874455029682,0.4016049330257502,0.7162874455029682,-0.01288084225899333,8,4.929123470862137,0.5,40,24,empeora
40317,filtro de aire,1.0,0.8200685179888284,1.0,1.0,0.0,3,3.1437358202809356,1.0,16,14,empata
40318,filtro de gasoil renault trafic,0.7219032334853829,0.32690631235890205,0.6937027842924243,0.6937027842924243,0.02820044919295861,5,6.689319916879401,0.4,16,8,mejora
40326,filtro tv lte 5g,0.7897661029179006,0.20626588994627676,0.21657136003619626,0.21657136003619626,0.5731947428817044,4,5.58302320623044,1.0,39,8,mejora
40340,final de carrera 3d,1.0,1.0,1.0,1.0,0.0,4,5.024189800381408,1.0,16,16,empata
40392,finger skate,0.7753366239771086,0.6848374495230164,0.8048109992093391,0.8048109992093391,-0.02947437523223051,2,8.71992574547032,1.0,16,13,empeora
40696,fisher price 4 en 1,1.0,1.0,1.0,1.0,0.0,5,4.514232476120713,1.0,16,4,empata
40813,fitbit 5 xiaomi,0.9052116356304495,0.7600791051976192,0.8553475075669357,0.8553475075669357,0.04986412806351381,3,5.015649908526732,1.0,39,12,mejora
40823,fitbit aria 2,1.0,1.0,0.6309297535714575,1.0,0.0,3,6.822205291247453,1.0,16,1,empata
41209,flesh eater courts,0.8760157235037968,0.8829374068620366,0.8922108454754891,0.8922108454754891,-0.016195121971692372,3,10.077903600457645,1.0,22,6,empeora
41258,flexo led extensible,0.5964984284535197,0.7630946912803437,0.7631925784528223,0.7631925784528223,-0.16669414999930254,3,5.574217156265274,1.0,16,12,empeora
41271,flight crew logbook,1.0,1.0,1.0,1.0,0.0,3,8.490512288858392,1.0,16,16,empata
41276,flintronic mini bomba de agua,0.9438661545147249,0.8899603164338973,0.9349366583346498,0.9349366583346498,0.008929496180075103,5,4.320882844775886,1.0,16,4,mejora
41466,florence nightingale,0.6457598927679994,0.7609409581533508,0.8141829732638892,0.8141829732638892,-0.16842308049588983,2,10.308952660644293,1.0,13,8,empeora
41470,flores negras artificiales,0.88995411685096,0.88995411685096,0.88995411685096,0.88995411685096,0.0,3,6.321802639798013,1.0,16,15,empata
41754,foco emergencia casa,0.77523873680463,0.727329844310522,0.88995411685096,0.88995411685096,-0.11471538004633008,3,5.866869089940011,1.0,39,24,empeora
41755,foco empotrable led pared,1.0,0.9363792118010483,1.0,1.0,0.0,4,5.307316562092021,1.0,16,15,empata
41762,focos led 20w luz fria,1.0,1.0,1.0,1.0,0.0,5,5.923483511936952,1.0,16,15,empata
41763,focos piscina sin instalacion,1.0,0.7100226348397881,0.8611375561264456,0.8611375561264456,0.1388624438735544,4,5.954256612573131,1.0,40,30,mejora
41765,focos solares exterior,1.0,1.0,1.0,1.0,0.0,3,6.154143031110917,1.0,16,16,empata
41770,focusrite scarlett studio,0.9770153702993121,0.9216514835285049,0.9937947856332163,0.9937947856332163,-0.016779415333904257,3,9.364548212625554,1.0,40,9,empeora
41894,fone de ouvido,0.77990823370192,0.77990823370192,0.9337457765456111,0.9337457765456111,-0.1538375428436911,3,7.022057850574019,0.3333333333333333,37,33,empeora
41897,fontaneria sin soldadura,0.4183171370339615,0.30919416469956,0.42332408484280876,0.42332408484280876,-0.005006947808847251,3,6.111116143604644,0.6666666666666666,40,9,empeora
42198,formentera lady,0.9148568823583791,0.9148568823583791,0.9148568823583791,0.9148568823583791,0.0,2,9.15766011414727,1.0,26,18,empata
42208,fornite pistolas nerf,1.0,0.5195457452462617,0.9292442392789195,0.9292442392789195,0.07075576072108047,3,8.50507064335928,0.3333333333333333,16,9,mejora
42213,forro nintendo switch,0.7534494445524139,0.6067216003536937,0.6874708847784539,0.6874708847784539,0.06597855977396005,3,5.781284472158991,1.0,16,12,mejora
42250,fortnite ps4,0.6386364459525712,0.7773960039392073,0.4144299250118475,0.7773960039392073,-0.13875955798663608,2,6.341516877671705,1.0,16,4,empeora
42275,fossil q hybrid,0.5277610693352978,0.09162544430476362,0.16220310073808747,0.16220310073808747,0.3655579685972103,3,7.698281267142469,0.3333333333333333,40,7,mejora
42289,fotomurales 4d,1.0,1.0,1.0,1.0,0.0,2,8.661034227642128,1.0,16,16,empata
42290,fotos decoracion pared,0.9216017310213247,1.0,1.0,1.0,-0.0783982689786753,3,5.104986228785629,1.0,40,30,empeora
42321,fox arctic,1.0,1.0,1.0,1.0,0.0,2,8.314460637362156,1.0,14,14,empata
42340,foxy,1.0,0.77990823370192,0.8611375561264456,0.8611375561264456,0.1388624438735544,1,10.308952660644293,1.0,16,11,mejora
42430,frascos de vidrio pequeños,0.857980942822373,1.0,0.8669479898642711,1.0,-0.14201905717762697,4,4.725471368658026,1.0,16,14,empeora
42440,freddie king boy girl boy,0.9216017310213247,0.7100226348397881,0.6366587127404282,0.7100226348397881,0.21157909618153659,5,7.715843030479645,0.6,15,11,mejora
42542,fregona sin cubo,0.3197220782574702,0.0,0.0,0.0,0.3197220782574702,3,5.533084867811895,0.6666666666666666,40,8,mejora
42543,freidora,1.0,1.0,1.0,1.0,0.0,1,5.488671095039256,1.0,16,16,empata
42544,freidora dos cubetas,0.46900009332067494,0.2837125544970319,0.5958595188912911,0.5958595188912911,-0.12685942557061614,3,7.0125574047025365,0.6666666666666666,40,13,empeora
42687,frigorifico balay cristal blanco,1.0,0.8772153153380493,0.5249810332008933,0.8772153153380493,0.1227846846619507,4,5.853488164451981,1.0,16,2,mejora
42688,frigorifico lg a+++,1.0,0.8553475075669357,0.77990823370192,0.8553475075669357,0.14465249243306433,3,5.415393017907804,1.0,39,15,mejora
42689,frigorifico una puerta sin congelador,0.6901935063354876,0.7655934900767002,0.4381081808305046,0.7655934900767002,-0.0753999837412126,5,5.5140625005736466,1.0,40,15,empeora
42692,frigorífico americano siemens,0.9363792118010483,0.5779050396291793,0.9148568823583791,0.9148568823583791,0.021522329442669186,3,7.54426944727695,1.0,27,11,mejora
42696,friki decoracion,0.3128047789019752,0.423676645087319,0.4760705018418427,0.4760705018418427,-0.16326572293986746,2,7.824046010856293,0.5,37,17,empeora
42781,frontal led,1.0,1.0,1.0,1.0,0.0,2,4.616156676393295,1.0,16,16,empata
42790,frost blood,0.5385571503019203,0.3402956050025172,0.4364597551790087,0.4364597551790087,0.1020973951229116,2,8.011392735576997,1.0,40,5,mejora
42811,frozen 2 muñecas,0.9828920819566879,0.8104089071229301,1.0,1.0,-0.01710791804331213,3,5.160091090738383,0.6666666666666666,16,4,empeora
42864,fructis coco mascarilla,0.4500112274528524,0.3026024134988135,0.0,0.3026024134988135,0.14740881395403888,3,6.780091194896769,1.0,35,6,mejora
42945,fubda tablet a6,0.9851514063429595,0.6421086949229347,0.798465881758476,0.798465881758476,0.1866855245844835,3,7.602387242991877,0.6666666666666666,16,8,mejora
42963,fuegos de artificios para interior,0.8925661774209162,0.4125971715061395,0.5791721115349355,0.5791721115349355,0.3133940658859806,5,4.852681931564799,0.6,16,9,mejora
42981,fuente alimentacion kit,0.7000949683025057,0.713654010247531,0.6812060741152738,0.713654010247531,-0.013559041945025219,3,5.836177303748516,1.0,16,10,empeora
42985,fuente gatos sin filtros,0.6520881886359192,0.13698471029831177,0.20829366581033185,0.20829366581033185,0.4437945228255874,4,5.019141017907359,1.0,40,13,mejora
43001,fujifilm,1.0,1.0,1.0,1.0,0.0,1,6.480311264155198,1.0,16,15,empata
43014,fujifilm x-a5,1.0,0.2769189462922768,0.9060254355346823,0.9060254355346823,0.09397456446531771,3,5.218285194619821,1.0,16,3,mejora
43027,fulares para sofa grandes,1.0,1.0,0.8643145546088339,1.0,0.0,4,5.801485166996146,0.5,39,29,empata
43148,fun & basics,1.0,0.8611375561264456,0.8454256604216018,0.8611375561264456,0.1388624438735544,2,6.331415524012945,1.0,35,19,mejora
43177,funda 11 pro,0.8048109992093391,0.713654010247531,0.9363792118010483,0.9363792118010483,-0.13156821259170925,3,3.9031013422686502,1.0,16,12,empeora
43183,funda apple pencil,1.0,1.0,1.0,1.0,0.0,3,5.525135612596698,1.0,16,16,empata
43190,funda bombona butano exterior,0.9363792118010483,0.7315449642824575,0.8454256604216018,0.8454256604216018,0.0909535513794465,4,5.827846789553849,0.75,16,10,mejora
43192,funda bq m10,1.0,1.0,1.0,1.0,0.0,3,5.956433275964888,1.0,16,14,empata
43193,funda britax romer dualfix,0.9764093402750902,0.6036200820108314,0.6334982227809455,0.6334982227809455,0.3429111174941447,4,7.73727589772005,0.75,16,7,mejora
43194,funda bts samsung,1.0,0.8200685179888284,0.6410457898283654,0.8200685179888284,0.1799314820111716,3,5.691774708263982,1.0,16,14,mejora
43195,funda cambiador bebe,1.0,1.0,1.0,1.0,0.0,3,5.548508132090849,1.0,16,16,empata
43197,funda carcasa xiaomi redmi note 9,0.44725394111732825,0.9305687780632229,0.6620158551732018,0.9305687780632229,-0.48331483694589467,6,4.638119622918463,1.0,39,23,empeora
43199,funda cheslong brazo derecho,0.8603818544462509,0.9337457765456111,0.7663491917568949,0.9337457765456111,-0.07336392209936016,4,6.560645227657956,0.75,16,13,empeora
43202,funda cojin verde 40x40,0.6969904532005495,0.715676765051938,0.6891341765546152,0.715676765051938,-0.01868631185138847,4,5.899005417591191,1.0,16,7,empeora
43204,funda colchon espuma sofa,1.0,1.0,1.0,1.0,0.0,4,5.899878889904755,0.5,16,16,empata
43206,funda con correa iphone 7,1.0,1.0,0.8643145546088339,1.0,0.0,5,3.4695933450049106,1.0,16,12,empata
43208,funda cuna 60x120 impermeable,1.0,1.0,1.0,1.0,0.0,4,5.649891671404018,1.0,16,15,empata
43209,funda de camilla profesional,0.7264127302306637,0.9216017310213247,0.77990823370192,0.9216017310213247,-0.19518900079066104,4,3.997816609679194,1.0,16,13,empeora
43212,funda de equipos de fútbol,0.9148568823583791,0.35106842466815347,0.6698623505528799,0.6698623505528799,0.24499453180549924,5,3.4862585985388335,0.4,16,10,mejora
43227,funda giratoria huawei m5 lite 10,0.7113062262147116,0.7756199604526248,0.6504460199135362,0.7756199604526248,-0.0643137342379132,6,5.026828547223313,1.0,16,5,empeora
43230,funda huawei mate 10 lite,0.77990823370192,1.0,0.9337457765456111,1.0,-0.22009176629808003,5,4.5096040970563225,1.0,16,15,empeora
43233,funda huawei p30,0.8572048559638626,0.7948833326720566,1.0,1.0,-0.14279514403613736,3,5.244958717265825,1.0,16,11,empeora
43234,funda huawei p30 pro 360 grados,1.0,1.0,1.0,1.0,0.0,6,5.071659976450124,1.0,16,15,empata
43240,funda ipad air 4 sin tapa,0.5423247252962318,0.4728935033594544,0.6067216003536937,0.6067216003536937,-0.06439687505746194,6,4.0150643473995675,0.8333333333333334,40,24,empeora
43243,funda iphone 11 pro glitter,0.6992148198508501,0.5982819568741946,0.6992148198508501,0.6992148198508501,0.0,5,4.679316575784191,1.0,16,5,empata
43251,funda iphone x,1.0,1.0,1.0,1.0,0.0,3,3.559464823191934,1.0,16,16,empata
43254,funda iphone xr libro,1.0,1.0,1.0,1.0,0.0,4,4.7895229867829086,1.0,16,16,empata
43258,funda linterna cinturon,1.0,1.0,1.0,1.0,0.0,3,6.136513112288983,0.6666666666666666,16,16,empata
43265,funda maceta mimbre,0.6163668470816235,0.77990823370192,0.826813366651774,0.826813366651774,-0.21044651957015048,3,5.93783166224195,0.6666666666666666,40,26,empeora
43267,funda mando apple tv,1.0,1.0,0.9363792118010483,1.0,0.0,4,4.373926397765447,1.0,16,15,empata
43273,funda mini ipad,0.9216017310213247,0.77990823370192,0.9216017310213247,0.9216017310213247,0.0,3,4.238562198753702,1.0,16,15,empata
43274,funda mobil,1.0,1.0,1.0,1.0,0.0,2,6.610785013743889,0.5,16,16,empata
43298,funda palanca de cambio opel astra h,0.6004311286161026,0.7162874455029682,0.8611375561264456,0.8611375561264456,-0.260706427510343,7,5.410323288285646,0.5714285714285714,16,13,empeora
43304,funda para moto con baul,1.0,1.0,1.0,1.0,0.0,5,3.905587237149338,0.8,16,15,empata
43307,funda para rueda bici interiores,0.9337457765456111,0.8643145546088339,0.7967610662472993,0.8643145546088339,0.0694312219367772,5,4.467573091219486,1.0,16,10,mejora
43311,funda para sony bravia,0.4825387500873844,0.461568684742548,0.5309999066793253,0.5309999066793253,-0.04846115659194089,4,4.423349126282401,0.75,16,10,empeora
43317,funda portatil hp pavilion 14 pulgadas,0.9337457765456111,0.8630152897016883,0.92663607790064,0.92663607790064,0.00710969864497113,6,5.005885994862339,0.8333333333333334,16,13,mejora
43318,funda puff xxl sin relleno,1.0,1.0,0.7257345305446319,1.0,0.0,5,4.812931727908774,1.0,40,25,empata
43320,funda s9 plus,1.0,1.0,1.0,1.0,0.0,3,4.871160042464434,1.0,16,16,empata
43321,funda samsung a20e resistente,1.0,1.0,1.0,1.0,0.0,4,5.1324805707953045,1.0,16,16,empata
43328,funda silicona iphone 11,1.0,1.0,1.0,1.0,0.0,4,4.1773069163268195,1.0,16,16,empata
43337,funda sofa,1.0,1.0,1.0,1.0,0.0,2,5.224490652623998,1.0,16,16,empata
43338,funda sofa anti perros,0.92663607790064,0.9363792118010483,1.0,1.0,-0.07336392209936005,4,4.98963416637242,1.0,15,12,empeora
43339,funda sofa cama turquesa,0.41485737122490635,0.346829854582175,0.5516960100974697,0.5516960100974697,-0.13683863887256337,4,5.345078018891007,1.0,16,7,empeora
43341,funda sofá sin brazos 3 plazas,1.0,0.575073986183329,1.0,1.0,0.0,6,4.447003326429632,1.0,40,25,empata
43342,funda sony xperia aqua,1.0,1.0,1.0,1.0,0.0,4,5.852629973934343,1.0,16,16,empata
43343,funda spigen iphone xr,1.0,1.0,1.0,1.0,0.0,4,5.272000438710127,1.0,16,15,empata
43349,funda teclado español ipad air 2,0.9363792118010483,0.9148568823583791,0.88995411685096,0.9148568823583791,0.021522329442669186,6,4.130964095626811,1.0,16,14,mejora
43353,funda trabajas,0.2890648263178879,0.6309297535714575,0.0,0.6309297535714575,-0.34186492725356965,2,6.957358604023861,0.5,16,1,empeora
43354,funda vespa 125,0.8494348345648929,0.6595629128335778,0.8485833840018,0.8485833840018,0.0008514505630928815,3,5.929173166774195,0.6666666666666666,16,4,mejora
43361,funda xiaomi mi 9 con esquinas reforzadas,0.805516250204893,0.7733542529583558,0.6712140601637461,0.7733542529583558,0.03216199724653723,7,5.072700212355258,1.0,16,9,mejora
43365,funda xiaomi redmi 7,0.9337457765456111,1.0,0.92663607790064,1.0,-0.06625422345438892,4,4.306709243465691,1.0,16,14,empeora
43366,funda xiaomi redmi note 6 pro amarilla,0.7175177623223635,0.525420616322386,0.8693552534644673,0.8693552534644673,-0.15183749114210376,7,4.787572779218848,0.8571428571428571,16,8,empeora
43367,funda xiaomi redmi note 7,1.0,1.0,1.0,1.0,0.0,5,4.52908810125706,1.0,16,16,empata
43372,funda xs max iphone pluto,0.6309297535714575,1.0,0.43067655807339306,1.0,-0.36907024642854247,5,5.750865290104092,1.0,16,1,empeora
43378,fundas asientos opel monterery,1.0,1.0,1.0,1.0,0.0,4,7.654353604424896,0.0,8,8,empata
43382,fundas cubiertos navidad,1.0,1.0,1.0,1.0,0.0,3,5.522154926870898,1.0,16,16,empata
43386,fundas de moviles personalizadas,1.0,0.8643145546088339,1.0,1.0,0.0,4,5.316888902813689,0.75,39,34,empata
43390,fundas ebook sony prs-t2,1.0,0.9305687780632229,0.92663607790064,0.9305687780632229,0.06943122193677709,5,6.886617764326185,0.8,16,15,mejora
43393,fundas huawei p30 lite,0.7104770117651427,0.8643145546088339,0.77990823370192,0.8643145546088339,-0.15383754284369122,4,5.770319769212518,1.0,16,13,empeora
43394,fundas ipad mini eva correa,0.7606395682357036,0.39233405721184117,0.9709286432396583,0.9709286432396583,-0.21028907500395477,5,5.167967505625247,0.6,16,4,empeora
43395,fundas iphone 11 pro max,0.9363792118010483,1.0,0.9363792118010483,1.0,-0.06362078819895167,5,4.571476380023566,0.8,16,15,empeora
43407,fundas iphone x,1.0,1.0,1.0,1.0,0.0,3,4.132658653702776,0.6666666666666666,16,16,empata
43411,fundas movil lg g5,1.0,1.0,1.0,1.0,0.0,4,6.175076968500133,0.75,16,13,empata
43415,fundas nórdico 90,0.5833416105149332,0.6257049680303419,0.6338412308988606,0.6338412308988606,-0.05049962038392741,3,5.428895962556009,1.0,16,3,empeora
43418,fundas para huawei p30 lite disney kawaii,0.4202024810692814,0.29007579773858083,0.75369761125927,0.75369761125927,-0.33349513018998866,7,5.372576775036792,0.7142857142857143,16,4,empeora
43425,fundas para sofa sin reposabrazos,1.0,1.0,1.0,1.0,0.0,5,4.412170917942294,1.0,40,32,empata
43434,fundas s10 plus,1.0,1.0,1.0,1.0,0.0,3,5.3300389559329995,0.6666666666666666,16,16,empata
43438,fundas sillas jardín,1.0,1.0,0.9052116356304495,1.0,0.0,3,5.331087324678998,1.0,16,13,empata
43447,fundas xiaomi redmi 7 pamtalla delantera,0.8701249883466594,0.72891152902702,0.7885497208855957,0.7885497208855957,0.0815752674610637,6,6.0014959541990756,0.6666666666666666,16,12,mejora
43463,funko disney,1.0,1.0,1.0,1.0,0.0,2,6.288085304900523,1.0,16,16,empata
43464,funko gladiator,0.6309297535714575,0.3562071871080222,0.5,0.5,0.13092975357145753,2,7.890811707168554,1.0,16,1,mejora
43481,funko pop dark crystal,1.0,1.0,1.0,1.0,0.0,4,6.252051523103678,1.0,16,16,empata
43488,funko pop game of thrones,1.0,1.0,1.0,1.0,0.0,5,6.447240482617896,1.0,16,16,empata
43495,funko pop iron maoden,1.0,0.8503449055347546,1.0,1.0,0.0,4,7.452192479191028,0.75,8,2,empata
43512,funko pops harry potter,1.0,0.77990823370192,1.0,1.0,0.0,4,7.189851390732581,0.75,16,15,empata
43606,furgon policia playmobil,0.8379265695293115,0.8253470553818277,0.7538670157815447,0.8253470553818277,0.012579514147483817,3,8.66653476559189,0.6666666666666666,16,9,mejora
43660,fusiles airsoft electricos,0.6726934039987302,0.7510916729774055,0.8364586133797037,0.8364586133797037,-0.1637652093809735,3,8.724422596942171,0.3333333333333333,16,11,empeora
43815,gabardina hombre tres cuartos,0.6504550807234148,0.5690831594067768,0.49913444530812284,0.5690831594067768,0.08137192131663806,4,6.903522184491942,0.25,16,9,mejora
43816,gabardina mujer invierno rebajas,0.8053706965939338,0.5583262660521386,0.7391135184107601,0.7391135184107601,0.06625717818317367,4,6.031291199497793,1.0,16,8,mejora
43840,gafas aviador moto,1.0,1.0,1.0,1.0,0.0,3,6.694571598405954,1.0,16,16,empata
43843,gafas cerca sin montura,0.9363792118010483,0.4225749983705865,0.8643145546088339,0.8643145546088339,0.07206465719221444,4,5.57247800549608,1.0,40,16,mejora
43844,gafas cgid mujer,1.0,1.0,1.0,1.0,0.0,3,6.0973184419966024,1.0,16,15,empata
43850,gafas de sol,1.0,1.0,1.0,1.0,0.0,3,3.848006542573055,1.0,16,16,empata
43854,gafas linterna led,0.9202054614375518,0.8189080569732083,0.9830168297915421,0.9830168297915421,-0.06281136835399037,3,4.838144697762956,1.0,16,8,empeora
43858,gafas para el ordenador,1.0,1.0,1.0,1.0,0.0,4,3.295349532872442,1.0,16,16,empata
43859,gafas para niñas sin graduar,1.0,1.0,1.0,1.0,0.0,5,4.50783761957018,1.0,40,32,empata
43860,gafas plastico sin cristales,0.6461194268314838,0.823699893396571,0.699473903081392,0.823699893396571,-0.1775804665650872,4,5.408501595589069,1.0,40,20,empeora
43862,gafas presbicia,0.9216017310213247,0.9363792118010483,0.9337457765456111,0.9363792118010483,-0.014777480779723629,2,6.426804657419034,1.0,16,11,empeora
43864,gafas raivan hombre,0.8486026589039901,0.5372903784169164,1.0,1.0,-0.15139734109600989,3,6.177674811015325,0.6666666666666666,40,27,empeora
43867,gafas sin montura sol,0.9337457765456111,0.88995411685096,0.7827392871477703,0.88995411685096,0.04379165969465104,4,4.975861361252393,1.0,40,17,mejora
43869,gafas sin patillas para movil,1.0,1.0,1.0,1.0,0.0,5,4.566178864120482,0.8,40,21,empata
43901,gala smart tapa,1.0,0.9286241047843016,0.8922108454754891,0.9286241047843016,0.07137589521569843,3,6.016433704159673,1.0,16,6,mejora
44096,gallineros grandes exterior metalicos,0.8603818544462509,0.29802729812225165,0.841492960259019,0.841492960259019,0.01888889418723194,4,7.115691617964699,0.25,40,17,mejora
44105,galon de cola cleopatre,0.9930783166417602,0.9838048780283076,0.9876712785649565,0.9876712785649565,0.00540703807680365,4,6.796367867584982,0.75,16,6,mejora
44122,game & watch zelda,0.49456228788854273,0.43292617940918415,0.39806284658828084,0.43292617940918415,0.061636108479358576,3,6.704600747761141,1.0,39,6,mejora
44283,gaming ordenador portatil,0.77990823370192,0.7951657524814092,0.9052116356304495,0.9052116356304495,-0.1253034019285295,3,4.7664804929365605,1.0,40,31,empeora
44304,ganchillo tunecino,0.8454256604216018,0.7162874455029682,0.841492960259019,0.841492960259019,0.003932700162582847,2,9.269231889804374,1.0,16,12,mejora
44305,ganchos cuelga platos,0.7631925784528223,0.7162874455029682,0.7569021067152311,0.7569021067152311,0.00629047173759123,3,6.716801607420322,1.0,16,10,mejora
44450,gargantillas de mujer de oro,1.0,0.7877736340270853,0.8669479898642711,0.8669479898642711,0.13305201013572887,5,3.5989524699891158,1.0,40,18,mejora
44506,garmin oregon 750t,1.0,0.6934264036172708,0.6934264036172708,0.6934264036172708,0.3065735963827292,3,8.661738519774524,1.0,16,2,mejora
44531,garmin vivosmart hr+ correa,0.5842273861585909,0.7322962005285631,0.7322962005285631,0.7322962005285631,-0.1480688143699722,4,7.29006847017293,1.0,16,6,empeora
44547,garrucha de polea,0.9216017310213247,0.9305687780632229,0.685119869332369,0.9305687780632229,-0.008967047041898213,3,6.167074731420175,0.6666666666666666,40,31,empeora
44591,gas pantalones hombre,0.7093753650484101,0.8553475075669357,0.857980942822373,0.857980942822373,-0.14860557777396288,3,4.497946961895735,1.0,40,18,empeora
44609,gatillos para movil,1.0,0.9305687780632229,0.9363792118010483,0.9363792118010483,0.06362078819895167,3,5.803913085889587,1.0,16,15,mejora
44610,gato,0.9216017310213247,0.9363792118010483,1.0,1.0,-0.0783982689786753,1,5.914503505971854,1.0,16,14,empeora
44612,gato interactivo,0.7877736340270853,0.7510916729774055,0.5309999066793253,0.7510916729774055,0.0366819610496798,2,6.463809650305908,1.0,16,12,mejora
44631,gatos peluche,1.0,1.0,1.0,1.0,0.0,2,5.711847165621142,1.0,16,16,empata
44663,gb cot to go,1.0,0.5,0.6309297535714575,0.6309297535714575,0.36907024642854247,4,6.3016977063516135,1.0,10,1,mejora
44743,gel curls blueberry bliss curl control jelly,0.9156857657441142,0.8348372244899367,0.8404109228751037,0.8404109228751037,0.07527484286901054,7,7.535965810992779,0.8571428571428571,12,8,mejora
44746,gel estimulador de clítoris femenino,0.9052116356304495,0.7280855459907166,0.6468562235661909,0.7280855459907166,0.17712608963973286,5,5.9411520782704725,0.8,40,21,mejora
44757,gel hidroalcoholico sin perfume,0.9337457765456111,0.7702043899253147,0.460012661100461,0.7702043899253147,0.16354138662029638,4,5.878253670983146,1.0,40,15,mejora
44762,gel limpiador antiacne,1.0,1.0,1.0,1.0,0.0,3,6.321513280540347,0.6666666666666666,16,16,empata
44854,generador electricidad eolico,0.8415908474314977,1.0,1.0,1.0,-0.1584091525685023,3,8.377948124516244,1.0,40,30,empeora
44891,genie la loca,0.8315546295836225,0.6131471927654584,0.6131471927654584,0.6131471927654584,0.2184074368181641,3,7.309903610139245,1.0,35,2,mejora
44908,gentlemen,0.8069494904756505,0.49606005632380007,0.9530418785472459,0.9530418785472459,-0.1460923880715954,1,9.210340371976184,1.0,25,7,empeora
44925,geoforme djeco,0.23386470445736623,0.3120255505658846,0.14606834984270645,0.3120255505658846,-0.07816084610851837,2,9.759646516310237,0.5,39,5,empeora
44926,geografic norway hombre,1.0,0.9216017310213247,0.77990823370192,0.9216017310213247,0.0783982689786753,3,6.848249266890286,0.6666666666666666,40,26,mejora
44936,georganics hilo dental,1.0,1.0,1.0,1.0,0.0,3,7.711778387594048,1.0,16,4,empata
44972,geox kalispera,1.0,1.0,1.0,1.0,0.0,2,8.545772398336211,1.0,16,16,empata
44975,geradores electricos,1.0,1.0,1.0,1.0,0.0,2,9.615805480084347,0.0,40,36,empata
45016,gestapo,0.8315546295836225,0.48247555939075504,0.5912352048230277,0.5912352048230277,0.24031942476059476,1,10.308952660644293,0.0,15,2,mejora
45022,get around,0.9363792118010483,0.8630152897016883,0.8603818544462509,0.8630152897016883,0.07336392209936005,2,8.261780379533242,1.0,17,10,mejora
45057,gh plancha pelo,1.0,0.4990267326507383,0.9337457765456111,0.9337457765456111,0.06625422345438892,3,6.765854155532419,0.6666666666666666,40,10,mejora
45063,ghd unplugged sin cable,0.5846156829012062,0.5636382420621702,0.6887841483036673,0.6887841483036673,-0.10416846540246105,4,6.284108271808045,0.75,40,6,empeora
45083,ghost rider,1.0,1.0,1.0,1.0,0.0,2,8.531278629899585,1.0,16,15,empata
45337,gillette fusion proglide recambios 8,0.9258513847149256,0.8184175621358416,0.9895948844467957,0.9895948844467957,-0.0637434997318701,5,6.9430549876803695,1.0,16,9,empeora
45390,ginseng rojo coreano,1.0,0.9337457765456111,1.0,1.0,0.0,3,6.296290893989611,1.0,40,23,empata
45395,gioseppo mujer,1.0,1.0,1.0,1.0,0.0,2,5.546669160819254,1.0,16,16,empata
45763,giuseppe moscati,0.9216017310213247,1.0,1.0,1.0,-0.0783982689786753,2,10.308952660644293,1.0,40,30,empeora
45950,glaze,0.8512360941594275,1.0,0.33816867746367263,1.0,-0.14876390584057253,1,10.308952660644293,1.0,32,21,empeora
45960,glengrant,0.3724928669383442,0.5423247252962318,0.92663607790064,0.92663607790064,-0.5541432109622957,1,10.308952660644293,0.0,40,19,empeora
46002,globber evo 5 en 1,0.9828920819566879,0.8477774488692931,0.9828920819566879,0.9828920819566879,0.0,5,4.939954838142915,1.0,16,4,empata
46013,globos astronautas rosa,0.8194270280062366,0.5400753810454857,0.6257049680303419,0.6257049680303419,0.19372205997589464,3,6.6604428307390116,0.6666666666666666,16,3,mejora
46017,globos letras rosa,0.791726719367984,0.06625422345438904,0.3621108234757073,0.3621108234757073,0.4296158958922767,3,5.615278092095962,0.6666666666666666,40,11,mejora
46091,glowforge,0.5929734460267241,0.6534006113520131,0.42924861640074785,0.6534006113520131,-0.06042716532528902,1,10.308952660644293,1.0,39,7,empeora
46102,glucometro sin pinchazo,0.31809711311243327,0.289465316692894,0.09791292534996782,0.289465316692894,0.02863179641953928,3,7.329442111084063,0.6666666666666666,40,7,mejora
46160,gmt games,0.9216017310213247,0.8263333286520084,1.0,1.0,-0.0783982689786753,2,8.184705039619613,1.0,37,27,empeora
46640,gomas para deportivas,0.9279611693743142,0.7045057227504283,0.8665427526082052,0.8665427526082052,0.06141841676610893,3,4.813774930699686,0.3333333333333333,16,4,mejora
46648,goniometro fisioterapia,1.0,0.727329844310522,1.0,1.0,0.0,2,9.210340371976184,1.0,40,23,empata
46668,good girl carolina herrera,0.8965508479224736,0.7848693006025946,0.8090791338210653,0.8090791338210653,0.0874717141014083,4,8.102783187853243,1.0,16,6,mejora
46811,gore running chaleco,0.9216017310213247,1.0,1.0,1.0,-0.0783982689786753,3,6.301197003454155,1.0,16,13,empeora
46812,gore tex,0.9683310355387569,0.8196683128314595,0.9132861715058803,0.9132861715058803,0.05504486403287656,2,7.241170215103423,1.0,16,7,mejora
46837,gorra gatsby hombre tweed,1.0,1.0,1.0,1.0,0.0,4,6.957449327698615,1.0,16,16,empata
46838,gorra para chica,0.5797748398812457,1.0,0.5065745439910657,1.0,-0.4202251601187543,3,4.803192031261492,0.6666666666666666,16,3,empeora
46849,gorro - nike,0.9305687780632229,0.8643145546088339,0.8263333286520084,0.8643145546088339,0.06625422345438903,2,5.80300794401812,1.0,16,13,mejora
46853,gorro dc,0.694765116060299,1.0,0.7167674835027339,1.0,-0.305234883939701,2,6.081293766795218,1.0,16,11,empeora
46858,gorro lana bebe,1.0,1.0,1.0,1.0,0.0,3,6.132900612411196,1.0,16,16,empata
46882,got talent,0.7663491917568949,0.8611375561264456,0.7948833326720566,0.8611375561264456,-0.09478836436955074,2,9.759646516310237,1.0,16,12,empeora
46887,gotas de chocolate sin azucar,0.5861163849908828,0.5653701424067238,0.46900009332067494,0.5653701424067238,0.020746242584159025,5,4.715122453397761,0.8,40,12,mejora
46888,gotas de chocolate sin azucar torras,0.4443361827137307,0.44830398990253034,0.6177638397019701,0.6177638397019701,-0.17342765698823942,6,5.531902957845525,0.8333333333333334,40,7,empeora
46889,gotas secantes uñas,0.5801476231864474,0.59839506697425,0.5152880109744816,0.59839506697425,-0.01824744378780263,3,7.650087524205435,1.0,40,15,empeora
46917,gourmia freidora sin aceite,0.7210564623380479,0.32908604348504067,0.2529427027676571,0.32908604348504067,0.3919704188530072,4,5.699489348434224,1.0,40,8,mejora
47010,grafica nvidia rtx,0.77990823370192,0.575073986183329,1.0,1.0,-0.22009176629808003,3,6.635857771991513,1.0,40,29,empeora
47024,gran diver invicta,1.0,0.6906478832608419,1.0,1.0,0.0,3,7.776989354738113,0.6666666666666666,39,15,empata
47073,granola keto sin azucar,0.9258513847149256,0.7204037948220688,0.8149419398286234,0.8149419398286234,0.11090944488630217,4,6.691962476596265,0.75,40,9,mejora
47085,grapadora vallas,0.7846170207230131,0.92663607790064,0.7818048722226502,0.92663607790064,-0.14201905717762686,2,7.712474235199187,1.0,16,12,empeora
47122,grasa de montaje mtb,0.8205228949141828,0.7885497208855957,0.9148568823583791,0.9148568823583791,-0.0943339874441963,4,4.48851146787257,1.0,40,20,empeora
47241,great escapes mediterranean,0.9876712785649565,0.8922108454754891,0.9705437052559006,0.9705437052559006,0.0171275733090559,3,8.673861067831483,1.0,30,6,mejora
47325,green lantern morrison,0.8165901947515999,0.77990823370192,1.0,1.0,-0.18340980524840012,3,8.777246043932763,0.6666666666666666,16,14,empeora
47329,green lipped mussel,0.662791942031712,0.7471589728148226,0.7819835854675756,0.7819835854675756,-0.11919164343586364,3,8.777246043932763,0.6666666666666666,40,20,empeora
47454,greta gremlin,0.9217868789962071,0.9060254355346823,0.8278123145308894,0.9060254355346823,0.01576144346152486,2,10.308952660644293,1.0,13,3,mejora
47546,grifo ducha para lavabo,0.702900100608962,0.9028667550142375,0.6294757642030899,0.9028667550142375,-0.1999666544052755,4,4.604894876893207,1.0,16,9,empeora
47547,grifo lateral sin caño para lavabo,0.7569021067152311,0.2528410271851775,0.5572998242663683,0.5572998242663683,0.1996022824488628,6,5.194762988662596,0.8333333333333334,39,18,mejora
47550,grifoducha monomando barato negro,0.699473903081392,0.6457545768494585,0.6156886473955917,0.6457545768494585,0.05371932623193354,4,7.01629002115533,0.5,40,20,mejora
47567,grill sandwichera plancha,1.0,1.0,1.0,1.0,0.0,3,6.9767481504690885,1.0,16,16,empata
47595,grinder,1.0,0.9216017310213247,0.88995411685096,0.9216017310213247,0.0783982689786753,1,8.517193191416238,1.0,16,14,mejora
47627,grmy hombre,1.0,0.88995411685096,1.0,1.0,0.0,2,6.640158788874995,1.0,15,14,empata
47719,grupo de soldar hilo sin gas,1.0,1.0,1.0,1.0,0.0,6,4.642904356710997,0.8333333333333334,39,31,empata
47723,gráfica externa para portátil,0.8486026589039901,0.39794789654359625,0.8630152897016883,0.8630152897016883,-0.014412630797698167,4,4.186387857550628,1.0,40,15,empeora
47729,gs65 msi,0.6318532842514007,0.9619991470595832,0.8318724637288826,0.9619991470595832,-0.3301458628081825,2,7.83813144933964,1.0,20,4,empeora
47739,gstar raw hombre,1.0,1.0,1.0,1.0,0.0,3,6.960406679097357,0.6666666666666666,16,16,empata
47751,gta5 para ps4,1.0,0.13905617951077562,0.653894291235738,0.653894291235738,0.34610570876426205,3,5.549508171497365,0.3333333333333333,16,4,mejora
47758,gtx660,1.0,1.0,1.0,1.0,0.0,1,10.308952660644293,1.0,40,20,empata
47763,gu10 bombilla wifi inteligente,1.0,0.9363792118010483,1.0,1.0,0.0,4,5.410148526719269,1.0,40,28,empata
47770,guante golf hombre,1.0,1.0,1.0,1.0,0.0,3,5.546151823317232,1.0,16,16,empata
47777,guantes boxing mujer,1.0,1.0,1.0,1.0,0.0,3,5.389123310764519,1.0,16,16,empata
47779,guantes de bicicleta,1.0,1.0,1.0,1.0,0.0,3,3.3229615833938304,1.0,16,16,empata
47780,guantes de boxeo,1.0,1.0,1.0,1.0,0.0,3,4.262243354669798,1.0,16,16,empata
47781,guantes de boxeo hombre,1.0,1.0,1.0,1.0,0.0,4,3.9395237452787724,0.75,16,16,empata
47789,guantes everlast,0.77990823370192,0.8611375561264456,0.9305687780632229,0.9305687780632229,-0.15066054436130294,2,7.012430393573073,1.0,31,21,empeora
47791,guantes jardineria,1.0,1.0,1.0,1.0,0.0,2,7.267843205456069,0.5,16,16,empata
47794,guantes moto,1.0,1.0,1.0,1.0,0.0,2,5.270274249386743,1.0,30,19,empata
47801,guantes nitrilo talla s sin polvo,0.9363792118010483,0.8643145546088339,0.6687607038361473,0.8643145546088339,0.07206465719221444,6,4.621988922508382,1.0,40,19,mejora
47805,guantes rival boxeo,0.2863459897524693,0.5049059675118447,0.32227224912195473,0.5049059675118447,-0.2185599777593754,3,6.95188500833072,1.0,40,12,empeora
47806,guantes ski niña 3 años,1.0,1.0,1.0,1.0,0.0,5,5.12531178931762,1.0,16,14,empata
47808,guantes trabajo,1.0,1.0,1.0,1.0,0.0,2,5.2922213461653556,1.0,16,16,empata
47818,guarda titulos,1.0,0.7827392871477703,0.92663607790064,0.92663607790064,0.07336392209936005,2,9.15766011414727,0.0,16,14,mejora
47820,guardabarros xiaomi mijia m365,1.0,1.0,1.0,1.0,0.0,4,6.880324200542304,1.0,16,16,empata
47840,guayaquil ecuador,0.9502262648327977,0.9099466049873366,0.9322447939063515,0.9322447939063515,0.017981470926446197,2,10.308952660644293,1.0,15,6,mejora
47926,guilete fusion proglide,0.5012658353418871,0.5012658353418871,0.45560514958746035,0.5012658353418871,0.0,3,8.84413627575348,0.6666666666666666,16,2,empata
47927,guillotina para cortar papel,1.0,1.0,1.0,1.0,0.0,4,5.335197026018457,1.0,16,15,empata
47945,guirnalda led,1.0,1.0,1.0,1.0,0.0,2,4.852609870845144,1.0,16,16,empata
48100,guía de bali,1.0,0.7778721720600673,0.8165901947515999,0.8165901947515999,0.18340980524840012,3,5.064685254082214,1.0,16,11,mejora
48121,gym clothes,0.9363792118010483,0.823699893396571,0.8669479898642711,0.8669479898642711,0.0694312219367772,2,7.447160109668102,1.0,16,12,mejora
48123,gym en casa,1.0,1.0,1.0,1.0,0.0,3,4.38064375075234,1.0,16,14,empata
48162,gz250 suzuki,0.24630238874073,0.24630238874073,0.16812753627111746,0.24630238874073,0.0,2,9.269231889804374,1.0,40,4,empata
48240,haftgrund,0.48381288316677695,0.5714285040141098,0.23719771276929622,0.5714285040141098,-0.08761562084733288,1,10.308952660644293,0.0,15,2,empeora
48245,haier frigorifico,1.0,0.77990823370192,1.0,1.0,0.0,2,8.111728083308073,0.5,40,16,empata
48574,halloween decoracion,1.0,1.0,1.0,1.0,0.0,2,5.480670924366035,1.0,16,16,empata
48584,halloween disfraz,0.7015099647232446,0.662791942031712,0.5669450709942983,0.662791942031712,0.03871802269153257,2,4.878684522203067,1.0,20,11,mejora
48694,halogen heater,1.0,1.0,1.0,1.0,0.0,2,9.759646516310237,1.0,16,6,empata
48726,hamburguesa vegana sin gluten,0.9363792118010483,0.7859162856301584,0.9363792118010483,0.9363792118010483,0.0,4,5.766783998656029,1.0,40,16,empata
48790,han dynasty,1.0,0.6316243658611128,0.88995411685096,0.88995411685096,0.11004588314903996,2,9.759646516310237,1.0,36,26,mejora
49345,harry potter halloween,1.0,1.0,1.0,1.0,0.0,3,5.602741722342981,1.0,16,16,empata
49355,harry potter monster book,1.0,1.0,1.0,1.0,0.0,4,6.260444173882602,0.5,16,1,empata
49555,hd toshiba 1tb,0.9537123696623918,0.8191079142140382,0.8716476936377875,0.8716476936377875,0.08206467602460432,3,5.671799149625646,1.0,16,6,mejora
49581,hdmi a vga con audio,1.0,1.0,1.0,1.0,0.0,5,3.878298074038875,1.0,16,16,empata
49584,hdmi analogico,1.0,1.0,1.0,1.0,0.0,2,6.75075558859756,0.5,16,16,empata
49602,hdmi ladron 2 salidas,0.9165542635924873,0.8301054527851841,0.8984972075197749,0.8984972075197749,0.018057056072712352,4,5.326949783282427,1.0,16,8,mejora
49776,headset 2.0 almoadillas,0.841492960259019,0.5965173333990071,0.7967610662472993,0.7967610662472993,0.04473189401171973,4,5.669109871663773,0.75,16,10,mejora
49857,heartstopper,1.0,0.951231200062686,0.8549453387073992,0.951231200062686,0.04876879993731398,1,9.615805480084347,1.0,13,5,mejora
50064,heelys ruedas niña,0.77990823370192,0.5309999066793253,0.685119869332369,0.685119869332369,0.09478836436955096,3,6.322333074386909,0.3333333333333333,16,13,mejora
50092,helado sin gluten,0.0,0.10086747116627115,0.08747171410140821,0.10086747116627115,-0.10086747116627115,3,5.128730275802832,0.6666666666666666,39,6,empeora
50101,helena blavatsky,0.8486026589039901,1.0,1.0,1.0,-0.15139734109600989,2,10.308952660644293,1.0,15,13,empeora
50105,helio bombona,1.0,0.77990823370192,1.0,1.0,0.0,2,7.462086591242942,1.0,40,28,empata
50149,helly hansen hombre polo,0.9337457765456111,0.9363792118010483,0.9363792118010483,0.9363792118010483,-0.002633435255437244,4,6.282684506097279,1.0,16,11,empeora
50221,heno de pravia,1.0,0.8482378089219648,1.0,1.0,0.0,3,6.79100879038737,1.0,40,20,empata
50232,hepa h13 filter,0.7353797772725618,0.4099509148465345,0.5875502863571092,0.5875502863571092,0.1478294909154526,3,7.840454106244469,0.6666666666666666,40,25,mejora
50280,hergom estufa leña,0.7967610662472993,0.7967610662472993,0.599976751690748,0.7967610662472993,0.0,3,8.027702677642218,1.0,40,11,empata
50309,heroes ray loriga,0.38685280723454163,0.0,0.0,0.0,0.38685280723454163,3,8.137381763686783,0.0,13,1,mejora
50318,herramientas para motos,0.5946976087835997,0.4103737754674528,0.6802779217425298,0.6802779217425298,-0.0855803129589301,3,4.445098635258633,1.0,16,8,empeora
50376,hf204rc,1.0,1.0,1.0,1.0,0.0,1,10.308952660644293,1.0,40,36,empata
50392,hi tec zapatillas hombre,1.0,1.0,0.9052116356304495,1.0,0.0,4,5.181447543991608,1.0,40,25,empata
50452,hidrarizos de garnier crema sin aclarado,0.46111430781719365,0.37576775259321094,0.5637884576902257,0.5637884576902257,-0.10267414987303203,6,5.581668515227318,0.8333333333333334,39,11,empeora
50453,hidratante antiedad beau-pro,0.0,0.3333333333333333,0.3333333333333333,0.3333333333333333,-0.3333333333333333,4,6.433730969022587,0.25,16,1,empeora
50455,hidrolimpiadora gasolina ducati,1.0,1.0,1.0,1.0,0.0,3,7.693031814819757,1.0,12,2,empata
50457,hidromasaje spa,1.0,0.7183424120903082,0.9052116356304495,0.9052116356304495,0.09478836436955052,2,6.555656770608872,1.0,39,20,mejora
50654,hilo sin gas,1.0,0.9971876401972103,0.9292442392789195,0.9971876401972103,0.00281235980278971,3,4.81173817918215,1.0,16,9,mejora
50657,"hilo soldar sin gas 0,8 mm",0.7027284035579431,0.6620158551732018,0.6809047493604335,0.6809047493604335,0.021823654197509534,7,4.460672245700874,1.0,39,16,mejora
50658,hilo soldar sin gas 1mm,0.2188505885308512,0.4703652827859579,0.10699313236726378,0.4703652827859579,-0.2515146942551067,5,5.9212764974337455,1.0,40,5,empeora
50660,hilos de bordar algodon,1.0,1.0,1.0,1.0,0.0,4,5.915223766879317,0.75,16,16,empata
50661,hilos de plastico para hacer pulseras,1.0,0.5779050396291793,0.6300426811446147,0.6300426811446147,0.3699573188553853,6,4.584212500152816,1.0,16,11,mejora
50727,historia de las creencias y las ideas religiosas,1.0,1.0,1.0,1.0,0.0,8,5.736920231909667,1.0,38,13,empata
50731,historias fantasticas stephen king,0.49661976912920763,0.5531464700081437,0.38356636737133565,0.5531464700081437,-0.05652670087893602,4,8.652604568642303,0.75,37,5,empeora
50949,hom cinema 5.1,1.0,1.0,1.0,1.0,0.0,4,5.548287993504107,0.75,16,14,empata
50954,hombre de honor,1.0,0.3333333333333333,0.5,0.5,0.5,3,3.4775829807263783,0.6666666666666666,16,1,mejora
50955,hombre perro,0.8971754588393883,0.8513627366870065,0.9020870746500321,0.9020870746500321,-0.00491161581064381,2,4.198757827581809,1.0,16,7,empeora
50956,hombre sin rostro,1.0,1.0,1.0,1.0,0.0,3,4.286326373495179,1.0,40,21,empata
50959,homcom bicicleta sin pedales,0.8550956239938449,0.8550956239938449,0.8550956239938449,0.8550956239938449,0.0,4,4.649240581579967,1.0,36,9,empata
51125,honduras,0.7065443116025598,0.5964984284535197,0.6500332220485792,0.6500332220485792,0.056511089553980653,1,9.615805480084347,1.0,16,10,mejora
51193,honor 8x,1.0,0.30078518014914984,0.9068250379649666,0.9068250379649666,0.09317496203503339,2,7.688079153114471,1.0,16,5,mejora
51234,hookah,1.0,1.0,1.0,1.0,0.0,1,8.36304251158898,1.0,15,15,empata
51275,hordes of chaos,1.0,1.0,0.8643145546088339,1.0,0.0,3,7.954032984713692,1.0,40,12,empata
51283,hormigas veneno,0.9363792118010483,0.8611375561264456,0.9305687780632229,0.9305687780632229,0.005810433737825416,2,9.15766011414727,1.0,16,15,mejora
51293,horno gas butano,0.72891152902702,0.6804503724350792,0.6871952210980249,0.6871952210980249,0.04171630792899517,3,6.191651629397055,1.0,16,12,mejora
51300,hornos industriales,0.521740333252319,0.23622204575576317,0.3175737776606231,0.3175737776606231,0.20416655559169594,2,8.36304251158898,0.0,40,9,mejora
51301,hornos integrados cocina cajones telescopico,0.9047172294870751,0.13905617951077562,0.7226387152952866,0.7226387152952866,0.18207851419178855,5,7.130856235809761,0.2,16,4,mejora
51307,horquilla fox float,0.727329844310522,0.4260276605334036,0.6363762929310756,0.6363762929310756,0.09095355137944638,3,8.45411252487006,1.0,39,13,mejora
51476,hot wheels coches,0.9305687780632229,0.5309999066793253,0.7877736340270853,0.7877736340270853,0.14279514403613758,3,6.589137523334955,1.0,16,10,mejora
51656,hoz mango largo,0.42914113378860663,0.39327839964630634,0.7058075148678529,0.7058075148678529,-0.27666638107924624,3,6.897662709137648,1.0,39,12,empeora
51734,hp omen,0.5462574254588146,0.6659485553357845,0.88995411685096,0.88995411685096,-0.3436966913921454,2,6.408666333308967,1.0,16,13,empeora
51737,hp omen sobremesa,0.5147714448836774,0.975788054854922,0.8248239677678635,0.975788054854922,-0.4610166099712446,3,6.1185335675988535,1.0,40,5,empeora
51749,hp portátil,1.0,1.0,1.0,1.0,0.0,2,4.093956712688264,1.0,40,25,empata
51786,hp zbook x2,0.6739577727076379,0.6601396023754075,0.4364597551790087,0.6601396023754075,0.013818170332230428,3,6.7661446421157985,1.0,25,5,mejora
51798,hpe ssd,1.0,1.0,1.0,1.0,0.0,2,6.617579435774838,1.0,39,19,empata
51842,huawei g8,1.0,0.3010299956639812,1.0,1.0,0.0,2,6.190213016337475,1.0,16,1,empata
51850,huawei mate 30 pro,0.7328286204777911,0.6797310500037655,0.7122630665145961,0.7122630665145961,0.020565553963194927,4,4.5282083412206156,1.0,16,3,mejora
51882,huawey p 30 pro,1.0,0.6846006209336564,0.8491920179987479,0.8491920179987479,0.15080798200125212,4,6.090835254410752,0.25,16,9,mejora
51926,hueso para cachorros,0.9971876401972103,0.6797184004964701,0.845519325279726,0.845519325279726,0.15166831491748434,3,5.336481518400809,1.0,15,9,mejora
51961,hughes and kettner,0.9363792118010483,0.9363792118010483,0.9305687780632229,0.9363792118010483,0.0,3,8.542846871794948,1.0,14,13,empata
51963,hugo boss perfume hombre,1.0,1.0,1.0,1.0,0.0,4,6.02530189775324,0.75,16,16,empata
51982,hule gris rectangular,0.7877736340270853,1.0,0.8486026589039901,1.0,-0.21222636597291467,3,6.172680143322623,1.0,40,32,empeora
52026,humidificadores,1.0,1.0,1.0,1.0,0.0,1,9.615805480084347,1.0,15,15,empata
52525,i12,1.0,1.0,1.0,1.0,0.0,1,8.922658299524402,1.0,16,12,empata
52533,i7 gaming,0.8389574121760603,0.8364586133797037,0.5797827732044221,0.8364586133797037,0.002498798796356616,2,4.837733512071207,1.0,40,18,mejora
52536,i7 portatil lenovo,1.0,0.4016049330257502,1.0,1.0,0.0,3,5.441399245472559,0.6666666666666666,40,13,empata
52547,i9 mini pc,1.0,0.6581810421830975,0.9052116356304495,0.9052116356304495,0.09478836436955052,3,5.209229392405699,1.0,39,16,mejora
52548,i9 pc,0.9052116356304495,1.0,0.8263333286520084,1.0,-0.09478836436955052,2,6.007267216815647,1.0,40,23,empeora
52790,ilford 35mm blanco y negro,0.3562071871080222,0.0,0.3010299956639812,0.3010299956639812,0.055177191444040985,5,4.404854849077313,0.2,16,1,mejora
52806,iluminacion bajo muebles de cocina sin cable,0.5531464700081437,0.7682972668889274,0.27727342735504823,0.7682972668889274,-0.21515079688078376,7,4.285870121685578,0.7142857142857143,16,5,empeora
52810,iluminadores de maquillaje,1.0,0.44967985513709063,0.8458581824477313,0.8458581824477313,0.15414181755226875,3,5.12079702568862,0.6666666666666666,16,7,mejora
52811,ilusive london,1.0,1.0,1.0,1.0,0.0,2,8.560698879911053,0.5,16,12,empata
52866,imitacion moldura,1.0,0.3562071871080222,1.0,1.0,0.0,2,9.413072926030265,0.0,16,1,empata
52902,impresion 3d,0.7233035367188455,0.625451942083685,0.45734567087855327,0.625451942083685,0.09785159463516047,2,7.397429712902783,1.0,16,8,mejora
52906,impresora camisetas,0.6774944350794183,0.5943907508440193,0.41319093293015385,0.5943907508440193,0.08310368423539904,2,6.021976898026869,1.0,15,6,mejora
52909,impresora fotografica profesional,0.7975167679274939,0.628164947569372,0.8603818544462509,0.8603818544462509,-0.062865086518757,3,6.8112691883644585,0.3333333333333333,16,10,empeora
52918,impresora para el movil,1.0,1.0,0.77990823370192,1.0,0.0,4,3.960676689967425,0.75,16,15,empata
52929,imprimir fotos online,0.8521705090845474,0.469736890055382,0.6969179698201176,0.6969179698201176,0.15525253926442983,3,7.133416026884333,0.3333333333333333,28,11,mejora
52933,imán cuchillos de cocina sin tornillos,1.0,1.0,0.9216017310213247,1.0,0.0,6,4.527069413239102,1.0,40,34,empata
53044,indiana jones,0.7815683063664048,0.6608850241063915,0.7935180200065873,0.7935180200065873,-0.011949713640182491,2,8.037305269509291,1.0,16,6,empeora
53135,infaillible 24 fresh to wear base de maquillaje compacto,0.7809509050749017,0.6739577727076379,0.7618017901203944,0.7618017901203944,0.01914911495450733,9,5.7786707295095745,0.5555555555555556,15,5,mejora
53137,infancia la edad sagrada,1.0,1.0,1.0,1.0,0.0,4,6.486773587875927,1.0,12,1,empata
53291,infrarrojos sauna,0.8611375561264456,0.9148568823583791,1.0,1.0,-0.1388624438735544,2,7.437451066739551,1.0,40,34,empeora
53349,inman home,0.9911205770005563,1.0,0.9878316351280036,1.0,-0.008879422999443665,2,7.4216768878720885,1.0,40,7,empeora
53352,inmotion v5f,0.7456919575934262,0.5499887725471477,0.4141233842675174,0.5499887725471477,0.19570318504627848,2,9.15766011414727,1.0,30,6,mejora
53481,instax,0.7100226348397881,1.0,0.599976751690748,1.0,-0.2899773651602119,1,6.907755278982137,1.0,16,13,empeora
53581,interbios sandalias mujer 42,0.9363792118010483,0.6274092458891773,1.0,1.0,-0.06362078819895167,4,6.003222609770394,1.0,39,11,empeora
53625,interruptor wifi sin neutro sonoff,0.7312625444731049,0.7917063341896683,0.92663607790064,0.92663607790064,-0.19537353342753505,5,5.402769034637672,1.0,40,20,empeora
53734,ionizador sin ozono,0.9363792118010483,0.9363792118010483,0.6434035614033738,0.9363792118010483,0.0,3,6.304183784008219,1.0,39,25,empata
53740,ios audio interface,0.8301054527851841,0.8909510095528637,0.9752652438087496,0.9752652438087496,-0.14515979102356547,3,6.514255462935373,1.0,16,8,empeora
53757,ip65 caja,1.0,1.0,1.0,1.0,0.0,2,5.140393206658971,1.0,16,16,empata
53853,ipad hdmi,1.0,1.0,1.0,1.0,0.0,2,5.037810591471296,1.0,16,16,empata
53990,iphone 11,1.0,0.0,0.5012658353418871,0.5012658353418871,0.49873416465811293,2,4.438364683818001,1.0,16,2,mejora
54095,iphone 11 pro max templado,0.8276904491046954,0.8270433092474515,0.4110993609507533,0.8270433092474515,0.0006471398572438503,5,4.536386644522328,1.0,19,4,mejora
54106,iphone 11 screen protector,1.0,1.0,1.0,1.0,0.0,4,4.994828186854641,1.0,15,15,empata
54144,iphone 6 16gb nuevo,0.6131471927654584,0.6131471927654584,0.3065735963827292,0.6131471927654584,0.0,4,4.438282140196824,0.5,40,2,empata
54212,iphone 7 32gb,1.0,0.7641675933748661,0.9292442392789195,0.9292442392789195,0.07075576072108047,3,4.492746213724166,1.0,16,9,mejora
54249,iphone 7 plus,1.0,0.9895948844467957,0.9971876401972103,0.9971876401972103,0.00281235980278971,3,4.111456586972089,1.0,16,9,mejora
54319,iphone 8 fundas,1.0,1.0,1.0,1.0,0.0,3,4.271688323172474,1.0,16,16,empata
54327,iphone 8 plus,1.0,0.8643145546088339,1.0,1.0,0.0,3,3.9908904946151034,1.0,16,11,empata
54538,iphone x 64 gb,0.8899603164338973,0.49256861998650303,0.9267582364714125,0.9267582364714125,-0.03679792003751525,4,4.10743291888599,0.5,16,4,empeora
54575,iphone xr 128gb,1.0,0.9709286432396583,0.8547529378296287,0.9709286432396583,0.02907135676034167,3,5.264822483911023,1.0,16,4,mejora
54576,iphone xr 128gb blanco,1.0,1.0,1.0,1.0,0.0,4,4.64283299220891,1.0,16,1,empata
54818,ipone7 plus,1.0,0.6898511839334867,0.9930783166417602,0.9930783166417602,0.0069216833582398385,2,7.395952606954067,0.5,16,6,mejora
54859,irimo herramientas,0.9337457765456111,0.7510916729774055,0.9337457765456111,0.9337457765456111,0.0,2,7.305776080843426,1.0,16,10,empata
54862,iris & lilly sujetador sin aros,0.92663607790064,0.8389574121760603,0.5711601909662337,0.8389574121760603,0.08767866572457961,5,5.130866325866102,1.0,39,19,mejora
54958,irrigador bucal,1.0,1.0,1.0,1.0,0.0,2,6.998916057379114,1.0,16,16,empata
54962,irrigadores bucales,1.0,1.0,1.0,1.0,0.0,2,8.608353969813216,0.5,16,16,empata
54988,ise cinta de correr,0.6728499236252581,0.6700375638224682,0.7767471075223498,0.7767471075223498,-0.10389718389709168,4,4.797794120980987,1.0,40,9,empeora
54995,isla auxiliar cocina,1.0,1.0,1.0,1.0,0.0,3,5.95361213690228,0.6666666666666666,16,16,empata
55003,iso energy,0.7471589728148226,0.5766692999492191,0.6086182388744241,0.6086182388744241,0.13854073394039845,2,6.978025290371637,1.0,40,12,mejora
55049,it follows,1.0,1.0,1.0,1.0,0.0,2,8.405621415759132,1.0,15,14,empata
55099,itelco vascula,0.3026024134988135,0.3900741276002217,0.5151254397262444,0.5151254397262444,-0.21252302622743086,2,10.308952660644293,0.0,34,6,empeora
55207,iwc relojes,1.0,0.2082732806320161,0.9216017310213247,0.9216017310213247,0.0783982689786753,2,8.59195905840172,1.0,40,18,mejora
55263,jabon acido salicilico,0.2640681225725909,0.20438239758848611,0.23719771276929622,0.23719771276929622,0.026870409803294665,3,8.57796704368089,0.0,25,2,mejora
55268,jabon de manos sin aclarado,0.5580759111248786,0.33798414482679845,0.47870393709728004,0.47870393709728004,0.0793719740275986,5,5.031546000867305,0.8,40,13,mejora
55269,jabon de manos sin perfume,0.9148568823583791,0.46111430781719365,0.6364741801035539,0.6364741801035539,0.2783827022548252,5,4.595301153669349,1.0,40,23,mejora
55271,jabon sin perfume,0.9363792118010483,0.8630152897016883,0.8669479898642711,0.8669479898642711,0.0694312219367772,3,5.722681589215717,1.0,40,15,mejora
55287,jabón barba hombre,0.8415908474314977,0.6242322474067891,0.857980942822373,0.857980942822373,-0.016390095390875326,3,5.197651002199179,1.0,16,11,empeora
55289,jabón sin detergente,1.0,0.5,0.0,0.5,0.5,3,5.340726531376164,0.3333333333333333,40,1,mejora
55416,jamon navidul iberico,0.843537875344446,0.781651097425878,0.9818483242455303,0.9818483242455303,-0.13831044890108424,3,9.711699504234941,0.3333333333333333,16,5,empeora
55417,jamoneros baratos,0.9337457765456111,0.92663607790064,0.9216017310213247,0.92663607790064,0.00710969864497113,2,9.026477981913525,0.0,16,15,mejora
55419,jamón trevelez,0.7322538581500238,0.2529427027676571,0.647939623894138,0.647939623894138,0.0843142342558858,2,9.110005024245108,1.0,39,8,mejora
55511,jaquetas hombre todo barata,1.0,0.13698471029831177,0.5181001594748444,0.5181001594748444,0.48189984052515555,4,6.794802436163328,0.25,40,28,mejora
55518,jarron decorativo,0.9363792118010483,0.9305687780632229,1.0,1.0,-0.06362078819895167,2,8.191899408345662,0.5,16,14,empeora
55559,jaula pedros 60 cm,0.8550956239938449,0.6020941629041775,0.6020941629041775,0.6020941629041775,0.25300146108966737,4,5.856210555915831,1.0,40,9,mejora
55562,jaulas para perros,1.0,1.0,1.0,1.0,0.0,3,5.185819810486457,0.6666666666666666,16,15,empata
55613,jbl charge xtreme,1.0,0.6563033086078547,1.0,1.0,0.0,3,7.714544655198947,1.0,16,11,empata
55797,jenga madera,0.8701249883466594,0.7019727018777485,0.6936634693435664,0.7019727018777485,0.1681522864689109,2,6.727753911966434,1.0,16,10,mejora
55817,jeringuilla 10ml,0.9337457765456111,0.7183424120903082,0.9148568823583791,0.9148568823583791,0.01888889418723194,2,8.661034227642128,1.0,16,10,mejora
55835,jersey de harry potter mujer,0.8468274504638792,0.6903339105049512,0.5749496567222399,0.6903339105049512,0.156493539958928,5,4.22363826380061,1.0,16,7,mejora
55839,jersey hombre invierno,0.8364586133797037,0.7975167679274939,0.77990823370192,0.7975167679274939,0.0389418454522098,3,4.4821240540266905,1.0,16,14,mejora
55844,jersey mujer tallas grandes,0.7728378251807521,0.6214990811334173,0.6500332220485792,0.6500332220485792,0.1228046031321729,4,4.944540380276427,0.5,16,11,mejora
55846,jersey negro oversize,0.7065443116025598,0.7264127302306637,0.8482378089219648,0.8482378089219648,-0.14169349731940495,3,5.510538444149451,1.0,40,27,empeora
55851,jersey sin mangas mujer,1.0,1.0,0.92663607790064,1.0,0.0,4,4.15147363991514,1.0,40,23,empata
55879,jesus huerta de soto,0.6266634044003,0.6755184993100496,0.6659422005959307,0.6755184993100496,-0.0488550949097496,4,7.670494757951602,1.0,16,9,empeora
55887,jet juguete,0.8318477135310892,0.6652907408280684,0.5215784827120727,0.6652907408280684,0.16655697270302083,2,5.983178038686635,1.0,39,20,mejora
55967,jezz burning,0.7573821447149967,0.7885497208855957,0.713308065210993,0.7885497208855957,-0.031167576170599065,2,9.962379070364321,1.0,33,19,empeora
55972,jhonny walker whisky,1.0,1.0,1.0,1.0,0.0,3,8.369915607323223,0.6666666666666666,40,30,empata
56024,jiu jitsu libro,1.0,1.0,1.0,1.0,0.0,3,8.104938982366596,1.0,16,15,empata
56086,jodida blanca navidad,0.4703652827859579,0.48522855511632257,0.45221360703148816,0.48522855511632257,-0.014863272330364663,3,6.589707616399064,1.0,35,5,empeora
56123,john cage the seasons,0.6340499455108034,0.4508533838815827,0.4716276524567204,0.4716276524567204,0.162422293054083,4,7.373610921299859,0.5,15,3,mejora
56193,johnsons aceite de bebé,1.0,0.7670273914429266,0.9052116356304495,0.9052116356304495,0.09478836436955052,4,4.899014752795636,1.0,40,19,mejora
56211,jojo clothes,0.5926825204089029,0.791726719367984,0.8603818544462509,0.8603818544462509,-0.267699334037348,2,9.413072926030265,1.0,40,16,empeora
56313,joseph conrad english,0.8050310013659313,0.6119720699899832,0.6029012095266041,0.6119720699899832,0.1930589313759481,3,8.865374880548849,1.0,16,9,mejora
56372,joyería personalizada,0.8603818544462509,0.4736695902179648,0.7827392871477703,0.7827392871477703,0.07764256729848062,2,6.38253875450342,0.5,16,10,mejora
56391,juan llorca sin dientes y a bocados,0.7227265726449519,0.6661998717660157,0.7227265726449519,0.7227265726449519,0.0,7,5.816331297819479,0.7142857142857143,37,5,empata
56419,juego cortina y alfombra baño,1.0,0.9052116356304495,1.0,1.0,0.0,5,4.189175579780779,1.0,39,28,empata
56426,juego de magia niños 6 años,1.0,0.77990823370192,0.88995411685096,0.88995411685096,0.11004588314903996,6,3.5061837330169308,0.8333333333333334,16,15,mejora
56429,juego de mesa quarto,0.6934264036172708,1.0,0.9197207891481876,1.0,-0.3065735963827292,4,4.67801954697039,1.0,16,2,empeora
56438,juego forza horizon 4 pc,0.9325210919548239,0.6653497124326151,0.5833416105149332,0.6653497124326151,0.2671713795222088,5,5.699975744588878,0.8,40,3,mejora
56439,juego fruta madera,1.0,0.9052116356304495,0.92663607790064,0.92663607790064,0.07336392209936005,3,4.733561804195732,1.0,16,11,mejora
56447,juego para fiestas infantil,0.4367467095119258,0.4860089900278708,0.9060254355346823,0.9060254355346823,-0.4692787260227565,4,3.579363505712097,0.5,16,3,empeora
56449,juego ps4 nba 2k20,0.8485833840018,0.5307430968653729,0.5051791985607764,0.5307430968653729,0.3178402871364271,4,6.993902227709473,0.5,12,4,mejora
56453,juegos,1.0,1.0,1.0,1.0,0.0,1,5.0156478359198,0.0,10,10,empata
56455,juegos altas capacidades,0.2090493674905264,0.49435723575344837,0.23440650992329992,0.49435723575344837,-0.285307868262922,3,7.268303920239764,1.0,37,14,empeora
56459,juegos de logica quien es quien,0.919261353975986,0.7528479435844877,0.951231200062686,0.951231200062686,-0.03196984608670006,6,6.316878668810891,0.5,15,5,empeora
56463,juegos de mesa para niños,1.0,1.0,1.0,1.0,0.0,5,2.781143904913085,1.0,16,16,empata
56464,juegos de té de porcelana,1.0,1.0,1.0,1.0,0.0,5,3.761925584695122,1.0,40,36,empata
56465,juegos deps4,1.0,0.9052116356304495,0.88995411685096,0.9052116356304495,0.09478836436955052,2,7.662300248282046,0.0,14,13,mejora
56476,juegos para nintendo switch lite,0.5447919799171685,0.18953836965473142,0.18065894665528784,0.18953836965473142,0.3552536102624371,5,4.554545123318691,0.4,15,7,mejora
56485,juguete con sonidobebe 6 meses,0.8357804136936722,0.8630152897016883,0.8200685179888284,0.8630152897016883,-0.027234876008016107,5,4.7589262303584245,0.8,16,13,empeora
56487,juguete don't touch,0.0,1.0,0.31546487678572877,1.0,-1.0,4,5.665720557093051,0.25,16,1,empeora
56488,juguete minnie mouse,1.0,0.8512360941594275,0.9305687780632229,0.9305687780632229,0.06943122193677709,3,5.974670881478239,1.0,40,26,mejora
56490,juguete zapatos niña,0.7000949683025057,0.6528642754944295,0.8603818544462509,0.8603818544462509,-0.1602868861437452,3,4.84992319662124,1.0,16,10,empeora
56491,juguetes,0.3133689519796274,0.6636115608248301,0.5847662916746682,0.6636115608248301,-0.3502426088452027,1,4.608509087253606,0.0,16,8,empeora
56508,juguetes niños 2 años,1.0,1.0,1.0,1.0,0.0,4,3.425041462858119,1.0,16,16,empata
56510,juguetes niños 6 años,0.848793892424921,0.7825367142417473,0.7129980666289261,0.7825367142417473,0.06625717818317367,4,3.5710729009707496,1.0,16,8,mejora
56512,juguetes niños marvel puzzle,0.7778721720600673,0.7573821447149967,0.8669479898642711,0.8669479898642711,-0.08907581780420382,4,5.176769164601096,0.75,16,11,empeora
56518,juguetes perros grandes resistentes,1.0,1.0,1.0,1.0,0.0,4,5.261399653795742,0.75,16,16,empata
56520,juguetes sexuales para mujeres,1.0,1.0,1.0,1.0,0.0,4,4.749759246516848,1.0,16,16,empata
56522,juguétes para bebes,1.0,1.0,1.0,1.0,0.0,3,5.994508527074813,0.3333333333333333,16,16,empata
56626,jungle speed original,0.9181890364255552,0.7365416088600731,0.72471451675439,0.7365416088600731,0.18164742756548202,3,6.585568185244131,0.6666666666666666,16,6,mejora
56662,junta cafetera,1.0,1.0,1.0,1.0,0.0,2,6.395332209767886,1.0,16,16,empata
56663,junta de goma para nevera,1.0,1.0,1.0,1.0,0.0,5,3.98606588990557,1.0,16,16,empata
56665,juntas blancas azulejos,1.0,0.769526190239283,0.9305687780632229,0.9305687780632229,0.06943122193677709,3,6.847619897877706,1.0,39,29,mejora
56720,justfog minikit,0.7791714369672128,0.5462574254588146,0.7015099647232446,0.7015099647232446,0.07766147224396824,2,10.308952660644293,0.5,16,11,mejora
56766,jyoko bolso bebe,0.617319681505689,0.46927872602275644,0.6105456988825855,0.6105456988825855,0.0067739826231035805,3,7.092217025043733,1.0,23,3,mejora
56874,kalandraka minicuentos cinco,1.0,0.8175295903539445,1.0,1.0,0.0,3,9.541424296312945,0.0,14,2,empata
56904,kamino - flam,1.0,1.0,1.0,1.0,0.0,2,9.210340371976184,1.0,16,16,empata
56908,kamvas pro 24 4k,0.48522855511632257,0.4703652827859579,0.639945385422766,0.639945385422766,-0.15471683030644345,4,5.167022667068272,1.0,40,5,empeora
56917,kang and kodos,0.5734923014668308,0.8389574121760603,0.5509662124799076,0.8389574121760603,-0.2654651107092295,3,8.542846871794948,1.0,23,12,empeora
56949,kapsa enchufe,1.0,1.0,1.0,1.0,0.0,2,7.803635013596164,1.0,13,13,empata
56983,karl lagerfeld maquillaje,1.0,0.37800210039683896,0.5706417189553201,0.5706417189553201,0.4293582810446799,3,8.63874089594554,0.6666666666666666,14,2,mejora
57055,kavak cosmetics,0.6238470455881189,0.30798345931689824,0.3936948167222716,0.3936948167222716,0.2301522288658473,2,9.210340371976184,1.0,38,6,mejora
57070,kawasaki versys 650,0.3562071871080222,0.3010299956639812,0.3010299956639812,0.3010299956639812,0.055177191444040985,3,8.801689801627946,1.0,15,1,mejora
57073,kaweco brass sport,1.0,0.9363792118010483,1.0,1.0,0.0,3,8.104938982366596,1.0,16,14,empata
57086,kayak autovaciable,0.9337457765456111,0.7162874455029682,0.8701249883466594,0.8701249883466594,0.06362078819895167,2,8.811086523867298,1.0,40,14,mejora
57193,kelme futbol sala,1.0,1.0,1.0,1.0,0.0,3,7.821739196574768,0.6666666666666666,16,16,empata
57282,keratina sin planchado,0.791726719367984,0.7097402150304355,0.8115558478722846,0.8115558478722846,-0.01982912850430063,3,6.003921602228822,0.6666666666666666,40,15,empeora
57373,kettlebell 24,1.0,1.0,1.0,1.0,0.0,2,7.309484379670951,1.0,16,13,empata
57380,keuco elegance,1.0,1.0,1.0,1.0,0.0,2,9.504233704427243,1.0,16,16,empata
58113,kiehls gel,0.9818483242455303,0.5987171642521193,0.9896062251871525,0.9896062251871525,-0.007757900941622209,2,7.431081553850836,0.5,16,5,empeora
58184,kindle,1.0,0.4647456832249362,1.0,1.0,0.0,1,7.418580902748128,1.0,31,25,empata
58229,kindle paperwhite sin publicidad y con luz,0.7885497208855957,0.8643145546088339,0.7034066032439749,0.8643145546088339,-0.07576483372323817,7,4.778561888233986,1.0,19,11,empeora
58381,kingrack escurreplatos,1.0,0.7467045958894682,1.0,1.0,0.0,2,9.615805480084347,1.0,40,19,empata
58414,kipling bolso,1.0,1.0,1.0,1.0,0.0,2,7.163168090865133,1.0,16,16,empata
58460,kit casa madera jardin grande,0.6967728672917265,0.2521686779156779,0.7359168896506131,0.7359168896506131,-0.03914402235888659,5,4.573993317421812,0.6,40,6,empeora
58462,kit cervezas del mundo,1.0,0.857980942822373,0.9337457765456111,0.9337457765456111,0.06625422345438892,4,5.346758056158762,1.0,40,31,mejora
58465,kit de bicicleta electrica,1.0,1.0,1.0,1.0,0.0,4,3.6700949736072515,1.0,16,15,empata
58471,kit de uñas,0.5,0.5,0.5,0.5,0.0,3,3.0693381148206815,1.0,16,1,empata
58475,kit fibra de vidrio y resina,0.88995411685096,0.7104770117651427,0.8165901947515999,0.8165901947515999,0.07336392209936016,6,3.656632619206126,1.0,40,21,mejora
58483,kit letras resina,1.0,1.0,0.9363792118010483,1.0,0.0,3,5.386251616696163,1.0,40,27,empata
58484,kit limpieza ugg,1.0,0.7470572972323428,1.0,1.0,0.0,3,5.661088534441586,0.6666666666666666,13,8,empata
58487,kit para bebes recien nacidos,0.8669479898642711,0.7631925784528223,0.857980942822373,0.857980942822373,0.008967047041898102,5,5.133798301448886,1.0,40,31,mejora
58488,kit para hacer whisky,0.5914517171388353,0.7015330073607993,0.5686621756770357,0.7015330073607993,-0.110081290221964,4,4.318011860994942,1.0,16,7,empeora
58497,kit solares para casas de campo,1.0,0.9148568823583791,1.0,1.0,0.0,6,4.660788302319994,1.0,40,35,empata
58498,kit starter acrilico,0.5543110021543998,0.4136877383108716,0.58341868454383,0.58341868454383,-0.02910768238943018,3,6.301659547943152,0.6666666666666666,16,5,empeora
58499,kit tapizado techo coche,1.0,0.06362078819895173,1.0,1.0,0.0,4,5.0193285908030525,0.75,40,18,empata
58501,kit uñas profesional completo,1.0,1.0,1.0,1.0,0.0,4,4.579069225662612,1.0,40,37,empata
58708,kitkat,1.0,0.92663607790064,1.0,1.0,0.0,1,10.308952660644293,1.0,16,12,empata
58710,kits motor electrico coche,0.45379693233402835,0.1588714315372696,0.3525683241217281,0.3525683241217281,0.10122860821230023,4,5.447943451292211,0.75,39,9,mejora
58736,kktalina,0.41183384043543503,0.36181498356361597,0.41183384043543503,0.41183384043543503,0.0,1,10.308952660644293,0.0,10,2,empata
58779,kmax concealing color spray,0.8451426945798564,0.8152568591281436,0.7730997420002009,0.8152568591281436,0.02988583545171275,4,7.30054413799675,1.0,16,8,mejora
59002,kong,0.77990823370192,0.6410457898283654,1.0,1.0,-0.22009176629808003,1,8.229511118964457,1.0,16,13,empeora
59084,kpop albums the perfect red velvet,1.0,0.5,0.6309297535714575,0.6309297535714575,0.36907024642854247,6,7.259735933743701,0.6666666666666666,16,1,mejora
59132,krom kernel,1.0,1.0,0.5,1.0,0.0,2,9.413072926030265,1.0,16,1,empata
59155,ktm 525,0.0,0.5,0.5,0.5,-0.5,2,10.308952660644293,1.0,16,1,empeora
59182,kung fu panda christmas,0.22018418776246548,0.4492477985243745,0.2558209594125084,0.4492477985243745,-0.22906361076190904,4,8.305368726319436,1.0,40,7,empeora
59202,kvd vegan beauty,0.7536526491624604,0.4935232796777482,0.7377032386053668,0.7377032386053668,0.015949410557093646,3,8.46580963147382,1.0,39,6,mejora
59304,l736h,0.3661148839678423,0.0,0.3541137753347476,0.3541137753347476,0.012001108633094726,1,10.308952660644293,0.0,36,5,mejora
59306,l_arginina,1.0,1.0,1.0,1.0,0.0,1,10.308952660644293,0.0,16,16,empata
59308,la biblia cristiana,0.541343095843681,0.45789735943616816,0.3314260080523396,0.45789735943616816,0.08344573640751285,3,6.712650453729894,0.6666666666666666,16,8,mejora
59319,la cie thunderbolt,0.9337457765456111,0.5887498202463202,0.7859162856301584,0.7859162856301584,0.14782949091545272,3,6.7571609179380685,0.6666666666666666,40,18,mejora
59322,la coste sudadera,1.0,1.0,1.0,1.0,0.0,3,5.969611140025836,0.3333333333333333,16,16,empata
59330,la equinacea,1.0,0.9337457765456111,1.0,1.0,0.0,2,6.503526265446667,1.0,38,27,empata
59334,la fantástica piedra blanca,0.841492960259019,0.7605591431973849,0.8415908474314977,0.8415908474314977,-9.78871724787167e-05,4,5.714265627412829,1.0,39,14,empeora
59341,la hija de vercingetorix,1.0,1.0,1.0,1.0,0.0,4,5.421207970072816,1.0,16,1,empata
59343,la importancia del sexo,0.8207658584763088,0.4521844746141331,0.7227265726449519,0.7227265726449519,0.0980392858313569,4,5.96027469677533,1.0,33,5,mejora
59344,la interacción del color,0.6049306994552042,0.46927872602275644,0.2960819109658652,0.46927872602275644,0.13565197343244773,4,4.505768073816608,0.75,39,3,mejora
59347,la la land vinyl,0.8175295903539445,1.0,0.38685280723454163,1.0,-0.18247040964605554,4,5.352233718949644,0.75,37,2,empeora
59365,la mujer que no envejecía,0.6105456988825855,0.6257049680303419,0.23463936301137822,0.6257049680303419,-0.015159269147756449,5,4.990719001937961,1.0,17,3,empeora
59368,la ovejita que vino a cenar pequeñas manitas,0.9197207891481876,0.8315546295836225,0.7977228895450266,0.8315546295836225,0.08816615956456508,8,6.353981181266169,1.0,17,2,mejora
59371,la primera purga,1.0,0.8237523265073413,0.9963488021549354,0.9963488021549354,0.0036511978450646243,3,6.136910137699733,1.0,12,8,mejora
59374,la psicologia del fotografo,1.0,0.6309297535714575,1.0,1.0,0.0,4,6.254938445860742,0.5,14,1,empata
59378,la roche posay 50,1.0,1.0,1.0,1.0,0.0,4,5.9226382992527675,1.0,16,16,empata
59388,la serpiente sin ojos,1.0,1.0,1.0,1.0,0.0,4,4.7862906645857,1.0,39,1,empata
59506,laco relojes,0.92663607790064,0.8165901947515999,1.0,1.0,-0.07336392209936005,2,8.59195905840172,1.0,40,32,empeora
59632,lagrimas hidratantes,1.0,0.9305687780632229,0.857980942822373,0.9305687780632229,0.06943122193677709,2,10.308952660644293,0.5,40,29,mejora
59673,laminas decorativas para enmarcar,1.0,1.0,1.0,1.0,0.0,4,6.375547485632387,1.0,16,16,empata
59716,lampara de pie led salon,1.0,1.0,1.0,1.0,0.0,5,4.5268811086690075,1.0,16,16,empata
59717,lampara de pie salon,1.0,1.0,1.0,1.0,0.0,4,4.86923458665137,1.0,16,16,empata
59722,lampara escritorio led usb,1.0,1.0,1.0,1.0,0.0,4,4.526069634498868,1.0,16,16,empata
59723,lampara estilo retro industrial 40,1.0,1.0,1.0,1.0,0.0,5,5.404006120306062,0.8,16,16,empata
59724,lampara estudio bateria,1.0,1.0,1.0,1.0,0.0,3,6.52752929433093,0.6666666666666666,16,16,empata
59725,lampara exterior sin cables,0.9363792118010483,0.73855677575495,0.7084409501232901,0.73855677575495,0.19782243604609828,4,4.864806400760962,1.0,39,22,mejora
59726,lampara focos techo blanco,1.0,1.0,1.0,1.0,0.0,4,5.431577146376898,1.0,40,36,empata
59734,lampara mesa dibujo,1.0,0.7041249493150388,0.8816172070446371,0.8816172070446371,0.11838279295536291,3,5.642875315717774,1.0,16,7,mejora
59736,lampara mesita con tulipa azul,0.6309297535714575,0.43067655807339306,0.6309297535714575,0.6309297535714575,0.0,5,5.486857950389123,0.4,16,1,empata
59742,lampara rayos uva bronceadora,0.6530488081313036,0.6594803070902427,0.6835381846158709,0.6835381846158709,-0.030489376484567288,4,7.849615723136397,1.0,40,20,empeora
59744,lampara solar exterior,0.5518331289811786,0.35853358850813305,0.5051284895111403,0.5051284895111403,0.046704639470038334,3,5.4740694216020644,0.3333333333333333,16,3,mejora
59745,lampara techo bluetooth altavoz,1.0,1.0,1.0,1.0,0.0,4,5.249023946815468,1.0,16,15,empata
59749,lamparas bebe techo,1.0,1.0,0.92663607790064,1.0,0.0,3,6.195512858238551,0.3333333333333333,16,15,empata
59750,lamparas bebes,1.0,1.0,1.0,1.0,0.0,2,7.248803951168817,0.0,16,16,empata
59777,lana de roca,0.9363792118010483,1.0,0.9363792118010483,1.0,-0.06362078819895167,3,4.7872530655859835,1.0,16,10,empeora
59851,lanzapelotas tenis,0.92663607790064,0.4736695902179648,0.7065443116025598,0.7065443116025598,0.22009176629808014,2,8.545772398336211,0.5,39,22,mejora
60215,las promesas de dios,0.9363792118010483,0.8611375561264456,0.7846170207230131,0.8611375561264456,0.07524165567460273,4,6.094840014015375,1.0,37,19,mejora
60217,las seis grandes emociones,0.6364391809889587,0.46927872602275644,0.46927872602275644,0.46927872602275644,0.16716045496620224,4,6.4451201019231785,1.0,39,3,mejora
60221,laser co2 corte,0.7728378251807521,0.5708588662113935,0.6969179698201176,0.6969179698201176,0.0759198553606345,3,6.517961492463365,1.0,40,17,mejora
60223,laser con linterna,0.15130120674940675,0.3936948167222716,0.33357335352434897,0.3936948167222716,-0.24239360997286483,3,4.699500476368578,0.6666666666666666,40,6,empeora
60292,last kings ropa,0.6563033086078547,0.685119869332369,0.793584067764911,0.793584067764911,-0.1372807591570563,3,7.598246402992356,1.0,16,12,empeora
60302,lata aluminio redonda,1.0,1.0,1.0,1.0,0.0,3,5.934181502401645,1.0,16,16,empata
60409,lavaaspiradora,0.8255857570917466,0.5341137071675278,0.735859901420367,0.735859901420367,0.0897258556713797,1,10.308952660644293,0.0,16,8,mejora
60410,lavabo inox,0.6509209298071326,0.5012658353418871,0.37800210039683896,0.5012658353418871,0.1496550944652455,2,6.367417984991416,0.5,16,2,mejora
60416,lavado coche sin agua,0.9363792118010483,0.7162874455029682,0.7967610662472993,0.7967610662472993,0.13961814555374907,4,4.243697424142054,1.0,37,16,mejora
60418,lavadora sin electricidad,0.8512360941594275,0.6601585067762745,0.7084409501232901,0.7084409501232901,0.14279514403613736,3,5.95733428810377,1.0,40,13,mejora
60426,lavamanos roca,0.854105797972385,0.5032251913410369,0.6533933590057491,0.6533933590057491,0.20071243896663582,2,7.741053442119162,1.0,16,4,mejora
60430,lavavajilla balay,1.0,0.9052116356304495,1.0,1.0,0.0,2,8.464512933587324,1.0,16,14,empata
60524,layton switch,0.9066276098484507,0.9674679834891693,0.9134015924715543,0.9674679834891693,-0.06084037364071859,2,7.502388607450257,1.0,16,3,empeora
60527,lazaros,1.0,0.6934264036172708,0.6240505200038379,0.6934264036172708,0.3065735963827292,1,10.308952660644293,0.0,14,2,mejora
60542,laço homem,0.2807081466403135,0.09791292534996782,0.3507976617709747,0.3507976617709747,-0.0700895151306612,2,10.308952660644293,0.0,35,7,empeora
60831,lechada juntas de baño,0.92663607790064,0.3863474142462609,0.7655934900767002,0.7655934900767002,0.16104258782393976,4,5.14966826317361,1.0,39,28,mejora
60835,leche de oveja ecologica,1.0,1.0,1.0,1.0,0.0,4,5.586876869301365,0.75,16,1,empata
60839,leche soja sin azucar,0.8572048559638626,0.5637884576902257,0.8364586133797037,0.8364586133797037,0.020746242584158914,4,5.644128269543911,0.75,40,14,mejora
60842,lecitina de soja polvo,0.6780494608112013,0.6969383549984333,0.39956887138389763,0.6969383549984333,-0.01888889418723194,4,5.489442917751461,1.0,39,16,empeora
60853,led 3mm,1.0,1.0,1.0,1.0,0.0,2,5.379184828140819,1.0,16,16,empata
60889,led de suelo,1.0,0.7264127302306637,0.9052116356304495,0.9052116356304495,0.09478836436955052,3,3.173412977714962,1.0,16,11,mejora
60981,led mirror light,0.9148568823583791,1.0,1.0,1.0,-0.08514311764162086,3,5.512531442034899,1.0,39,35,empeora
61008,led r7s luz fria,1.0,1.0,1.0,1.0,0.0,4,6.136890726482135,1.0,16,16,empata
61068,led verde exterior,0.7885497208855957,0.7222954974312067,0.6180396628416766,0.7222954974312067,0.06625422345438903,3,3.956639532363863,1.0,39,11,mejora
61089,leds coche maletero,1.0,0.9216017310213247,0.9363792118010483,0.9363792118010483,0.06362078819895167,3,5.93062814927129,1.0,40,36,mejora
61107,lee,1.0,1.0,1.0,1.0,0.0,1,8.36304251158898,1.0,16,16,empata
61125,leer el mundo,1.0,1.0,1.0,1.0,0.0,3,5.514587822128001,1.0,16,1,empata
61180,leggin del caballo,0.9674679834891693,0.3044671974905181,0.7122630665145961,0.7122630665145961,0.25520491697457315,3,6.572988075916515,0.3333333333333333,16,3,mejora
61204,leggins encerados,0.7215194105726963,0.7818048722226502,0.7849818707050383,0.7849818707050383,-0.06346246013234202,2,8.86376678169621,0.5,16,10,empeora
61206,leggins termicos mujer sin costuras,0.7534494445524139,0.7819835854675756,0.7721596254947204,0.7819835854675756,-0.02853414091516171,5,5.333828580982943,1.0,40,26,empeora
61211,leging,1.0,0.8611375561264456,1.0,1.0,0.0,1,10.308952660644293,1.0,16,15,empata
61217,lego,1.0,1.0,1.0,1.0,0.0,1,6.437751649736401,1.0,28,12,empata
61250,lego central perk,1.0,0.3562071871080222,1.0,1.0,0.0,3,7.490229830784805,1.0,16,1,empata
61301,lego harry poter,1.0,1.0,1.0,1.0,0.0,3,7.557876778783701,0.6666666666666666,16,16,empata
61339,lego pistolas para montar,0.09803928583135704,0.3391602052736161,0.7130329901830805,0.7130329901830805,-0.6149937043517235,4,5.486485008047247,0.5,40,5,empeora
61343,lego porche,0.7041249493150388,0.44922418781790907,0.6977883981690651,0.6977883981690651,0.006336551145973646,2,7.174404518791162,0.5,16,7,mejora
61467,lenceria blanca sexy mujer,0.8611375561264456,0.9363792118010483,1.0,1.0,-0.1388624438735544,4,5.460586883790146,0.75,40,31,empeora
61469,lenceria erótica mujer,1.0,1.0,1.0,1.0,0.0,3,6.254411217555847,1.0,16,16,empata
61498,lenovo legion y520,0.7751482523375256,0.6159929108925155,0.870608685426993,0.870608685426993,-0.09546043308946739,3,7.729456619812744,1.0,16,6,empeora
61531,lente canon 35mm,0.7753366239771086,0.727329844310522,0.6028078051365984,0.727329844310522,0.04800677966658662,3,6.152294597538774,1.0,40,16,mejora
61532,lente ultra gran angular,1.0,1.0,1.0,1.0,0.0,4,5.468030127603185,1.0,40,36,empata
61533,lentejas sin gluten,1.0,1.0,1.0,1.0,0.0,3,5.983713394956678,1.0,40,25,empata
61535,lentes de contacto de colores,1.0,1.0,1.0,1.0,0.0,5,3.553042450742759,1.0,16,16,empata
61538,lentes sony montura e,0.6840182226156366,0.20641593223508908,0.06362078819895173,0.20641593223508908,0.4776022903805475,4,5.399547236351264,0.75,40,17,mejora
61608,lesbian flag,0.6383504127205318,0.7326752083234244,0.8696762340896294,0.8696762340896294,-0.23132582136909752,2,9.335997586116637,1.0,16,6,empeora
61611,lesly muñeca de famosa,0.0,0.0,0.0,0.0,0.0,4,5.687583752588024,0.0,37,1,empata
61625,letibalm,1.0,0.8701249883466594,1.0,1.0,0.0,1,10.308952660644293,1.0,15,11,empata
61679,levadura de cerveza sin gluten,0.627507133061656,0.6136525857537394,0.7967610662472993,0.7967610662472993,-0.1692539331856433,5,4.808984396367147,1.0,40,11,empeora
61771,león el africano,1.0,0.7536266569037414,0.9181890364255552,0.9181890364255552,0.08181096357444484,3,6.530263011441849,1.0,16,6,mejora
61795,lg 75 nanocell,0.44830398990253034,0.4449036617480583,0.5186511804016662,0.5186511804016662,-0.0703471904991359,3,6.334665804727678,1.0,40,7,empeora
61802,lg barra de sonido dolby atmos,1.0,0.694765116060299,0.7569021067152311,0.7569021067152311,0.24309789328476894,6,4.788895358145895,1.0,40,12,mejora
61804,lg c9 oled,0.5350178183966501,0.08671382849411974,0.39032290287815236,0.39032290287815236,0.14469491551849772,3,7.378406648282294,0.6666666666666666,39,7,mejora
61810,lg cx48,0.0,0.0,0.0,0.0,0.0,2,7.879046458463456,0.0,40,1,empata
61843,lg nanocell 75,1.0,0.5109559939712153,0.6934264036172708,0.6934264036172708,0.3065735963827292,3,6.334665804727678,1.0,40,2,mejora
61898,lg tv 65 pulgadas 4k,0.9202054614375518,0.9605291479810895,0.8358912271816661,0.9605291479810895,-0.040323686543537685,5,4.728177921368032,1.0,40,8,empeora
61920,lg velvet 5g funda,1.0,0.9305687780632229,0.9216017310213247,0.9305687780632229,0.06943122193677709,4,5.920336394466663,1.0,40,35,mejora
61954,libido mujer aumentar,0.6898286563534622,0.841492960259019,0.7093753650484101,0.841492960259019,-0.15166430390555674,3,6.521337165806618,0.6666666666666666,38,18,empeora
61955,libido sexual mujer aumentar,0.7538142945344394,0.5483327772244703,0.7280855459907166,0.7280855459907166,0.025728748543722757,4,6.791228489240484,1.0,39,12,mejora
61967,libreta,1.0,1.0,1.0,1.0,0.0,1,7.824046010856292,1.0,16,16,empata
61972,libreta trabajo,1.0,0.92663607790064,0.9305687780632229,0.9305687780632229,0.06943122193677709,2,6.541571332125524,1.0,16,14,mejora
61980,libro colorear niños,1.0,1.0,1.0,1.0,0.0,3,4.871618053002905,1.0,16,16,empata
61981,libro con ventanas,1.0,0.7951657524814092,0.8701249883466594,0.8701249883466594,0.1298750116533406,3,4.205971681801686,1.0,16,11,mejora
61984,libro de humo,0.7030861797445797,0.4202024810692814,0.5654495432396527,0.5654495432396527,0.13763663650492697,3,3.9266612891541457,0.6666666666666666,39,4,mejora
61986,libro de recetas freidora sin aceite moulinex,0.21398626473452756,0.0,0.34519134224686937,0.34519134224686937,-0.1312050775123418,7,4.603560759225485,0.5714285714285714,40,5,empeora
61995,libro el corredor del laberinto 2,0.46927872602275644,0.23463936301137822,0.23463936301137822,0.23463936301137822,0.23463936301137822,6,5.197632694220743,0.6666666666666666,31,3,mejora
61998,libro electrónico,1.0,0.4779671403625729,0.9363792118010483,0.9363792118010483,0.06362078819895167,2,5.480670924366034,1.0,32,15,mejora
61999,libro escritura 4 años,0.7164850636933813,0.6402900881481708,0.713654010247531,0.713654010247531,0.002831053445850329,4,4.712531335579105,1.0,37,21,mejora
62002,libro lengua 3 primaria santillana,0.8406229988864187,0.599104806647657,0.4492772756050026,0.599104806647657,0.2415181922387617,5,6.656208813154197,0.8,40,8,mejora
62005,libro pictogramas,1.0,1.0,1.0,1.0,0.0,2,7.349505733507719,1.0,16,16,empata
62018,libros 365 dni trilogía en español,0.8922108454754891,0.6904759031429467,0.8922108454754891,0.8922108454754891,0.0,6,6.352298686948824,0.5,34,6,empata
62021,libros boruto en español,0.7827392871477703,0.6410457898283654,0.9052116356304495,0.9052116356304495,-0.12247234848267918,4,5.710748582780458,0.25,40,17,empeora
62023,libros con grafia para empezar a leer,1.0,0.0,0.43067655807339306,0.43067655807339306,0.5693234419266069,7,5.260513704383867,0.0,16,1,mejora
62025,libros de idelfonso falcones,0.7787672064897213,0.637033973357029,0.6661430444142873,0.6661430444142873,0.11262416207543402,4,6.718829135509022,0.25,14,7,mejora
62029,libros de tercero de la eso ingles,0.6309297535714575,0.43067655807339306,1.0,1.0,-0.36907024642854247,7,5.139132639524758,0.14285714285714285,16,1,empeora
62041,libros padre pio,1.0,0.9337457765456111,0.92663607790064,0.9337457765456111,0.06625422345438892,3,7.710403815199427,0.6666666666666666,16,14,mejora
62047,libros pegatinas niños 4 años,0.8553475075669357,0.8165901947515999,0.5847192329112589,0.8165901947515999,0.03875731281533579,5,4.160701701242187,0.8,15,10,mejora
62048,libros personalizados,1.0,0.77990823370192,1.0,1.0,0.0,2,6.705022724928055,0.5,16,15,empata
62049,libros segunda mano,1.0,1.0,1.0,1.0,0.0,3,6.296007085259539,0.6666666666666666,15,15,empata
62051,libros sin gluten,1.0,1.0,1.0,1.0,0.0,3,4.483776838179923,1.0,40,34,empata
62080,licor horchata,0.7751482523375256,0.8922108454754891,0.8829374068620366,0.8922108454754891,-0.11706259313796352,2,8.545772398336211,1.0,27,6,empeora
62104,lienzo multipanel,1.0,1.0,1.0,1.0,0.0,2,8.170619601136265,0.5,16,16,empata
62105,lienzo sin marco,1.0,0.77990823370192,1.0,1.0,0.0,3,4.460308957983266,1.0,40,37,empata
62107,lienzos new york,1.0,0.77990823370192,1.0,1.0,0.0,3,6.674215547182588,0.6666666666666666,16,15,empata
62109,lierac serum,0.9337457765456111,0.823699893396571,0.9148568823583791,0.9148568823583791,0.01888889418723194,2,8.35294115793022,1.0,16,12,mejora
62304,light novel yen press tapa blanda,0.37566986542073244,0.43199642233783897,0.5210984447123072,0.5210984447123072,-0.1454285792915747,6,7.368119047262524,0.3333333333333333,37,13,empeora
62438,lightning to headphone jack,0.8048109992093391,0.8611375561264456,0.8611375561264456,0.8611375561264456,-0.05632655691710653,4,6.75548000405699,1.0,16,14,empeora
62501,lijas 75 x 533,1.0,0.77990823370192,0.9305687780632229,0.9305687780632229,0.06943122193677709,4,6.471245613025141,1.0,40,34,mejora
62510,lil gleemerz,1.0,1.0,1.0,1.0,0.0,2,10.308952660644293,1.0,16,16,empata
62584,limpiacristales vaporeta,0.6316243658611128,0.3913817611255761,0.857980942822373,0.857980942822373,-0.22635657696126021,2,8.531278629899585,1.0,40,22,empeora
62585,limpiador cocina sin aclarado,0.6835381846158709,0.7788065869851875,0.4615890699208637,0.7788065869851875,-0.09526840236931655,4,5.081312691370564,1.0,40,17,empeora
62593,limpiador pantalla movil,1.0,0.8611375561264456,0.92663607790064,0.92663607790064,0.07336392209936005,3,5.0385462132765975,0.6666666666666666,16,15,mejora
62606,limpieza acero inoxidable,0.8643145546088339,0.67175898907361,0.9363792118010483,0.9363792118010483,-0.07206465719221444,3,4.124562295683968,1.0,16,11,empeora
62704,linterna angulo recto,1.0,1.0,1.0,1.0,0.0,3,7.340561665583164,0.6666666666666666,16,16,empata
62802,liquen artificial,1.0,1.0,0.7534494445524139,1.0,0.0,2,7.645014576249502,1.0,34,15,empata
62850,liquido la pasteleria,0.9550236580992476,0.75369761125927,0.9550236580992476,0.9550236580992476,0.0,3,6.526111857751419,0.3333333333333333,16,4,empata
62873,listerine pocket oacks,0.92663607790064,1.0,1.0,1.0,-0.07336392209936005,3,8.63874089594554,0.6666666666666666,16,13,empeora
63061,liverpool,1.0,1.0,1.0,1.0,0.0,1,9.615805480084347,1.0,16,15,empata
63102,livorno,0.9148568823583791,1.0,1.0,1.0,-0.08514311764162086,1,10.308952660644293,1.0,34,30,empeora
63105,livros em português,0.857980942822373,1.0,1.0,1.0,-0.14201905717762697,3,9.772473356499594,1.0,36,26,empeora
63126,llamta 26,0.9337457765456111,0.9337457765456111,0.9216017310213247,0.9337457765456111,0.0,2,7.784024657019524,0.5,16,12,empata
63127,llave acodada 24,1.0,1.0,1.0,1.0,0.0,3,6.879153992945934,1.0,16,13,empata
63133,llave dinamometrica 1/4,0.8512360941594275,0.7967610662472993,0.8415908474314977,0.8415908474314977,0.009645246727929768,4,5.330828109391157,0.75,31,13,mejora
63139,llavero audi q3,0.8854598815714874,0.5256940434743352,0.431733884398313,0.5256940434743352,0.3597658380971521,3,7.924602115665132,1.0,16,3,mejora
63147,llavero emoji,1.0,0.9337457765456111,1.0,1.0,0.0,2,7.281732987509608,1.0,16,15,empata
63174,lo que el viento se llevo,1.0,1.0,1.0,1.0,0.0,6,5.949546842249229,1.0,16,15,empata
63181,lobo de mar jack london,0.8454256604216018,0.6652907408280684,0.7034066032439749,0.7034066032439749,0.14201905717762697,5,5.568598827985388,1.0,38,14,mejora
63356,lol grande,0.6870165078530993,0.6429235234036081,0.7759944384848245,0.7759944384848245,-0.08897793063172521,2,6.0707670621963015,0.5,39,22,empeora
63367,lol suprise,1.0,1.0,1.0,1.0,0.0,2,8.922658299524402,1.0,16,16,empata
63401,lona cumpleaños,0.16958010263680806,0.8687949224876582,0.43889712265598707,0.8687949224876582,-0.6992148198508501,2,5.422690516635635,0.5,16,5,empeora
63696,loreal corrector ojeras,1.0,0.0,0.4085359184257956,0.4085359184257956,0.5914640815742044,3,7.9891531565996345,0.3333333333333333,40,15,mejora
63705,loreal labial mate,1.0,0.9216017310213247,0.88995411685096,0.9216017310213247,0.0783982689786753,3,7.312554386202744,0.6666666666666666,40,23,mejora
63715,loreto sesma,0.3157774392560288,0.393611844750705,0.6920788373899057,0.6920788373899057,-0.3763013981338769,2,10.308952660644293,0.0,16,7,empeora
63735,los grandes misterios de la historia,0.7129980666289261,0.7932119127470837,0.352839803998538,0.7932119127470837,-0.08021384611815763,6,4.581817639152813,1.0,40,8,empeora
63766,lote de pintalabios,1.0,1.0,1.0,1.0,0.0,3,5.043759785367491,1.0,16,15,empata
63797,louis tomlinson walls,0.9305687780632229,0.77990823370192,0.9148568823583791,0.9148568823583791,0.01571189570484377,3,9.615805480084347,1.0,36,21,mejora
63879,love simon,0.9292442392789195,0.9216514835285049,1.0,1.0,-0.07075576072108047,2,7.447160109668102,1.0,14,9,empeora
63909,lovibond alcalinidad,0.8572048559638626,0.857980942822373,0.92663607790064,0.92663607790064,-0.06943122193677731,2,10.308952660644293,1.0,38,14,empeora
64034,lte laptop,0.3391602052736161,0.1208113026994942,0.45221360703148816,0.45221360703148816,-0.11305340175787204,2,6.294399133334425,1.0,40,5,empeora
64070,luces de led garage,1.0,0.88995411685096,0.9337457765456111,0.9337457765456111,0.06625422345438892,4,4.2316374358252995,1.0,16,15,mejora
64076,luces infantiles sensoriales,0.752998787180638,0.6860491790714993,0.6217937096682962,0.6860491790714993,0.06694960810913864,3,6.6267543002806955,0.3333333333333333,16,5,mejora
64079,luces led para arbol de navidad,0.9363792118010483,0.9216017310213247,0.9363792118010483,0.9363792118010483,0.0,6,3.4340389063016588,1.0,16,14,empata
64081,luces led sin enchufe con pilas,0.7162874455029682,0.46035860613699897,0.4760705018418427,0.4760705018418427,0.2402169436611255,6,3.755214392394094,0.8333333333333334,40,20,mejora
64086,luces para habitacion,1.0,1.0,1.0,1.0,0.0,3,4.0541136986245325,1.0,16,16,empata
64088,luces ruedas patines,0.2874203074791966,0.8191079142140382,0.6168713425521352,0.8191079142140382,-0.5316876067348415,3,5.599540933387388,1.0,16,6,empeora
64197,lulzbot mini 2,1.0,1.0,1.0,1.0,0.0,3,5.357800683225971,1.0,17,1,empata
64232,luna 3,1.0,0.6309297535714575,1.0,1.0,0.0,2,4.405111435097306,1.0,16,1,empata
64235,luna copa menstrual,1.0,0.8701249883466594,0.9363792118010483,0.9363792118010483,0.06362078819895167,3,6.9934369799787675,1.0,40,26,mejora
64285,lunel activador de rizos,0.8201749498438573,0.4935232796777482,0.8094674305636808,0.8094674305636808,0.010707519280176547,4,6.5718824692834925,1.0,39,6,mejora
64335,luxvista,1.0,1.0,1.0,1.0,0.0,1,10.308952660644293,1.0,40,32,empata
64338,luz bicicleta potente delantera,1.0,1.0,1.0,1.0,0.0,4,5.107657637982758,1.0,16,16,empata
64342,luz de anillo pra fotos,1.0,1.0,1.0,1.0,0.0,5,5.04355996590062,0.6,16,16,empata
64344,luz detras tv,1.0,1.0,1.0,1.0,0.0,3,6.058409301906107,0.6666666666666666,16,16,empata
64348,luz help flash,1.0,1.0,1.0,1.0,0.0,3,6.268699385585584,1.0,16,15,empata
64352,luz led enchufe mechero,0.951231200062686,0.6843515475204855,0.678140434533727,0.6843515475204855,0.2668796525422005,4,5.0575186980980575,1.0,16,5,mejora
64357,luz movil selfie,0.718362797268624,0.77990823370192,0.9052116356304495,0.9052116356304495,-0.18684883836182553,3,5.6668656865588005,1.0,16,11,empeora
64360,luz para mesa de escritorio,1.0,1.0,0.9363792118010483,1.0,0.0,5,2.903942481586996,1.0,16,15,empata
64364,luz solar interior,0.7104770117651427,0.9148568823583791,0.823699893396571,0.9148568823583791,-0.20437987059323648,3,4.42947265391147,1.0,16,12,empeora
64412,lámina a4 decorativa,0.8611375561264456,0.77990823370192,0.9148568823583791,0.9148568823583791,-0.05371932623193354,3,6.1696754479850435,0.3333333333333333,40,31,empeora
64420,lámparas de mesita de noche a bateria,1.0,0.7564477297898766,0.8482378089219648,0.8482378089219648,0.15176219107803524,7,4.093895607775466,0.8571428571428571,40,30,mejora
64467,m1 apple,0.7015099647232446,0.8603818544462509,0.8415908474314977,0.8603818544462509,-0.15887188972300637,2,5.820253171553361,1.0,39,12,empeora
64554,maca sin gluten,1.0,1.0,1.0,1.0,0.0,3,5.020256142324623,1.0,40,21,empata
64604,macbook pro 13,1.0,0.5098501619682683,0.838847952689218,0.838847952689218,0.16115204731078203,3,4.65785194966359,1.0,16,4,mejora
64642,maceta bonsai sin esmaltar,0.510383374527714,0.4088805820474889,0.1879516032875281,0.4088805820474889,0.10150279248022509,4,6.890270136375495,1.0,40,8,mejora
64648,macetero cerámica grande,0.7059054020403313,0.599976751690748,0.7381919257729246,0.7381919257729246,-0.03228652373259333,3,6.17166380780787,1.0,40,23,empeora
64650,machacador de ajos,0.8630152897016883,0.9337457765456111,0.8454256604216018,0.9337457765456111,-0.0707304868439228,3,6.79100879038737,1.0,16,13,empeora
64651,machado,0.5874682201074466,0.882892613843742,0.8120483967124719,0.882892613843742,-0.29542439373629537,1,10.308952660644293,1.0,16,8,empeora
64670,maclaren,0.9453078548481746,0.4842680210393205,0.9683310355387569,0.9683310355387569,-0.02302318069058229,1,10.308952660644293,1.0,16,7,empeora
64681,macro 105 nikon,0.7967610662472993,0.6274092458891773,0.7655934900767002,0.7655934900767002,0.031167576170599065,3,6.56613989950597,1.0,40,12,mejora
64750,madpax mochila,1.0,1.0,0.9134015924715543,1.0,0.0,2,7.755979923694002,1.0,16,3,empata
64752,maeloc sin alcohol,0.5857421563596759,0.3557092775816186,0.5857421563596759,0.5857421563596759,0.0,3,6.501139894488062,0.6666666666666666,40,7,empata
65208,maksutov-cassegrain,1.0,0.9363792118010483,0.88995411685096,0.9363792118010483,0.06362078819895167,2,10.308952660644293,1.0,32,17,mejora
65257,maleta 40x20x25 cm ryanair,0.8021574504628256,0.6608850241063915,0.8192424985064938,0.8192424985064938,-0.017085048043668172,4,7.100202347203425,1.0,16,6,empeora
65258,maleta 55x40x20,0.8088412634217226,0.5845904686910708,0.6321443398878814,0.6321443398878814,0.17669692353384114,2,8.05904782547916,1.0,16,9,mejora
65260,maleta estudiante,1.0,1.0,1.0,1.0,0.0,2,7.051596315208027,1.0,39,29,empata
65262,maleta hombre viaje,0.92663607790064,0.7183424120903082,0.9337457765456111,0.9337457765456111,-0.00710969864497113,3,4.778623458985884,1.0,38,29,empeora
65271,maleta ruedas,0.15642624200758548,0.1480409554829326,0.1480409554829326,0.1480409554829326,0.008385286524652869,2,5.650927247445144,1.0,16,3,mejora
65278,maletas gabol,0.3562071871080222,0.3562071871080222,1.0,1.0,-0.6437928128919779,2,8.71992574547032,0.5,16,1,empeora
65285,maletín máquina tatuar,0.45699707501773656,0.7264127302306637,0.6363762929310756,0.7264127302306637,-0.2694156552129271,3,6.644375463466385,1.0,38,16,empeora
65286,malezas,0.429595510713961,0.3245839744442362,0.5166851630541055,0.5166851630541055,-0.08708965234014449,1,9.615805480084347,1.0,37,16,empeora
65300,mallas de invierno mujer,0.741670249010153,0.793584067764911,0.7151857987862358,0.793584067764911,-0.05191381875475798,4,3.5352166029532937,1.0,16,11,empeora
65303,mallas kalenji mujer,0.5159624448948676,0.2807081466403135,0.17833927279888337,0.2807081466403135,0.23525429825455413,3,6.529000338548184,0.6666666666666666,39,7,mejora
65304,mallas largas compresion running,0.9363792118010483,0.9363792118010483,0.9363792118010483,0.9363792118010483,0.0,4,6.6365123972535605,1.0,16,14,empata
65306,mallas mujer sexy,0.7145882195859141,0.7442689468507669,0.6563441316651529,0.7442689468507669,-0.029680727264852824,3,4.977680221829009,1.0,16,9,empeora
65313,malta whisky,0.8521705090845474,0.9337457765456111,1.0,1.0,-0.1478294909154526,2,7.400397080662691,1.0,40,32,empeora
65345,mammut zapatillas trekking mujer,0.9138523351597089,0.512405453249751,0.7653481560174081,0.7653481560174081,0.14850417914230074,4,5.411628064799977,0.5,16,8,mejora
65349,mampara metacrilato mostrador sin ventana,0.8572048559638626,0.6371523797895857,0.857980942822373,0.857980942822373,-0.0007760868585103831,5,6.687342655416968,1.0,40,29,empeora
65381,manbo cecotec,0.9493885684853097,0.7701035286296695,1.0,1.0,-0.050611431514690275,2,8.19919880805624,0.5,16,4,empeora
65389,mandalas para la pared,0.88995411685096,0.618519700841442,0.7353797772725618,0.7353797772725618,0.15457433957839828,4,3.861371871553473,1.0,16,12,mejora
65404,mando all in one,0.812653045383133,0.8854598815714874,0.7039180890341347,0.8854598815714874,-0.07280683618835437,4,5.094313808876626,1.0,16,3,empeora
65410,mando hidraulico,0.7859363362324141,0.3818137049388446,0.45928466606630497,0.45928466606630497,0.32665167016610913,2,7.62131345680221,0.0,16,6,mejora
65414,mando para tv samsung,1.0,1.0,1.0,1.0,0.0,4,3.5530535908543426,1.0,16,16,empata
65419,mando ps4 sony,0.9305687780632229,0.6214011939609387,0.7909506325094736,0.7909506325094736,0.1396181455537493,3,5.051966303364865,1.0,16,10,mejora
65423,mando sony rm-ed013,0.7151857987862358,0.5107164012496702,0.6015720654566381,0.6015720654566381,0.11361373332959768,4,7.140860307433147,1.0,39,11,mejora
65426,mando usb inalambrico,0.9305687780632229,0.9148568823583791,0.9305687780632229,0.9305687780632229,0.0,3,5.16736290919758,0.6666666666666666,16,14,empata
65427,mando westwood,1.0,1.0,1.0,1.0,0.0,2,7.62131345680221,1.0,16,5,empata
65429,mandolina de cocina,1.0,1.0,1.0,1.0,0.0,3,4.554370820210656,1.0,16,16,empata
65430,mandolina inoxidable,1.0,1.0,1.0,1.0,0.0,2,6.4971316873885065,1.0,16,16,empata
65438,mandos puertas automaticas,1.0,1.0,0.92663607790064,1.0,0.0,3,7.606680647661942,0.6666666666666666,16,15,empata
65446,manecillas puertas interior,1.0,1.0,1.0,1.0,0.0,3,6.722418140186221,0.6666666666666666,16,16,empata
65499,maniqui peluqueria,0.8847838959703267,0.4966595839083822,0.8816172070446371,0.8816172070446371,0.003166688925689609,2,8.699514748210191,0.5,16,7,mejora
65514,manolo escobar,1.0,1.0,1.0,1.0,0.0,2,10.308952660644293,1.0,12,12,empata
65516,manos a la obra serie completa,1.0,1.0,1.0,1.0,0.0,6,4.937587703696235,1.0,16,1,empata
65534,manta electrica,1.0,1.0,1.0,1.0,0.0,2,6.191537520423264,1.0,16,16,empata
65536,manta electrica cama,1.0,1.0,1.0,1.0,0.0,3,5.611364849002453,0.6666666666666666,16,16,empata
65539,manta gris cama 90,0.9216017310213247,0.9337457765456111,0.7885497208855957,0.9337457765456111,-0.012144045524286384,4,4.714057639808125,1.0,40,18,empeora
65543,manta sofa,1.0,1.0,1.0,1.0,0.0,2,6.48889107429661,1.0,16,16,empata
65546,mantas electricas reptiles,1.0,1.0,1.0,1.0,0.0,3,8.02877048421473,0.6666666666666666,16,15,empata
65547,mantas electricas sofa,1.0,0.88995411685096,0.9363792118010483,0.9363792118010483,0.06362078819895167,3,7.672823607547611,0.3333333333333333,16,15,mejora
65553,mantel lol,1.0,0.8318724637288826,1.0,1.0,0.0,2,7.2565560444368,1.0,16,4,empata
65565,manual avanzado de manifestacion,1.0,1.0,1.0,1.0,0.0,4,5.9652178898874855,1.0,18,3,empata
65632,maquina almendras,1.0,1.0,1.0,1.0,0.0,2,6.585368480844272,1.0,16,16,empata
65635,maquina con sierra para cortar carne,0.4088509304831694,0.3026024134988135,0.3026024134988135,0.3026024134988135,0.10624851698435589,6,4.737514453048207,0.8333333333333334,40,6,mejora
65638,maquina cortar piedra,0.9337457765456111,0.8415908474314977,0.7885497208855957,0.8415908474314977,0.09215492911411338,3,6.289039440288145,0.6666666666666666,16,11,mejora
65641,maquina de coser bernina precios,1.0,0.0,1.0,1.0,0.0,5,6.407937187214877,0.4,16,1,empata
65642,maquina de coser singer electronica,0.8435385085913265,0.9083745556952363,0.9731203984025376,0.9731203984025376,-0.1295818898112111,5,5.997683054272248,1.0,16,7,empeora
65650,maquina deporte multifuncion,1.0,0.7721596254947204,1.0,1.0,0.0,3,6.287718559231476,0.3333333333333333,39,28,empata
65651,maquina doble arrastre,0.39780880120575696,0.20438239758848611,0.18457569677956817,0.20438239758848611,0.19342640361727084,3,6.702493259181311,0.0,16,2,mejora
65655,maquina laser de grabar metales,1.0,0.9363792118010483,0.9363792118010483,0.9363792118010483,0.06362078819895167,5,6.31393646136573,0.8,39,29,mejora
65664,maquina soldar hilo sin gas,0.9337457765456111,0.9363792118010483,0.9148568823583791,0.9363792118010483,-0.002633435255437244,5,5.558800746147588,1.0,40,33,empeora
65665,maquina soldar por puntos,0.9918291064614978,0.47401203179625306,0.8201741356762529,0.8201741356762529,0.17165497078524494,4,5.9963448128946055,0.25,16,8,mejora
65668,maquina wahl profesional sin cable,0.653362686448447,0.5579957246028069,0.7713707099946514,0.7713707099946514,-0.11800802354620443,5,5.267725938431372,1.0,40,9,empeora
65670,maquinas de soldar de hilo sin gas,0.9337457765456111,0.8482378089219648,0.92663607790064,0.92663607790064,0.00710969864497113,7,4.4565808755136604,0.8571428571428571,40,30,mejora
65675,mar sin limites,0.6131471927654584,0.38685280723454163,0.6131471927654584,0.6131471927654584,0.0,3,6.207010167755237,0.6666666666666666,36,2,empata
65732,marco caja,1.0,1.0,1.0,1.0,0.0,2,4.464489114134611,1.0,16,16,empata
65734,marco de madera personalizable,0.8277720769620966,0.5320731575613595,0.7485127361320908,0.7485127361320908,0.07925934083000585,4,4.096371953314455,1.0,16,7,mejora
65736,marco digital ips,1.0,1.0,1.0,1.0,0.0,3,5.009807156998615,1.0,16,16,empata
65737,marco nilox,1.0,1.0,1.0,1.0,0.0,2,6.901132665607127,1.0,16,3,empata
65744,marcos de fotos multiples,0.7606395682357036,0.44149241373678083,0.9493885684853097,0.9493885684853097,-0.18874900024960617,4,5.232038063456171,0.5,16,4,empeora
65745,marcos de fotos nácar blanco,0.9363792118010483,0.5462574254588146,0.8643145546088339,0.8643145546088339,0.07206465719221444,5,4.777467665544242,1.0,16,10,mejora
65761,marea cd el azoge,1.0,1.0,1.0,1.0,0.0,4,7.028461836298545,0.5,9,1,empata
65762,mares del sur,0.7377693065954244,0.7015330073607993,0.7237478018511488,0.7237478018511488,0.014021504744275548,3,6.939192172139218,1.0,32,7,mejora
65775,marian izaguirre,0.5430029249822635,0.4629920413924364,0.7670273914429266,0.7670273914429266,-0.2240244664606631,2,10.308952660644293,0.0,15,10,empeora
65781,marido y mujer wilkie collins,1.0,1.0,0.4457341703503471,1.0,0.0,5,6.804314586130914,0.6,14,3,empata
65833,mario bros pijama,0.8939775118263373,0.7892144143602857,0.7380396325465057,0.7892144143602857,0.10476309746605161,3,6.814650671388382,1.0,16,8,mejora
65864,marionetas dedis,1.0,1.0,1.0,1.0,0.0,2,9.962379070364321,0.5,16,16,empata
65865,mariposas de aceite,0.9674679834891693,0.7039180890341347,0.9325210919548239,0.9325210919548239,0.03494689153434538,3,4.296875318567011,1.0,16,3,mejora
65867,marisol vol 2,0.6309297535714575,0.6309297535714575,0.43067655807339306,0.6309297535714575,0.0,3,6.4242311350899755,0.6666666666666666,6,1,empata
65885,markers tombow,0.9216017310213247,1.0,0.841492960259019,1.0,-0.0783982689786753,2,9.962379070364321,1.0,16,11,empeora
65917,marrakech accessoires,1.0,1.0,1.0,1.0,0.0,2,9.269231889804374,1.0,39,28,empata
65929,mars poster,0.9363792118010483,0.8389574121760603,0.8200685179888284,0.8389574121760603,0.09742179962498798,2,7.27127964509995,1.0,39,26,mejora
66073,masajeador cabeza,0.92663607790064,0.9337457765456111,0.9337457765456111,0.9337457765456111,-0.00710969864497113,2,5.914884690712432,1.0,16,15,empeora
66078,masajes spa,0.3235866969737877,0.8179809735263114,0.46927872602275644,0.8179809735263114,-0.49439427655252366,2,7.123146737028364,1.0,16,3,empeora
66084,mascara culo,0.9337457765456111,0.8603818544462509,0.88995411685096,0.88995411685096,0.04379165969465104,2,8.464512933587324,0.5,16,13,mejora
66091,mascara la purga roja,0.9305687780632229,0.857980942822373,0.8643145546088339,0.8643145546088339,0.06625422345438903,4,6.549602194946154,0.75,16,11,mejora
66093,mascara luz neutrogena,0.561240270496232,0.07311683844390995,0.3519478782764817,0.3519478782764817,0.20929239221975032,3,6.4813951867112225,0.3333333333333333,26,8,mejora
66094,mascara militar tactico,1.0,0.8603818544462509,1.0,1.0,0.0,3,7.90387266773426,0.6666666666666666,40,28,empata
66096,mascara purga roja,0.9896062251871525,0.252016380211836,0.713772726109045,0.713772726109045,0.2758334990781075,3,7.833436303178526,0.6666666666666666,16,5,mejora
66101,mascarilla de pelo sin aclarar,0.8669479898642711,0.8048109992093391,0.7849818707050383,0.8048109992093391,0.062136990654932056,5,4.552575774783877,0.8,40,23,mejora
66111,mascarillas ffp2 3m sin valvula,0.5965173333990071,0.7759944384848245,0.7191184989488185,0.7759944384848245,-0.17947710508581738,5,6.619691383734026,0.8,40,23,empeora
66123,masglo,1.0,1.0,1.0,1.0,0.0,1,10.308952660644293,1.0,16,14,empata
66124,masglo blanco tiza,1.0,0.9134015924715543,0.6447841584694202,0.9134015924715543,0.08659840752844572,3,6.816776953074904,0.6666666666666666,17,3,mejora
66240,massana pijama mujer,1.0,1.0,1.0,1.0,0.0,3,5.904470509389622,1.0,16,16,empata
66271,masturbádor hombre lata,0.6112833214150002,0.8179809735263114,0.6182885020492784,0.8179809735263114,-0.2066976521113112,3,6.848249266890286,0.3333333333333333,16,3,empeora
66322,mate 20,0.889918709778036,0.4172025044756148,0.9950883841893561,0.9950883841893561,-0.10516967441132008,2,4.573641056276132,1.0,16,7,empeora
66329,material biologico acuario,1.0,1.0,1.0,1.0,0.0,3,7.428795258118822,0.6666666666666666,16,16,empata
66332,material mesa de luz montessori,0.4123144993714363,0.3265208687926954,0.38121301394452073,0.38121301394452073,0.031101485426915598,5,4.38344896449518,0.8,39,7,mejora
66385,matizador sin sulfatos,0.8318477135310892,0.9337457765456111,0.8521705090845474,0.9337457765456111,-0.10189806301452187,3,5.836996506257993,1.0,40,21,empeora
66402,matrix triologia,0.8318724637288826,0.5389215187286102,1.0,1.0,-0.16812753627111743,2,9.269231889804374,0.5,16,4,empeora
66485,maureen o'hara,1.0,1.0,1.0,1.0,0.0,3,8.196087967909898,1.0,16,16,empata
66486,maurice lacroix aikon,1.0,0.88995411685096,0.8165901947515999,0.88995411685096,0.11004588314903996,3,10.308952660644293,1.0,40,29,mejora
66505,mavic pro,1.0,0.10699313236726378,0.4190186829331484,0.4190186829331484,0.5809813170668516,2,5.411558592837899,1.0,16,5,mejora
66567,maya hombre running,0.8364586133797037,0.7065443116025598,0.8389574121760603,0.8389574121760603,-0.002498798796356616,3,5.567920189453155,0.6666666666666666,38,22,empeora
66570,mayas estampadas mujer,0.77990823370192,0.9148568823583791,0.9363792118010483,0.9363792118010483,-0.15647097809912835,3,7.134096994094268,0.3333333333333333,16,14,empeora
66571,mayas niña 4 años,0.8263333286520084,0.3944952343807792,0.617585285916322,0.617585285916322,0.20874804273568637,4,5.429936539026887,0.75,39,25,mejora
66589,maybelline superstay 24h,1.0,1.0,1.0,1.0,0.0,3,8.44035197187896,1.0,16,16,empata
66622,mañana lo dejo pedro garcia aguado,0.6240505200038379,0.38685280723454163,0.38685280723454163,0.38685280723454163,0.23719771276929624,6,9.18972209625518,0.5,15,2,mejora
66638,mcbook apple pro,1.0,1.0,1.0,1.0,0.0,3,6.2721752028945135,0.6666666666666666,40,32,empata
66665,mcp47,1.0,1.0,1.0,1.0,0.0,1,10.308952660644293,0.0,16,16,empata
66691,me encanta mi papa,0.8772153153380493,0.6052602440527057,0.9197207891481876,0.9197207891481876,-0.04250547381013825,4,7.47288513590927,0.75,33,2,empeora
66751,mecanismo cisterna universal,0.7778721720600673,1.0,1.0,1.0,-0.2221278279399327,3,6.952618663639726,1.0,39,30,empeora
66795,medias blancas,1.0,1.0,1.0,1.0,0.0,2,6.514031904552963,1.0,16,16,empata
66796,medias de compresion mujer sin puntera,0.9363792118010483,0.8115558478722846,0.9216017310213247,0.9216017310213247,0.014777480779723629,6,4.834432119597285,1.0,40,23,mejora
66803,medias sexys para liguero,0.9305687780632229,0.4892835987503299,0.9337457765456111,0.9337457765456111,-0.0031769984823881714,4,6.501796161496186,1.0,40,27,empeora
66843,medicina juguete,1.0,1.0,1.0,1.0,0.0,2,6.415676757429937,1.0,16,16,empata
66860,medidor de glucosa en sangre sin pinchazos,0.46662341680017894,0.3187939258847264,0.17366667134799182,0.3187939258847264,0.14782949091545255,7,5.118937075454286,0.8571428571428571,38,14,mejora
66869,medievil,1.0,1.0,1.0,1.0,0.0,1,10.308952660644293,1.0,14,11,empata
66942,mega zero,0.7819835854675756,0.6332971816211658,0.5420423054868792,0.6332971816211658,0.14868640384640985,2,6.616957931655039,1.0,39,10,mejora
66945,megadrive mini,1.0,0.812653045383133,0.8854598815714874,0.8854598815714874,0.11454011842851264,2,6.614479611835074,1.0,16,3,mejora
66946,megadrive mini japonesa,0.8411523906828934,0.644824486427155,0.7322962005285631,0.7322962005285631,0.10885619015433023,3,6.990987508950968,0.6666666666666666,18,6,mejora
66952,megaohmetro,1.0,0.6936634693435664,1.0,1.0,0.0,1,10.308952660644293,1.0,40,25,empata
66966,meguiars plastic restorer,0.4644147025690223,0.2774192047677609,0.5778858797137414,0.5778858797137414,-0.1134711771447191,3,9.153707359711051,0.3333333333333333,25,7,empeora
66983,mejor quemagrasas,1.0,1.0,1.0,1.0,0.0,2,6.527871845031466,1.0,40,31,empata
66985,mejor tinte sin amoniaco,1.0,1.0,1.0,1.0,0.0,4,5.411748228867056,0.75,40,36,empata
67059,mello music,0.32584372089811503,0.3391602052736161,0.3391602052736161,0.3391602052736161,-0.013316484375501092,2,8.64285040555669,1.0,28,5,empeora
67398,menoquinas niña,1.0,1.0,1.0,1.0,0.0,2,7.633023593906259,0.5,39,31,empata
68074,mensajes de tus angeles doreen virtue,0.897617883552293,0.8201749498438573,1.0,1.0,-0.102382116447707,6,7.573183021604855,1.0,36,6,empeora
68097,mepiform aposito,1.0,1.0,1.0,1.0,0.0,2,10.308952660644293,1.0,16,12,empata
68126,merida,0.6352557412688554,0.791726719367984,0.7007731679885375,0.791726719367984,-0.15647097809912858,1,9.615805480084347,1.0,16,11,empeora
68172,mermelada sin azucar arandanos,0.6203974344166849,0.6300426811446147,0.4530643748551538,0.6300426811446147,-0.009645246727929768,4,7.169348102817374,1.0,40,14,empeora
68174,mermelada sin azucar ni edulcorantes,0.9363792118010483,0.6316243658611128,0.8521705090845474,0.8521705090845474,0.08420870271650094,5,6.470605327726682,0.8,37,21,mejora
68205,mesa blanca,0.5012658353418871,0.6131471927654584,0.8315546295836225,0.8315546295836225,-0.3302887942417354,2,4.750168115139116,0.5,16,2,empeora
68207,mesa centro elevable cristal,0.5724250321999883,0.5646436081071458,0.7668091220635322,0.7668091220635322,-0.19438408986354394,4,6.188931348874125,1.0,16,4,empeora
68208,mesa centro madera olmo,0.9305687780632229,0.9363792118010483,0.9305687780632229,0.9363792118010483,-0.005810433737825416,4,6.091029330512441,1.0,16,11,empeora
68219,mesa de ping pong plegable,1.0,0.3557772116892466,0.8643145546088339,0.8643145546088339,0.13568544539116612,5,5.146953429496447,1.0,40,19,mejora
68224,mesa extensión universal de máquina de coser,1.0,1.0,1.0,1.0,0.0,7,3.9687172959073975,1.0,40,30,empata
68225,mesa gaming,0.9305687780632229,0.77990823370192,1.0,1.0,-0.06943122193677709,2,4.468809832332282,1.0,16,14,empeora
68226,mesa jardin ceramica rectangular,0.8696762340896294,0.29612833979219033,0.42104506762575716,0.42104506762575716,0.4486311664638722,4,6.293810338874263,0.25,39,6,mejora
68230,mesa nido marmol dorada,0.8630152897016883,0.6618313225363276,0.6505132600483448,0.6618313225363276,0.2011839671653607,4,6.820618481926376,0.5,40,19,mejora
68233,mesa para ordenador y altavoces,0.7827141072039429,0.6436579276931672,0.876848805629635,0.876848805629635,-0.09413469842569211,5,3.368512893700081,0.8,16,4,empeora
68235,mesa plancha,1.0,1.0,0.9363792118010483,1.0,0.0,2,5.3449601485760345,1.0,16,14,empata
68237,mesa plegable de comedor grande,1.0,0.7600791051976192,0.8553475075669357,0.8553475075669357,0.14465249243306433,5,3.8426549539248653,0.8,16,13,mejora
68241,mesas altas,0.6736002216239915,0.8112689688197959,0.6084687718752274,0.8112689688197959,-0.13766874719580446,2,7.112157283668976,0.5,16,8,empeora
68242,mesas brasero,0.4340013854116349,0.0,0.3590095125790997,0.3590095125790997,0.07499187283253522,2,8.33333080135358,0.0,16,5,mejora
68247,mesas de oficina barcelona,0.9197207891481876,0.3065735963827292,0.8315546295836225,0.8315546295836225,0.08816615956456508,4,4.989699939346344,0.5,16,2,mejora
68249,mesas extensibles cocina,0.9363792118010483,0.7951657524814092,1.0,1.0,-0.06362078819895167,3,6.62007841490438,0.3333333333333333,16,11,empeora
68250,mesas extensibles comedor,0.7312625444731049,0.5867945846769146,0.7264127302306637,0.7264127302306637,0.004849814242441242,3,7.151717948607595,0.3333333333333333,16,10,mejora
68252,mesas jardin piedra,0.4103737754674528,0.45230377787847614,0.7211689601674283,0.7211689601674283,-0.31079518469997547,3,6.633409380995121,0.6666666666666666,40,8,empeora
68253,mesas rusticas comedor,0.8767055912339932,0.8020378746650066,0.3975796519395046,0.8020378746650066,0.07466771656898652,3,7.884126141053002,0.3333333333333333,16,7,mejora
68255,mesas y sillas terraza,0.8415908474314977,1.0,1.0,1.0,-0.1584091525685023,4,5.429908134076616,1.0,40,32,empeora
68289,mesilla de 3 cajones,1.0,1.0,1.0,1.0,0.0,4,4.082955019775739,1.0,16,16,empata
68293,mesita g,0.9818483242455303,0.7144729184600214,0.73164900573283,0.73164900573283,0.2501993185127003,2,5.399987828557052,1.0,16,5,mejora
68294,mesita noche blanc,1.0,1.0,1.0,1.0,0.0,3,6.5531072257413925,0.6666666666666666,16,15,empata
68295,mesita noche brillo en negro,0.7909355713617177,0.8220134460821679,0.9579534943578899,0.9579534943578899,-0.16701792299617224,5,4.330313396689242,0.8,16,7,empeora
68520,metro xbox one,1.0,1.0,1.0,1.0,0.0,3,5.928953009825745,1.0,40,6,empata
68563,mezclador batidos proteinas,1.0,1.0,1.0,1.0,0.0,3,7.587828888490989,1.0,16,16,empata
68588,mi band 4 pulsera,1.0,0.4362115423097745,0.5925846332364245,0.5925846332364245,0.4074153667635755,4,4.525708265777968,1.0,16,10,mejora
68589,mi box,1.0,1.0,0.9878316351280036,1.0,0.0,2,5.170737926174926,1.0,16,7,empata
68749,mico onco,0.9305687780632229,1.0,1.0,1.0,-0.06943122193677709,2,10.308952660644293,1.0,14,13,empeora
68794,micro-sd 64 gb,1.0,0.6371130896657825,0.56264752084969,0.6371130896657825,0.3628869103342175,4,4.985451978900596,1.0,40,28,mejora
68803,microcemento monto,0.3576223542196109,0.39852346056134885,0.5876855006285636,0.5876855006285636,-0.2300631464089527,2,9.962379070364321,0.5,39,7,empeora
68827,microfonos solapa inalambrico,0.9202054614375518,0.5501553725136366,0.6600628612447169,0.6600628612447169,0.26014260019283486,3,7.8530498031861695,0.3333333333333333,16,8,mejora
68845,microondas con grill 25l,0.9963488021549354,0.8698774507711068,0.9202054614375518,0.9202054614375518,0.0761433407173836,4,5.22188819431409,1.0,16,8,mejora
68967,midea aire acondicionado,0.4703652827859579,0.6661998717660157,0.5087403079104241,0.6661998717660157,-0.1958345889800578,3,6.82670544613714,1.0,40,5,empeora
68981,midi keyboard 25,1.0,1.0,1.0,1.0,0.0,3,6.227868388426139,0.6666666666666666,16,16,empata
69035,mijia m365 accesorios,1.0,1.0,1.0,1.0,0.0,3,6.3049195034723775,1.0,16,14,empata
69170,milwaukee atornillador,1.0,1.0,1.0,1.0,0.0,2,8.64285040555669,1.0,16,15,empata
69234,mindstorm ev3,0.9709286432396583,0.25657228426720274,0.6165954389682339,0.6165954389682339,0.35433320427142445,2,9.615805480084347,0.5,16,4,mejora
69239,mine,0.625524935148309,0.7606395682357036,1.0,1.0,-0.374475064851691,1,9.615805480084347,1.0,14,4,empeora
69262,minecraft ps4 juego,1.0,0.7925092120340054,0.8954442351097145,0.8954442351097145,0.10455576489028551,3,5.828111564466547,0.6666666666666666,16,5,mejora
69288,mini almazara de aceite de oliva,0.6399441431116328,0.77990823370192,0.6281460426238845,0.77990823370192,-0.13996409059028714,6,4.204679844053277,0.6666666666666666,39,17,empeora
69301,mini bands fitness,0.8553475075669357,0.9216017310213247,0.7759944384848245,0.9216017310213247,-0.06625422345438903,3,6.002827598934339,0.6666666666666666,16,14,empeora
69368,mini cuna para bebe baratas,1.0,0.769526190239283,0.9216017310213247,0.9216017310213247,0.0783982689786753,5,4.836161329513407,0.8,40,37,mejora
69433,mini itx placa base,1.0,0.5958595188912911,1.0,1.0,0.0,4,5.444634468807635,1.0,40,20,empata
69457,mini mesa de corte,1.0,1.0,1.0,1.0,0.0,4,3.5079404583858107,1.0,16,15,empata
69467,mini nevera con congelador,0.9216017310213247,0.9052116356304495,0.9337457765456111,0.9337457765456111,-0.012144045524286384,4,4.650540446852493,1.0,16,15,empeora
69476,mini pc sin sistema operativo,0.6772733739526912,0.7778721720600673,0.8603818544462509,0.8603818544462509,-0.18310848049355977,5,4.027357694410924,1.0,40,20,empeora
69478,"mini pen drive pequeño para coche, memoria usb 32gb",1.0,0.7162874455029682,1.0,1.0,0.0,9,4.551899076862904,0.7777777777777778,40,27,empata
69535,mini stepper barato,1.0,1.0,1.0,1.0,0.0,3,6.65146431528611,1.0,40,36,empata
69553,mini turmix batidora de mano,0.544221363816962,0.6086182388744241,0.4977962688668736,0.6086182388744241,-0.06439687505746217,5,4.92086870326175,0.8,40,14,empeora
69690,mira nerf,0.490168314029901,0.6518919677062146,0.6585696678247529,0.6585696678247529,-0.16840135379485188,2,8.44011785150261,1.0,16,8,empeora
69756,mis calcetines,0.9052116356304495,0.7975167679274939,0.8611375561264456,0.8611375561264456,0.04407407950400388,2,6.737934373290891,1.0,38,30,mejora
69757,mis pequeños heroes libros,0.7218018303820491,0.6698623505528799,0.37830330067616974,0.6698623505528799,0.051939479829169244,4,6.738500829324622,0.5,39,20,mejora
69778,miss selfridge,0.8553475075669357,0.7538142945344394,0.6067216003536937,0.7538142945344394,0.1015332130324963,2,9.210340371976184,1.0,37,16,mejora
69801,mister potato,0.5113553108118987,0.8006937664098821,0.5801476231864474,0.8006937664098821,-0.28933845559798343,2,8.71992574547032,0.5,16,11,empeora
69878,mizuno futbol sala,0.8364586133797037,0.8669479898642711,1.0,1.0,-0.16354138662029627,3,7.455535100352065,1.0,39,32,empeora
69969,mocasin mujer 35,0.8603818544462509,0.8643145546088339,0.713654010247531,0.8643145546088339,-0.003932700162582958,3,6.080751885812511,0.6666666666666666,16,10,empeora
69976,mochila 50 litros,0.9363792118010483,0.7818048722226502,1.0,1.0,-0.06362078819895167,3,4.640316902140778,0.6666666666666666,16,10,empeora
69982,mochila blindada portatil,0.6291031399287499,0.9424720919083772,0.8237523265073413,0.9424720919083772,-0.31336895197962733,3,6.634006217919716,0.6666666666666666,16,8,empeora
69985,mochila colegio niña,0.5774250016294137,0.6214011939609387,0.6520881886359192,0.6520881886359192,-0.07466318700650554,3,5.878613676833338,1.0,16,12,empeora
69988,mochila crossfit hombre,0.8065735963827293,0.5,0.0,0.5,0.3065735963827293,3,5.162530830313236,0.3333333333333333,16,2,mejora
69989,mochila cuero porta documentos,0.5331149116882513,0.5813740015740176,0.5166400850076803,0.5813740015740176,-0.048259089885766326,4,5.933189756437611,0.5,16,6,empeora
69991,mochila detector garrett,0.7486361493410435,0.8738100898801322,0.7525434150364478,0.8738100898801322,-0.1251739405390887,3,7.353237464112911,1.0,16,5,empeora
69993,mochila eastpak,1.0,1.0,1.0,1.0,0.0,2,6.557032287294817,1.0,16,15,empata
69997,mochila fjallraven,0.9337457765456111,0.5684579545875156,0.8611375561264456,0.8611375561264456,0.07260822041916548,2,7.409406333414029,1.0,16,12,mejora
70001,mochila karate,0.9148568823583791,0.9305687780632229,0.9305687780632229,0.9305687780632229,-0.01571189570484377,2,6.860100189079975,1.0,16,12,empeora
70002,mochila marron de mujer joseko,0.7982650576674577,0.9796825595768973,0.9495662644168644,0.9796825595768973,-0.18141750190943962,5,4.98102639725864,0.8,16,6,empeora
70009,mochila negra hombre,1.0,1.0,1.0,1.0,0.0,3,4.53859677134604,0.6666666666666666,16,16,empata
70011,mochila niño 8 años primaria,1.0,1.0,1.0,1.0,0.0,5,4.945492651654798,0.8,16,16,empata
70015,mochila portatil 17,1.0,1.0,1.0,1.0,0.0,3,5.4536864432406125,1.0,16,13,empata
70017,mochila saco,1.0,1.0,1.0,1.0,0.0,2,5.653633613998519,1.0,16,16,empata
70018,mochila stanley,0.6295304155921457,0.9799214801447084,0.9911205770005563,0.9911205770005563,-0.3615901614084106,2,6.31079404474592,1.0,16,7,empeora
70021,mochila transporte gato,1.0,1.0,1.0,1.0,0.0,3,5.603780945506199,1.0,16,16,empata
70022,mochila vans negra,0.8603818544462509,0.61886564587798,0.6402900881481708,0.6402900881481708,0.22009176629808014,3,5.829214051592328,1.0,16,12,mejora
70026,mochilas baratas mujer,1.0,1.0,1.0,1.0,0.0,3,5.7065633759156436,0.6666666666666666,16,16,empata
70029,mochilas cuatro ruedas,1.0,1.0,1.0,1.0,0.0,3,5.915524937980927,0.3333333333333333,16,16,empata
70030,mochilas dakine 25 litros,1.0,0.88995411685096,0.9363792118010483,0.9363792118010483,0.06362078819895167,4,6.3233372102657075,0.75,16,12,mejora
70031,mochilas de montaña,1.0,1.0,1.0,1.0,0.0,3,4.141959387723946,1.0,16,16,empata
70032,mochilas deporte,0.7753366239771086,0.8364586133797037,0.7877736340270853,0.8364586133797037,-0.06112198940259517,2,5.745255935066664,1.0,16,13,empeora
70034,mochilas escolares grandes con ruedas,1.0,1.0,1.0,1.0,0.0,5,4.925831613658756,1.0,16,16,empata
70044,mochilas mujer,1.0,1.0,1.0,1.0,0.0,2,4.6878434122820885,1.0,16,16,empata
70045,mochilas mujer casual,1.0,1.0,1.0,1.0,0.0,3,4.809048037726896,1.0,16,16,empata
70050,mochilas totto sin ruedas niña,1.0,0.5559026721867444,0.5077181160122075,0.5559026721867444,0.4440973278132556,5,5.339025835437438,0.6,40,25,mejora
70071,modauto,1.0,1.0,1.0,1.0,0.0,1,10.308952660644293,1.0,16,16,empata
70090,modelo sistema solar,1.0,1.0,1.0,1.0,0.0,3,4.712584467720542,1.0,16,16,empata
70160,modulador de voz,1.0,0.9052116356304495,1.0,1.0,0.0,3,5.168497306902177,1.0,16,15,empata
70164,modulo bajo cocina 90,0.8270433092474515,0.44149241373678083,0.6366824387328317,0.6366824387328317,0.1903608705146198,4,5.844016694704613,0.75,40,4,mejora
70165,modulo fuente de alimentacion,0.8200685179888284,0.6028078051365984,0.72891152902702,0.72891152902702,0.09115698896180835,4,5.844702245142402,0.75,16,12,mejora
70166,modulo salidas raspberry,0.5788060776291201,0.5554622266077412,0.8032048812839162,0.8032048812839162,-0.22439880365479614,3,7.952327951158101,0.6666666666666666,16,7,empeora
70222,molde flan,0.9363792118010483,0.8364586133797037,0.8572048559638626,0.8572048559638626,0.07917435583718568,2,8.323806703868232,1.0,16,12,mejora
70225,molde silicona lagrima,0.8318724637288826,0.39233405721184117,0.8318724637288826,0.8318724637288826,0.0,3,6.958115719334771,0.6666666666666666,16,4,empata
70229,moldes para huevos fritos freiforas sin aceite,0.727329844310522,0.8630152897016883,0.7682269253321375,0.8630152897016883,-0.13568544539116634,7,5.9584801888582675,0.8571428571428571,39,12,empeora
70259,molle,0.8191079142140382,0.5348066665275308,0.8626199664389337,0.8626199664389337,-0.043512052224895514,1,8.36304251158898,1.0,16,6,empeora
70296,moma 26 pulgadas,0.8104616303452686,0.5355852974309777,0.7640814291585591,0.7640814291585591,0.04638020118670949,3,5.394231144370351,0.6666666666666666,40,7,mejora
70297,moma bikes electrica e-mtb 29,0.7653606369886217,0.7653606369886217,0.7653606369886217,0.7653606369886217,0.0,6,6.003811058083344,1.0,38,3,empata
70370,monitor 75 hz,0.9337457765456111,0.715550648768261,0.6936634693435664,0.715550648768261,0.21819512777735006,3,5.4861553808595325,1.0,16,11,mejora
70379,monitor curvo 27 pulgadas,1.0,0.8572048559638626,1.0,1.0,0.0,4,5.322926285392337,1.0,16,12,empata
70429,mono de moto talla 58,0.8006937664098821,0.9363792118010483,1.0,1.0,-0.1993062335901179,5,4.5068914470845955,1.0,40,15,empeora
70464,monopoly assassins creed español,0.6182885020492784,0.8529278650606567,1.0,1.0,-0.38171149795072157,4,8.256217727299537,0.75,8,3,empeora
70469,monopoly junior,1.0,1.0,1.0,1.0,0.0,2,7.581292102965442,1.0,16,12,empata
70479,monos+ajustados manga mujer,1.0,1.0,0.8611375561264456,1.0,0.0,4,5.718862819106088,1.0,16,15,empata
70481,monseur cuisine connet de lidl,1.0,0.3562071871080222,1.0,1.0,0.0,5,8.059556902378151,0.2,16,1,empata
70491,monster high,1.0,1.0,1.0,1.0,0.0,2,6.979947137708919,1.0,16,16,empata
70504,monster sin azucar pack,0.9337457765456111,0.7411902110103873,0.8482378089219648,0.8482378089219648,0.08550796762364632,4,5.272742318248062,0.75,40,19,mejora
70536,montessori,1.0,1.0,1.0,1.0,0.0,1,7.600902459542082,1.0,16,16,empata
70554,monturas gafas mujer,1.0,1.0,1.0,1.0,0.0,3,6.0973184419966024,1.0,16,15,empata
70632,mophie iphone 7,0.9580803995284011,0.72944281594399,0.5214109094626678,0.72944281594399,0.2286375835844111,3,6.053456622765572,1.0,16,6,mejora
70638,moquetas para suelos,0.8829374068620366,0.6248860537989134,0.7021799053685304,0.7021799053685304,0.18075750149350622,3,5.7273882720080875,1.0,16,6,mejora
70647,morcon iberico de bellota,0.6691255538181727,0.513528549750033,0.7631925784528223,0.7631925784528223,-0.09406702463464955,4,6.934385013159992,1.0,39,19,empeora
70650,morec tipo 2,0.9363792118010483,0.7280855459907166,0.8048109992093391,0.8048109992093391,0.13156821259170925,3,5.692947170804115,1.0,38,12,mejora
70655,moreno sin sol,0.8669479898642711,0.7630946912803437,0.6547216238913565,0.7630946912803437,0.10385329858392744,3,5.609757011345885,1.0,38,26,mejora
70685,moroccanoil champu sin sulfatos,0.9782917460822231,0.14926017916129347,0.6627647896774951,0.6627647896774951,0.31552695640472805,4,6.899199657026015,0.25,40,8,mejora
70713,mortal kombat xl ps4,1.0,0.6608397947263839,0.9072602453428913,0.9072602453428913,0.09273975465710871,4,7.491334744363913,0.75,16,5,mejora
70727,mosaicos manualidades,0.7877736340270853,0.8048109992093391,0.8611375561264456,0.8611375561264456,-0.07336392209936027,2,7.967887047082183,1.0,39,28,empeora
70730,moscow ncm,0.6131471927654584,0.8772153153380493,0.7903864795495061,0.8772153153380493,-0.26406812257259094,2,9.210340371976184,1.0,40,2,empeora
70734,mosfet irf520,1.0,1.0,1.0,1.0,0.0,2,9.962379070364321,1.0,16,16,empata
70854,moto e6,1.0,0.36048792943606295,0.8207149601443599,0.8207149601443599,0.17928503985564015,2,7.762077560240911,1.0,16,4,mejora
70879,moto guantes verano xxl,1.0,1.0,1.0,1.0,0.0,4,5.272532506268252,1.0,16,16,empata
70909,motor winder mabuchi,0.7315449642824575,0.7084409501232901,0.9148568823583791,0.9148568823583791,-0.18331191807592162,3,8.54451771906946,1.0,39,22,empeora
70984,motorola one action,1.0,0.0,1.0,1.0,0.0,3,6.2815497745416975,1.0,16,2,empata
71133,movil infantil 8 años,0.4560429847391163,0.15130120674940675,0.419665006636777,0.419665006636777,0.03637797810233928,4,4.392339003748213,0.75,39,6,mejora
71134,movil mas barato del mundo,0.8115558478722846,1.0,0.8200685179888284,1.0,-0.18844415212771537,5,6.205840166620277,0.4,29,26,empeora
71138,movil sin camara delantera,0.3903800499921017,0.0,0.0,0.0,0.3903800499921017,4,5.400633742964193,0.0,39,4,mejora
71146,moviles libres baratos 4g,0.8486026589039901,0.7104770117651427,0.7542686714597937,0.7542686714597937,0.09433398744419641,4,6.576689943840138,1.0,16,11,mejora
71161,moxa rolls,1.0,0.92663607790064,1.0,1.0,0.0,2,10.308952660644293,1.0,16,13,empata
71179,mp3 con auriculares inalambricos,0.32703966649239957,0.2188505885308512,0.6739577727076379,0.6739577727076379,-0.34691810621523833,4,4.55266004727708,0.75,16,5,empeora
71192,mp4,0.9083745556952363,0.9878316351280036,0.8932076516505887,0.9878316351280036,-0.07945707943276736,1,8.699514748210191,1.0,16,7,empeora
71200,mpm freidora sin aceite,0.510927102244958,0.3875426811710551,0.47087795603961946,0.47087795603961946,0.040049146205338504,4,5.424836276267197,1.0,40,9,mejora
71214,mr boho frelard,0.715696758318853,0.6760236910196463,0.854105797972385,0.854105797972385,-0.1384090396535319,3,8.181117115682957,1.0,13,4,empeora
71295,msi bravo 17,0.0,0.0,0.0,0.0,0.0,3,6.788271564535474,0.0,38,1,empata
71313,msi meg z390 godlike,0.6309297535714575,0.6309297535714575,0.38685280723454163,0.6309297535714575,0.0,4,8.90025525985198,0.25,11,1,empata
71338,msr7b,1.0,1.0,0.5706417189553201,1.0,0.0,1,10.308952660644293,1.0,22,2,empata
71343,mt matrix,1.0,1.0,1.0,1.0,0.0,2,8.296276815276718,1.0,16,1,empata
71409,mueble auxiliar baño,1.0,1.0,1.0,1.0,0.0,3,5.332266265334046,1.0,16,16,empata
71410,mueble auxiliar mini cadena,0.19587129117873783,0.48457138819693474,0.521844871212202,0.521844871212202,-0.3259735800334642,4,5.153043245645247,0.5,34,9,empeora
71411,mueble basura reciclaje,1.0,0.8611375561264456,0.9148568823583791,0.9148568823583791,0.08514311764162086,3,7.166276303108482,1.0,39,33,mejora
71412,mueble baño 80 cm sin lavabo,0.6129699722429848,0.3895262241347595,0.21905299129122976,0.3895262241347595,0.22344374810822526,6,4.414833459375548,1.0,40,9,mejora
71415,mueble de salon barato,1.0,1.0,1.0,1.0,0.0,4,5.226013675561406,1.0,16,16,empata
71418,mueble ordenador sobremesa,0.9216017310213247,0.38820476264318793,0.7967610662472993,0.7967610662472993,0.12484066477402544,3,5.136063957292205,0.6666666666666666,40,22,mejora
71419,mueble pecera,1.0,0.9305687780632229,0.9052116356304495,0.9305687780632229,0.06943122193677709,2,6.621324771639415,0.5,16,15,mejora
71424,mueble tv industrial,1.0,1.0,1.0,1.0,0.0,3,5.327125337620246,1.0,16,16,empata
71428,muebles cama,1.0,1.0,1.0,1.0,0.0,2,5.038920469840453,1.0,16,16,empata
71432,muebles escoberos exterior,0.9216017310213247,0.8389574121760603,0.8006937664098821,0.8389574121760603,0.08264431884526435,3,6.813197261964056,0.6666666666666666,40,27,mejora
71442,muerte y vida de las grandes ciudades,0.7653606369886217,0.7653606369886217,0.7653606369886217,0.7653606369886217,0.0,7,4.845205499963165,1.0,15,3,empata
71466,mujer coctel,1.0,1.0,1.0,1.0,0.0,2,5.970318091012857,0.5,16,16,empata
71533,multicargador apple,1.0,1.0,1.0,1.0,0.0,2,7.583433433861442,0.5,16,16,empata
71597,munchkin bañera,1.0,0.8772153153380493,0.8772153153380493,0.8772153153380493,0.1227846846619507,2,7.746970670942663,1.0,16,2,mejora
71600,munchkin vaso rosa,0.8523720832560094,0.8358912271816661,0.750310914222736,0.8358912271816661,0.016480856074343353,3,6.552851699984661,1.0,16,8,mejora
71608,munich sapporo,1.0,1.0,1.0,1.0,0.0,2,9.759646516310237,1.0,16,16,empata
71620,mural mapa mundi pared,0.9337457765456111,1.0,1.0,1.0,-0.06625422345438892,4,7.079297557695769,1.0,40,36,empeora
71749,mustela embarazo estrias,0.5857421563596759,0.5857421563596759,0.17108252373753102,0.5857421563596759,0.0,3,8.801689801627946,0.6666666666666666,40,7,empata
71760,muñeca rosaura,1.0,1.0,1.0,1.0,0.0,2,7.93215756509111,1.0,16,1,empata
71761,muñeca rosaura falca 105,1.0,1.0,1.0,1.0,0.0,4,7.9454350214195975,1.0,16,1,empata
71766,muñeco blade,0.3333333333333333,0.0,1.0,1.0,-0.6666666666666667,2,7.243339415902722,0.5,16,1,empeora
71768,muñeco de madera wing chun,0.6835381846158709,0.6090726157997784,0.6987957033953602,0.6987957033953602,-0.015257518779489332,5,5.861349123609189,1.0,40,14,empeora
71769,muñeco hinchable,0.92663607790064,1.0,0.9337457765456111,1.0,-0.07336392209936005,2,6.4590314569458,1.0,16,15,empeora
71781,muñequera padel,0.7917063341896683,0.8553475075669357,0.857980942822373,0.857980942822373,-0.06627460863270473,2,7.765154493028101,0.5,16,12,empeora
71782,muñequera tenis verde,0.9337457765456111,1.0,1.0,1.0,-0.06625422345438892,3,6.367651309320145,1.0,16,13,empeora
71784,muñequeras futbol sala,0.29096343487431736,0.682230146374314,0.5725185965839159,0.682230146374314,-0.39126671149999664,3,7.3203800643160095,0.3333333333333333,16,7,empeora
71785,muñequeras para gym,0.8550956239938449,0.8757867620870119,0.8225346955790378,0.8757867620870119,-0.020691138093167027,3,5.136607810884436,1.0,16,9,empeora
71898,myk,1.0,1.0,1.0,1.0,0.0,1,10.308952660644293,1.0,15,12,empata
71901,mylene farmer,1.0,1.0,1.0,1.0,0.0,2,10.308952660644293,1.0,10,10,empata
71938,máquina laser madera,1.0,1.0,1.0,1.0,0.0,3,5.133939351003174,1.0,39,34,empata
71942,máquinas de coser,1.0,1.0,1.0,1.0,0.0,3,4.7775905532949,1.0,16,16,empata
71946,máscara la purga,1.0,1.0,1.0,1.0,0.0,3,5.966634929777736,1.0,15,15,empata
71949,móvil 5g resistente al agua y golpes,0.3967293407545449,0.33996862056246635,0.08372491399919348,0.33996862056246635,0.05676072019207856,7,4.505212041905333,0.8571428571428571,40,9,mejora
71957,móvil xiaomi redmi note 7 negro,0.7827141072039429,0.75369761125927,0.7668091220635322,0.7668091220635322,0.01590498514041061,6,4.340107269931031,0.8333333333333334,16,4,mejora
72006,naf naf abrigo mujer,1.0,1.0,1.0,1.0,0.0,4,6.875043701599213,1.0,16,16,empata
72145,nanas para dormir bebes,0.4323181322709948,0.6136525857537394,0.45699707501773656,0.6136525857537394,-0.18133445348274457,4,5.7561550207013505,1.0,35,14,empeora
72150,nancy comunion morena,0.46927872602275644,0.23463936301137822,0.46927872602275644,0.46927872602275644,0.0,3,8.787503263488347,0.6666666666666666,40,3,empata
72191,napapijri mujer,1.0,1.0,1.0,1.0,0.0,2,5.7149052791298605,1.0,16,16,empata
72253,nas netgear,1.0,1.0,0.9558295932317544,1.0,0.0,2,7.354911191559827,1.0,21,4,empata
72258,nasa,1.0,1.0,1.0,1.0,0.0,1,9.615805480084347,1.0,16,16,empata
72278,natación mochila competición,0.9337457765456111,0.8643145546088339,0.7948833326720566,0.8643145546088339,0.0694312219367772,3,7.253489832495293,0.6666666666666666,16,11,mejora
72433,natysal serum,0.9709286432396583,0.9828920819566879,0.9619991470595832,0.9828920819566879,-0.01196343871702954,2,8.699514748210191,1.0,9,4,empeora
72567,nba 2k xbox one,0.8458581824477313,0.6704315219338838,0.8867592887894689,0.8867592887894689,-0.0409011063417376,4,6.601582767503473,1.0,12,7,empeora
72570,nba 2k20,0.8932076516505887,0.9878316351280036,0.5355852974309777,0.9878316351280036,-0.09462398347741496,2,9.504233704427243,1.0,17,7,empeora
72576,nba niños equipacion,0.22400556151517556,0.17366667134799182,0.4977962688668736,0.4977962688668736,-0.2737907073516981,3,7.374327739466147,0.6666666666666666,39,12,empeora
72599,nch software,0.640591412903011,0.3785009188665827,0.5621931439243355,0.5621931439243355,0.07839826897867552,2,8.989423995836663,1.0,39,16,mejora
72640,neceser pequeño,1.0,1.0,1.0,1.0,0.0,2,6.303440971051073,1.0,16,16,empata
72641,necesito verte,1.0,1.0,1.0,1.0,0.0,2,10.308952660644293,1.0,15,4,empata
72723,neem face wash,0.7222954974312067,0.7728378251807521,0.668306326910793,0.7728378251807521,-0.05054232774954537,3,7.929330327329119,1.0,40,11,empeora
72768,nenuco dolor de garganta,0.6131471927654584,0.8503449055347546,0.8175295903539445,0.8503449055347546,-0.23719771276929624,4,5.917465934375007,1.0,16,2,empeora
72832,neopreno mujer surf,1.0,0.7778721720600673,1.0,1.0,0.0,3,5.404702470048416,1.0,40,25,empata
72898,nerf x fortnite,0.685119869332369,0.77990823370192,0.9363792118010483,0.9363792118010483,-0.2512593424686793,3,5.861368948976046,0.6666666666666666,16,10,empeora
72958,nestlé cereales sin gluten,0.7967610662472993,0.6555476069276601,0.6594803070902427,0.6594803070902427,0.1372807591570565,4,5.261213216696056,1.0,40,15,mejora
72968,netatmo,1.0,1.0,1.0,1.0,0.0,1,8.922658299524402,1.0,16,16,empata
73005,neumáticos ultraligeros mtb 29,1.0,0.9704091209634449,1.0,1.0,0.0,4,7.032977158090162,0.75,16,6,empata
73013,neurotrac,0.6934264036172708,0.8772153153380493,0.8772153153380493,0.8772153153380493,-0.1837889117207785,1,10.308952660644293,1.0,13,2,empeora
73169,new skill seiryu,0.8315546295836225,0.38685280723454163,0.8315546295836225,0.8315546295836225,0.0,3,8.721561349045041,0.3333333333333333,15,2,empata
73270,next to me chicco,0.6701421017823512,0.3229501751883214,0.7434619002283402,0.7434619002283402,-0.07331979844598902,4,6.929908443571287,1.0,39,9,empeora
73315,ngs pctransfer soporte cpu con ruedas,0.5014839712467825,0.34222207292834145,0.25909036127391766,0.34222207292834145,0.159261898318441,6,5.974025290507001,0.6666666666666666,19,6,mejora
73375,nieve artificial,1.0,1.0,1.0,1.0,0.0,2,5.684027908108845,1.0,16,16,empata
73419,night vision yukon,1.0,0.7538142945344394,0.8415908474314977,0.8415908474314977,0.1584091525685023,3,7.762726052685589,1.0,15,10,mejora
73508,nike bebe sin suela,0.49820370960044086,0.0,0.0,0.0,0.49820370960044086,4,5.126642572163429,0.25,40,4,mejora
73533,nike dry fit hombre pantalon corto,0.9052116356304495,0.5430029249822635,0.77990823370192,0.77990823370192,0.1253034019285295,6,5.6694491886894935,0.8333333333333334,40,19,mejora
73570,nike hyperwarm,1.0,0.7967610662472993,0.9363792118010483,0.9363792118010483,0.06362078819895167,2,7.759019446732193,1.0,38,14,mejora
73579,nike kids girls,1.0,1.0,1.0,1.0,0.0,3,6.224125399065005,1.0,16,16,empata
73590,nike max 270,1.0,1.0,1.0,1.0,0.0,3,5.796064143373485,1.0,16,14,empata
73605,nike negro niño,0.6870165078530993,0.685119869332369,0.6969179698201176,0.6969179698201176,-0.009901461967018244,3,4.09301558833712,0.6666666666666666,40,22,empeora
73638,nike sb check solar,1.0,1.0,1.0,1.0,0.0,4,6.712160700410165,1.0,16,16,empata
73837,nintendo consola,1.0,1.0,0.92663607790064,1.0,0.0,2,5.940386854753543,1.0,16,11,empata
73847,nintendo game boy advance,1.0,0.5307212739772434,0.6447841584694202,0.6447841584694202,0.35521584153057983,4,6.845043022713867,1.0,16,3,mejora
73902,nintendo switch lite protector pantalla,0.9933222998814618,0.9017290978091301,0.8668509484976332,0.9017290978091301,0.09159320207233168,5,4.920249994438832,1.0,16,8,mejora
73974,nitnedo switch,1.0,0.7028046245779905,0.6425958210520417,0.7028046245779905,0.29719537542200947,2,7.848962197730231,0.5,12,6,mejora
73997,nivea manchas,0.8318724637288826,0.5205067333228022,0.8048099750039491,0.8048099750039491,0.027062488724933442,2,7.0720073124681555,1.0,16,4,mejora
74012,niña mujer otras libro,0.5724626779088695,0.3391602052736161,0.4808659172767282,0.4808659172767282,0.09159676063214128,4,5.061583910184231,0.75,37,5,mejora
74067,no hay verano sin ti,0.8318724637288826,0.6366824387328317,0.8318724637288826,0.8318724637288826,0.0,5,5.394471729110782,1.0,38,4,empata
74129,noah evans español,0.4710361549625274,0.1396181455537491,0.23440650992329992,0.23440650992329992,0.23662964503922745,3,7.938176845740656,0.0,36,13,mejora
74153,nofx tshirt,1.0,1.0,0.9305687780632229,1.0,0.0,2,9.759646516310237,0.5,40,17,empata
74179,nokia 2.2 funda,0.599976751690748,0.6871952210980249,0.9052116356304495,0.9052116356304495,-0.30523488393970144,4,3.8460237887217867,1.0,16,12,empeora
74268,noodles sin gluten,0.92663607790064,0.92663607790064,0.8701249883466594,0.92663607790064,0.0,3,5.983713394956678,1.0,39,28,empata
74300,nordico sin funda,1.0,0.741670249010153,0.8512360941594275,0.8512360941594275,0.14876390584057253,3,4.693721805228462,1.0,16,12,mejora
74324,norm macdonald,1.0,1.0,1.0,1.0,0.0,2,9.759646516310237,1.0,39,32,empata
74354,north face shirt,1.0,0.6242322474067891,0.857980942822373,0.857980942822373,0.14201905717762697,3,6.325139851602761,0.6666666666666666,16,12,mejora
74394,norway geographical mujer,1.0,1.0,1.0,1.0,0.0,3,5.75305208529709,1.0,16,16,empata
74513,notebook i3 8gb ssd,0.9363792118010483,0.8669479898642711,0.7605591431973849,0.8669479898642711,0.0694312219367772,4,5.411168558588232,1.0,16,10,mejora
74566,novia cadaver,0.5912352048230277,0.41183384043543503,0.6509209298071326,0.6509209298071326,-0.05968572498410485,2,8.50349370432218,0.5,16,2,empeora
74702,numerados,0.8486026589039901,0.5559026721867444,0.7162874455029682,0.7162874455029682,0.13231521340102192,1,9.615805480084347,1.0,16,13,mejora
74809,nutria peluche,1.0,0.5142842514302276,0.9305687780632229,0.9305687780632229,0.06943122193677709,2,8.117939343307352,1.0,39,21,mejora
74819,nutrifit,0.5012658353418871,0.3706656904013186,0.3065735963827292,0.3706656904013186,0.13060014494056849,1,10.308952660644293,0.0,16,2,mejora
74919,nórdico saco cama 90,1.0,1.0,1.0,1.0,0.0,4,5.379155349036558,1.0,16,15,empata
74920,nórdicos sintéticos 150,0.8701249883466594,0.8701249883466594,0.6352557412688554,0.8701249883466594,0.0,3,8.080332344954838,0.3333333333333333,16,12,empata
74963,oakley graduadas,0.42520843362602384,0.5224955967919311,0.5580759111248786,0.5580759111248786,-0.1328674774988548,2,7.755979923694002,1.0,40,19,empeora
74970,oakley retina burn,0.7720911544214064,0.6112833214150002,0.5374517914100283,0.6112833214150002,0.16080783300640622,3,8.272536799722838,1.0,10,3,mejora
75017,objetivos canon serie l,0.92663607790064,0.8263333286520084,0.8486026589039901,0.8486026589039901,0.07803341899664984,4,5.498015411829089,1.0,40,20,mejora
75022,obleas de arroz,0.6154062275862391,0.4896484487323553,0.6004311286161026,0.6004311286161026,0.014975098970136491,3,5.692396501719261,0.6666666666666666,16,10,mejora
75039,occitane pack,0.7778721720600673,0.4922818839877926,0.5519699720241615,0.5519699720241615,0.22590220003590578,2,6.948239810248971,0.5,36,12,mejora
75112,odyssey g9 4k,0.6713860725233041,0.6049306994552042,0.7928654229965442,0.7928654229965442,-0.1214793504732401,3,7.1555903589493175,0.6666666666666666,29,3,empeora
75130,oferta tv 32 pulgadas,1.0,1.0,1.0,1.0,0.0,4,5.149378635047846,0.75,40,29,empata
75132,ofertas flash del dia,1.0,1.0,1.0,1.0,0.0,4,6.488066114795972,0.0,16,16,empata
75156,off white,0.8263333286520084,0.88995411685096,0.8611375561264456,0.88995411685096,-0.06362078819895167,2,5.30728621689137,1.0,16,11,empeora
75193,office furniture,1.0,0.9337457765456111,1.0,1.0,0.0,2,7.91520678925327,1.0,16,15,empata
75324,oil thermometer,0.9363792118010483,0.8611375561264456,0.8572048559638626,0.8611375561264456,0.07524165567460273,2,8.59195905840172,1.0,39,33,mejora
75362,olaf peluche,1.0,1.0,1.0,1.0,0.0,2,7.3132203870903005,1.0,16,16,empata
75408,old skool,0.9165542635924873,0.7964203751627554,1.0,1.0,-0.08344573640751274,2,7.688079153114471,1.0,16,8,empeora
75411,old spice captain,1.0,1.0,1.0,1.0,0.0,3,8.05509507104294,1.0,16,11,empata
75471,olla coccion lenta russell hobbs,1.0,1.0,1.0,1.0,0.0,5,8.604635952700786,0.8,16,4,empata
75473,olla modelo g,0.31546487678572877,1.0,0.43067655807339306,1.0,-0.6845351232142712,3,5.187234064003374,1.0,16,1,empeora
75475,ollas,1.0,1.0,1.0,1.0,0.0,1,8.699514748210191,1.0,16,16,empata
75478,ollas industriales,0.88995411685096,0.6214011939609387,0.8643145546088339,0.8643145546088339,0.025639562242126157,2,8.531278629899585,0.5,16,13,mejora
75479,ollas para cocina,0.7846170207230131,0.694765116060299,0.599976751690748,0.694765116060299,0.08985190466271409,3,4.541662309285923,1.0,16,12,mejora
75521,omd em10 mark iii,0.9441592263400607,0.9607686373130875,0.8851120525594057,0.9607686373130875,-0.016609410973026817,4,8.035220280528078,0.75,21,6,empeora
75524,omega 3,1.0,0.7951657524814092,1.0,1.0,0.0,2,4.719415764808494,1.0,16,14,empata
75569,omron x7,0.3391602052736161,0.21398626473452756,0.21398626473452756,0.21398626473452756,0.12517394053908856,2,8.373352155190346,1.0,40,5,mejora
75578,on screen c1,0.9292442392789195,0.9292442392789195,0.9258513847149256,0.9292442392789195,0.0,3,6.981242600581517,1.0,29,9,empata
75595,ondas sin calor tubo,1.0,0.77990823370192,0.9052116356304495,0.9052116356304495,0.09478836436955052,4,5.274101427605677,0.75,40,32,mejora
75698,oneplus 6t,1.0,0.7821154372211577,1.0,1.0,0.0,2,8.026778564910375,1.0,16,5,empata
75843,oppo,1.0,1.0,1.0,1.0,0.0,1,8.517193191416238,1.0,16,1,empata
75986,orbea bicicletas electricas,0.0,0.0,0.0,0.0,0.0,3,8.402182068441823,0.0,40,1,empata
76010,orden nevera,0.7315449642824575,0.7917063341896683,0.7827392871477703,0.7917063341896683,-0.06016136990721077,2,7.600902459542082,1.0,40,29,empeora
76014,ordenador asus zenbook 14,1.0,0.45841207143847545,0.9052116356304495,0.9052116356304495,0.09478836436955052,4,5.710755934920944,1.0,40,17,mejora
76023,ordenador portátil 11 pulgadas,0.8318724637288826,0.5098501619682683,0.13012668333070054,0.5098501619682683,0.3220223017606143,4,3.8902067007208982,0.75,16,4,mejora
76028,ordenador sobremesa i5 16gb ram ssd,1.0,0.8603818544462509,0.5278432933752527,0.8603818544462509,0.13961814555374907,6,4.577312595116792,1.0,40,19,mejora
76029,ordenador tactil i7,0.6489315753318466,0.5212960629027201,0.5894280199323519,0.5894280199323519,0.0595035553994947,3,5.370900937028959,0.6666666666666666,40,11,mejora
76031,ordenadores msi precios,0.9708923176105698,0.8687949224876582,0.6552438651310554,0.8687949224876582,0.1020973951229116,3,7.759055119407122,0.3333333333333333,40,5,mejora
76178,organizador accesorios afeitado,0.0,0.0,1.0,1.0,-1.0,3,5.797926434279418,0.3333333333333333,16,1,empeora
76179,organizador apilable stanley,0.8539316501572937,0.5147714448836774,0.8687949224876582,0.8687949224876582,-0.014863272330364552,3,6.7366810295269,0.6666666666666666,16,5,empeora
76181,organizador clavos y tornillos,1.0,1.0,1.0,1.0,0.0,4,4.923977955840388,1.0,16,16,empata
76183,organizador colgante,0.0,0.18457569677956817,0.0,0.18457569677956817,-0.18457569677956817,2,5.168384657320534,1.0,16,2,empeora
76185,organizador cremalleras,0.4892835987503299,0.39842793454336195,0.5072380780124418,0.5072380780124418,-0.01795447926211191,2,6.432785078993147,0.5,16,10,empeora
76193,organizador mp4,0.42495990177520937,0.4401191709229659,0.2920782154400332,0.4401191709229659,-0.015159269147756504,2,6.910540801506865,1.0,15,3,empeora
76214,organza blanca por metros,0.6177639991612476,0.3312392961638528,0.552265477387053,0.552265477387053,0.06549852177419457,4,5.967156261533878,0.75,40,10,mejora
76269,orinales nińas,0.9363792118010483,0.9148568823583791,1.0,1.0,-0.06362078819895167,2,9.759646516310237,0.5,16,14,empeora
76299,ornos electricos de cocina,0.92663607790064,0.7702043899253147,0.826813366651774,0.826813366651774,0.09982271124886599,4,5.92109576220612,0.75,40,35,mejora
76300,oro cadena hombre,0.9216017310213247,0.9216017310213247,1.0,1.0,-0.0783982689786753,3,4.270695450538806,1.0,40,28,empeora
76335,ortur laser master 2,0.7713707099946514,0.7767471075223498,0.7767471075223498,0.7767471075223498,-0.005376397527698362,4,6.297642398930105,1.0,40,9,empeora
76344,os x el capitan,0.38685280723454163,0.38685280723454163,0.6131471927654584,0.6131471927654584,-0.22629438553091674,4,5.15778310371742,1.0,36,2,empeora
76348,osann,0.9963488021549354,0.9249372331423046,0.9782917460822231,0.9782917460822231,0.01805705607271224,1,10.308952660644293,1.0,16,8,mejora
76363,osito musica bebe,0.7065443116025598,0.8630152897016883,0.8263333286520084,0.8630152897016883,-0.15647097809912847,3,7.131478036929194,0.6666666666666666,16,11,empeora
76919,ovomaltine original,0.6754160255557639,0.4412851793128929,0.6968404678259547,0.6968404678259547,-0.021424442270190802,2,7.528611845136529,1.0,38,19,empeora
76961,oxigenador vino,1.0,1.0,1.0,1.0,0.0,2,7.607613969708153,1.0,16,16,empata
77039,p30 pro,1.0,0.5462574254588146,1.0,1.0,0.0,2,5.331387267800309,1.0,16,12,empata
77083,pack cámara vigilancia wifi interior,1.0,0.9337457765456111,0.9305687780632229,0.9337457765456111,0.06625422345438892,5,4.208926862769866,1.0,40,35,mejora
77090,pack mustela recien nacido,0.841492960259019,0.38113435412202007,0.6020521034564039,0.6020521034564039,0.23944085680261507,4,6.4697188808880615,1.0,40,11,mejora
77165,padel hombre zapatillas,0.5727555047321238,0.8643145546088339,0.7788065869851875,0.8643145546088339,-0.2915590498767101,3,4.769552604477589,1.0,39,20,empeora
77168,padelfreak,1.0,0.9305687780632229,0.9363792118010483,0.9363792118010483,0.06362078819895167,1,10.308952660644293,1.0,11,10,mejora
77306,pajarita azul hombre,0.7909506325094736,0.7100226348397881,0.793584067764911,0.793584067764911,-0.0026334352554373552,3,4.9934699528174065,1.0,16,10,empeora
77307,pajarita infantil,0.8187245042096152,0.5955163178801942,0.4911720512196216,0.5955163178801942,0.22320818632942097,2,6.597168438514709,1.0,16,7,mejora
77322,palas de pádel,1.0,0.9216017310213247,0.9216017310213247,0.9216017310213247,0.0783982689786753,3,5.449224893475654,1.0,16,14,mejora
77327,paleo approach,0.8710785440003369,0.6045093387918965,0.7988614740430418,0.7988614740430418,0.07221706995729515,2,8.517193191416236,1.0,16,3,mejora
77336,palillos acero coctel,0.3391602052736161,0.4371994911049732,0.13120507751234178,0.4371994911049732,-0.09803928583135707,3,7.138804339168786,0.3333333333333333,16,5,empeora
77337,palitos ambientador,1.0,0.9305687780632229,0.88995411685096,0.9305687780632229,0.06943122193677709,2,7.890811707168554,1.0,16,15,mejora
77347,"palmeras, plantas de jardin",0.7885497208855957,0.3052348839397012,0.56264752084969,0.56264752084969,0.22590220003590566,4,5.280906531617536,0.75,40,16,mejora
77362,palos de naranjo manicura,1.0,1.0,1.0,1.0,0.0,4,6.2323515982451925,1.0,16,16,empata
77368,pamela,0.88995411685096,0.7600791051976192,0.7503359712972109,0.7600791051976192,0.1298750116533408,1,9.210340371976184,1.0,16,13,mejora
77403,pan sin gluten,0.9337457765456111,0.713654010247531,0.6281460426238845,0.713654010247531,0.22009176629808014,3,4.613422106898907,1.0,40,20,mejora
77406,panales jsponeses,1.0,1.0,1.0,1.0,0.0,2,10.308952660644293,0.0,16,16,empata
77409,panales talla 6+ braguita,0.7227265726449519,0.7227265726449519,0.32214392924804747,0.7227265726449519,0.0,4,5.975809932915241,0.75,16,5,empata
77420,panasonic lumix fz82,1.0,0.18457569677956817,0.9197207891481876,0.9197207891481876,0.08027921085181244,3,8.034161437296596,1.0,16,2,mejora
77436,pancarta mickey mouse,0.6429235234036081,0.6316243658611128,0.7467045958894682,0.7467045958894682,-0.1037810724858601,3,6.9547440693528175,1.0,40,19,empeora
77437,panceta de cerdo,0.8701249883466594,0.8006937664098821,0.9305687780632229,0.9305687780632229,-0.0604437897165635,3,6.289649658128613,1.0,40,17,empeora
77507,pantalla 4k 24 pulgadas,1.0,1.0,0.6309297535714575,1.0,0.0,4,3.9835146572137488,0.75,16,1,empata
77508,pantalla android seat leon mk3,0.5637884576902257,0.6300426811446147,0.6300426811446147,0.6300426811446147,-0.06625422345438903,5,6.762935958741361,1.0,40,13,empeora
77511,pantalla de gas,0.558226059985166,0.46927872602275644,0.23463936301137822,0.46927872602275644,0.0889473339624095,3,3.185993087042577,1.0,16,3,mejora
77512,pantalla de proyector 200 pulgadas,0.7375728492866022,0.6930221935231563,0.5321454488055234,0.6930221935231563,0.04455065576344586,5,3.5577747576967083,1.0,40,9,mejora
77515,pantalla plana ordenador,1.0,0.7257345305446319,0.7818048722226502,0.7818048722226502,0.21819512777734984,3,4.639082835747849,1.0,16,12,mejora
77519,pantalla proyector,1.0,1.0,1.0,1.0,0.0,2,4.522285864261648,1.0,16,16,empata
77529,pantalon anticorte motosierra,0.9337457765456111,0.9363792118010483,1.0,1.0,-0.06625422345438892,3,8.561703655624411,1.0,15,14,empeora
77533,pantalon dc,1.0,1.0,1.0,1.0,0.0,2,6.389386836507127,0.5,16,15,empata
77537,pantalon hombre chandal,1.0,1.0,1.0,1.0,0.0,3,5.749636978222177,0.6666666666666666,16,15,empata
77542,pantalon levis,0.77990823370192,0.77990823370192,0.77990823370192,0.77990823370192,0.0,2,7.967887047082183,0.0,16,15,empata
77552,pantalones atlético de madrid,0.793584067764911,0.9148568823583791,0.8701249883466594,0.9148568823583791,-0.12127281459346817,4,5.166648096693217,1.0,16,11,empeora
77555,pantalones bombachos mujer,1.0,1.0,1.0,1.0,0.0,3,5.27257371203086,1.0,16,16,empata
77559,pantalones de trabajo hombre,1.0,1.0,1.0,1.0,0.0,4,3.384161002003129,1.0,16,15,empata
77564,pantalones hombre montaña,1.0,1.0,1.0,1.0,0.0,3,4.387166014136002,1.0,16,15,empata
77565,pantalones jogging mujer vestir,0.9148568823583791,0.8486026589039901,0.9148568823583791,0.9148568823583791,0.0,4,5.559992149823254,1.0,40,33,empata
77568,pantalones nike hombres,0.9363792118010483,0.8512360941594275,0.9305687780632229,0.9305687780632229,0.005810433737825416,3,4.833674123230316,0.6666666666666666,16,11,mejora
77569,pantalones palazzo,1.0,1.0,1.0,1.0,0.0,2,6.890286253301497,1.0,16,16,empata
77571,pantalones senderismo hombre,1.0,1.0,1.0,1.0,0.0,3,4.464433218821777,1.0,16,14,empata
77572,pantalons ski mujer xll,0.8701249883466594,0.7720617383222419,0.8603818544462509,0.8603818544462509,0.009743133900408485,4,8.139635375828574,0.5,16,10,mejora
77573,pantalón chandal niño,1.0,1.0,1.0,1.0,0.0,3,6.100373836298242,0.6666666666666666,16,2,empata
77577,pantalón trabajo lluvia,0.6509209298071326,0.39780880120575696,0.5640920940185894,0.5640920940185894,0.08682883578854317,3,5.8725145931169775,0.6666666666666666,16,2,mejora
77593,pantone carta de color,0.841492960259019,0.7849818707050383,0.8454256604216018,0.8454256604216018,-0.003932700162582847,4,5.228177205347522,1.0,39,15,empeora
77615,pantuflas casa mujer verano,0.5933607200949347,0.7827392871477703,0.5774250016294137,0.7827392871477703,-0.18937856705283562,4,5.180275178961735,1.0,40,28,empeora
77640,papel adhesivo rombos,0.9828920819566879,0.8932547230000344,0.9349366583346498,0.9349366583346498,0.047955423622038085,3,6.834135457885945,1.0,16,4,mejora
77649,papel fotografico polaroid 600,0.7975167679274939,0.35106842466815347,0.4864714502499671,0.4864714502499671,0.31104531767752686,4,7.30014937373438,0.5,16,10,mejora
77651,papel higienico biodegradable,0.6046855387118413,0.7534494445524139,0.9305687780632229,0.9305687780632229,-0.32588323935138164,3,6.958431770443795,0.6666666666666666,16,11,empeora
77663,papel pintado pared piedra,1.0,1.0,1.0,1.0,0.0,4,5.356338189855875,1.0,16,16,empata
77665,papel pintado vintage,1.0,1.0,1.0,1.0,0.0,3,5.58313413045812,1.0,16,15,empata
77668,papelera de baño pared,0.9643632283499571,0.8727377840451935,0.9878316351280036,0.9878316351280036,-0.023468406778046513,4,4.140433653252033,1.0,16,7,empeora
77671,papelera habitacion,0.9052116356304495,0.7381919257729246,0.9148568823583791,0.9148568823583791,-0.009645246727929657,2,7.477472420576319,0.5,15,12,empeora
77763,paperwhite sin publicidad,0.7151857987862358,0.6489315753318466,0.6421867266689011,0.6489315753318466,0.06625422345438914,3,6.510530186810294,1.0,27,12,mejora
77773,paquete de body marron,0.31546487678572877,0.6309297535714575,0.43067655807339306,0.6309297535714575,-0.31546487678572877,4,4.5787659652898505,0.75,16,1,empeora
77784,parabolic satellite,0.8740803371737863,0.23936018781366117,0.7675061604425087,0.7675061604425087,0.10657417673127756,2,9.759646516310237,0.0,16,8,mejora
77797,parafina blanca neutra,0.7166492644739908,0.7269547345639102,0.7052464806461334,0.7269547345639102,-0.010305470089919444,3,6.958546772457471,1.0,30,8,empeora
77800,parafina sin olor,0.3903800499921017,0.312706129752478,0.2741708125981702,0.312706129752478,0.07767392023962366,3,5.539746631938647,0.6666666666666666,40,4,mejora
77805,paraguas,0.8611375561264456,0.9052116356304495,0.713654010247531,0.9052116356304495,-0.04407407950400388,1,7.7440033031827555,1.0,16,14,empeora
77811,paraguero moderno gris,1.0,1.0,1.0,1.0,0.0,3,6.5148930730036305,1.0,16,13,empata
77823,parche cicatrizante,0.8701249883466594,0.6429424283490957,1.0,1.0,-0.1298750116533406,2,8.440117851502608,1.0,40,35,empeora
77824,parche cuero ropa,0.7467045958894682,0.7819835854675756,0.30308203017988267,0.7819835854675756,-0.03527898957810738,3,5.4509099896626765,1.0,39,12,empeora
77826,parche los increibles,1.0,0.6309297535714575,1.0,1.0,0.0,3,7.160139449160757,0.3333333333333333,16,1,empata
77829,parches guardia civil,0.7967610662472993,0.6975961695061493,0.7720617383222419,0.7720617383222419,0.024699327925057357,3,8.064485363365172,1.0,16,13,mejora
77831,parches para electroestimulador,1.0,1.0,1.0,1.0,0.0,3,5.42712609022869,1.0,40,34,empata
77832,parches star wars coffe,0.9842184869190973,1.0,0.9842184869190973,1.0,-0.015781513080902698,4,7.353438693487323,0.5,11,9,empeora
77866,parka mujer entretiempo sin capucha,0.2258169302025588,0.3029889503327762,0.22664574704164425,0.3029889503327762,-0.07717202013021737,5,5.010912237752254,1.0,38,9,empeora
77867,parka mujer invierno rebajas,1.0,1.0,1.0,1.0,0.0,4,5.35427864922224,1.0,16,16,empata
77868,parka mujer sin mangas,1.0,1.0,1.0,1.0,0.0,4,4.363298105011941,1.0,39,25,empata
77869,parkas hombre invierno,0.9363792118010483,0.6067216003536937,0.9148568823583791,0.9148568823583791,0.021522329442669186,3,5.532085038487107,0.6666666666666666,16,11,mejora
77887,parogencyl colutorio,0.9447176050778178,0.9550236580992476,0.8318724637288826,0.9550236580992476,-0.01030605302142984,2,9.962379070364321,1.0,23,4,empeora
77888,parque de bolas,0.7885497208855957,0.9363792118010483,0.857980942822373,0.9363792118010483,-0.1478294909154526,3,4.542400653108732,1.0,16,13,empeora
77954,pascua chocolate,0.3543334123470583,0.19796212533499347,0.4639590352498408,0.4639590352498408,-0.1096256229027825,2,6.571283042360924,1.0,40,7,empeora
77955,pascualina,1.0,1.0,0.6309297535714575,1.0,0.0,1,10.308952660644293,1.0,15,1,empata
77974,passoa,1.0,1.0,1.0,1.0,0.0,1,10.308952660644293,1.0,8,8,empata
77989,pasta de dientes sin plástico,0.5271064966405457,0.570404489286039,0.6691255538181727,0.6691255538181727,-0.14201905717762708,5,3.886876664806792,1.0,40,16,empeora
78019,pasteles sin azucar,0.9337457765456111,0.39170347105873204,0.9363792118010483,0.9363792118010483,-0.002633435255437244,3,5.69352848743952,0.6666666666666666,39,11,empeora
78023,pastillas barbacoa,1.0,1.0,1.0,1.0,0.0,2,6.396729695205483,1.0,16,16,empata
78034,pastillero 5 tomas,0.2826335043946801,0.2442584792702138,0.2188505885308512,0.2442584792702138,0.038375025124466305,3,5.98730688082991,0.3333333333333333,16,5,mejora
78074,patin electrico,1.0,0.77990823370192,1.0,1.0,0.0,2,7.803635013596165,0.5,16,15,empata
78076,patines de ambar de soy luna originales,1.0,0.31546487678572877,0.5,0.5,0.5,7,5.497644099838195,0.42857142857142855,14,1,mejora
78083,patinete electrico juvenil,0.6389751319299919,0.53917469639354,0.7456919575934262,0.7456919575934262,-0.10671682566343432,3,6.556059937776063,0.3333333333333333,16,6,empeora
78084,patinete eléctrico,1.0,0.9305687780632229,0.9337457765456111,0.9337457765456111,0.06625422345438892,2,5.504427972850623,1.0,16,15,mejora
78085,patinete evolutivo 3 en 1 con asiento,0.8189080569732083,0.8112689688197959,0.7767509398452653,0.8112689688197959,0.00763908815341241,7,4.314871535275103,1.0,16,8,mejora
78086,patinete lila,0.7849818707050383,0.7264127302306637,0.7000949683025057,0.7264127302306637,0.05856914047437467,2,7.141425534895263,1.0,16,11,mejora
78089,patinete niño 9 años,1.0,1.0,1.0,1.0,0.0,4,4.788797678345905,1.0,16,16,empata
78090,patinete smartgyro rockway,0.0,0.0,0.3333333333333333,0.3333333333333333,-0.3333333333333333,3,8.659366030518237,0.3333333333333333,30,1,empeora
78091,patinetes electricos baratos,0.9337457765456111,0.9216017310213247,0.9337457765456111,0.9337457765456111,0.0,3,8.529773300743853,0.3333333333333333,16,14,empata
78168,patrulla canina,0.92663607790064,0.9216017310213247,0.92663607790064,0.92663607790064,0.0,2,7.680204974630401,1.0,17,16,empata
78183,patucos bebe marca,1.0,0.92663607790064,0.9305687780632229,0.9305687780632229,0.06943122193677709,3,7.017342379548851,0.6666666666666666,16,14,mejora
78267,paños de cocina,1.0,1.0,1.0,1.0,0.0,3,4.121276492167236,1.0,16,15,empata
78268,pañuelo karate kid,0.3157774392560288,0.3517669297871228,0.43707943365237834,0.43707943365237834,-0.12130199439634953,3,8.009717679601414,0.6666666666666666,28,7,empeora
78302,pc convertible 2 en 1,1.0,1.0,0.9216017310213247,1.0,0.0,5,3.5421482368924537,1.0,39,24,empata
78317,pc gaming montado,1.0,1.0,1.0,1.0,0.0,3,5.252459136896221,1.0,40,33,empata
78320,pc haming,1.0,1.0,0.6163668470816235,1.0,0.0,2,7.15855976331267,0.5,40,30,empata
78324,pc hp 32 gb,1.0,0.7227265726449519,0.9896062251871525,0.9896062251871525,0.010393774812847534,4,4.51607084824586,1.0,40,5,mejora
78329,pc intel core i9,0.8357804136936722,0.575073986183329,0.6114735274236562,0.6114735274236562,0.22430688627001594,4,5.0837662377457296,1.0,40,15,mejora
78359,pc+sobremesa+gaming,0.9305687780632229,0.7917063341896683,1.0,1.0,-0.06943122193677709,3,4.692578413193771,1.0,40,26,empeora
78366,pcmcia usb 3.0,0.9504206262110482,0.8594925955920694,1.0,1.0,-0.04957937378895183,4,4.783181171312936,1.0,16,9,empeora
78496,peceras medianas para peces,0.9305687780632229,0.37259075411082276,0.2200917662980802,0.37259075411082276,0.5579780239524001,4,6.329967096433898,0.5,40,23,mejora
78575,pega cuadros sin taladrar,0.841492960259019,0.8611375561264456,0.9148568823583791,0.9148568823583791,-0.07336392209936016,4,6.049431177880029,0.75,40,24,empeora
78576,pega de pestañas,1.0,0.23177307466786257,0.7624164915943119,0.7624164915943119,0.2375835084056881,3,5.533421811022492,0.6666666666666666,39,21,mejora
78582,pegamento pelucas lace front,0.369417425616138,0.44149241373678083,0.123151194370365,0.44149241373678083,-0.07207498812064284,4,7.390191582032626,0.25,16,4,empeora
78585,pegatina 1 pulgada,0.8446905084406404,0.8594925955920694,0.9230390249121357,0.9230390249121357,-0.07834851647149532,3,5.272446107447017,0.6666666666666666,16,9,empeora
78588,pegatina llanta ducati,0.9337457765456111,1.0,0.92663607790064,1.0,-0.06625422345438892,3,7.720147027971073,0.6666666666666666,15,10,empeora
78589,pegatina luna,0.7526136409516659,0.9147029315959612,0.7456919575934262,0.9147029315959612,-0.16208929064429523,2,6.366852693806273,1.0,16,6,empeora
78595,pegatinas de ladrillos para la pared,1.0,1.0,1.0,1.0,0.0,6,3.6543403763792672,0.8333333333333334,16,15,empata
78597,pegatinas hoverboard,1.0,1.0,0.88995411685096,1.0,0.0,2,6.97167196473708,1.0,16,15,empata
78598,pegatinas infantiles,1.0,1.0,1.0,1.0,0.0,2,5.646226071105948,1.0,14,14,empata
78604,pegatinas para pared frases,1.0,1.0,1.0,1.0,0.0,4,4.622998021285326,1.0,16,16,empata
78608,pegatinas personalizadas,1.0,1.0,1.0,1.0,0.0,2,6.548023034543478,1.0,16,16,empata
78618,peine de pestañas,1.0,1.0,1.0,1.0,0.0,3,4.714509886748723,1.0,16,16,empata
78627,pela patatas,0.8486026589039901,0.8048109992093391,0.7538142945344394,0.8048109992093391,0.04379165969465104,2,8.892345988616185,1.0,16,12,mejora
78629,pelacables,1.0,0.9305687780632229,0.92663607790064,0.9305687780632229,0.06943122193677709,1,8.922658299524402,1.0,16,14,mejora
78638,pelicula el niño con el pijama de rayas,1.0,1.0,0.6309297535714575,1.0,0.0,8,4.292412215050191,0.875,16,1,empata
78640,pelicula sin identidad,0.8701249883466594,0.8701249883466594,0.8701249883466594,0.8701249883466594,0.0,3,6.867343990710765,0.6666666666666666,34,11,empata
78642,pellet de madera,0.9363792118010483,0.8006937664098821,1.0,1.0,-0.06362078819895167,3,4.403542957935465,1.0,39,17,empeora
78651,pelos para muñecas,0.5880199086650614,0.8358912271816661,0.8815140373113173,0.8815140373113173,-0.2934941286462559,3,5.01003483524739,0.6666666666666666,16,8,empeora
78657,pelotas padel,1.0,0.8205228949141828,0.7788065869851875,0.8205228949141828,0.17947710508581716,2,7.418580902748128,1.0,16,12,mejora
78666,peluca muñeco chucky,1.0,0.3562071871080222,0.43067655807339306,0.43067655807339306,0.5693234419266069,3,7.899006401260543,0.3333333333333333,16,1,mejora
78672,pelucas mujer pelo humano p o,1.0,1.0,1.0,1.0,0.0,6,5.529622272949802,1.0,16,16,empata
78675,peluche cerdo,1.0,1.0,1.0,1.0,0.0,2,7.019327054639241,1.0,16,15,empata
78676,peluche koala para bebe,0.9305687780632229,1.0,0.8630152897016883,1.0,-0.06943122193677709,4,5.3336432948002805,0.75,16,12,empeora
78686,películas eróticas,1.0,1.0,1.0,1.0,0.0,2,8.608353969813216,0.0,15,15,empata
78693,pen de animales,0.842126470715732,0.8149419398286234,0.8307234529095261,0.8307234529095261,0.011403017806205895,3,4.123667184315335,1.0,16,9,mejora
78694,pen f olympus,0.4441228664487979,0.0,0.16716045496620227,0.16716045496620227,0.2769624114825956,3,6.004726378719535,1.0,40,3,mejora
78753,pendiente hombre plata,0.8475028682434304,0.7587492362187309,0.7959399514907739,0.7959399514907739,0.05156291675265645,3,4.901091974413824,1.0,16,9,mejora
78756,pendientes,1.0,1.0,1.0,1.0,0.0,1,5.8781358618009785,1.0,16,15,empata
78759,pendientes de aro con colgante,0.7039180890341347,0.8194270280062366,0.8710785440003369,0.8710785440003369,-0.16716045496620224,5,3.9722540680718033,1.0,15,3,empeora
78764,pendientes grandes mujer,1.0,1.0,1.0,1.0,0.0,3,4.58041153330699,1.0,16,14,empata
78768,pendientes mujer plata,0.9337457765456111,0.7917063341896683,1.0,1.0,-0.06625422345438892,3,4.246480072814733,1.0,31,24,empeora
78770,pendientes niña sin agujero,1.0,1.0,1.0,1.0,0.0,4,5.014467072188949,1.0,39,33,empata
78772,pendientes rock and roll 925,0.645449205636615,0.45491663620029577,0.6378487833911712,0.6378487833911712,0.007600422245443772,5,6.123592502616379,1.0,16,6,mejora
78774,pendientes serpiente acero inoxidable,0.8486026589039901,0.45484422125791807,0.9148568823583791,0.9148568823583791,-0.06625422345438903,4,5.320086211307466,1.0,40,19,empeora
78775,pendientes trueno con diamantes,0.6934264036172708,0.9197207891481876,0.6934264036172708,0.9197207891481876,-0.22629438553091674,4,6.1266880776830765,0.75,10,2,empeora
78782,pendrive 128gb 3.0,1.0,0.7849818707050383,0.8512360941594275,0.8512360941594275,0.14876390584057253,4,4.677417796010673,1.0,16,12,mejora
78783,pendrive 16 gb,1.0,0.9337457765456111,0.9337457765456111,0.9337457765456111,0.06625422345438892,3,5.406415507033891,1.0,16,15,mejora
78784,pendrive 64 gb,1.0,0.92663607790064,0.9305687780632229,0.9305687780632229,0.06943122193677709,3,5.756053047072503,1.0,32,21,mejora
78789,penes consoladores,1.0,0.9052116356304495,1.0,1.0,0.0,2,9.759646516310237,0.0,16,15,empata
78868,peonzas beyblade,0.7573821447149967,0.7630946912803437,0.7542686714597937,0.7630946912803437,-0.005712546565347032,2,8.373352155190346,1.0,16,12,empeora
78879,pepa pig,1.0,1.0,1.0,1.0,0.0,2,8.811086523867298,0.5,16,16,empata
78881,pepapig juguete escuela,0.41042277291186013,0.09092803061897885,0.29289999820461743,0.29289999820461743,0.1175227747072427,3,7.109309139691125,0.3333333333333333,40,9,mejora
78885,pepe the frog peluche,1.0,1.0,1.0,1.0,0.0,4,6.260856044759651,1.0,40,7,empata
78936,pequeña pinza,0.8065735963827293,0.20438239758848611,0.5640920940185894,0.5640920940185894,0.2424815023641399,2,6.150313777533675,0.0,16,2,mejora
78944,perchas,1.0,1.0,1.0,1.0,0.0,1,7.05085612262281,1.0,32,32,empata
78945,perchas baño,1.0,1.0,1.0,1.0,0.0,2,5.568616257597867,1.0,16,16,empata
78947,perchas bebe pequeñas madera,1.0,0.571614567891588,0.8643145546088339,0.8643145546088339,0.13568544539116612,4,5.675772162212561,0.5,40,15,mejora
78950,perchas para pantalones,1.0,1.0,1.0,1.0,0.0,3,4.276579550375556,1.0,16,16,empata
78951,perchas pvc,0.9262845298966466,0.9492756620369743,0.6187869860554792,0.9492756620369743,-0.022991132140327775,2,6.2617634381578124,1.0,16,7,empeora
78955,perchero de madera para pared,1.0,1.0,1.0,1.0,0.0,5,3.227483319408177,1.0,16,14,empata
78960,percheros pared sin taladrar,0.8389574121760603,0.5774250016294137,1.0,1.0,-0.16104258782393965,4,5.50127206371246,0.75,40,34,empeora
78962,percusión huevo,1.0,1.0,1.0,1.0,0.0,2,8.05904782547916,1.0,16,16,empata
79000,perfume chloe,1.0,1.0,1.0,1.0,0.0,2,7.898811877841775,1.0,16,16,empata
79021,perfumes hombre,1.0,1.0,1.0,1.0,0.0,2,5.94701160831505,0.5,16,16,empata
79023,perfumes hombre versace eros,0.5965173333990071,0.3824147140836781,0.5517854393872874,0.5517854393872874,0.04473189401171973,4,7.954695339339684,0.75,25,11,mejora
79040,perla tahiti,1.0,1.0,1.0,1.0,0.0,2,8.314460637362156,1.0,40,36,empata
79042,perlas para coronas,0.6108377030333358,0.5434528875462725,0.4531981631642389,0.5434528875462725,0.06738481548706332,3,5.814843026830583,0.6666666666666666,16,5,mejora
79045,perlon filtro acuario,0.92663607790064,0.640591412903011,0.8701249883466594,0.8701249883466594,0.05651108955398054,3,7.184799586826753,1.0,16,12,mejora
79062,perritos para niñas,0.826813366651774,0.5368103404171508,0.4800032020044256,0.5368103404171508,0.29000302623462315,3,4.708100253787754,1.0,40,26,mejora
79066,perro placa,0.7909506325094736,0.8643145546088339,0.7728378251807521,0.8643145546088339,-0.07336392209936027,2,5.4075612364370444,1.0,16,11,empeora
79176,pesas,0.8603818544462509,0.7967610662472993,0.7917063341896683,0.7967610662472993,0.06362078819895167,1,6.645391014514646,1.0,16,13,mejora
79178,pesca baits 5 ganchos,1.0,1.0,1.0,1.0,0.0,4,6.077925879820043,0.75,16,15,empata
79181,peso cocina digital,1.0,1.0,1.0,1.0,0.0,3,4.60278910565085,1.0,16,16,empata
79192,pestillo sin agujeros puerta habitación,0.7818048722226502,0.7885497208855957,0.8512360941594275,0.8512360941594275,-0.06943122193677731,5,5.582459346279393,1.0,40,31,empeora
79269,petardos para pistolas,0.5779050396291793,0.7510916729774055,0.694765116060299,0.7510916729774055,-0.17318663334822626,3,6.25542830682469,1.0,15,10,empeora
79336,petrus,1.0,1.0,1.0,1.0,0.0,1,8.699514748210191,1.0,16,16,empata
79378,pg35vq,1.0,1.0,1.0,1.0,0.0,1,10.308952660644293,1.0,17,1,empata
79413,philadelphia eagles camiseta,1.0,0.8318477135310892,0.8165901947515999,0.8318477135310892,0.16815228646891078,3,8.110359155990523,1.0,16,14,mejora
79423,philips 278e8qjab,1.0,0.8772153153380493,1.0,1.0,0.0,2,7.945258751288122,1.0,16,2,empata
79425,philips 58,1.0,0.8529278650606567,1.0,1.0,0.0,2,6.1264656714249295,1.0,15,3,empata
79430,philips hue,1.0,1.0,1.0,1.0,0.0,2,6.972303676760466,1.0,16,16,empata
79684,physalis,0.77990823370192,0.88995411685096,0.8611375561264456,0.88995411685096,-0.11004588314904007,1,10.308952660644293,1.0,15,13,empeora
79705,piano,0.8357804136936722,0.77523873680463,0.7720617383222419,0.77523873680463,0.06054167688904222,1,6.8749654561591464,1.0,16,12,mejora
79767,picsil calleras rx,1.0,0.9674679834891693,0.9325210919548239,0.9674679834891693,0.03253201651083071,3,8.816507055818223,1.0,16,3,mejora
79815,pie de lámpara sin pantalla,0.7791714369672128,0.5166851630541055,0.1951890007906611,0.5166851630541055,0.2624862739131073,5,3.311614955118762,1.0,40,13,mejora
79833,piedra desodorante natural,0.7630946912803437,0.9305687780632229,0.7506372960520511,0.9305687780632229,-0.16747408678287923,3,5.698772316538847,1.0,39,26,empeora
79837,piel de luna,1.0,1.0,1.0,1.0,0.0,3,3.7948601103665696,1.0,16,1,empata
79840,pienso satisfaction puppy medium,0.7149394488115769,0.6850948573248621,0.8829374068620366,0.8829374068620366,-0.1679979580504597,4,8.005269980574925,1.0,31,6,empeora
79857,pies de lamparas de mesa sin pantalla,0.4478509691918938,0.2716774977597197,0.0,0.2716774977597197,0.1761734714321741,7,3.548453931845237,0.7142857142857143,40,5,mejora
79858,pies hongos,0.9305687780632229,0.6698623505528799,1.0,1.0,-0.06943122193677709,2,7.197664526608609,1.0,37,28,empeora
79879,pijama animales mujer,1.0,1.0,1.0,1.0,0.0,3,4.821658967019707,1.0,16,16,empata
79880,pijama aristogatos mujer,0.9930783166417602,0.9537123696623918,0.9930783166417602,0.9930783166417602,0.0,3,6.366568629762919,1.0,29,6,empata
79881,pijama bebe,1.0,1.0,1.0,1.0,0.0,2,5.812238975437988,1.0,16,16,empata
79885,pijama día del padre,0.3065735963827292,0.6131471927654584,0.5,0.6131471927654584,-0.3065735963827292,4,5.409071729988236,0.75,16,2,empeora
79887,pijama fornite para niño 14 años,0.6200500745793595,0.4309168405932232,0.6188735782380818,0.6188735782380818,0.0011764963412776996,6,5.095481828099606,0.8333333333333334,40,9,mejora
79892,pijama mickey mouse bebe,1.0,0.8701249883466594,0.9363792118010483,0.9363792118010483,0.06362078819895167,4,6.204703706976348,0.75,16,11,mejora
79897,pijama navigare,1.0,1.0,1.0,1.0,0.0,2,8.184705039619613,1.0,16,14,empata
79902,pijama simpsons hombre,1.0,0.77523873680463,0.9305687780632229,0.9305687780632229,0.06943122193677709,3,6.2158759385949915,1.0,16,12,mejora
79904,pijama toy story niño,1.0,0.9052116356304495,1.0,1.0,0.0,4,6.209453276621508,1.0,40,30,empata
79905,pijama unicornio niña,0.92663607790064,0.7065443116025598,0.8630152897016883,0.8630152897016883,0.06362078819895167,3,5.811561436098942,1.0,16,13,mejora
79913,pijamas hulk niño,0.9337457765456111,0.5734923014668308,0.7123736502858729,0.7123736502858729,0.22137212625973823,3,6.904072000253275,1.0,40,14,mejora
79916,pijamas lactancia hospital,1.0,1.0,1.0,1.0,0.0,3,7.425044632519676,1.0,15,15,empata
79942,pilas aaa,1.0,1.0,1.0,1.0,0.0,2,6.770203633859676,1.0,16,16,empata
79943,pilas para calculadora casio,1.0,0.6364391809889587,0.18154179253735267,0.6364391809889587,0.3635608190110413,4,5.332477538743369,0.5,16,3,mejora
79946,pilas recargables aa,1.0,1.0,1.0,1.0,0.0,3,6.784284122299056,1.0,16,15,empata
79952,piles cream,0.38121301394452073,0.4950605206767564,0.4644147025690223,0.4950605206767564,-0.11384750673223565,2,8.763431433965135,1.0,39,7,empeora
80011,pillow top para colchon,0.92663607790064,0.8318477135310892,0.9052116356304495,0.9052116356304495,0.02142444227019047,4,5.543815622363796,1.0,40,26,mejora
80046,pilot gtec,1.0,0.77990823370192,0.9216017310213247,0.9216017310213247,0.0783982689786753,2,9.15766011414727,0.5,16,14,mejora
80092,pinceles acrilico,1.0,1.0,1.0,1.0,0.0,2,7.7469706709426625,1.0,16,16,empata
80093,pinceles pelo de marta,1.0,1.0,1.0,1.0,0.0,4,5.67293521152151,1.0,16,15,empata
80096,pinche cocina,0.9337457765456111,0.7381919257729246,0.9052116356304495,0.9052116356304495,0.0285341409151616,2,7.156728259433303,1.0,16,12,mejora
80100,pincho antipalomas,1.0,1.0,1.0,1.0,0.0,2,9.962379070364321,1.0,16,16,empata
80372,pino navidad grande,1.0,1.0,1.0,1.0,0.0,3,5.197132226012013,1.0,16,16,empata
80388,pintauñas efecto gel sin lampara,0.6141069626790936,0.7381919257729246,0.7975167679274939,0.7975167679274939,-0.18340980524840034,5,5.333874030363891,0.8,40,27,empeora
80390,pintauñas semipermanente,1.0,1.0,1.0,1.0,0.0,2,7.234718512685469,1.0,17,17,empata
80396,pintura al temple para pared gotele,0.5847192329112589,0.5868720866710774,0.5527460588826718,0.5868720866710774,-0.0021528537598184405,6,5.769785110918625,0.5,16,10,empeora
80397,pintura americana para manualidades,0.9397911964740513,0.5857420314400269,0.7237820654170265,0.7237820654170265,0.2160091310570248,4,4.979653622912043,0.75,16,6,mejora
80402,pintura efecto tiza colores,0.92663607790064,0.9337457765456111,0.77990823370192,0.9337457765456111,-0.00710969864497113,4,5.591292005065754,0.75,40,29,empeora
80403,pintura facial,1.0,1.0,1.0,1.0,0.0,2,5.275384738612062,1.0,16,16,empata
80413,pinturas acuarelables,1.0,1.0,1.0,1.0,0.0,2,7.91520678925327,0.5,16,16,empata
80418,pinturas para niños,0.8643145546088339,0.718362797268624,0.7827392871477703,0.7827392871477703,0.08157526746106358,3,3.5518524458331933,1.0,16,11,mejora
80419,pinturas sin toxicos,0.8389574121760603,0.9216017310213247,0.9305687780632229,0.9305687780632229,-0.09161136588716257,3,6.46601972260212,0.6666666666666666,37,30,empeora
80433,pinza diseccion sin dientes,0.48331483694589455,0.46785915648013926,0.6267310462031456,0.6267310462031456,-0.14341620925725101,4,6.266860053936307,0.25,40,19,empeora
80434,pinza moto casco,1.0,1.0,1.0,1.0,0.0,3,5.891244348116897,1.0,16,1,empata
80442,piojos gallinas,1.0,1.0,1.0,1.0,0.0,2,8.786691441782581,1.0,16,16,empata
80511,pirograbador de madera,1.0,1.0,1.0,1.0,0.0,3,4.865641078308762,1.0,16,16,empata
80517,piscina intex 488,0.9060254355346823,0.0,0.47084972088011423,0.47084972088011423,0.43517571465456806,3,7.103417607225989,0.6666666666666666,40,3,mejora
80532,pistachos sin sal,1.0,0.8572048559638626,1.0,1.0,0.0,3,5.78131181137027,1.0,40,20,empata
80548,pistola de impacto,0.8048109992093391,0.8415908474314977,0.9305687780632229,0.9305687780632229,-0.12575777885388384,3,4.595848203133792,1.0,16,14,empeora
80549,pistola de masaje muscular personal de mano,1.0,1.0,1.0,1.0,0.0,7,4.293158204507778,1.0,16,16,empata
80550,pistola de succion,0.7421246259355073,0.38223600083875253,0.6062415623539281,0.6062415623539281,0.1358830635815792,3,5.27480884555414,0.6666666666666666,16,10,mejora
80554,pistola pintura electrica,1.0,1.0,1.0,1.0,0.0,3,5.8911414125817965,0.6666666666666666,15,15,empata
80558,pistolas de balines,0.9052116356304495,1.0,0.88995411685096,1.0,-0.09478836436955052,3,5.269559393231425,0.6666666666666666,16,15,empeora
80561,pistolas nerf fornite,1.0,0.5536912854565034,0.9216514835285049,0.9216514835285049,0.0783485164714951,3,8.50507064335928,0.3333333333333333,16,9,mejora
80582,pitos de carnaval cadiz,0.39790583709582267,0.5460985297060886,0.46584923801411343,0.5460985297060886,-0.14819269261026596,4,6.736077353380759,0.25,15,9,empeora
80654,pizarra led,0.6311443278613472,0.8643145546088339,0.7670273914429266,0.8643145546088339,-0.23317022674748666,2,4.955535897947218,1.0,16,10,empeora
80668,pizza flour sin gluton,0.8643145546088339,0.693761356516045,0.8553475075669357,0.8553475075669357,0.008967047041898213,4,7.6263798811671055,0.75,39,16,mejora
80737,placa base intel xeon,0.8389574121760603,0.7162874455029682,0.8521705090845474,0.8521705090845474,-0.013213096908487043,4,5.770177311484167,1.0,15,11,empeora
80744,placa ducha 80x130,1.0,0.0,1.0,1.0,0.0,3,6.896252354086845,0.3333333333333333,16,1,empata
80745,placa gas sin mandos,0.22716217481924805,0.06625422345438904,0.21501812929496178,0.21501812929496178,0.012144045524286273,4,5.099383063277486,0.75,40,14,mejora
80747,placa peso multiestacion,0.45128618090292527,0.2932016065763043,0.16917200913059097,0.2932016065763043,0.15808457432662099,3,6.748275224441525,0.6666666666666666,40,9,mejora
80748,placa solar enc,0.8572048559638626,0.8454256604216018,0.8263333286520084,0.8454256604216018,0.011779195542260812,3,6.767698193816184,0.6666666666666666,16,12,mejora
80821,plancha de vapor,1.0,0.9363792118010483,0.9363792118010483,0.9363792118010483,0.06362078819895167,3,4.299229044865125,1.0,16,15,mejora
80822,plancha dyson pelo,0.6131471927654584,0.38685280723454163,0.6131471927654584,0.6131471927654584,0.0,3,6.438911071195176,1.0,40,2,empata
80829,plancha pelo,1.0,1.0,1.0,1.0,0.0,2,5.543611047310536,1.0,16,16,empata
80833,plancha vertical vapor sin cable,0.6410457898283654,0.33816867746367263,0.5462574254588146,0.5462574254588146,0.09478836436955074,5,4.894707789968651,0.8,39,23,mejora
80837,planchas pelo crimper,0.3391602052736161,0.52111607805606,0.6902609733149433,0.6902609733149433,-0.35110076804132717,3,8.107638052444136,0.3333333333333333,16,5,empeora
80838,planchas sin cable,0.9337457765456111,0.8630152897016883,0.9363792118010483,0.9363792118010483,-0.002633435255437244,3,5.173542535715945,1.0,40,20,empeora
80859,planificador a6 anillas,0.77990823370192,0.7123736502858729,0.8357804136936722,0.8357804136936722,-0.0558721799917522,3,7.625384866820859,1.0,16,11,empeora
80952,plantronics rig 300,1.0,1.0,1.0,1.0,0.0,3,8.263764363617048,1.0,11,3,empata
80976,plasma pen arrugas,0.9363792118010483,0.9337457765456111,0.8669479898642711,0.9337457765456111,0.002633435255437244,3,7.150104856394012,1.0,39,20,mejora
81137,plastico liquido para faros de coche,0.8482378089219648,0.4568991878452581,0.8521705090845474,0.8521705090845474,-0.003932700162582625,6,4.193711332237323,0.8333333333333334,40,22,empeora
81139,plastico para llaveros,0.6036081270984909,0.6067216003536937,0.6898286563534622,0.6898286563534622,-0.08622052925497137,3,4.944411515951283,1.0,16,11,empeora
81140,plastico para pendientes,0.9363792118010483,0.7254521107352793,0.685119869332369,0.7254521107352793,0.21092710106576906,3,4.448952242725658,1.0,16,13,mejora
81141,plastico trasparente grueso,0.8263333286520084,0.7778721720600673,0.7967610662472993,0.7967610662472993,0.029572262404709115,3,7.547956429730092,0.6666666666666666,39,24,mejora
81146,plata angeles dije,0.7545912946607471,0.7442907170674258,0.8279110931067362,0.8279110931067362,-0.07331979844598902,3,8.01858889577411,1.0,16,9,empeora
81188,plato de tarta con tapa,0.5206178632166883,0.5462574254588146,0.826813366651774,0.826813366651774,-0.3061955034350856,5,4.207941250930712,1.0,39,22,empeora
81193,platos cuadrados modernos,0.4773810124095342,0.44161471987550566,0.6582631570618874,0.6582631570618874,-0.18088214465235325,3,7.054977997906178,0.3333333333333333,16,7,empeora
81197,platos desechables cumpleaños,1.0,1.0,1.0,1.0,0.0,3,5.953056818473569,1.0,16,16,empata
81264,playeras converse mujer plataforma,0.06943122193677728,0.0,0.16815228646891087,0.16815228646891087,-0.09872106453213358,4,6.420139595666457,0.75,40,12,empeora
81266,playeras tommy hombre,0.0,0.0,0.0,0.0,0.0,3,6.42840171506337,0.3333333333333333,40,1,empata
81286,playmobil,1.0,1.0,1.0,1.0,0.0,1,6.480311264155198,1.0,21,21,empata
81291,playmobil castillo,0.915446269161721,0.842126470715732,0.8379265695293115,0.842126470715732,0.07331979844598902,2,7.112157283668976,1.0,16,9,mejora
81307,playstation 2,0.6934264036172708,0.6131471927654584,0.45749452618986164,0.6131471927654584,0.08027921085181244,2,4.182951871935005,1.0,14,2,mejora
81346,playstation vr,1.0,1.0,0.7486361493410435,1.0,0.0,2,6.4700209103051876,1.0,16,5,empata
81357,plc tplink,1.0,0.5309999066793253,0.8389574121760603,0.8389574121760603,0.16104258782393965,2,9.615805480084347,0.5,16,12,mejora
81395,plseras,1.0,0.6489315753318466,0.2883820513943218,0.6489315753318466,0.35106842466815336,1,10.308952660644293,0.0,38,19,mejora
81444,plumiferos hombre,0.5763233549126812,0.5509662124799076,0.7791714369672128,0.7791714369672128,-0.20284808205453164,2,6.640158788874995,0.5,16,10,empeora
81748,pokemon cartas brillantes,0.9337457765456111,0.6968404678259547,0.727329844310522,0.727329844310522,0.20641593223508914,3,7.226600009007178,1.0,38,26,mejora
81825,polar mujer cremallerara,1.0,1.0,1.0,1.0,0.0,3,6.357178337440686,0.6666666666666666,16,16,empata
81826,polar mujer sin capucha,0.7605591431973849,0.6772733739526912,0.4568991878452581,0.6772733739526912,0.08328576924469377,4,3.9873953331107286,1.0,40,12,mejora
81894,poleras hombre,0.32584372089811503,0.23330247263525344,0.3156484524795145,0.3156484524795145,0.010195268418600523,2,6.640158788874995,0.5,40,5,mejora
81947,polo,1.0,1.0,1.0,1.0,0.0,1,6.671366500917907,1.0,16,10,empata
81969,polo sin cuello hombre,0.2394408568026152,0.5907272848394974,0.45953262310069537,0.5907272848394974,-0.35128642803688226,4,4.2467488439363414,1.0,39,15,empeora
81971,polo superdry hombre,1.0,1.0,1.0,1.0,0.0,3,5.822259142959965,1.0,16,16,empata
81981,polos manga larga mujer,0.9911205770005563,0.7709363892380909,0.8936633189697701,0.8936633189697701,0.0974572580307862,4,4.972723075867122,0.75,16,7,mejora
81983,poltrone italia piel,0.7510916729774055,0.9148568823583791,0.685119869332369,0.9148568823583791,-0.1637652093809736,3,7.121015932322304,1.0,16,13,empeora
81984,polvo traslucido loreal,0.6509209298071326,0.20438239758848611,0.0,0.20438239758848611,0.4465385322186465,3,7.937362844522139,0.3333333333333333,26,2,mejora
81985,polvos translucidos maquillaje,0.6533933590057491,0.25657228426720274,0.5548265038690208,0.5548265038690208,0.09856685513672836,3,7.945593715385595,0.6666666666666666,15,4,mejora
82010,polygel de uñas kit,1.0,0.8454256604216018,1.0,1.0,0.0,4,4.879241751276584,1.0,40,31,empata
82041,pomada del silencio,0.0,0.18457569677956817,0.0,0.18457569677956817,-0.18457569677956817,3,6.978453184024679,0.0,38,2,empeora
82052,pomos y tiradores,1.0,1.0,1.0,1.0,0.0,3,5.536222024985794,1.0,16,16,empata
82053,pomos y tiradores zara home,0.5714285040141098,0.0,0.3065735963827292,0.3065735963827292,0.26485490763138064,5,6.2904039701403125,0.6,40,2,mejora
82056,pompom mini,0.4899692203633839,0.0,0.4776237035032179,0.4776237035032179,0.012345516860165995,2,6.4117470577809925,0.0,16,3,mejora
82062,poncho de lluvia,1.0,1.0,1.0,1.0,0.0,3,4.851971737066303,1.0,16,16,empata
82077,ponte en forma sin perder el tiempo,0.8772153153380493,0.8175295903539445,0.8772153153380493,0.8772153153380493,0.0,7,5.2354630192682565,1.0,40,2,empata
82225,pop funko batman,0.9216017310213247,0.9305687780632229,0.88995411685096,0.9305687780632229,-0.008967047041898213,3,6.499939085373273,1.0,16,14,empeora
82226,pop it zanahoria,0.6780494608112013,0.6489315753318466,0.611019150498302,0.6489315753318466,0.029117885479354677,3,6.76527394070649,1.0,40,11,mejora
82342,pore strips,1.0,0.8630152897016883,1.0,1.0,0.0,2,9.962379070364321,1.0,39,24,empata
82359,porsche 993 turbo,0.544192623472237,0.252016380211836,0.4599715079731103,0.4599715079731103,0.08422111549912664,3,8.346917983494242,1.0,40,5,mejora
82371,porta fotos para pared sin marco,0.7818048722226502,0.7421246259355073,0.841492960259019,0.841492960259019,-0.059688088036368825,6,3.9915350756152708,0.8333333333333334,39,20,empeora
82373,porta merienda infantil,0.92663607790064,1.0,1.0,1.0,-0.07336392209936005,3,6.530422177415187,1.0,40,34,empeora
82380,porta tarjetas,1.0,1.0,1.0,1.0,0.0,2,6.055381232862924,1.0,16,16,empata
82385,portabebe fular,1.0,1.0,1.0,1.0,0.0,2,9.615805480084347,1.0,16,16,empata
82388,portabidon,1.0,1.0,1.0,1.0,0.0,1,10.308952660644293,1.0,16,15,empata
82533,portalamparas escritorio,0.6182885020492784,0.3044671974905181,0.5307212739772434,0.5307212739772434,0.08756722807203499,2,7.642593264011608,0.5,16,3,mejora
82535,portamatriculas coche,1.0,1.0,1.0,1.0,0.0,2,7.114671957871478,0.5,16,16,empata
82545,portatil 4k,0.5498407734605132,0.4632423659320675,0.13565197343244778,0.4632423659320675,0.08659840752844566,2,5.060863242258441,1.0,16,3,mejora
82549,portatil dell gaming,0.2960819109658652,0.3501483019834802,0.2960819109658652,0.3501483019834802,-0.054066391017614956,3,5.738469594631603,0.6666666666666666,40,3,empeora
82552,portatil gaming sin sistema operativo,0.9363792118010483,1.0,0.9052116356304495,1.0,-0.06362078819895167,5,4.5646242734800895,0.8,40,32,empeora
82556,portatil i5 hdd ssd,0.8603818544462509,0.8643145546088339,0.7218018303820491,0.8643145546088339,-0.003932700162582958,4,5.136770025727089,0.75,16,10,empeora
82559,portatil razer blade pro,0.8662406555609836,0.6787553679106947,0.7618870795651186,0.7618870795651186,0.10435357599586503,4,6.242185853626612,0.75,40,6,mejora
82562,portatiles hp 17,0.8687949224876582,0.8687949224876582,0.7860137352654724,0.8687949224876582,0.0,3,6.2170055886160265,0.6666666666666666,40,5,empata
82563,portatiles hp 2 en 1,0.39106560501896365,0.14126697285982898,0.13565197343244778,0.14126697285982898,0.24979863215913467,5,4.043657501937466,0.2,40,3,mejora
82591,portátil gaming windows 10,0.9363792118010483,0.9363792118010483,0.9216017310213247,0.9363792118010483,0.0,4,3.7497861253909495,1.0,40,27,empata
82594,portátil i7 16gb ram windows 10,1.0,1.0,0.35687885840597905,1.0,0.0,6,4.057976281386755,1.0,40,19,empata
82597,portátil segunda mano,0.6410457898283654,0.9305687780632229,0.6004311286161026,0.9305687780632229,-0.28952298823485756,3,5.453505470689702,0.3333333333333333,38,28,empeora
82598,portátil sin sistema operativo,1.0,1.0,0.77523873680463,1.0,0.0,4,3.949276502273072,1.0,40,30,empata
82633,post it super sticky,1.0,0.92663607790064,1.0,1.0,0.0,4,7.02692843333127,1.0,40,28,empata
82668,poster de xavi hernández,1.0,1.0,1.0,1.0,0.0,4,7.00195759559497,0.5,16,1,empata
82680,poster the avengers,0.92663607790064,0.8611375561264456,0.9148568823583791,0.9148568823583791,0.011779195542260812,3,6.138810176554557,1.0,16,14,mejora
82684,posters coches,1.0,1.0,1.0,1.0,0.0,2,7.038437661049341,0.5,16,15,empata
82811,power ball muñeca,0.7888463634395011,0.44687905456720073,0.817692920012317,0.817692920012317,-0.028846556572815873,3,5.782275583014645,0.3333333333333333,16,7,empeora
82863,power ranger,0.8158069199778482,0.7409096387260824,0.23877292085081495,0.7409096387260824,0.07489728125176576,2,7.322047854709663,1.0,16,6,mejora
82877,power rangers disfraz niño,1.0,0.9148568823583791,1.0,1.0,0.0,4,5.980857238220615,1.0,16,12,empata
83045,predator 19.3,1.0,1.0,1.0,1.0,0.0,3,5.027853080497292,1.0,16,15,empata
83049,predator helios 300,1.0,1.0,1.0,1.0,0.0,3,6.916080607672196,1.0,40,11,empata
83106,premiata mujer 37,0.7702043899253147,0.7917063341896683,0.7065443116025598,0.7917063341896683,-0.02150194426435359,3,5.78391634757303,1.0,40,33,empeora
83115,premium body nutrition,0.8701249883466594,0.8701249883466594,0.7529694065526482,0.8701249883466594,0.0,3,5.859896145376147,1.0,40,15,empata
83181,presscontrol para bomba de agua,0.9148568823583791,0.8482378089219648,0.9052116356304495,0.9052116356304495,0.009645246727929657,5,4.1983340686797455,1.0,40,25,mejora
83347,princesas maquillaje,1.0,0.8701249883466594,0.8486026589039901,0.8701249883466594,0.1298750116533406,2,6.652342467099141,1.0,16,13,mejora
83382,princess revlon,1.0,0.9469024295259745,1.0,1.0,0.0,2,7.2444275556140205,1.0,16,3,empata
83453,prismaticos de teatro,0.6102570478849114,0.8623312528041955,0.6555431655512793,0.8623312528041955,-0.2520742049192841,3,5.7316575136047225,1.0,16,8,empeora
83474,privata mujer bolso,0.0,0.0,0.0,0.0,0.0,3,6.147642117633229,0.6666666666666666,40,2,empata
83482,prixton auriculares inalambricos,0.8990671370233444,0.8502983370860306,1.0,1.0,-0.1009328629766556,3,6.649171709283752,1.0,16,5,empeora
83490,pro 600 oral b,0.8550956239938449,0.9258513847149256,0.5324470571772103,0.9258513847149256,-0.0707557607210807,4,5.1477297864509115,1.0,40,9,empeora
83499,pro controller,0.9148568823583791,0.8521705090845474,0.88995411685096,0.88995411685096,0.0249027655074191,2,5.24643774940261,1.0,40,31,mejora
83544,proceli sin gluten,0.7767471075223498,0.9216514835285049,0.6158501733929389,0.9216514835285049,-0.14490437600615513,3,5.983713394956678,1.0,39,9,empeora
83545,procesador alimentos bebe,0.7606395682357036,0.8318724637288826,0.8927537907700456,0.8927537907700456,-0.13211422253434202,3,5.577260496462042,0.6666666666666666,16,4,empeora
83546,procesador i7,1.0,0.8358912271816661,0.9963488021549354,0.9963488021549354,0.0036511978450646243,2,5.204847115222912,1.0,16,8,mejora
83558,producros belleza,0.8603818544462509,0.6659485553357845,0.6601585067762745,0.6659485553357845,0.19443329911046647,2,8.464512933587324,0.5,37,30,mejora
83562,productos para las ojeras,1.0,0.9148568823583791,1.0,1.0,0.0,4,5.143848507009309,0.75,16,13,empata
83645,proliant gen10,1.0,0.9134627261980166,1.0,1.0,0.0,2,8.71992574547032,1.0,16,9,empata
83718,prostitución,0.6458375023792304,0.9651366671790967,0.6608850241063915,0.9651366671790967,-0.3192991647998663,1,10.308952660644293,1.0,16,6,empeora
83725,proteccion contra la lluvia para mochila portabebes,1.0,0.9216017310213247,1.0,1.0,0.0,7,5.429901377934767,0.7142857142857143,16,13,empata
83745,protector camara moto g5s plus,0.6934264036172708,0.5706417189553201,0.6934264036172708,0.6934264036172708,0.0,5,6.105035542794215,0.8,16,2,empata
83746,protector camara xiaomi redmi note 7,0.7034646249939236,0.5337936505754552,0.8922108454754891,0.8922108454754891,-0.18874622048156553,6,4.926290999851213,1.0,39,6,empeora
83756,protector film,0.6659485553357845,0.6410457898283654,0.7104770117651427,0.7104770117651427,-0.04452845642935821,2,6.163179405702337,1.0,16,12,empeora
83763,protector maletero,1.0,1.0,1.0,1.0,0.0,2,5.746724844234786,1.0,16,15,empata
83764,protector pantalla aquaris vs plus,1.0,0.8816172070446371,0.9815441540827995,0.9815441540827995,0.01845584591720051,5,5.515546271360732,1.0,16,7,mejora
83771,protector para apple watch serie 3,1.0,1.0,1.0,1.0,0.0,6,3.9626052654292327,1.0,16,16,empata
83776,protectores electricos,0.8883444449388405,0.6854831540674774,0.8529794827885766,0.8529794827885766,0.03536496215026386,2,7.898811877841775,0.5,16,6,mejora
83807,proteina guisante texturizada,0.5541432109622959,0.4233117951052936,0.4920062203073638,0.4920062203073638,0.06213699065493211,3,8.760822360930502,1.0,29,10,mejora
83810,proteina vegana sin gluten,1.0,0.9363792118010483,0.9305687780632229,0.9363792118010483,0.06362078819895167,4,5.472120249570617,1.0,40,32,mejora
83812,proteinas veganas sin azucar,1.0,0.9052116356304495,1.0,1.0,0.0,4,6.377452470197211,0.75,40,29,empata
83835,proxeed hombre,0.5734133100049832,0.20815499636142165,0.4770204255781524,0.4770204255781524,0.0963928844268308,2,6.640158788874995,0.5,39,6,mejora
83838,proyector 4k optoma,1.0,1.0,1.0,1.0,0.0,3,6.52020041881405,1.0,16,1,empata
83839,proyector cine,1.0,1.0,1.0,1.0,0.0,2,6.01858705453418,1.0,16,16,empata
83841,proyector corto alcance led,0.823699893396571,0.747935059673333,0.7573821447149967,0.7573821447149967,0.06631774868157436,4,5.324104218433395,0.75,16,11,mejora
83842,proyector dibujo niños,1.0,0.92663607790064,1.0,1.0,0.0,3,4.872057227418652,1.0,16,14,empata
83843,proyector holografico 3d,1.0,1.0,1.0,1.0,0.0,3,6.56704490152586,1.0,16,16,empata
83848,proyector pantalla,1.0,0.23719771276929622,0.6131471927654584,0.6131471927654584,0.38685280723454163,2,4.522285864261648,1.0,16,2,mejora
83891,ps3 dualshock 3,0.8630152897016883,0.7670273914429266,0.7059054020403313,0.7670273914429266,0.09598789825876164,3,5.619137477455038,1.0,40,14,mejora
83945,ps4 mando,1.0,0.9363792118010483,1.0,1.0,0.0,2,5.176138892691333,1.0,16,15,empata
83993,ps5 consola sin lector,0.0,0.48522855511632257,0.14606834984270645,0.48522855511632257,-0.48522855511632257,4,5.32805307131212,0.75,36,5,empeora
84017,psp4,1.0,0.823699893396571,0.7631925784528223,0.823699893396571,0.17630010660342899,1,10.308952660644293,0.0,16,11,mejora
84057,puas ibanez,1.0,0.77990823370192,1.0,1.0,0.0,2,9.413072926030265,0.5,39,14,empata
84079,puerto hdmi a tablet,0.5307212739772434,0.6871475159848289,0.4776237035032179,0.6871475159848289,-0.15642624200758548,4,4.624864330043847,1.0,16,3,empeora
84080,puerto obd,0.4380892758850172,0.6464018466408364,0.7183424120903082,0.7183424120903082,-0.280253136205291,2,6.912780446908887,1.0,16,10,empeora
84093,puff cama,1.0,0.8687949224876582,0.975788054854922,0.975788054854922,0.024211945145077962,2,5.770548170968462,1.0,16,5,mejora
84116,pulidora uñas,1.0,1.0,1.0,1.0,0.0,2,6.600462849953716,1.0,16,16,empata
84176,pulsera actividad sin movil,1.0,1.0,0.7759944384848245,1.0,0.0,4,4.79461447072914,0.5,39,31,empata
84181,pulsera de actividad,1.0,1.0,1.0,1.0,0.0,3,3.6586248457063744,1.0,29,29,empata
84186,pulsera esclava mujer personalizada,0.9363792118010483,0.9305687780632229,0.9363792118010483,0.9363792118010483,0.0,4,5.832885172611252,1.0,40,26,empata
84191,pulsera media caña oro,0.9337457765456111,0.9363792118010483,0.7538142945344394,0.9363792118010483,-0.002633435255437244,4,5.833276128914145,1.0,40,10,empeora
84193,pulsera navidad,1.0,1.0,0.92663607790064,1.0,0.0,2,4.584887205114761,1.0,16,14,empata
84195,pulsera plata de ley mujer,1.0,1.0,1.0,1.0,0.0,5,3.608023947551807,1.0,16,13,empata
84202,pulsera totoro,0.9305687780632229,1.0,0.9216017310213247,1.0,-0.06943122193677709,2,7.556286892678111,1.0,16,10,empeora
84214,pulseras plastico niñas,0.8486026589039901,0.9148568823583791,0.9337457765456111,0.9337457765456111,-0.08514311764162097,3,5.704009218424489,1.0,16,14,empeora
84241,puma one 20.2,0.889918709778036,0.7093892840067337,0.8664503029999894,0.8664503029999894,0.023468406778046624,4,4.234867443854275,1.0,16,7,mejora
84265,puma zapatillas mujer,1.0,0.6309297535714575,1.0,1.0,0.0,3,4.200417212527724,1.0,16,1,empata
84334,punta taco billar,1.0,0.6036081270984909,0.9148568823583791,0.9148568823583791,0.08514311764162086,3,8.019974899156999,1.0,40,28,mejora
84339,punzon metal letra,0.8611375561264456,1.0,0.8611375561264456,1.0,-0.1388624438735544,3,7.345574291371345,0.6666666666666666,16,15,empeora
84428,pure electric scooter,0.31252911522154636,0.32776097292662437,0.3164618153841292,0.32776097292662437,-0.015231857705078011,3,6.326432343851568,0.6666666666666666,39,11,empeora
84519,puros habanos para fumar cohiba,0.0,0.0,0.0,0.0,0.0,5,7.652991733178363,0.2,40,1,empata
84700,puyo puyo tetris 2,0.9363792118010483,0.5264282969545139,0.7788065869851875,0.7788065869851875,0.15757262481586087,4,8.269538406845173,1.0,24,10,mejora
84702,puzles deslizantes,1.0,1.0,1.0,1.0,0.0,2,9.504233704427243,1.0,16,16,empata
84712,puzzle juguete 1 año,0.9453078548481746,0.41802406015059584,0.8824642221139221,0.8824642221139221,0.06284363273425253,4,4.918925931830374,1.0,16,7,mejora
84728,puzzles 100 piezas niños,1.0,0.8959590319849101,0.8987713917876999,0.8987713917876999,0.10122860821230006,4,4.429366498521854,0.75,16,9,mejora
84759,pvris,0.8200685179888284,0.9216017310213247,0.9148568823583791,0.9216017310213247,-0.1015332130324963,1,10.308952660644293,1.0,37,31,empeora
84790,python,1.0,1.0,1.0,1.0,0.0,1,10.308952660644293,1.0,16,4,empata
84797,péndulo hebreo de haya,0.8421423592553552,0.3903800499921017,0.7087212693585175,0.7087212693585175,0.13342108989683765,4,6.57498809928313,1.0,38,4,mejora
84799,pétalos de rosa secos naturales,0.8701249883466594,0.7967610662472993,0.7975167679274939,0.7975167679274939,0.07260822041916548,5,5.218435264589887,1.0,40,13,mejora
84835,qiilu,0.9052116356304495,0.9216017310213247,0.88995411685096,0.9216017310213247,-0.016390095390875214,1,8.699514748210191,1.0,38,33,empeora
84851,qrity,1.0,0.9363792118010483,0.9052116356304495,0.9363792118010483,0.06362078819895167,1,9.615805480084347,1.0,38,31,mejora
84860,quad racy feber,1.0,1.0,1.0,1.0,0.0,3,7.997811652067387,1.0,16,1,empata
84873,quantico,0.7328286204777911,0.7328286204777911,0.9674679834891693,0.9674679834891693,-0.23463936301137822,1,10.308952660644293,1.0,11,3,empeora
84876,quarq dzero,0.918839123725715,0.8287181397291629,0.9062596095782314,0.9062596095782314,0.012579514147483595,2,10.308952660644293,1.0,16,9,mejora
84904,que bello sera vivir sin cultura,0.6131471927654584,0.6131471927654584,0.6131471927654584,0.6131471927654584,0.0,6,7.20959955018096,0.6666666666666666,35,2,empata
85008,queso,0.9363792118010483,0.9363792118010483,0.6410457898283654,0.9363792118010483,0.0,1,7.313220387090301,1.0,16,11,empata
85119,quirumed silla,0.8816172070446371,0.8767055912339932,0.8265723430117606,0.8767055912339932,0.004911615810643921,2,7.465464982474383,1.0,38,7,mejora
85120,quitabolas philips,0.6366824387328317,0.6366824387328317,0.7598336331031966,0.7598336331031966,-0.12315119437036492,2,7.945258751288122,0.5,40,4,empeora
85249,radiador sin aceite,1.0,0.8572048559638626,0.4451989745299882,0.8572048559638626,0.14279514403613736,3,4.540135614861234,1.0,40,23,mejora
85254,radian crema,0.9674679834891693,1.0,0.9010126104210695,1.0,-0.03253201651083071,2,7.667350796275299,0.5,16,3,empeora
85268,radio coche bluetooth,1.0,1.0,1.0,1.0,0.0,3,4.314443467026936,1.0,16,16,empata
85270,radio cocina,0.8104616303452686,1.0,0.9950883841893561,1.0,-0.18953836965473136,2,4.597731353224924,1.0,16,7,empeora
85274,radio dacia,0.8701249883466594,0.7624164915943119,0.7630946912803437,0.7630946912803437,0.10703029706631573,2,7.403382164155943,1.0,16,11,mejora
85283,radio mondeo mk4,0.5559026721867444,0.6879509227782193,0.5519699720241615,0.6879509227782193,-0.13204825059147496,3,7.504342434503932,0.6666666666666666,16,10,empeora
85289,radiofrecuencia facial,1.0,1.0,1.0,1.0,0.0,2,6.904433007622803,1.0,16,14,empata
85502,ram 32gb portatil,0.9337457765456111,0.7104770117651427,0.2687374555268953,0.7104770117651427,0.22326876478046842,3,5.036061145684976,0.6666666666666666,39,15,mejora
85508,ram gaming 4gb,0.5508095940041026,0.0,0.20210734650054757,0.20210734650054757,0.348702247503555,3,4.436273290426599,1.0,16,3,mejora
85512,ram portatil 8gb msi,0.7227265726449519,0.32097939710179135,0.7130329901830805,0.7130329901830805,0.009693582461871353,4,5.064946275565807,1.0,40,5,mejora
85534,ramon bilbao,1.0,1.0,1.0,1.0,0.0,2,9.413072926030265,1.0,16,14,empata
85539,rampa de aluminio,1.0,1.0,1.0,1.0,0.0,3,4.350612604807545,1.0,16,16,empata
85560,rane dj,0.9325210919548239,1.0,0.23463936301137822,1.0,-0.06747890804517609,2,8.786691441782581,0.5,39,3,empeora
85602,raqueta junior 26,1.0,0.5363559634917964,0.7183424120903082,0.7183424120903082,0.28165758790969175,3,6.772106781222604,1.0,39,18,mejora
85662,raton bluetooth sin receptor recargable,0.88995411685096,0.6812060741152738,0.9216017310213247,0.9216017310213247,-0.03164761417036466,5,4.91672880177164,1.0,40,28,empeora
85667,ratones baratos,1.0,0.88995411685096,1.0,1.0,0.0,2,7.784024657019524,0.5,16,15,empata
85681,ratón bluetooth sin receptor,1.0,0.727329844310522,0.8603818544462509,0.8603818544462509,0.13961814555374907,4,4.36476643534111,1.0,59,33,mejora
85756,ray ban aviator transparente,0.7541985434892589,1.0,0.3973220069685352,1.0,-0.24580145651074115,4,7.001731855448792,1.0,16,4,empeora
85801,razer kraken x,0.48247555939075504,0.9197207891481876,0.6934264036172708,0.9197207891481876,-0.4372452297574325,3,6.183062580990575,0.6666666666666666,16,2,empeora
85907,reacondicionados ipad,1.0,0.7791714369672128,0.9363792118010483,0.9363792118010483,0.06362078819895167,2,7.902860482958084,0.5,16,10,mejora
85974,real madrid niño,1.0,0.8611375561264456,1.0,1.0,0.0,3,5.978596167404294,1.0,16,13,empata
85988,real sociedad niño,0.8572048559638626,0.39794789654359625,0.5837154733670049,0.5837154733670049,0.27348938259685773,3,6.806898384000294,0.6666666666666666,39,12,mejora
85993,real-techniques brochas,1.0,1.0,1.0,1.0,0.0,3,7.85685936846071,1.0,16,16,empata
86060,rebel master,1.0,1.0,0.9052116356304495,1.0,0.0,2,7.530538629794524,1.0,16,11,empata
86091,recambios de irrigado bucal,1.0,1.0,1.0,1.0,0.0,4,6.097602473062022,0.75,15,15,empata
86092,recambios filtro wateer,0.6461194268314838,0.5040610795300535,0.6366587127404282,0.6366587127404282,0.009460714091055644,3,7.332077170919767,0.3333333333333333,16,12,mejora
86093,recambios hombot lg,0.9148568823583791,0.8611375561264456,0.88995411685096,0.88995411685096,0.0249027655074191,3,7.494508879705033,1.0,15,13,mejora
86095,recambios roca wc,1.0,0.8611375561264456,1.0,1.0,0.0,3,7.004539379318024,0.6666666666666666,16,15,empata
86146,recibidores de entrada sin espejo,0.6651992357924432,0.13743816645714543,0.27487633291429087,0.27487633291429087,0.39032290287815236,5,4.880541484011698,0.8,40,7,mejora
86177,recogedor con cepillo,0.6698623505528799,0.7218018303820491,0.699473903081392,0.7218018303820491,-0.051939479829169244,3,5.548321990631055,1.0,16,10,empeora
86220,recuerditos para bodas,0.6168295842361275,0.35895421017163476,0.45953262310069537,0.45953262310069537,0.15729696113543218,3,5.698740795407844,1.0,40,11,mejora
86418,red marinera,1.0,1.0,1.0,1.0,0.0,2,6.954910618717758,1.0,16,16,empata
86422,red mi 9 xiaomi,0.7218018303820491,0.6987957033953602,0.5579780239524,0.6987957033953602,0.023006126986688913,4,4.493500338902846,0.5,40,16,mejora
86614,reebok hombre gtx,1.0,1.0,1.0,1.0,0.0,3,5.647626574515518,1.0,16,13,empata
86730,regalitos para invitados a cumpleaños infantiles,1.0,1.0,1.0,1.0,0.0,6,5.321032852959631,0.5,16,16,empata
86738,regalo friki,0.7948833326720566,0.7827392871477703,0.7759944384848245,0.7827392871477703,0.012144045524286273,2,6.792199418500444,1.0,16,12,mejora
86739,regalo madre navidad,1.0,1.0,1.0,1.0,0.0,3,4.984939949654829,1.0,15,15,empata
86744,regalo para bautizo niño,0.43626211253236746,0.6699490237789268,0.5832948249557423,0.6699490237789268,-0.23368691124655938,4,4.331786531214176,1.0,16,8,empeora
86752,regalos de marca,0.826813366651774,0.6062415623539281,0.826813366651774,0.826813366651774,0.0,3,3.5067248115315217,0.3333333333333333,16,12,empata
86754,regalos hombres,1.0,1.0,1.0,1.0,0.0,2,4.663437094116068,1.0,16,16,empata
86755,regalos japoneses,1.0,1.0,1.0,1.0,0.0,2,7.600902459542082,0.0,16,15,empata
86756,regalos mujer,1.0,1.0,1.0,1.0,0.0,2,3.811574034244701,1.0,16,16,empata
86766,regalos originales para mujer cumpleanos,1.0,1.0,1.0,1.0,0.0,5,4.651877675560378,0.8,16,16,empata
86769,regalos para adolescentes de 12 años,0.9337457765456111,1.0,1.0,1.0,-0.06625422345438892,6,3.4151995766002066,0.8333333333333334,16,15,empeora
86770,regalos para biologos,1.0,1.0,1.0,1.0,0.0,3,5.374257746836477,1.0,16,16,empata
86773,regalos para la esposa,1.0,1.0,1.0,1.0,0.0,4,4.302858799581093,1.0,16,16,empata
86774,regalos para los reyes magos,0.7759944384848245,0.685119869332369,0.92663607790064,0.92663607790064,-0.15064163941581543,5,5.262681934867136,0.2,16,14,empeora
86779,regalos para una compañera,1.0,1.0,1.0,1.0,0.0,4,5.219691579058027,1.0,13,13,empata
86791,regla escolar 15 cm,0.8611375561264456,0.8669479898642711,0.6145870006788593,0.8669479898642711,-0.005810433737825527,4,5.251630294658654,1.0,40,18,empeora
86793,regleta 5m sobretension,0.7483860802939635,0.7599676921884454,0.3345704528181092,0.7599676921884454,-0.011581611894481925,3,6.811444848364732,1.0,40,9,empeora
86797,regleta schuko sin interruptor,0.4808931522791523,0.09791292534996782,0.0,0.09791292534996782,0.3829802269291845,4,5.419292976153816,1.0,40,7,mejora
86799,regletas enchufes 15,0.9888026041880241,0.9860433320650158,0.9098999913476322,0.9860433320650158,0.002759272123008305,3,6.355365507230374,0.6666666666666666,16,8,mejora
86801,regruesadoras y cepilladoras,0.9363792118010483,0.6117559472330091,0.92663607790064,0.92663607790064,0.009743133900408374,3,7.360312249542953,0.3333333333333333,39,30,mejora
86814,reina roja juan gomez jurado,1.0,1.0,1.0,1.0,0.0,5,8.44825939065116,0.4,16,1,empata
86823,reinforcement learning,1.0,0.9052116356304495,0.9052116356304495,0.9052116356304495,0.09478836436955052,2,8.679904391633551,1.0,37,31,mejora
86855,relleno edredon cama 135,0.8630152897016883,0.7381919257729246,0.685119869332369,0.7381919257729246,0.1248233639287637,4,6.24541170483559,0.75,40,27,mejora
86865,reloj,1.0,1.0,1.0,1.0,0.0,1,4.368781407923861,1.0,16,16,empata
86867,reloj calavera,1.0,0.9363792118010483,1.0,1.0,0.0,2,5.7933458076049185,1.0,16,15,empata
86868,reloj calypso,1.0,1.0,1.0,1.0,0.0,2,6.992293444004105,1.0,16,16,empata
86870,reloj casio,1.0,1.0,1.0,1.0,0.0,2,5.363245174993363,1.0,16,16,empata
86872,reloj casio hombre f91w,0.8318724637288826,0.5205067333228022,0.7095272044910244,0.7095272044910244,0.12234525923785822,4,6.001701981934179,0.75,15,4,mejora
86873,reloj casio mujer,1.0,1.0,1.0,1.0,0.0,3,4.485595386678752,1.0,16,16,empata
86876,reloj citicen,1.0,1.0,1.0,1.0,0.0,2,7.3388670342840765,0.5,16,16,empata
86890,reloj grande mujer barato,1.0,1.0,1.0,1.0,0.0,4,4.882073353704444,0.5,16,16,empata
86897,reloj inteligente hombre xiaomi,0.46927872602275644,0.0,0.20210734650054757,0.20210734650054757,0.2671713795222089,4,4.062929081892134,0.75,31,3,mejora
86901,reloj mapa mundi,0.9337457765456111,1.0,1.0,1.0,-0.06625422345438892,3,7.298548091951377,0.6666666666666666,16,15,empeora
86905,reloj mujer dw,0.9363792118010483,0.7162874455029682,0.9305687780632229,0.9305687780632229,0.005810433737825416,3,5.802676626205894,0.6666666666666666,16,14,mejora
86918,reloj pared vintage verde,0.4946396555628011,0.48189984052515566,0.40663927990506543,0.48189984052515566,0.01273981503764543,4,4.396698481569264,1.0,40,10,mejora
86919,reloj pieza,0.5355852974309777,0.670110851603087,0.7835820287478061,0.7835820287478061,-0.24799673131682842,2,5.147853716947136,1.0,16,7,empeora
86921,reloj pulsera personas mayores,1.0,1.0,1.0,1.0,0.0,4,5.278771449570807,1.0,16,16,empata
86929,reloj smartwatch mujer compatible con samsung s8,1.0,1.0,1.0,1.0,0.0,7,4.086214776832839,0.8571428571428571,16,16,empata
86931,reloj swatch mujer,1.0,1.0,1.0,1.0,0.0,3,5.205423469796543,1.0,16,16,empata
86935,reloj tag heuer hombres,0.77990823370192,1.0,0.7951657524814092,1.0,-0.22009176629808003,4,5.889269370851653,1.0,39,35,empeora
86937,reloj tous,1.0,1.0,1.0,1.0,0.0,2,5.922260362255969,1.0,16,15,empata
86939,reloj viceroy mujer,1.0,1.0,1.0,1.0,0.0,3,5.802676626205894,1.0,16,15,empata
86948,relojes con gps,0.92663607790064,0.8205228949141828,0.8318477135310892,0.8318477135310892,0.09478836436955074,3,4.452991860553634,0.6666666666666666,16,11,mejora
86949,relojes correr,1.0,1.0,1.0,1.0,0.0,2,6.080018797978582,0.5,16,16,empata
86951,relojes de espuma para pared,0.8062174677412686,0.5434776723950983,0.9670943502702473,0.9670943502702473,-0.1608768825289787,5,3.528040567610708,0.8,16,8,empeora
86956,relojes de running,1.0,1.0,1.0,1.0,0.0,3,4.179478715476717,0.6666666666666666,16,16,empata
86959,relojes hombre,1.0,1.0,1.0,1.0,0.0,2,4.9231651866324215,1.0,29,29,empata
86960,relojes hombre brillantes,1.0,1.0,1.0,1.0,0.0,3,5.736948018247564,1.0,16,15,empata
86965,relojes mujer acuaticos baratos analogicos,0.7992370740951165,0.775848005048735,0.587118021594236,0.775848005048735,0.023389069046381494,5,7.5934339781360025,0.4,16,7,mejora
86968,relojes para mujer,1.0,1.0,1.0,1.0,0.0,3,3.508743195877981,0.6666666666666666,16,15,empata
86970,relojes pegados a la pared,1.0,1.0,1.0,1.0,0.0,5,5.2965381215757725,0.6,16,16,empata
86975,relojes tag heuer hombre,0.8553475075669357,0.8611375561264456,0.92663607790064,0.92663607790064,-0.07128857033370428,4,6.150151129738832,0.75,39,34,empeora
86976,relojes tag heuer para hombre,0.826813366651774,1.0,0.77990823370192,1.0,-0.17318663334822604,5,5.104314568076119,0.8,39,34,empeora
86980,remaches zapatero,0.9363792118010483,0.6366587127404282,0.7759944384848245,0.7759944384848245,0.1603847733162238,2,8.093544261222636,1.0,40,22,mejora
86998,remolque,0.9818483242455303,0.7622369974983191,0.9747429528567877,0.9747429528567877,0.007105371388742565,1,6.941656830657818,1.0,16,5,mejora
86999,remolque plegable coche,0.123151194370365,0.2638647595767405,0.5585075862632192,0.5585075862632192,-0.4353563918928542,3,5.005380884128118,1.0,38,4,empeora
87070,reno blanco navidad,0.9148568823583791,0.6046855387118413,0.7215194105726963,0.7215194105726963,0.19333747178568284,3,4.872919039736079,1.0,40,10,mejora
87091,repetidor red wifi,1.0,1.0,1.0,1.0,0.0,3,5.377659732266079,1.0,16,16,empata
87164,repuesto bicicleta electrica,0.6366587127404282,0.7885497208855957,0.92663607790064,0.92663607790064,-0.2899773651602118,3,5.25637538994863,1.0,40,17,empeora
87168,repuesto vaso licuadora oster,0.3535124404757274,0.11284514134893527,0.23599633571930026,0.23599633571930026,0.11751610475642713,4,7.096274630138023,0.5,16,4,mejora
87177,repuestos saeco poemia,1.0,1.0,1.0,1.0,0.0,3,8.832013727696522,0.6666666666666666,16,14,empata
87193,resident evil 2 ps4 remake,0.9911205770005563,0.8580265473197273,0.842483313687563,0.8580265473197273,0.13309402968082906,5,6.485666314311826,1.0,16,7,mejora
87221,resistencia calor coche,0.6509209298071326,0.18457569677956817,0.46845052016107697,0.46845052016107697,0.1824704096460556,3,4.955265250875452,0.3333333333333333,16,2,mejora
87272,retenedor puerta,1.0,0.77990823370192,1.0,1.0,0.0,2,6.766420513668018,1.0,16,14,empata
87295,retorno ping pong,0.7846170207230131,0.718362797268624,0.7569021067152311,0.7569021067152311,0.027714914007782032,3,8.2441508636094,1.0,40,18,mejora
87313,retro,1.0,1.0,1.0,1.0,0.0,1,5.367310238034988,1.0,16,16,empata
87344,retrovisor scooter electrico,1.0,0.9714977244644463,0.9643632283499571,0.9714977244644463,0.028502275535553734,3,6.740830183011307,0.6666666666666666,16,7,mejora
87403,revend skinny hombre gstar raw,1.0,0.77990823370192,0.9305687780632229,0.9305687780632229,0.06943122193677709,5,7.745307327268175,0.8,30,15,mejora
87419,revista 18 de superthings,0.3010299956639812,0.31546487678572877,0.3333333333333333,0.3333333333333333,-0.03230333766935212,4,5.676002734669464,0.0,9,1,empeora
87430,revlon flex 2 fases nutritivo acondicionador,0.6954632078628534,0.5493086013663016,0.6435089981563973,0.6435089981563973,0.051954209706456145,6,6.687524238539731,0.8333333333333334,37,8,mejora
87463,rexona hombre,1.0,1.0,1.0,1.0,0.0,2,6.640158788874995,1.0,16,16,empata
87481,rfy,1.0,1.0,1.0,1.0,0.0,1,10.308952660644293,1.0,34,26,empata
87489,rgb grafica,0.715550648768261,0.4362115423097745,0.9052116356304495,0.9052116356304495,-0.18966098686218846,2,6.267288356251105,0.5,39,17,empeora
87508,rhiannon giddens,0.8643145546088339,0.8630152897016883,0.857980942822373,0.8630152897016883,0.001299264907145603,2,10.308952660644293,1.0,37,33,mejora
87677,rii rm100,1.0,1.0,0.9709286432396583,1.0,0.0,2,8.86376678169621,1.0,15,4,empata
87688,rime edicion coleccionista,1.0,0.8772153153380493,1.0,1.0,0.0,3,9.94274856442159,0.3333333333333333,6,2,empata
87794,rinoduche xl,0.38685280723454163,0.6131471927654584,0.6131471927654584,0.6131471927654584,-0.22629438553091674,2,7.465464982474383,0.5,27,2,empeora
87853,rival penelope douglas,0.9558295932317544,0.6366824387328317,0.6366824387328317,0.6366824387328317,0.3191471544989227,3,9.711699504234941,1.0,16,4,mejora
87876,rizos perfectos,0.9216017310213247,1.0,0.92663607790064,1.0,-0.0783982689786753,2,8.05904782547916,1.0,16,15,empeora
87882,riñonera pequeña mujer,1.0,1.0,1.0,1.0,0.0,3,5.2135629789125915,0.6666666666666666,16,15,empata
87883,riñonera verde,0.88995411685096,0.88995411685096,0.9052116356304495,0.9052116356304495,-0.015257518779489443,2,5.64935527220016,1.0,16,14,empeora
87886,riñonesa mujer,1.0,1.0,1.0,1.0,0.0,2,6.519624235346911,0.5,16,16,empata
87895,rj45 sin crimpadora,0.8572048559638626,0.7222954974312067,0.6555476069276601,0.7222954974312067,0.13490935853265595,3,6.08355223832294,1.0,39,27,mejora
87963,roberto bassi,0.38685280723454163,0.0,0.3010299956639812,0.3010299956639812,0.08582281157056043,2,9.759646516310237,0.0,14,1,mejora
87988,robo kombat twin pack,0.9217868789962071,0.86034433104172,0.7122630665145961,0.86034433104172,0.061442547954487114,4,7.520892035735804,1.0,16,3,mejora
88009,robot piscina sin cable,0.826813366651774,0.8486026589039901,0.857980942822373,0.857980942822373,-0.031167576170599065,4,4.367982511570125,1.0,39,28,empeora
88024,robusta botas seguridad,0.6131471927654584,0.6131471927654584,0.6131471927654584,0.6131471927654584,0.0,3,5.808857789998265,0.3333333333333333,16,2,empata
88034,roca cisterna,0.5771493379489848,0.6313419460517602,0.5801476231864474,0.6313419460517602,-0.054192608102775375,2,8.19919880805624,1.0,39,16,empeora
88054,rock hudson,0.533722528236359,0.7007731679885375,0.6961622681399229,0.7007731679885375,-0.1670506397521785,2,8.57608470924443,1.0,15,10,empeora
88067,rockbros,1.0,1.0,1.0,1.0,0.0,1,10.308952660644293,1.0,16,16,empata
88068,rockbros gafas,1.0,1.0,1.0,1.0,0.0,2,7.780829757970139,1.0,16,13,empata
88133,rod pod carpfishing,0.8550956239938449,0.845519325279726,0.8475028682434304,0.8475028682434304,0.007592755750414515,3,8.787503263488347,1.0,39,9,mejora
88141,rodamientos lineales 16mm,1.0,1.0,1.0,1.0,0.0,3,8.45539211697245,1.0,16,13,empata
88162,rodilleras menisco y ligamentos,1.0,1.0,1.0,1.0,0.0,4,6.43652491903137,1.0,16,16,empata
88165,rodilleras skate 187,1.0,1.0,0.9337457765456111,1.0,0.0,3,8.190250107078995,1.0,16,15,empata
88166,rodillo bcool,0.0,0.0,0.43734888382569426,0.43734888382569426,-0.43734888382569426,2,8.531278629899585,0.5,39,3,empeora
88187,rog portatil,1.0,0.77990823370192,1.0,1.0,0.0,2,6.359004999074427,0.5,40,30,empata
88210,rointe,0.9305687780632229,0.77990823370192,0.9363792118010483,0.9363792118010483,-0.005810433737825416,1,10.308952660644293,1.0,16,14,empeora
88212,roka gafas natacion,0.19519002499605084,0.13905617951077562,0.33424620450682646,0.33424620450682646,-0.13905617951077562,3,8.087058088050156,0.3333333333333333,40,4,empeora
88274,rollaway bed,0.92663607790064,0.7631925784528223,0.88995411685096,0.88995411685096,0.03668196104967991,2,9.335997586116637,1.0,40,25,mejora
88336,rollo de plastico protector,0.8669479898642711,1.0,0.7510916729774055,1.0,-0.13305201013572887,4,4.428235418588695,1.0,39,34,empeora
88345,rolos dominicanos,0.8118374955798289,0.24891692923220718,0.46618191555368604,0.46618191555368604,0.34565558002614283,2,10.308952660644293,0.0,15,7,mejora
88356,romanov,1.0,0.694765116060299,0.9052116356304495,0.9052116356304495,0.09478836436955052,1,10.308952660644293,1.0,15,12,mejora
88397,ronner baja temperatura,0.7885497208855957,0.88995411685096,0.9052116356304495,0.9052116356304495,-0.11666191474485377,3,7.249026638513112,0.6666666666666666,16,13,empeora
88484,ropa astronauta,0.3909273842002217,0.6168295842361275,0.5063209639325834,0.6168295842361275,-0.22590220003590583,2,6.536786606617448,1.0,38,20,empeora
88498,ropa de desigual,0.9148568823583791,0.8611375561264456,0.9216017310213247,0.9216017310213247,-0.006744848662945557,3,4.141076385000087,0.6666666666666666,16,15,empeora
88511,ropa hombre siksilk,1.0,0.6442227883107536,0.7605591431973849,0.7605591431973849,0.23944085680261507,3,5.884792014258231,0.6666666666666666,16,13,mejora
88512,ropa hombres,1.0,1.0,1.0,1.0,0.0,2,4.4040401974084835,0.5,16,16,empata
88518,ropa mochino,0.7065443116025598,0.7100226348397881,1.0,1.0,-0.2934556883974402,2,7.341505562834499,0.0,16,12,empeora
88519,ropa mtb hombre invierno termica,0.9060254355346823,0.9060254355346823,0.9469024295259745,0.9469024295259745,-0.04087699399129219,5,4.9801680114957465,0.8,16,3,empeora
88520,ropa mujer sudaderas sin capucha,0.9216017310213247,0.6987957033953602,0.747935059673333,0.747935059673333,0.17366667134799174,5,4.12981243958045,0.8,39,29,mejora
88527,ropa para motos custom,1.0,0.9305687780632229,0.8611375561264456,0.9305687780632229,0.06943122193677709,4,5.156166269261005,0.75,19,18,mejora
88532,ropa patrulla canina 3 años,0.9216017310213247,1.0,0.9363792118010483,1.0,-0.0783982689786753,5,5.173649284558649,1.0,40,20,empeora
88533,ropa perro,1.0,1.0,1.0,1.0,0.0,2,4.900104601541313,1.0,16,16,empata
88535,ropa premama vestidos,1.0,0.6410457898283654,0.9052116356304495,0.9052116356304495,0.09478836436955052,3,6.988870698526047,0.3333333333333333,16,12,mejora
88538,ropa trabajo hombre,0.9305687780632229,0.8669479898642711,0.7859162856301584,0.8669479898642711,0.06362078819895178,3,4.201506678508385,1.0,16,12,mejora
88558,rosa azul preservada,1.0,0.7027284035579431,0.92663607790064,0.92663607790064,0.07336392209936005,3,5.939395977220184,1.0,40,21,mejora
88560,rosa bella la bestia,1.0,0.92663607790064,1.0,1.0,0.0,4,5.473827350925101,1.0,16,15,empata
88566,rosas de plastico rojas,0.8603818544462509,0.6036081270984909,0.8364586133797037,0.8364586133797037,0.023923241066547196,4,5.543961696937398,0.75,40,24,mejora
88698,rotulador azulejos,0.857980942822373,1.0,0.92663607790064,1.0,-0.14201905717762697,2,7.058307825374098,1.0,16,14,empeora
88795,router 4g,1.0,1.0,1.0,1.0,0.0,2,5.724193471916328,1.0,16,15,empata
88825,rowenta plancha pelo sin cable,0.2685357229842324,0.15101961822780524,0.5135312443624667,0.5135312443624667,-0.24499552137823427,5,4.848145217527458,0.6,40,4,empeora
88881,royal canin sensitivity control perros,0.9950883841893561,0.9888009031441519,0.9594516125393133,0.9888009031441519,0.006287481045204157,5,6.8786180015562595,1.0,27,7,mejora
88909,rtatil,0.7065443116025598,0.7951657524814092,0.694765116060299,0.7951657524814092,-0.08862144087884938,1,10.308952660644293,0.0,19,16,empeora
89035,rueda de ejercicio para gatos,0.8643145546088339,0.6867151830982592,1.0,1.0,-0.13568544539116612,5,3.8007591990488763,1.0,39,13,empeora
89043,ruedas retro industrial,0.48877128938335535,0.41042277291186013,0.34954491927658526,0.41042277291186013,0.07834851647149521,3,5.390587376497142,1.0,40,9,mejora
89121,rulo camilla masaje,0.718362797268624,0.7569021067152311,0.5548989126424904,0.7569021067152311,-0.038539309446607106,3,7.486845706963464,1.0,39,17,empeora
89127,rummo pasta sin gluten,1.0,1.0,0.9052116356304495,1.0,0.0,4,6.037304745335254,1.0,39,13,empata
89131,run the jewels,1.0,1.0,1.0,1.0,0.0,3,7.043800391203486,1.0,36,31,empata
89280,rutas de leyenda para viajar con niños por españa,0.617319681505689,0.6508205185601091,0.6257049680303419,0.6508205185601091,-0.033500837054420085,9,4.707887924416619,1.0,14,3,empeora
89410,ryuk figura,1.0,0.3953144612881589,1.0,1.0,0.0,2,7.813736367254924,1.0,40,23,empata
89413,ryzen,1.0,0.9833032486989473,1.0,1.0,0.0,1,5.703782474656201,1.0,10,6,empata
89439,río sagrado,0.8669479898642711,0.633219679627003,0.6442227883107536,0.6442227883107536,0.2227252015535175,2,9.759646516310237,1.0,33,12,mejora
89440,römer,1.0,1.0,1.0,1.0,0.0,1,8.36304251158898,1.0,16,16,empata
89454,s.l. aeol service,0.7175177623223635,0.6021313089211305,0.7457912185292984,0.7457912185292984,-0.028273456206934888,4,6.721926383173456,1.0,19,8,empeora
89526,sabanas 1.50 coralina burrito blanco,0.38685280723454163,1.0,0.5,1.0,-0.6131471927654584,6,5.768950323179514,0.3333333333333333,16,1,empeora
89534,sabanas infantiles cama 90 niña,0.9363792118010483,1.0,0.8669479898642711,1.0,-0.06362078819895167,5,5.530968294031597,0.6,16,11,empeora
89537,sabanas star wars cama 90,0.6835381846158709,0.4256628105513782,0.6403089930936582,0.6403089930936582,0.04322919152221272,5,5.761069764368887,0.8,40,11,mejora
89564,saco calor semillas microondas,1.0,1.0,1.0,1.0,0.0,4,5.962754960632667,1.0,16,16,empata
89565,saco cuna invierno,1.0,0.9363792118010483,0.8611375561264456,0.9363792118010483,0.06362078819895167,3,5.61915687157498,1.0,16,14,mejora
89566,saco de dormir doble adulto invierno,1.0,0.72891152902702,1.0,1.0,0.0,6,4.245890430098734,1.0,39,24,empata
89569,saco de paseo invierno,1.0,0.9709286432396583,0.7606395682357036,0.9709286432396583,0.02907135676034167,4,4.423127955063606,1.0,16,4,mejora
89574,saco kick boxing,1.0,0.8643145546088339,0.8521705090845474,0.8643145546088339,0.13568544539116612,3,7.2305758137164915,1.0,16,14,mejora
89580,sacos de boxeo,1.0,0.9337457765456111,0.88995411685096,0.9337457765456111,0.06625422345438892,3,5.326192405496559,1.0,16,14,mejora
89581,sacos para grupo 0 invierno universal,0.8006937664098821,0.841492960259019,1.0,1.0,-0.1993062335901179,6,4.612051707182305,1.0,16,12,empeora
89582,sacos para los ojos,0.8357804136936722,0.7827392871477703,0.599976751690748,0.7827392871477703,0.05304112654590187,4,4.802874595228147,0.75,16,12,mejora
89602,sadomaso,0.7702043899253147,0.8482378089219648,0.5637884576902257,0.8482378089219648,-0.07803341899665006,1,10.308952660644293,1.0,33,14,empeora
89606,saeyang,0.9363792118010483,1.0,0.9148568823583791,1.0,-0.06362078819895167,1,10.308952660644293,1.0,16,11,empeora
89685,sage green keyboard,0.5132045064790346,0.759305398653863,0.72471451675439,0.759305398653863,-0.24610089217482845,3,6.985486574704708,0.6666666666666666,15,6,empeora
89702,said pc,1.0,1.0,1.0,1.0,0.0,2,7.15855976331267,0.0,16,16,empata
89742,sal baja en sodio,0.7846170207230131,0.7702043899253147,0.8521705090845474,0.8521705090845474,-0.0675534883615343,4,5.956386403231812,1.0,31,22,empeora
89743,sal marina sin refinar,0.7791714369672128,0.428385432108412,0.5727555047321238,0.5727555047321238,0.20641593223508903,4,6.510862545580252,1.0,40,19,mejora
89955,samsung a10 funda pastel,0.9148568823583791,0.9216017310213247,0.77990823370192,0.9216017310213247,-0.006744848662945557,4,5.419568638510431,1.0,16,14,empeora
89970,samsung a40 funda,0.6594803070902427,0.6975961695061493,0.7759944384848245,0.7759944384848245,-0.11651413139458178,3,5.155295404119282,1.0,16,11,empeora
90020,samsung fold galaxy,1.0,0.8175295903539445,1.0,1.0,0.0,3,5.910117449082762,1.0,16,2,empata
90082,samsung galaxy note 10,0.6934264036172708,0.39780880120575696,0.39780880120575696,0.39780880120575696,0.29561760241151386,4,4.364480244459281,0.5,16,2,mejora
90102,samsung galaxy note8,1.0,1.0,0.9469024295259745,1.0,0.0,3,6.215547693040812,1.0,16,3,empata
90136,samsung galaxy s8,1.0,0.45560514958746035,0.9197207891481876,0.9197207891481876,0.08027921085181244,3,5.252090440408757,1.0,16,2,mejora
90186,samsung gear s3 frontier,1.0,0.6256646589861505,1.0,1.0,0.0,4,6.782729863881384,1.0,16,3,empata
90236,samsung pendrive,0.9950883841893561,0.3753321301177287,0.43354368307629476,0.43354368307629476,0.5615447011130613,2,6.085138296629129,0.5,15,7,mejora
90274,samsung s6 pantalla completa,1.0,0.43067655807339306,0.38685280723454163,0.43067655807339306,0.5693234419266069,4,5.103839576803418,1.0,16,1,mejora
90281,samsung s8,1.0,0.2893079283427616,0.8529278650606567,0.8529278650606567,0.14707213493934335,2,5.492326463800259,1.0,23,3,mejora
90287,samsung s8 fundas,1.0,1.0,1.0,1.0,0.0,3,5.436666322178824,1.0,16,16,empata
90291,samsung s9,0.9047172294870751,0.407591902495008,1.0,1.0,-0.09528277051292489,2,5.391991116069184,1.0,16,4,empeora
90421,sandalias tacon cordones mujer,0.6509209298071326,0.46845052016107697,0.6934264036172708,0.6934264036172708,-0.04250547381013825,4,5.834926000271042,0.75,16,2,empeora
90422,sandalias zuecos mujer,1.0,0.9363792118010483,0.7542686714597937,0.9363792118010483,0.06362078819895167,3,5.7638057060364964,1.0,39,28,mejora
90507,santa claus,1.0,1.0,1.0,1.0,0.0,2,7.7265596736825355,1.0,16,15,empata
90537,sanyo eneloop,0.8630152897016883,0.9363792118010483,0.7510916729774055,0.9363792118010483,-0.07336392209936005,2,9.962379070364321,1.0,40,16,empeora
90540,saomi redmi note 8 pro,1.0,1.0,1.0,1.0,0.0,5,5.6198155091803175,0.6,16,1,empata
90591,sarten de buyer,1.0,1.0,1.0,1.0,0.0,3,6.193755633978019,1.0,16,16,empata
90592,sarten de cobre,0.79254709692678,0.9062596095782314,0.8351142097265216,0.9062596095782314,-0.11371251265145133,3,5.013435859298915,1.0,14,9,empeora
90598,sarten wmf,1.0,1.0,1.0,1.0,0.0,2,8.44011785150261,0.5,16,13,empata
90601,sartenes sin teflon,0.6812060741152738,0.2745478892647209,0.44270017573363174,0.44270017573363174,0.23850589838164205,3,6.03673495983324,0.6666666666666666,40,25,mejora
90662,satisfayer pro 2 vibration,0.8104616303452686,0.8157259650369636,0.8104616303452686,0.8157259650369636,-0.005264334691694961,4,6.156775059617251,0.75,25,7,empeora
90664,satisfyer estimulador,0.8122682216087223,0.7618017901203944,0.7227265726449519,0.7618017901203944,0.050466431488327856,2,8.922658299524402,0.5,16,5,mejora
90665,satisfyer next generation pro 2,0.9197207891481876,0.9197207891481876,0.9197207891481876,0.9197207891481876,0.0,5,6.270506792131437,1.0,16,2,empata
90667,satisfyer pro 2 next generation - estimulador,0.8519590445170673,0.8519590445170673,0.86034433104172,0.86034433104172,-0.008385286524652757,6,6.712532043363598,1.0,16,3,empeora
90669,satisfyer succionador mujer pro 2,0.5087403079104241,0.10209739512291163,0.0,0.10209739512291163,0.4066429127875125,5,5.1366839229893735,0.2,40,5,mejora
90672,satseupser libro,0.8175295903539445,0.6131471927654584,0.6131471927654584,0.6131471927654584,0.2043823975884861,2,7.696079323787692,0.5,31,2,mejora
90698,sauna con ducha,0.34304271142002485,0.3085246824454944,0.34304271142002485,0.34304271142002485,0.0,3,4.694562114440197,1.0,40,8,empata
90745,sawyer bicicleta sin pedales,0.5541432109622959,0.45374257454118555,0.42520843362602384,0.45374257454118555,0.10040063642111036,4,5.374595980100654,1.0,39,11,mejora
90901,schleich,1.0,1.0,1.0,1.0,0.0,1,9.210340371976184,1.0,12,12,empata
90962,schwarzkopf tinte sin amoniaco,0.7352996175880481,0.5725185965839159,0.6836550817096437,0.6836550817096437,0.05164453587840434,4,5.63746515675256,0.75,40,7,mejora
91007,sckeacher mujer sandalias,0.951231200062686,0.2001366809542687,0.9896062251871525,0.9896062251871525,-0.038375025124466444,3,6.412442422388268,0.6666666666666666,16,5,empeora
91327,seahawks t shirt,0.741670249010153,0.7720617383222419,0.77990823370192,0.77990823370192,-0.03823798469176698,3,7.05268177757445,1.0,16,11,empeora
91360,seascooter bateria,0.5321408435198609,0.3024038304938509,0.460012661100461,0.460012661100461,0.07212818241939989,2,8.57608470924443,0.5,35,11,mejora
91375,seastar direccion hidraulica,1.0,0.39780880120575696,0.6934264036172708,0.6934264036172708,0.3065735963827292,3,10.077903600457645,0.3333333333333333,11,2,mejora
91399,seat león fr,0.0,0.3333333333333333,0.0,0.3333333333333333,-0.3333333333333333,3,7.484329971751671,0.0,14,1,empeora
91404,seating plan,0.8735286486161714,0.9120345678990496,0.9202054614375518,0.9202054614375518,-0.046676812821380365,2,8.763431433965135,1.0,16,8,empeora
91426,secador de pelo,1.0,0.7411902110103873,1.0,1.0,0.0,3,4.021444818107739,1.0,32,24,empata
91427,secador de pelo sin cable,0.5203978935105924,0.22485174766247448,0.0,0.22485174766247448,0.2955461458481179,5,3.674924337898973,0.6,37,6,mejora
91430,secador de viaje,1.0,0.9216017310213247,1.0,1.0,0.0,3,4.040976206196423,1.0,31,19,empata
91431,secador pelo 500w,0.9047172294870751,0.8048099750039491,0.8048099750039491,0.8048099750039491,0.09990725448312598,3,6.3841433874314175,1.0,16,4,mejora
91432,secador pelo giubra,0.9292442392789195,0.9292442392789195,0.9292442392789195,0.9292442392789195,0.0,3,7.308339628178011,1.0,15,9,empata
91434,secador pelo profesional babyliss,1.0,0.7819835854675756,0.9363792118010483,0.9363792118010483,0.06362078819895167,4,6.306819079585321,1.0,16,10,mejora
91435,secadora bosch bomba de calor,0.9950883841893561,0.8887517031591262,0.9950883841893561,0.9950883841893561,0.0,5,5.057011383700923,1.0,16,7,empata
91442,second nature,1.0,0.8263333286520084,1.0,1.0,0.0,2,7.8563152714250775,1.0,16,12,empata
91507,seda natural sin teñir,1.0,1.0,0.9134015924715543,1.0,0.0,4,5.628905037431371,1.0,40,3,empata
91541,sega mega drive mini,1.0,1.0,0.9197207891481876,1.0,0.0,4,6.370851363371135,1.0,16,2,empata
91546,seguir sin ti jorge bucay,0.8207658584763088,0.8357799744028239,0.7227265726449519,0.8357799744028239,-0.015014115926515137,5,7.702377418463735,1.0,17,5,empeora
91556,seiko,1.0,1.0,1.0,1.0,0.0,1,7.824046010856292,1.0,16,16,empata
91584,seis cuentos morales,1.0,1.0,1.0,1.0,0.0,3,8.23476057128717,1.0,15,1,empata
91588,sekonic,1.0,1.0,0.92663607790064,1.0,0.0,1,8.922658299524402,1.0,39,22,empata
91592,selectividad lengua,0.9197207891481876,0.8503449055347546,0.5109559939712153,0.8503449055347546,0.06937588361343294,2,9.110005024245108,1.0,16,2,mejora
91690,semillas diente de leon,1.0,1.0,1.0,1.0,0.0,4,6.029354633801577,1.0,40,19,empata
91725,sensi seeds cbd oil,0.6049306994552042,0.6112833214150002,0.8519590445170673,0.8519590445170673,-0.2470283450618631,4,8.482655606796033,0.5,22,3,empeora
91753,sentiflore,1.0,1.0,1.0,1.0,0.0,1,10.308952660644293,1.0,13,13,empata
91761,separador ropa interior,1.0,1.0,1.0,1.0,0.0,3,5.422043909928575,1.0,16,16,empata
91807,serena pokemon,0.7920874914199381,0.4367467095119258,0.38364913903790027,0.4367467095119258,0.35534078190801227,2,8.679904391633551,1.0,16,3,mejora
91815,sergio tacchini hombre zapatillas,0.685119869332369,0.685119869332369,0.8521705090845474,0.8521705090845474,-0.16705063975217838,4,6.70370876285332,1.0,40,33,empeora
91853,serum neostrata,1.0,0.9833032486989473,0.8283813528274905,0.9833032486989473,0.016696751301052748,2,8.35294115793022,1.0,16,6,mejora
91867,servidor intel xeon,1.0,0.826813366651774,0.9305687780632229,0.9305687780632229,0.06943122193677709,3,6.744971023010827,1.0,40,33,mejora
91870,servilletas de tela,1.0,1.0,1.0,1.0,0.0,3,4.444747609924524,1.0,16,16,empata
91886,sesion fotos bebe niña,1.0,0.826813366651774,1.0,1.0,0.0,4,6.549344489532137,0.75,16,14,empata
91897,set de utensilios de cocina,1.0,1.0,1.0,1.0,0.0,5,3.107699409341117,1.0,16,16,empata
91898,set degradado,0.5706417189553201,0.5706417189553201,0.6052602440527057,0.6052602440527057,-0.03461852509738561,2,6.190213016337475,1.0,16,2,empeora
91901,set juegos jardin,0.747935059673333,0.513528549750033,0.706583601726363,0.706583601726363,0.04135145794696993,3,5.111550277472531,1.0,38,25,mejora
91903,set maquillaje profesional completo,0.9363792118010483,0.9363792118010483,0.9216017310213247,0.9363792118010483,0.0,4,4.718057919063971,1.0,40,28,empata
91916,set perfume light blue,0.9337457765456111,0.823699893396571,0.9148568823583791,0.9148568823583791,0.01888889418723194,4,5.192249968956922,1.0,16,12,mejora
92134,señal v16,1.0,0.9441592263400607,1.0,1.0,0.0,2,7.568633198973297,1.0,16,6,empata
92135,señuelos poper,1.0,0.8486026589039901,0.8415908474314977,0.8486026589039901,0.15139734109600989,2,9.962379070364321,1.0,16,14,mejora
92277,shark,0.9197207891481876,0.8772153153380493,0.5706417189553201,0.8772153153380493,0.04250547381013825,1,7.911057387845922,1.0,16,2,mejora
92279,shark car hot wheels,1.0,0.3333333333333333,0.2890648263178879,0.3333333333333333,0.6666666666666667,4,6.977850378882789,0.5,16,1,mejora
92458,shein ropa niña,0.0,0.0,0.0,0.0,0.0,3,6.5467018842790745,0.0,40,1,empata
92638,shisas,0.3133689519796274,0.23722561126224387,0.33810370817087787,0.33810370817087787,-0.024734756191250484,1,10.308952660644293,0.0,16,8,empeora
92719,shoe tree,0.9148568823583791,0.8115558478722846,1.0,1.0,-0.08514311764162086,2,7.890811707168554,1.0,16,14,empeora
93135,sidiwen android 9.0,0.9337457765456111,1.0,0.8643145546088339,1.0,-0.06625422345438892,4,5.376946675906686,1.0,16,13,empeora
93141,sierra circular black and decker,0.9083745556952363,0.9521948634779609,0.8468274504638792,0.9521948634779609,-0.04382030778272461,5,5.962683268357235,0.8,16,7,empeora
93151,siesta sudadera,1.0,1.0,1.0,1.0,0.0,2,7.056060630580179,1.0,16,16,empata
93154,sifon acuario,1.0,1.0,1.0,1.0,0.0,2,8.296276815276718,1.0,16,16,empata
93155,sifon blanco lavabo,0.7125523635307983,0.542364015420035,0.7846170207230131,0.7846170207230131,-0.07206465719221478,3,6.48117537326991,0.6666666666666666,39,16,empeora
93207,silbon hombre ropa,0.3391602052736161,0.5087403079104241,0.45221360703148816,0.5087403079104241,-0.169580102636808,3,5.884792014258231,1.0,39,5,empeora
93244,silicona gris antimoho,0.7365896932159578,0.6595629128335778,0.6436579276931672,0.6595629128335778,0.07702678038237998,3,5.4116830102914095,1.0,16,4,mejora
93380,silla bar,0.8318477135310892,0.9337457765456111,0.9216017310213247,0.9337457765456111,-0.10189806301452187,2,5.133745435418349,1.0,16,12,empeora
93385,silla coche grupo 2-3 isofix,0.8115558478722846,0.7819835854675756,0.7600791051976192,0.7819835854675756,0.029572262404709004,6,4.36079704601603,1.0,16,11,mejora
93388,silla con ruedas para oficina,0.9216017310213247,0.77990823370192,0.77990823370192,0.77990823370192,0.14169349731940473,5,3.1918529872862598,1.0,16,15,mejora
93401,silla estetica,0.781144079120574,0.8225346955790378,0.7733542529583558,0.8225346955790378,-0.04139061645846376,2,6.916158838140328,1.0,16,9,empeora
93405,silla gamer rosa,0.9337457765456111,0.9052116356304495,0.8521705090845474,0.9052116356304495,0.0285341409151616,3,5.079604914906022,1.0,16,12,mejora
93413,silla naturehike,1.0,1.0,1.0,1.0,0.0,2,7.465464982474383,1.0,39,31,empata
93414,silla niño,0.8572048559638626,0.9216017310213247,0.618519700841442,0.9216017310213247,-0.06439687505746206,2,4.791911217115648,1.0,16,11,empeora
93419,silla taburete,0.92663607790064,0.9216017310213247,0.77990823370192,0.9216017310213247,0.005034346879315255,2,5.673705513246327,1.0,16,15,mejora
93421,sillas ancho patas 42cm,0.8611375561264456,0.6402900881481708,0.6311443278613472,0.6402900881481708,0.22084746797827481,4,6.366258743212132,0.75,39,27,mejora
93431,sillas escritorio sin ruedas,0.706100342134181,0.3226323993355606,0.13743816645714543,0.3226323993355606,0.38346794279862045,4,4.569279508413797,1.0,39,7,mejora
93433,sillas giratorias sin ruedas,0.0,0.2890648263178879,0.0,0.2890648263178879,-0.2890648263178879,4,5.242694874326324,0.25,40,1,empeora
93434,sillas green forest,0.43067655807339306,0.38685280723454163,0.5,0.5,-0.06932344192660694,3,6.552392246661287,0.3333333333333333,16,1,empeora
93436,sillas niños,0.830419897363192,0.4599715079731103,0.6024169559021868,0.6024169559021868,0.2280029414610052,2,4.573401175586097,0.5,16,5,mejora
93437,sillas oficina ergonomicas,0.9911205770005563,0.6934547026244658,0.9815441540827995,0.9815441540827995,0.009576422917756844,3,6.896395507764517,0.6666666666666666,16,7,mejora
93439,sillas para niñas,0.7238911047912078,0.42507895232375664,0.5873259502392343,0.5873259502392343,0.1365651545519735,3,3.744643001155699,1.0,16,5,mejora
93442,sillas y mesasa de exterior hosteleria,0.5,0.0,0.0,0.0,0.5,6,5.39536033864307,0.16666666666666666,15,1,mejora
93443,sillin bicicleta blanco,0.9363792118010483,0.8415908474314977,0.7682269253321375,0.8415908474314977,0.09478836436955063,3,5.394158456630271,1.0,16,12,mejora
93451,sillon ortopedico reclinable,1.0,0.8669479898642711,0.9305687780632229,0.9305687780632229,0.06943122193677709,3,8.339591681254648,0.6666666666666666,40,34,mejora
93453,sillon relax rotai,0.5672274908036509,0.6840182226156366,0.6235540477207573,0.6840182226156366,-0.11679073181198574,3,8.430689459587876,0.6666666666666666,23,10,empeora
93464,sillón del amor,0.38685280723454163,0.5640920940185894,0.19342640361727081,0.5640920940185894,-0.17723928678404777,3,5.366855616224675,0.6666666666666666,16,2,empeora
93610,simcity pc,0.8572048559638626,0.8415908474314977,0.8364586133797037,0.8415908474314977,0.015614008532364942,2,7.15855976331267,1.0,36,16,mejora
93796,sirface pro,1.0,1.0,1.0,1.0,0.0,2,6.979305700802474,0.5,40,26,empata
93803,sirope de datil,0.9550236580992476,0.7095272044910244,0.9550236580992476,0.9550236580992476,0.0,3,6.193755633978019,1.0,14,4,empata
93812,sisley ropa mujer,1.0,1.0,1.0,1.0,0.0,3,5.804435645239509,0.6666666666666666,16,16,empata
93814,sistema corredera puerta,0.7065632165480473,0.9052116356304495,0.5774250016294137,0.9052116356304495,-0.19864841908240216,3,5.784872384972135,1.0,16,12,empeora
93928,skate electrico adulto,0.92663607790064,0.8611375561264456,0.9148568823583791,0.9148568823583791,0.011779195542260812,3,6.306818843843923,0.6666666666666666,16,15,mejora
93967,skechers d lite niña,0.7420427805456776,0.591176585485452,0.4136877383108716,0.591176585485452,0.15086619506022558,4,5.410276442052624,0.75,16,5,mejora
93973,skechers hombres,1.0,1.0,1.0,1.0,0.0,2,5.193132881873481,0.5,15,15,empata
94018,sketcher mujeres sin cordones,0.6177639991612476,0.4924605972327181,0.5736899196572437,0.5736899196572437,0.04407407950400388,4,5.631469065431899,0.5,40,17,mejora
94242,skyn condoms,1.0,1.0,1.0,1.0,0.0,2,9.504233704427243,0.5,16,16,empata
94252,skyzzie,0.8118374955798289,0.7251236670857091,0.9083745556952363,0.9083745556952363,-0.09653706011540741,1,10.308952660644293,1.0,17,7,empeora
94253,sl 72 adidas,1.0,0.9202054614375518,0.9782917460822231,0.9782917460822231,0.021708253917776865,3,6.104427435422991,1.0,12,8,mejora
94257,slahs valkirie,1.0,1.0,1.0,1.0,0.0,2,10.308952660644293,0.0,16,16,empata
94338,sleepy puppy,1.0,1.0,0.5,1.0,0.0,2,9.066499335750294,1.0,16,1,empata
94453,slimes fluffy grandes y baratos,0.88995411685096,0.8357804136936722,0.88995411685096,0.88995411685096,0.0,5,6.771826138242792,0.4,40,29,empata
94503,slip superman hombre,0.13012668333070054,0.0,0.0,0.0,0.13012668333070054,3,5.8601523509838955,0.3333333333333333,40,4,mejora
94519,slips unno sin costuras,0.718362797268624,0.4647456832249362,0.4825387500873844,0.4825387500873844,0.23582404718123956,4,6.4954802480935365,0.75,40,15,mejora
94555,slr magic,0.5827974955243853,0.2247194739855928,0.36296602664297095,0.36296602664297095,0.21983146888141436,2,6.853577266663325,1.0,40,7,mejora
95053,smart tv,1.0,1.0,1.0,1.0,0.0,2,4.216747816197335,1.0,16,15,empata
95057,smart tv 32 wifi,1.0,0.9305687780632229,0.9363792118010483,0.9363792118010483,0.06362078819895167,4,4.331594176732892,1.0,16,12,mejora
95058,smart tv 50 pulgadas 4k,1.0,0.7975167679274939,0.7534494445524139,0.7975167679274939,0.20248323207250607,5,4.114091167458055,1.0,16,10,mejora
95076,smart watch men,1.0,1.0,1.0,1.0,0.0,3,5.504966128662612,0.6666666666666666,17,17,empata
95104,smartphone blanco,0.8454256604216018,0.7215194105726963,0.7846170207230131,0.7846170207230131,0.06080863969858874,2,3.7781940451177194,1.0,16,12,mejora
95119,smartwatch,1.0,1.0,1.0,1.0,0.0,1,5.674223672414657,1.0,25,22,empata
95129,smartwatch niño,1.0,1.0,1.0,1.0,0.0,2,5.31803440117074,1.0,16,16,empata
95130,smartwatch sin tarjeta sim,0.7917063341896683,0.28744763646920174,0.40927271516050273,0.40927271516050273,0.38243361902916556,4,4.524053730264197,0.25,38,23,mejora
95140,smarty box dia de la madre,0.7976403384579975,0.5896084319766757,0.8486987932505933,0.8486987932505933,-0.05105845479259574,6,5.18500283346116,0.8333333333333334,32,6,empeora
95149,smeg frigorifico,0.7967610662472993,0.8512360941594275,0.727329844310522,0.8512360941594275,-0.054475027912128215,2,8.86376678169621,0.5,40,11,empeora
95150,smeg induccion,1.0,1.0,1.0,1.0,0.0,2,9.066499335750294,1.0,40,22,empata
95244,snack edamame,1.0,0.7383279578148271,0.9495662644168644,0.9495662644168644,0.050433735583135575,2,8.836733171061073,1.0,38,6,mejora
95317,snatam kaur,1.0,1.0,1.0,1.0,0.0,2,10.308952660644293,1.0,7,7,empata
95560,sobre plastico transparente,0.897617883552293,0.6887841483036673,0.8325036712789009,0.8325036712789009,0.06511421227339209,3,5.622656132624578,1.0,16,6,mejora
95566,sobuy mes alta,0.9363792118010483,0.8415908474314977,0.9216017310213247,0.9216017310213247,0.014777480779723629,3,6.5742113188795015,0.6666666666666666,16,12,mejora
95668,sofa 2 plazas sin reposabrazos,0.4747204845360814,0.0,0.19526086862591915,0.19526086862591915,0.2794596159101622,5,4.842869104979188,1.0,40,6,mejora
95683,sofa piel blanco,0.8006937664098821,0.6659485553357845,0.7026305163854646,0.7026305163854646,0.09806325002441751,3,4.684701068246466,1.0,40,21,mejora
95802,sofás habitación,0.9148568823583791,0.7564477297898766,0.6969383549984333,0.7564477297898766,0.15840915256850252,2,6.5227011681341,1.0,40,24,mejora
95803,sofás jardin exterior,0.857980942822373,0.37960256558331523,0.7702043899253147,0.7702043899253147,0.08777655289705832,3,6.074672689962585,0.6666666666666666,40,18,mejora
95967,sombreros de paja niña,0.9052116356304495,0.9305687780632229,0.9305687780632229,0.9305687780632229,-0.025357142432773427,4,5.2075778070000185,1.0,16,15,empeora
95970,sombreros piratas,1.0,0.8611375561264456,0.9337457765456111,0.9337457765456111,0.06625422345438892,2,7.7713657530273785,0.5,16,15,mejora
96064,sons of anarchy poster,1.0,1.0,1.0,1.0,0.0,4,7.8742257413397105,1.0,15,15,empata
96108,sony dslr,1.0,0.2090905274901754,0.7227265726449519,0.7227265726449519,0.2772734273550481,2,5.9468489802440105,1.0,40,5,mejora
96110,sony e gran angular,0.3597099118518293,0.5925846332364245,0.5193185983095429,0.5925846332364245,-0.2328747213845952,4,5.089639410792934,1.0,40,19,empeora
96121,sony gran angular objetivo,0.8486026589039901,0.5509662124799076,0.7630946912803437,0.7630946912803437,0.08550796762364643,4,5.368183612095239,1.0,40,27,mejora
96195,sophie saint rose,0.5801011487023698,0.5773584151532217,0.32097939710179135,0.5773584151532217,0.002742733549148113,3,7.931986383878844,0.0,16,5,mejora
96202,soporte aire acondicionado ventana,0.8643145546088339,0.727329844310522,0.6936634693435664,0.727329844310522,0.13698471029831194,4,5.126923276545414,1.0,40,13,mejora
96204,soporte barra armario habitacion,0.7087212693585175,0.6525874238732423,0.5143371794949736,0.6525874238732423,0.056133845485275224,4,5.289039893912379,0.5,16,4,mejora
96206,soporte botella bicicleta sin tornillos,0.9305687780632229,0.9052116356304495,0.7885497208855957,0.9052116356304495,0.025357142432773427,5,4.352401528864594,1.0,40,23,mejora
96214,soporte de movil con sensor,1.0,1.0,1.0,1.0,0.0,5,3.3500076672694603,1.0,16,15,empata
96215,soporte de tortas,1.0,1.0,1.0,1.0,0.0,3,4.34885358577393,0.6666666666666666,16,16,empata
96219,soporte horquilla bicicleta eje pasante 12x100,0.8111564709904158,0.7895607149020191,0.4434915012085206,0.7895607149020191,0.0215957560883967,6,7.137844809358622,1.0,20,8,mejora
96220,soporte huevos,1.0,1.0,1.0,1.0,0.0,2,5.821390540930441,1.0,16,15,empata
96222,soporte jamon sin hueso,0.7065443116025598,0.3372080579682882,0.7909506325094736,0.7909506325094736,-0.0844063209069138,4,5.812011695578763,0.75,40,22,empeora
96229,soporte movil,1.0,1.0,1.0,1.0,0.0,2,5.040298027138663,1.0,16,16,empata
96233,soporte para altavoces home cinema,1.0,1.0,1.0,1.0,0.0,5,4.705266543421256,1.0,16,16,empata
96235,soporte para brochas de maquillaje,1.0,1.0,1.0,1.0,0.0,5,3.735611956078595,1.0,40,29,empata
96239,soporte para estanterias,0.8486026589039901,0.7534494445524139,0.8482378089219648,0.8482378089219648,0.00036484998202535035,3,4.6766954906931915,0.6666666666666666,16,12,mejora
96243,soporte pedales thrustmaster,0.27426546945536817,0.40030566811860474,0.5231737964779629,0.5231737964779629,-0.24890832702259474,3,5.901079500151938,1.0,40,10,empeora
96249,soporte tablet coche,1.0,1.0,1.0,1.0,0.0,3,4.446876650546344,1.0,16,16,empata
96250,soporte tablet para coche,1.0,1.0,1.0,1.0,0.0,4,3.565399568266075,1.0,16,16,empata
96251,soporte teclado piano 76 teclas,0.971476156593264,0.6025971538276527,0.5846156829012062,0.6025971538276527,0.36887900276561136,5,5.552836014917551,1.0,16,6,mejora
96256,soportes estanterias pared,0.9363792118010483,1.0,1.0,1.0,-0.06362078819895167,3,6.528169112534694,1.0,40,36,empeora
96400,soñador despierta,1.0,0.2960819109658652,0.6039071644781281,0.6039071644781281,0.3960928355218719,2,10.308952660644293,1.0,23,3,mejora
96467,spalding tf50,0.9796825595768973,0.9876712785649565,0.8486987932505933,0.9876712785649565,-0.007988718988059196,2,10.308952660644293,1.0,27,6,empeora
96547,spartacus bluray,0.7447855140948257,0.888111130388384,0.8891085695884217,0.8891085695884217,-0.14432305549359592,2,9.759646516310237,0.5,9,5,empeora
96558,spconect,1.0,0.699473903081392,1.0,1.0,0.0,1,10.308952660644293,0.0,40,33,empata
96643,speed tubes kit completo,0.31546487678572877,0.5,0.31546487678572877,0.5,-0.18453512321427123,4,6.474584068597762,0.0,9,1,empeora
96663,speedway mini 4 pro,0.14126697285982898,0.20210734650054757,0.0,0.20210734650054757,-0.06084037364071859,4,5.04990470107467,0.25,40,3,empeora
96802,spiderman ultimate,0.88995411685096,0.8643145546088339,0.8611375561264456,0.8643145546088339,0.025639562242126157,2,7.073552908752992,1.0,16,13,mejora
96855,spinner patinaje,0.7470572972323428,0.4597307900205735,0.5402692099794264,0.5402692099794264,0.20678808725291642,2,7.915206789253269,1.0,16,8,mejora
97004,sportiva akira,0.9803771474638899,0.7601136219697596,0.9594516125393133,0.9594516125393133,0.020925534924576605,2,10.308952660644293,0.5,14,7,mejora
97078,spray desinfectante sanitario,0.8553475075669357,0.77990823370192,0.92663607790064,0.92663607790064,-0.07128857033370428,3,7.496235999285697,0.6666666666666666,16,12,empeora
97085,spray impermeabilizante calzado,1.0,1.0,1.0,1.0,0.0,3,7.496235999285697,1.0,15,15,empata
97123,springsteen,0.7102883736462104,0.5663116547472845,0.5720974291437665,0.5720974291437665,0.13819094450244396,1,10.308952660644293,1.0,13,8,mejora
97133,sprint futbol,0.36865805394823997,0.3159817773843635,0.5637884576902257,0.5637884576902257,-0.1951304037419857,2,8.71992574547032,0.5,33,11,empeora
97176,squalane ordinary,0.7957503936198024,0.5277610693352978,0.7450260556567766,0.7450260556567766,0.05072433796302578,2,9.759646516310237,1.0,32,7,mejora
97273,sram gx eagle 12v,0.3065735963827292,0.5714285040141098,0.3065735963827292,0.5714285040141098,-0.26485490763138064,4,7.3176341208999816,1.0,16,2,empeora
97286,ssd,0.7885497208855957,0.3889808495016982,0.6758704024811183,0.6758704024811183,0.11267931840447742,1,4.024818499573491,1.0,32,10,mejora
97300,ssd 500 gb,0.9888009031441519,0.5462169152524982,0.7361466326573332,0.7361466326573332,0.25265427048681877,3,4.315534060562411,1.0,16,7,mejora
97626,star trek discovery,0.9145683473035052,0.6634386775986221,0.49453629562982365,0.6634386775986221,0.25112966970488315,3,7.7648189517771415,1.0,16,6,mejora
97773,starter relay,1.0,1.0,1.0,1.0,0.0,2,7.981972485565532,1.0,16,16,empata
97868,stee lauder stay in place,0.9363792118010483,0.9052116356304495,0.9337457765456111,0.9337457765456111,0.002633435255437244,5,8.321722993689159,0.8,16,12,mejora
97946,sten subfusil,0.5598144536257148,0.715696758318853,0.6333518746717375,0.715696758318853,-0.15588230469313824,2,10.308952660644293,1.0,19,4,empeora
97968,step fitness de 1 metro,0.1909208661789347,0.5407153339336951,0.23877292085081495,0.5407153339336951,-0.3497944677547604,5,4.494141367072389,0.8,37,6,empeora
98407,strand of oaks harder love,1.0,1.0,1.0,1.0,0.0,5,8.41045120789632,0.4,6,6,empata
98529,strength bands,0.9337457765456111,0.8611375561264456,0.8357804136936722,0.8611375561264456,0.07260822041916548,2,8.922658299524402,1.0,16,14,mejora
98573,strimmer,0.4371994911049732,0.21398626473452756,0.3391602052736161,0.3391602052736161,0.09803928583135707,1,10.308952660644293,1.0,16,5,mejora
98791,suavinex bebe,1.0,1.0,1.0,1.0,0.0,2,7.040606861848641,0.5,16,15,empata
98795,sub c nimh batteries,0.8669479898642711,0.5017289690294564,0.8669479898642711,0.8669479898642711,0.0,4,7.624940463424605,0.25,29,17,empata
98808,subcionador de clitorix pro 2,1.0,1.0,1.0,1.0,0.0,5,5.373425587626107,0.6,16,16,empata
98815,submarino rc con camara,0.6836550817096437,0.34253478790662806,0.759737292382243,0.759737292382243,-0.07608221067259924,4,5.496679375314387,0.75,40,7,empeora
98818,subrayador escaner,0.7877736340270853,0.4362115423097745,0.7162874455029682,0.7162874455029682,0.07148618852411714,2,9.759646516310237,0.0,16,11,mejora
98838,succionador de cliroris,1.0,1.0,1.0,1.0,0.0,3,6.328910670014075,0.6666666666666666,30,30,empata
98852,sucesión serie,0.8318724637288826,0.13905617951077562,0.49820370960044086,0.49820370960044086,0.3336687541284417,2,7.856315271425078,0.5,31,4,mejora
98868,sudadera adidas match,1.0,1.0,0.5,1.0,0.0,3,6.3445084738428905,0.6666666666666666,16,1,empata
98875,sudadera disney,1.0,1.0,1.0,1.0,0.0,2,5.453334228312148,1.0,16,16,empata
98880,sudadera frida kahlo mujer,1.0,1.0,1.0,1.0,0.0,4,6.441268842683573,1.0,16,9,empata
98883,sudadera halloween hombre,0.7277107345829028,0.5320983164409243,0.9429942892150167,0.9429942892150167,-0.2152835546321139,3,4.2674003711312345,1.0,16,8,empeora
98884,sudadera hombre cremallera sin capucha,0.9148568823583791,0.35895421017163476,0.24309789328476908,0.35895421017163476,0.5559026721867444,5,4.092764533852176,1.0,40,24,mejora
98892,sudadera morada niño,0.9911205770005563,0.7217553874814915,0.9950883841893561,0.9950883841893561,-0.0039678071887997435,3,6.126939736842412,0.6666666666666666,16,7,empeora
98896,sudadera mujer negra nike,0.8486026589039901,0.7702043899253147,0.8701249883466594,0.8701249883466594,-0.021522329442669297,4,4.5706452855606265,0.75,16,11,empeora
98902,sudadera para niño roblox,0.727329844310522,0.7655934900767002,0.92663607790064,0.92663607790064,-0.199306233590118,4,5.1000999551551525,1.0,16,10,empeora
98905,sudadera roja niña,1.0,1.0,1.0,1.0,0.0,3,5.380825462087181,0.3333333333333333,16,16,empata
98913,sudaderas adolescente,1.0,1.0,1.0,1.0,0.0,2,7.01380213654595,1.0,16,15,empata
98914,sudaderas alitas,0.8611375561264456,0.6563033086078547,0.77990823370192,0.77990823370192,0.08122932242452563,2,8.33333080135358,0.5,16,11,mejora
98921,sudaderas hombre baratas,1.0,0.727329844310522,1.0,1.0,0.0,3,5.691025720783773,0.6666666666666666,32,23,empata
98922,sudaderas hombre puma,1.0,1.0,1.0,1.0,0.0,3,5.093772564374421,0.6666666666666666,16,16,empata
98924,sudaderas hombres new balance,1.0,1.0,1.0,1.0,0.0,4,5.803368763465202,0.5,16,15,empata
98925,sudaderas hombres sin capucha,0.6214011939609387,0.14876390584057272,0.347911811364081,0.347911811364081,0.27348938259685773,4,4.494682463155068,0.25,40,29,mejora
98926,sudaderas largas,0.9148568823583791,0.88995411685096,0.9216017310213247,0.9216017310213247,-0.006744848662945557,2,6.514537721490386,0.5,16,12,empeora
98933,sudaderas north face hombre,0.7827392871477703,0.662791942031712,0.685119869332369,0.685119869332369,0.09761941781540129,4,5.581568523404721,0.75,40,25,mejora
98934,sudaderas tumblr baratas,1.0,1.0,1.0,1.0,0.0,3,7.2126920612167105,1.0,16,16,empata
98935,sudarera de mujer lisa blanca,0.87710683944726,0.33035212218808513,0.6766267238974651,0.6766267238974651,0.20048011554979484,5,5.150998409775549,0.2,16,8,mejora
98951,suelo bebe,0.88995411685096,0.9216017310213247,0.9148568823583791,0.9216017310213247,-0.03164761417036466,2,5.739262019126448,1.0,16,15,empeora
98957,suelos para cocinas sin obras,0.6754160255557639,0.22793826167775835,0.526612829591388,0.526612829591388,0.14880319596437586,5,4.859438059432863,0.4,39,21,mejora
99028,sujetacabezas coche niños,0.9337457765456111,0.88995411685096,1.0,1.0,-0.06625422345438892,3,5.7812865750956375,0.6666666666666666,16,15,empeora
99030,sujetador 100b,0.805516250204893,0.37041969783702716,0.6567337707957821,0.6567337707957821,0.14878247940911093,2,6.907755278982137,1.0,16,9,mejora
99031,sujetador algodon sin aros,0.77990823370192,0.9052116356304495,0.9216017310213247,0.9216017310213247,-0.14169349731940473,4,5.170900906456527,1.0,40,22,empeora
99032,sujetador algodon sin tirantes,0.639945385422766,0.4468535299918563,0.10699313236726378,0.4468535299918563,0.19309185543090973,4,5.1467858399096365,0.75,40,5,mejora
99033,sujetador azul marino,0.9148568823583791,0.7975167679274939,0.7975167679274939,0.7975167679274939,0.11734011443088521,3,4.74488966440148,1.0,40,31,mejora
99036,sujetador deportivo push up con relleno,0.7975167679274939,0.7162874455029682,0.8263333286520084,0.8263333286520084,-0.02881656072451444,6,4.721346582626669,1.0,16,10,empeora
99038,sujetador dim sin aros,0.8701249883466594,0.8669479898642711,0.7818048722226502,0.8669479898642711,0.0031769984823882824,4,5.484091648580369,1.0,37,17,mejora
99040,sujetador pegatina push up,0.7917063341896683,1.0,1.0,1.0,-0.2082936658103317,4,5.625924646311769,0.75,16,14,empeora
99041,sujetador playtex sin aros algodon,0.7846170207230131,0.7411902110103873,0.7421246259355073,0.7421246259355073,0.04249239478750577,5,5.9787887995604585,1.0,40,23,mejora
99045,sujetador reductor sin aros,0.9363792118010483,0.7624164915943119,0.7104770117651427,0.7624164915943119,0.17396272020673642,4,5.041415133572813,1.0,40,25,mejora
99048,sujetador solo con tirantes,0.5368103404171508,0.7818048722226502,0.7702043899253147,0.7818048722226502,-0.24499453180549935,4,4.628607403863824,0.75,40,27,empeora
99049,sujetadores deportivos tallas grandes,1.0,0.92663607790064,1.0,1.0,0.0,4,5.986064307847,1.0,16,15,empata
99052,sujetadores sin costuras,1.0,0.9052116356304495,0.7827392871477703,0.9052116356304495,0.09478836436955052,3,5.275706337185703,1.0,40,34,mejora
99153,sun parasol,0.8630152897016883,0.8701249883466594,0.713654010247531,0.8701249883466594,-0.00710969864497113,2,7.360375726825922,1.0,39,25,empeora
99263,suns booker,0.7846170207230131,0.727329844310522,0.7846170207230131,0.7846170207230131,0.0,2,10.308952660644293,1.0,35,13,empata
99264,sunsa vintage bolsos,0.9148568823583791,0.35781327333109914,0.8454256604216018,0.8454256604216018,0.06943122193677731,3,7.3092441968018775,0.6666666666666666,40,27,mejora
99322,super mario bros wii juego,0.6546154994739983,0.8529278650606567,0.8451850618939637,0.8529278650606567,-0.19831236558665832,5,6.320016286283778,1.0,16,3,empeora
99327,super mario odyssey,0.7653606369886217,0.7864724919925569,0.7864724919925569,0.7864724919925569,-0.021111855003935198,3,7.141034001885718,1.0,13,3,empeora
99329,super mario odyssey nintendo switch,0.8315546295836225,0.6934264036172708,0.45560514958746035,0.6934264036172708,0.13812822596635166,5,6.526478006277095,0.6,16,2,mejora
99375,superficie sin toma de tierra,0.8006937664098821,0.8006937664098821,0.8521705090845474,0.8521705090845474,-0.05147674267466529,5,4.635786397687275,1.0,40,27,empeora
99400,superman hijo rojo figura,0.6442884260490733,0.6763021500567697,0.7617203860460268,0.7617203860460268,-0.11743195999695344,4,6.246887828345992,1.0,40,8,empeora
99409,supermercado de madera,0.7827392871477703,0.7015099647232446,0.7917063341896683,0.7917063341896683,-0.00896704704189799,3,4.329161774164062,1.0,16,13,empeora
99535,surtido galletas sin azucar,0.8502983370860306,0.544192623472237,0.7682972668889274,0.7682972668889274,0.08200107019710323,4,5.522805189103705,0.75,40,5,mejora
99551,susaderas,1.0,1.0,1.0,1.0,0.0,1,10.308952660644293,0.0,16,15,empata
99789,swiffer xxl,0.6489315753318466,0.6421867266689011,0.4373524791503101,0.6421867266689011,0.006744848662945557,2,7.513459170388864,1.0,40,10,mejora
99917,switch kvm,1.0,1.0,1.0,1.0,0.0,2,7.502388607450257,1.0,16,16,empata
99974,syllable s101 auriculares,0.6131471927654584,0.6131471927654584,0.6131471927654584,0.6131471927654584,0.0,3,8.36110452163384,1.0,40,2,empata
100012,szymborska,1.0,0.9363792118010483,1.0,1.0,0.0,1,10.308952660644293,1.0,36,32,empata
100013,sábana de microlina,1.0,0.6410457898283654,1.0,1.0,0.0,3,5.7316575136047225,0.6666666666666666,40,18,empata
100039,t racers magic box,0.46900009332067494,0.7605591431973849,0.88995411685096,0.88995411685096,-0.4209540235302851,4,6.557814040897892,1.0,40,10,empeora
100088,t26 led,1.0,1.0,1.0,1.0,0.0,2,6.733209928691925,1.0,39,29,empata
100096,t5 led osram,0.5,0.43067655807339306,0.38685280723454163,0.43067655807339306,0.06932344192660694,3,6.165752619599208,0.6666666666666666,16,1,mejora
100125,tabets baratas,1.0,1.0,1.0,1.0,0.0,2,9.026477981913525,0.0,16,16,empata
100221,tablet,1.0,1.0,1.0,1.0,0.0,1,5.521460917862246,1.0,24,24,empata
100256,tableta gráfica wacom pantalla,0.5143371794949736,0.7365896932159578,0.5143371794949736,0.7365896932159578,-0.2222525137209842,4,5.989944060256605,1.0,40,4,empeora
100257,tabletas gráficas con pantalla,1.0,1.0,0.9337457765456111,1.0,0.0,4,4.84335939077859,1.0,40,37,empata
100264,tablets 10 pulgadas teclast,0.7162874455029682,0.6371130896657825,0.713654010247531,0.713654010247531,0.002633435255437244,4,5.470989002114742,0.5,16,11,mejora
100267,tablets con gps,1.0,0.8611375561264456,1.0,1.0,0.0,3,4.538302985266033,1.0,16,15,empata
100270,tablets infantiles,0.77990823370192,0.8165901947515999,1.0,1.0,-0.22009176629808003,2,6.498600117225161,0.0,16,12,empeora
100277,tablilla entelada,1.0,1.0,1.0,1.0,0.0,2,9.962379070364321,1.0,40,34,empata
100280,tablón madera escritorio,0.9148568823583791,0.8165901947515999,0.9216017310213247,0.9216017310213247,-0.006744848662945557,3,5.912864836917282,0.6666666666666666,40,30,empeora
100283,taburete bajo vintage,1.0,1.0,1.0,1.0,0.0,3,5.733716533570193,1.0,16,16,empata
100285,taburete cocina transparentes,0.615733440277688,0.0,0.24816574496561808,0.24816574496561808,0.3675676953120699,3,5.751566869045509,0.6666666666666666,40,5,mejora
100286,taburete con reposabrazos giratorio,0.7818048722226502,0.7059054020403313,0.8263333286520084,0.8263333286520084,-0.04452845642935821,4,5.076418637260101,1.0,16,12,empeora
100289,taburete plegables,0.6366824387328317,0.6366824387328317,0.8396538878217249,0.8396538878217249,-0.2029714490888932,2,6.660407158064084,0.5,16,4,empeora
100293,taburetes madera,1.0,1.0,1.0,1.0,0.0,2,6.178447767632379,1.0,16,16,empata
100309,tacklife detector de metales,0.46927872602275644,0.0,0.15642624200758548,0.15642624200758548,0.31285248401517096,4,5.867697842570314,0.75,40,3,mejora
100311,tacklife m1 compresor aire coche,0.3065735963827292,1.0,0.0,1.0,-0.6934264036172708,5,5.846547046026704,0.6,32,2,empeora
100324,tacon buganvilla,1.0,0.77990823370192,0.9337457765456111,0.9337457765456111,0.06625422345438892,2,8.922658299524402,0.5,39,13,mejora
100325,tacones,1.0,1.0,1.0,1.0,0.0,1,8.36304251158898,0.0,16,16,empata
100368,tacx rodillo smart,0.7753366239771086,0.7569021067152311,0.6496872770120412,0.7569021067152311,0.018434517261877503,3,6.596087465380034,1.0,39,12,mejora
100385,tag formula 1,0.8611375561264456,0.9216017310213247,0.6777277508780453,0.9216017310213247,-0.0604641748948791,3,5.832326831149467,1.0,38,17,empeora
100388,tag heuer reloj hombre,0.6698623505528799,0.9337457765456111,0.8701249883466594,0.9337457765456111,-0.2638834259927312,4,5.523605117680011,1.0,39,33,empeora
100408,tail butt plug,0.5994293804883523,0.8232006379497264,0.8152568591281436,0.8232006379497264,-0.22377125746137416,3,8.258041762409592,0.6666666666666666,16,8,empeora
100429,takashi murakami,0.8881917374298554,0.882892613843742,0.8909510095528637,0.8909510095528637,-0.002759272123008305,2,10.308952660644293,1.0,11,8,empeora
100455,taladro 24v batería,1.0,0.3010299956639812,0.0,0.3010299956639812,0.6989700043360187,3,5.474101551664584,0.3333333333333333,16,1,mejora
100461,taladro percutor einhell,1.0,1.0,1.0,1.0,0.0,3,6.777575459684974,1.0,16,16,empata
100464,taladros atornilladores a bateria 21v,1.0,0.791726719367984,1.0,1.0,0.0,5,6.856319870001646,0.8,40,20,empata
100526,taller de carpintero,0.7624164915943119,0.8165901947515999,0.7630946912803437,0.8165901947515999,-0.05417370315728798,3,5.330333245496077,1.0,16,13,empeora
100556,tamron sp 35mm f 1.8 di vc usd,0.6131471927654584,0.38685280723454163,0.6131471927654584,0.6131471927654584,0.0,9,6.237692565114517,0.8888888888888888,28,2,empata
100591,tanga sin costuras hombre,0.6496872770120412,0.7125523635307983,0.7116179486056783,0.7125523635307983,-0.06286508651875711,4,4.555779945939811,1.0,40,11,empeora
100660,tapa cajas de luz,0.7778721720600673,0.7788065869851875,0.8486026589039901,0.8486026589039901,-0.0707304868439228,4,3.831914817536866,0.75,16,10,empeora
100661,tapa inodoro redonda roca,0.7191184989488185,0.7534494445524139,0.5551469705065497,0.7534494445524139,-0.0343309456035954,4,6.140505378617128,0.75,16,10,empeora
100662,tapa inodoro sin tornillos,0.8364586133797037,0.41125017975368,0.7682269253321375,0.7682269253321375,0.06823168804756619,4,4.892375033376025,0.75,40,25,mejora
100671,tapacubos r14,1.0,1.0,1.0,1.0,0.0,2,8.989423995836663,0.5,16,16,empata
100676,tapas de silicona reutilizables ecológicas,1.0,1.0,1.0,1.0,0.0,5,4.981447364241984,1.0,16,16,empata
100714,tapete decoración tarta,1.0,1.0,1.0,1.0,0.0,3,6.40430396091207,1.0,39,36,empata
100719,tapices pared,1.0,1.0,1.0,1.0,0.0,2,7.112157283668977,1.0,16,16,empata
100721,tapiflex 150x200 sin patas,0.36650177721905447,0.1930505095243496,0.3163449182903564,0.3163449182903564,0.05015685892869809,4,6.810789646965121,0.5,40,7,mejora
100737,taquilla con llave,0.7819835854675756,0.3699573188553854,0.33816867746367263,0.3699573188553854,0.4120262666121902,3,5.328938544456772,1.0,16,10,mejora
100754,tarjeta impresora 3d,0.0,0.0,0.0,0.0,0.0,3,5.000463903771526,0.6666666666666666,16,1,empata
100764,tarjeta sd 64gb,1.0,1.0,1.0,1.0,0.0,3,5.194986913424164,1.0,16,15,empata
100767,tarjetas de visita en blanco,0.9148568823583791,0.6678262889110272,0.5680035776621611,0.6678262889110272,0.2470305934473519,5,4.335515878850412,1.0,40,25,mejora
100770,tarjetas navideñas divertidas,0.8701249883466594,0.7312625444731049,0.8701249883466594,0.8701249883466594,0.0,3,7.189854732333511,1.0,16,11,empata
100772,tarjetas sim prepago,1.0,1.0,1.0,1.0,0.0,3,6.41277783530984,0.6666666666666666,16,16,empata
100773,tarjetas xqd,1.0,0.45824474400474136,0.22290869782240583,0.45824474400474136,0.5417552559952586,2,8.011392735576997,0.5,16,5,mejora
100775,tarjetero movil silicona,1.0,1.0,1.0,1.0,0.0,3,5.961430447485042,0.6666666666666666,16,16,empata
100790,tarritos de cristal pequeños con tapa,1.0,1.0,1.0,1.0,0.0,6,4.472214852656748,0.8333333333333334,16,14,empata
100793,tarros de cristal con tapa,1.0,1.0,1.0,1.0,0.0,5,3.6316933960641338,1.0,16,16,empata
100856,tatuaje serpiente,0.8784964149251224,0.8104616303452686,0.6027730669415465,0.8104616303452686,0.06803478457985379,2,7.712474235199187,1.0,16,7,mejora
100857,tatuajes temporales niños,1.0,1.0,1.0,1.0,0.0,3,6.317765879240338,1.0,21,20,empata
100858,tauchmeister,0.9052116356304495,1.0,1.0,1.0,-0.09478836436955052,1,10.308952660644293,1.0,36,33,empeora
100885,taza abuelo mr wonderful,0.5943907508440193,0.644824486427155,0.5413753343496285,0.644824486427155,-0.050433735583135686,4,7.255839597520739,1.0,40,6,empeora
100886,taza automatica,0.9363792118010483,1.0,1.0,1.0,-0.06362078819895167,2,7.53832088806508,0.5,16,15,empeora
100901,tazas bormioli,1.0,0.8200685179888284,0.8512360941594275,0.8512360941594275,0.14876390584057253,2,7.509741681145105,1.0,16,11,mejora
100939,tds xiaomi,1.0,1.0,1.0,1.0,0.0,2,6.618513142862234,1.0,16,2,empata
100940,te alquilo mi amor,0.9674679834891693,0.9469024295259745,0.9674679834891693,0.9674679834891693,0.0,4,7.086660288085138,1.0,36,3,empata
100942,te azul oolong bolsitas,0.6749359875559983,0.45767527470376834,0.4977962688668736,0.4977962688668736,0.17713971868912465,4,6.526214366116239,1.0,40,14,mejora
100944,te chai sin azucar,0.535254316775064,0.791726719367984,0.8263333286520084,0.8263333286520084,-0.2910790118769444,4,6.364629146600324,0.75,40,11,empeora
101110,tec moon colchon,1.0,0.6410457898283654,1.0,1.0,0.0,3,7.35507479474875,0.6666666666666666,40,11,empata
101139,teclado bluetooth sin receptor,0.8630152897016883,0.06943122193677728,0.6403089930936582,0.6403089930936582,0.2227062966080301,4,4.053654707277683,0.75,40,18,mejora
101143,teclado funda surface pro 6,0.7495275800817669,0.37079398245749273,0.6891352018239085,0.6891352018239085,0.06039237825785837,5,4.159892650082742,1.0,16,4,mejora
101145,teclado inalámbrico,0.9363792118010483,1.0,1.0,1.0,-0.06362078819895167,2,4.310102308248609,1.0,16,15,empeora
101148,teclado mecanico cherry mx blue,0.8922108454754891,0.6073441914885231,0.7928580195906539,0.7928580195906539,0.09935282588483518,5,6.560970015382116,0.8,16,6,mejora
101150,teclado mecánico,0.9363792118010483,0.8611375561264456,0.7467045958894682,0.8611375561264456,0.07524165567460273,2,5.43134289271078,1.0,16,11,mejora
101151,teclado mesi,0.22466337602289158,0.5430029249822635,0.41310752815060703,0.5430029249822635,-0.318339548959372,2,7.223102361938835,0.5,40,12,empeora
101154,teclado para playstation 4,0.8932076516505887,0.7392674247768478,0.8936633189697701,0.8936633189697701,-0.000455667319181452,4,3.475170535547192,1.0,16,7,empeora
101155,teclado para samsung galaxy tab a sm- t550,0.4822987244600303,0.24630238874073,0.19519002499605084,0.24630238874073,0.23599633571930032,8,4.941663414600565,0.875,16,4,mejora
101163,teclado y raton gaming,0.7917063341896683,0.8701249883466594,0.92663607790064,0.92663607790064,-0.13492974371097166,4,4.510660303960302,0.75,16,14,empeora
101167,teclados mecanicos cherry mini,1.0,1.0,0.8773497378596238,1.0,0.0,4,7.552319596308087,0.5,16,4,empata
101168,teclados originales,0.6659485553357845,0.699473903081392,0.5645252544249328,0.699473903081392,-0.03352534774560756,2,7.560368547997692,1.0,39,16,empeora
101169,tecnica contable,1.0,0.9895948844467957,0.9230390249121357,0.9895948844467957,0.010405115553204336,2,10.308952660644293,1.0,13,9,mejora
101170,tecnicas para pintar niños,0.6809047493604335,0.3948600843628045,0.2719144540092836,0.3948600843628045,0.28604466499762904,4,5.115933677557846,0.75,35,17,mejora
101235,teenage shutdown!,0.9148568823583791,0.9052116356304495,0.88995411685096,0.9052116356304495,0.009645246727929657,2,9.962379070364321,1.0,16,15,mejora
101264,tefal electrica picadoras,1.0,1.0,0.8529278650606567,1.0,0.0,3,7.9739919974066735,0.3333333333333333,16,3,empata
101275,tejido sin tejer,1.0,1.0,1.0,1.0,0.0,3,5.434915521971168,1.0,40,25,empata
101282,tela asfáltica autoadhesiva,0.9197207891481876,0.8503449055347546,0.8772153153380493,0.8772153153380493,0.04250547381013825,3,7.484329971751671,0.6666666666666666,16,2,mejora
101283,tela azul por metros,0.6468562235661909,0.7542686714597937,0.6442227883107536,0.7542686714597937,-0.10741244789360282,4,4.56605765492905,1.0,40,22,empeora
101284,tela de gasa blanca por metros,0.43067655807339306,0.5,0.6309297535714575,0.6309297535714575,-0.20025319549806447,6,4.537069880372806,0.5,16,1,empeora
101285,tela de punto por metros,1.0,0.9052116356304495,0.7162874455029682,0.9052116356304495,0.09478836436955052,5,4.14429774617578,1.0,40,25,mejora
101286,tela elastica por metros ropa,1.0,0.7510916729774055,0.7788065869851875,0.7788065869851875,0.22119341301481255,5,5.511654002113805,1.0,39,23,mejora
101287,tela gris estampada,1.0,1.0,0.9363792118010483,1.0,0.0,3,5.1279483051733195,1.0,40,28,empata
101289,tela gris por metro,1.0,0.9337457765456111,0.9148568823583791,0.9337457765456111,0.06625422345438892,4,4.947389315617777,1.0,40,23,mejora
101292,tela nylon,0.6235540477207573,0.36745852005902896,0.706583601726363,0.706583601726363,-0.08302955400560574,2,5.397055268830853,1.0,16,10,empeora
101296,telas de franela para patchwork,0.92663607790064,0.31831916378105624,0.6901935063354876,0.6901935063354876,0.23644257156515236,5,4.695759349985009,1.0,40,23,mejora
101303,tele lg 65 pulgadas,0.8104616303452686,0.5408496321226728,0.9083745556952363,0.9083745556952363,-0.09791292534996765,4,6.02995550142977,0.75,40,7,empeora
101309,teledirigidos para niños,1.0,0.9305687780632229,1.0,1.0,0.0,3,4.184225774128487,1.0,16,15,empata
101316,telefono iphone 7 plus,1.0,1.0,1.0,1.0,0.0,4,4.983818055114587,0.75,16,1,empata
101321,telefono movil sin internet,1.0,0.7315449642824575,0.6378891765242929,0.7315449642824575,0.2684550357175425,4,5.8790460646734655,1.0,40,30,mejora
101323,telefono para mayores con tapa,1.0,1.0,0.9363792118010483,1.0,0.0,5,4.156051401456427,1.0,16,15,empata
101327,telefonos moviles para mayores con tapa,1.0,0.9363792118010483,1.0,1.0,0.0,6,4.894407178364221,0.6666666666666666,16,14,empata
101342,telescopio,1.0,1.0,1.0,1.0,0.0,1,7.013115794639964,1.0,16,16,empata
101345,telescopio terrestre potente,0.88995411685096,0.88995411685096,0.77990823370192,0.88995411685096,0.0,3,6.946225562819246,1.0,16,15,empata
101350,television,1.0,1.0,1.0,1.0,0.0,1,7.669895331029034,0.0,16,16,empata
101352,television 28 pulgadas,0.9045395669105326,0.5515034178285837,0.8887327416814557,0.8887327416814557,0.01580682522907695,3,5.638176045220873,0.3333333333333333,16,6,mejora
101354,television 32 pulgadas smart tv,0.9363792118010483,0.7510916729774055,0.8572048559638626,0.8572048559638626,0.07917435583718568,5,4.986531517793282,0.8,21,12,mejora
101358,televisiones qled 4k y soporte,0.889918709778036,0.4773810124095342,0.7980700674762069,0.7980700674762069,0.0918486423018291,5,4.776191317526478,0.8,40,7,mejora
101361,televisión smart tv 65 pulgadas,1.0,0.27584715417186634,0.5806020001118019,0.5806020001118019,0.41939799988819815,5,5.0891898610455195,0.8,40,27,mejora
101364,televisor de 100 pulgadas smart tv,1.0,0.3152014104491349,0.0,0.3152014104491349,0.684798589550865,6,3.702870838450608,0.5,40,3,mejora
101370,televisores smart,1.0,1.0,1.0,1.0,0.0,2,5.7765266280305045,1.0,16,12,empata
101371,televusion 32 pulgadas baratas,1.0,1.0,1.0,1.0,0.0,4,6.720555647342438,0.5,16,16,empata
101383,teléfono sin internet,1.0,0.9305687780632229,0.8572048559638626,0.9305687780632229,0.06943122193677709,3,4.961120294994115,1.0,40,32,mejora
101433,temporizador aceite,0.20438239758848611,0.17723928678404774,0.17723928678404774,0.17723928678404774,0.027143110804438375,2,4.882539591416051,0.5,16,2,mejora
101450,tendedero de pie de acero inoxidable,0.9148568823583791,0.9148568823583791,0.9052116356304495,0.9148568823583791,0.0,6,3.6413962065207954,1.0,16,15,empata
101452,tendedero para radiador,1.0,1.0,1.0,1.0,0.0,3,5.182469698535289,1.0,16,16,empata
101454,tendedero sin alas,0.43067655807339306,0.31546487678572877,0.0,0.31546487678572877,0.11521168128766429,3,5.897770358522645,0.3333333333333333,16,1,mejora
101455,tendedero techo,0.88995411685096,1.0,1.0,1.0,-0.11004588314903996,2,6.642441153451052,1.0,16,15,empeora
101533,termica verde futbol,0.7975167679274939,0.35106842466815347,0.7034066032439749,0.7034066032439749,0.09411016468351907,3,6.69678019383944,0.6666666666666666,40,15,mejora
101538,terminales electricos,0.6975237030812638,0.5628779450399929,0.6913184887144799,0.6913184887144799,0.0062052143667838955,2,8.464512933587324,1.0,16,9,mejora
101552,termoformado para goma eva,0.5392968862278849,0.5531464700081437,0.3156484524795145,0.5531464700081437,-0.0138495837802588,4,5.814717686428754,1.0,27,5,empeora
101554,termometro cuchara,0.8358912271816661,0.612415052310012,0.9156857657441142,0.9156857657441142,-0.07979453856244811,2,7.467162776974952,0.5,16,8,empeora
101581,terracotta plant pot,0.9363792118010483,0.9216017310213247,1.0,1.0,-0.06362078819895167,3,9.11444634782559,1.0,40,16,empeora
101593,terrex gore tex,1.0,0.7471589728148226,0.8643145546088339,0.8643145546088339,0.13568544539116612,3,7.570617183057101,1.0,16,12,mejora
101596,terror sin límites,0.8318724637288826,0.8048099750039491,0.6366824387328317,0.8048099750039491,0.027062488724933442,3,6.3983727746032235,1.0,36,4,mejora
101634,test ph cloro,1.0,1.0,0.92663607790064,1.0,0.0,3,7.374327739466147,1.0,40,37,empata
101651,tetina dr brown nivel 3 boca estrecha,1.0,0.5706417189553201,0.5706417189553201,0.5706417189553201,0.4293582810446799,7,6.551650439595804,0.8571428571428571,16,2,mejora
101705,tezenis bragas sin costuras,0.5009732673492617,0.4779671403625729,0.5446757407423164,0.5446757407423164,-0.043702473393054664,4,6.34072044599198,0.75,35,12,empeora
101919,the crazy haacks,1.0,1.0,0.9918291064614978,1.0,0.0,3,7.967996631950079,1.0,16,8,empata
101972,the feather thief,0.6773676006644396,0.5271615417507156,0.759737292382243,0.759737292382243,-0.0823696917178034,3,8.103151667986133,1.0,27,7,empeora
102123,the last of us,0.9047172294870751,0.9047172294870751,0.5749135036336186,0.9047172294870751,0.0,4,6.008667054873087,1.0,16,4,empata
102282,the ordinary ojos,0.861994354508527,0.5159369855005637,0.895183044469731,0.895183044469731,-0.03318868996120394,3,6.48711287978664,1.0,16,7,empeora
102295,the painted bird,0.6992148198508501,0.6739577727076379,0.6552438651310554,0.6739577727076379,0.025257047143212197,3,8.103151667986133,1.0,39,5,mejora
102744,think fun rush hour,1.0,0.6489315753318466,1.0,1.0,0.0,4,8.340743616887861,1.0,34,16,empata
102867,threadripper,1.0,0.9683310355387569,0.9561626706667605,0.9683310355387569,0.03166896446124312,1,10.308952660644293,1.0,16,7,mejora
102968,thunderbolt 3 to hdmi,1.0,1.0,1.0,1.0,0.0,4,4.9244986314396915,1.0,16,16,empata
103066,tiendas de campaña burbuja,1.0,0.7631925784528223,1.0,1.0,0.0,4,5.953761436836131,1.0,40,23,empata
103124,tijeras de acero inoxidable,1.0,1.0,1.0,1.0,0.0,4,3.5775080432288027,1.0,16,15,empata
103125,tijeras inoxidable,0.7827392871477703,0.713654010247531,0.6410457898283654,0.713654010247531,0.06908527690023936,2,5.177603022580877,1.0,16,14,mejora
103127,tijeras ratio electricista,0.7682269253321375,0.9148568823583791,1.0,1.0,-0.23177307466786246,3,8.003711511100521,1.0,19,13,empeora
103128,tijeras sanitarias,1.0,1.0,1.0,1.0,0.0,2,8.093544261222636,0.5,16,14,empata
103144,tiksounds,0.7322962005285631,0.8829374068620366,0.644824486427155,0.8829374068620366,-0.15064120633347344,1,10.308952660644293,1.0,23,6,empeora
103165,tim burton libro,0.7937341100537232,0.8223538668023913,0.8358912271816661,0.8358912271816661,-0.0421571171279429,3,7.834628910294486,0.6666666666666666,14,8,empeora
103185,timberland mujer botas,1.0,1.0,1.0,1.0,0.0,3,4.828195124149166,1.0,16,12,empata
103196,timbres sin pilas,0.9305687780632229,0.8701249883466594,1.0,1.0,-0.06943122193677709,3,6.0081145296311105,1.0,40,31,empeora
103208,time road mujer joyas,0.13905617951077562,0.0,0.25657228426720274,0.25657228426720274,-0.11751610475642713,4,5.773777625913988,0.5,40,4,empeora
103275,tinte barba rubio claro,0.7207934339526979,0.3967293407545449,0.19215663883127906,0.3967293407545449,0.324064093198153,4,6.053299019124134,1.0,39,9,mejora
103277,tinte crazy color,1.0,1.0,1.0,1.0,0.0,3,6.020293193540855,1.0,16,15,empata
103282,tinte para el pelo azul,0.9828920819566879,0.5585075862632192,0.5135312443624667,0.5585075862632192,0.4243844956934687,5,3.6562939673767216,0.8,16,4,mejora
103284,tinte sin parabenos ni sulfatos,0.5252098581198154,0.5152880109744816,0.5658245193320781,0.5658245193320781,-0.04061466121226276,5,5.593200826718383,1.0,24,13,empeora
103297,tintes profesionales de peluqueria sin amoniaco,1.0,0.77990823370192,1.0,1.0,0.0,6,5.525488473043457,0.6666666666666666,40,34,empata
103346,tira aislante autoadhesiva profesional fillin,0.9337457765456111,0.92663607790064,0.8415908474314977,0.92663607790064,0.00710969864497113,5,7.057393942387215,0.6,40,27,mejora
103347,tira caucho,1.0,1.0,1.0,1.0,0.0,2,6.309784962667801,1.0,16,14,empata
103353,tira led inteligente 10 metros alexa,0.9493885684853097,0.8048099750039491,0.8899603164338973,0.8899603164338973,0.059428252051412445,6,4.472124265647518,1.0,16,4,mejora
103355,tira led sin cable,0.769526190239283,0.28481420121376444,0.508473817692402,0.508473817692402,0.2610523725468811,4,3.8110268998505603,1.0,39,20,mejora
103366,tirantes para bebés,0.6645997082078612,0.4410472408411781,0.7093892840067337,0.7093892840067337,-0.04478957579887255,3,3.9419804839662604,1.0,16,7,empeora
103368,tiras glucosa sinocare,0.6325414799409712,0.6371523797895857,0.5884674004369674,0.6371523797895857,-0.004610899848614514,3,8.377948124516244,1.0,40,18,empeora
103436,titanlux gris piedra,0.8313773227400805,0.72471451675439,0.7021799053685304,0.72471451675439,0.10666280598569045,3,6.185355941852371,1.0,40,6,mejora
103437,titanpro,0.38685280723454163,0.6309297535714575,0.3562071871080222,0.6309297535714575,-0.2440769463369159,1,10.308952660644293,0.0,29,1,empeora
103508,toalla pelo secado rapido,1.0,1.0,1.0,1.0,0.0,4,6.284350172437877,1.0,16,16,empata
103509,toalla xxl playa,1.0,0.8389574121760603,1.0,1.0,0.0,3,5.854653581662085,1.0,40,32,empata
103515,toalleros,1.0,1.0,1.0,1.0,0.0,1,7.824046010856292,1.0,16,16,empata
103516,toallitas aqua pure,1.0,1.0,1.0,1.0,0.0,3,6.947016290867598,1.0,16,5,empata
103521,toallitas uñas sin pelusa,1.0,1.0,0.92663607790064,1.0,0.0,4,5.6707686987947765,1.0,40,32,empata
103555,tocado dorado para el pelo,0.8512360941594275,0.9052116356304495,0.8486026589039901,0.9052116356304495,-0.053975541471022015,5,4.607892326910171,1.0,40,19,empeora
103819,todo mafalda libro,0.8307234529095261,0.45128618090292527,0.41748832019487603,0.45128618090292527,0.3794372720066008,3,6.924619207687491,0.6666666666666666,39,9,mejora
103950,tom moore,0.39956887138389763,0.14465249243306438,0.6371523797895857,0.6371523797895857,-0.2375835084056881,2,8.763431433965135,1.0,38,11,empeora
103955,toma 12v,0.9148568823583791,0.92663607790064,0.9052116356304495,0.92663607790064,-0.011779195542260812,2,6.349092780182005,1.0,16,15,empeora
104013,tommy hilfiguer chaquetas,1.0,1.0,1.0,1.0,0.0,3,7.821930822526198,0.3333333333333333,16,16,empata
104076,tony stark funko pop,0.7671708088082309,0.6930221935231563,0.5917935853108561,0.6930221935231563,0.07414861528507455,4,7.6684418385626785,1.0,38,9,mejora
104171,top de cuello alto,0.77990823370192,0.7663491917568949,0.713654010247531,0.7663491917568949,0.013559041945025108,4,3.871957964639469,1.0,16,13,mejora
104201,top reebok mujer,0.7917063341896683,0.7948833326720566,0.7510916729774055,0.7948833326720566,-0.0031769984823882824,3,5.207182488830157,1.0,40,34,empeora
104208,top sin tiras,0.6930221935231563,0.14829723057014912,0.24880155990324684,0.24880155990324684,0.4442206336199095,3,4.530874346474552,0.6666666666666666,39,9,mejora
104214,tope colchon canape,0.7778721720600673,0.6059848036189868,0.5907272848394974,0.6059848036189868,0.17188736844108055,3,8.465809631473817,0.6666666666666666,40,10,mejora
104216,tope ventana pared,0.9148568823583791,0.9363792118010483,0.92663607790064,0.9363792118010483,-0.021522329442669186,3,5.923898153059397,1.0,16,13,empeora
104239,tops mujer verano sin mangas,1.0,1.0,0.9363792118010483,1.0,0.0,5,4.30310433056757,1.0,40,32,empata
104274,tornillos allen sin cabeza,1.0,0.92663607790064,0.9052116356304495,0.92663607790064,0.07336392209936005,4,5.516002048222483,1.0,39,27,mejora
104278,torno alfarería,1.0,0.9216017310213247,0.9305687780632229,0.9305687780632229,0.06943122193677709,2,8.296276815276718,1.0,16,14,mejora
104280,torno hbm 250,0.19342640361727081,0.0,0.19342640361727081,0.19342640361727081,0.0,3,7.508583089845814,0.3333333333333333,31,2,empata
104296,torquimetro digital,0.8603818544462509,0.8611375561264456,1.0,1.0,-0.13961814555374907,2,7.233651276421153,0.5,40,20,empeora
104302,torre de beber los simpson,0.3010299956639812,0.2890648263178879,0.31546487678572877,0.31546487678572877,-0.014434881121747567,5,5.641101572167901,0.4,31,1,empeora
104303,torre de ordenador 32gb i7,0.9782917460822231,0.8009634987298764,0.5170376467725687,0.8009634987298764,0.17732824735234676,5,4.3818158145142805,1.0,40,8,mejora
104306,torre msi gaming,0.8687949224876582,0.5676648326913505,0.4328368532653788,0.5676648326913505,0.30113008979630773,3,5.763264168005546,0.6666666666666666,40,5,mejora
104307,torres pc gaming completas,1.0,0.92663607790064,0.9363792118010483,0.9363792118010483,0.06362078819895167,4,6.311337379815781,0.5,40,23,mejora
104315,tortilla sin aceite,0.6168295842361275,0.617585285916322,0.6274092458891773,0.6274092458891773,-0.010579661653049799,3,5.403558003343178,1.0,33,16,empeora
104319,tortitas sin gluten,0.5795003533950693,0.7116179486056783,0.5388856921828066,0.7116179486056783,-0.13211759521060895,3,5.386460238547326,1.0,40,10,empeora
104668,tp-link tl wa860re,0.9060254355346823,0.9674679834891693,1.0,1.0,-0.09397456446531771,4,7.309883382710426,1.0,16,3,empeora
104669,tp-link tl-wn722n,1.0,0.9896062251871525,1.0,1.0,0.0,4,7.309883382710426,1.0,16,5,empata
104670,tplink camara wifi,0.8922108454754891,0.2820132694023928,0.7618870795651186,0.7618870795651186,0.13032376591037054,3,6.801388616683224,0.6666666666666666,40,6,mejora
104740,traductor simultaneo auriculares,1.0,1.0,1.0,1.0,0.0,3,8.130055461447192,1.0,15,15,empata
104812,traje gran showman,1.0,1.0,1.0,1.0,0.0,3,6.8153891171225425,1.0,16,16,empata
104817,traje navidad niña,1.0,1.0,1.0,1.0,0.0,3,4.814938222496452,1.0,16,16,empata
104826,trajes mujer vestir elegante,0.8553475075669357,0.8669479898642711,0.9216017310213247,0.9216017310213247,-0.06625422345438903,4,5.484303539406963,1.0,40,26,empeora
104896,transmisor bluetooth optico,1.0,1.0,1.0,1.0,0.0,3,6.785180352273699,0.6666666666666666,15,15,empata
104915,transportin para conejos enanos,1.0,1.0,1.0,1.0,0.0,4,7.087829685472917,0.75,16,16,empata
105177,treking hombres zapatillas,1.0,1.0,0.9363792118010483,1.0,0.0,3,6.220562194671833,1.0,39,32,empata
105201,tres espejos decorativos,0.8219345592466819,0.8112689688197959,0.8053706965939338,0.8112689688197959,0.010665590426885974,3,6.626849962021439,0.6666666666666666,16,8,mejora
105263,trigo sarraceno sin gluten copos,0.791726719367984,0.7058075148678529,0.88995411685096,0.88995411685096,-0.09822739748297604,5,6.070807814679409,1.0,40,18,empeora
105271,triluminos sony,1.0,1.0,0.9305687780632229,1.0,0.0,2,6.31383356778411,1.0,23,16,empata
105292,triple magnesio complex,0.8315546295836225,1.0,0.9197207891481876,1.0,-0.16844537041637753,3,6.964552940958364,1.0,39,2,empeora
105307,tripode k&f,1.0,0.5747915663739763,0.9052116356304495,0.9052116356304495,0.09478836436955052,3,6.89610926186171,0.6666666666666666,16,13,mejora
105309,"tripode para movil 1,50m",0.9132861715058803,0.7845258373696504,0.8429389810067445,0.8429389810067445,0.07034719049913585,5,5.428853167492623,0.6,16,7,mejora
105310,tripode para telefono movil,0.8687949224876582,0.6217937096682962,0.830419897363192,0.830419897363192,0.03837502512446622,4,6.253160429302711,0.25,16,5,mejora
105311,tripode proyector,0.5009732673492617,0.823699893396571,0.6581810421830975,0.823699893396571,-0.3227266260473093,2,7.954187559988125,0.5,16,10,empeora
105340,trofolastin cicatrices,1.0,1.0,1.0,1.0,0.0,2,9.413072926030265,1.0,16,2,empata
105341,trofolastin reductor cicatrices,1.0,1.0,1.0,1.0,0.0,3,8.428316970331588,1.0,16,2,empata
105357,trolley piloto,0.5,1.0,1.0,1.0,-0.5,2,8.811086523867296,0.5,16,1,empeora
105374,tronco brasil planta natural,0.5384313152574522,0.46900009332067494,0.5326208815196266,0.5326208815196266,0.005810433737825638,4,6.937501218040362,1.0,40,10,mejora
105375,troncos madera decoracion largos,0.4671034547999447,0.4728935033594544,0.508473817692402,0.508473817692402,-0.04137036289245727,4,6.353680097882879,0.75,38,15,empeora
105478,true wireless earphones,0.8740803371737863,0.6582450939840575,0.7476089857899577,0.7476089857899577,0.1264713513838286,3,6.986610802864253,0.6666666666666666,16,8,mejora
105546,trípode manfrotto pixi evo,0.9674679834891693,0.9674679834891693,0.9674679834891693,0.9674679834891693,0.0,4,8.083338762592572,1.0,16,3,empata
105551,ts pc racer,0.5199967979955746,0.5988751049740156,0.33816867746367263,0.5988751049740156,-0.078878306978441,3,6.404808711804864,1.0,40,15,empeora
105616,tubo de aire para tapón de deposito colores,0.7114533439819829,0.5166400850076803,0.6678067074646312,0.6678067074646312,0.04364663651735168,8,3.86052864345264,0.75,16,6,mejora
105617,tubo de riego 16mm con gotero,1.0,0.4080731812712917,0.9216017310213247,0.9216017310213247,0.0783982689786753,6,5.264260841260572,1.0,40,23,mejora
105620,tubo goma espuma,1.0,1.0,1.0,1.0,0.0,3,5.381866694460619,1.0,16,16,empata
105625,tubo resistencia,0.9216017310213247,1.0,0.8553475075669357,1.0,-0.0783982689786753,2,5.449621227882265,1.0,39,31,empeora
105652,tul negro,0.8553475075669357,0.6320787427864673,0.8357804136936722,0.8357804136936722,0.019567093873263497,2,4.66301280477521,1.0,16,10,mejora
105660,tulipas,0.6153925060653322,0.6386364459525712,0.6980646980039836,0.6980646980039836,-0.08267219193865138,1,9.615805480084347,0.0,16,4,empeora
105717,tunica caballero cosplay,1.0,1.0,1.0,1.0,0.0,3,7.693031814819757,1.0,16,15,empata
105811,turrón lays gourmet,0.6934264036172708,0.4227898344066503,0.8315546295836225,0.8315546295836225,-0.13812822596635166,3,8.912401079968818,0.3333333333333333,17,2,empeora
105872,tv 22 pulgadas,0.9705437052559006,0.5644921396795606,0.9147029315959612,0.9147029315959612,0.05584077365993945,3,4.37627913328253,0.6666666666666666,16,6,mejora
105873,tv 24 pulgadas led,1.0,0.9216017310213247,1.0,1.0,0.0,4,3.8498389557492523,1.0,16,11,empata
105875,tv 39 smart tv,0.9197207891481876,0.9197207891481876,1.0,1.0,-0.08027921085181244,4,4.365225880779536,1.0,16,2,empeora
105893,tv auriculares inalámbrico radio,1.0,1.0,1.0,1.0,0.0,4,4.559418057180988,0.5,15,3,empata
105912,tv hdr 4k samsung,1.0,1.0,1.0,1.0,0.0,4,4.543903964937659,1.0,16,15,empata
105915,tv led,1.0,0.9363792118010483,1.0,1.0,0.0,2,3.6279098901795983,1.0,16,13,empata
105922,tv lg 86 pulgadas,1.0,1.0,1.0,1.0,0.0,4,5.262727028717874,0.75,40,3,empata
105935,tv oled sony,0.9363792118010483,0.8701249883466594,0.8669479898642711,0.8701249883466594,0.06625422345438892,3,5.093033578750512,1.0,40,14,mejora
105949,tv sin smart tv,0.633219679627003,0.13886244387355456,0.21819512777735,0.21819512777735,0.415024551849653,4,3.7502203791615054,0.75,40,10,mejora
105952,tv sony led 40 pulgadas,0.7653606369886217,0.7653606369886217,0.7039180890341347,0.7653606369886217,0.0,5,4.017646265964678,1.0,40,3,empata
105954,tv speakers,0.5559904114224437,0.6119720699899832,0.6065956724622849,0.6119720699899832,-0.05598165856753956,2,6.654346477797912,1.0,16,9,empeora
106186,tws i12 auriculares,1.0,0.9337457765456111,1.0,1.0,0.0,3,6.917526741538396,1.0,15,13,empata
106272,u acero,0.7007731679885375,0.6578986223737446,0.6429424283490957,0.6578986223737446,0.04287454561479287,2,4.641455532405509,1.0,37,15,mejora
106423,ukelele profesional adulto,0.826813366651774,0.4380892758850172,0.9337457765456111,0.9337457765456111,-0.10693240989383712,3,5.933288445381629,1.0,40,30,empeora
106430,ulla popken leggings,0.8572048559638626,0.7534494445524139,0.8357804136936722,0.8357804136936722,0.02142444227019047,3,8.401090959993498,1.0,40,20,mejora
106549,un avión sin ella,0.3903800499921017,0.5032251913410369,0.5135312443624667,0.5135312443624667,-0.12315119437036498,4,5.568935443646634,1.0,39,4,empeora
106553,un mundo sin fin ken follet,0.9896062251871525,0.9668342083190152,0.951231200062686,0.9668342083190152,0.022772016868137235,6,6.597959982336216,0.8333333333333334,32,5,mejora
106558,una radio para un coche marca vw caddy,0.6402900881481708,0.7951657524814092,0.4198523768135527,0.7951657524814092,-0.1548756643332384,8,5.047526215465063,0.625,40,22,empeora
106634,under armour mujer zapatillas 42,0.8611375561264456,0.8611375561264456,0.9305687780632229,0.9305687780632229,-0.06943122193677731,5,4.928004955203117,1.0,40,25,empeora
106767,unhas gelinho,0.6269451355036492,0.3438894825673598,0.7380396325465057,0.7380396325465057,-0.11109449704285657,2,10.308952660644293,0.0,20,8,empeora
106851,unicornio,0.6605440328515734,0.5929700816521338,0.7750434027136732,0.7750434027136732,-0.11449936986209985,1,6.417132362533666,1.0,16,9,empeora
106852,unicornio luna,0.7909506325094736,0.7605591431973849,0.8630152897016883,0.8630152897016883,-0.07206465719221467,2,6.459711266703819,1.0,16,10,empeora
107000,uno de 50 mujer pulseras,0.6659485553357845,0.7123736502858729,0.6698623505528799,0.7123736502858729,-0.0464250949500884,5,3.9303294342120543,0.8,39,31,empeora
107002,unos cascos inalambrico para hacer,1.0,0.8630152897016883,1.0,1.0,0.0,5,5.929676393856722,0.4,16,12,empata
107004,unplugged in new york,0.9363792118010483,1.0,0.9363792118010483,1.0,-0.06362078819895167,4,6.845041821883662,1.0,15,14,empeora
107028,untitled goose game,0.791726719367984,0.7467045958894682,0.5919268187287084,0.7467045958894682,0.04502212347851575,3,9.055219288746438,1.0,40,13,mejora
107092,uraqt diademas mujer,1.0,0.8553475075669357,1.0,1.0,0.0,3,6.170639741462213,1.0,40,19,empata
107120,urinario portátil para niños,1.0,1.0,1.0,1.0,0.0,4,4.131865662387481,1.0,40,34,empata
107131,urna 1-o,1.0,0.38685280723454163,0.38685280723454163,0.38685280723454163,0.6131471927654584,3,5.318058986947319,0.6666666666666666,16,1,mejora
107132,urna cenizas pequeñas,1.0,0.8630152897016883,1.0,1.0,0.0,3,8.031275416382226,1.0,39,28,empata
107186,usb 3.0 aluminio,0.9090719693810213,0.760965594441447,0.8088412634217226,0.8088412634217226,0.10023070595929873,4,3.3289033813221343,1.0,16,9,mejora
107343,usb otg xiaomi,0.6528642754944295,0.6871952210980249,0.8318477135310892,0.8318477135310892,-0.17898343803665973,3,5.03530867071563,1.0,16,11,empeora
107428,usb3 to ethernet,0.9363792118010483,0.8454256604216018,0.8521705090845474,0.8521705090845474,0.08420870271650094,3,6.077799761869744,1.0,40,28,mejora
107506,usp airsoft,0.6421867266689011,0.7125523635307983,0.5868924718493931,0.7125523635307983,-0.07036563686189723,2,7.93215756509111,1.0,40,13,empeora
107521,utensilio,1.0,0.8318477135310892,0.8415908474314977,0.8415908474314977,0.1584091525685023,1,8.36304251158898,1.0,16,12,mejora
107522,utensilios acuario,1.0,1.0,1.0,1.0,0.0,2,6.451837088219749,0.5,16,16,empata
107525,utensilios ecologicos,0.9337457765456111,0.8200685179888284,0.713654010247531,0.8200685179888284,0.11367725855678268,2,7.659793977370274,0.5,40,26,mejora
107526,utensilios estufa leña,1.0,0.9337457765456111,1.0,1.0,0.0,3,6.798076192937572,1.0,16,15,empata
107705,vainilla sin azucar,0.67175898907361,0.6523706084452718,0.6848374495230164,0.6848374495230164,-0.013078460449406415,3,5.671298029273298,1.0,40,14,empeora
107709,vajilla 60 piezas,1.0,1.0,1.0,1.0,0.0,3,5.012103857702585,1.0,16,16,empata
107710,vajilla apta para microondas,1.0,1.0,1.0,1.0,0.0,4,5.045759622269667,1.0,16,15,empata
107781,valvula olla khun rikon duromatic,0.18154179253735267,0.3084274278260313,0.4525081529734507,0.4525081529734507,-0.270966360436098,5,9.483525783635276,0.6,16,3,empeora
107887,vans negras hombre,1.0,1.0,1.0,1.0,0.0,3,5.5854128352026935,0.6666666666666666,16,16,empata
107917,vaper,0.21515079688078367,0.5922216874835863,0.41412294568879626,0.5922216874835863,-0.37707089060280263,1,6.698034748000068,0.0,16,5,empeora
107918,vaper sin nicotina para niños,0.77990823370192,0.7312625444731049,0.9305687780632229,0.9305687780632229,-0.15066054436130294,5,3.8209571185962092,0.8,35,26,empeora
107925,vapoo vinci,1.0,0.36865805394823997,0.8643145546088339,0.8643145546088339,0.13568544539116612,2,9.615805480084347,0.5,40,22,mejora
107946,vaquero negro hombr,0.9363792118010483,0.8205228949141828,0.92663607790064,0.92663607790064,0.009743133900408374,3,6.651144000437749,0.3333333333333333,16,13,mejora
107950,vaqueros mujer verano,0.9305687780632229,0.41628452663299526,0.8115558478722846,0.8115558478722846,0.11901293019093828,3,4.775856511529969,1.0,38,22,mejora
107957,variador malossi,0.77990823370192,0.9363792118010483,0.9305687780632229,0.9363792118010483,-0.15647097809912835,2,10.308952660644293,1.0,16,15,empeora
107982,vaso bebe 6 meses,0.4328368532653788,0.3753127131864053,0.4731080163351061,0.4731080163351061,-0.04027116306972728,4,4.856889652991778,0.75,16,5,empeora
107984,vaso oster licuadora,0.7709363892380909,0.5102274247214041,0.11838279295536293,0.5102274247214041,0.2607089645166868,3,7.686584160538712,1.0,40,7,mejora
107986,vaso patrulla canina,0.8643145546088339,0.4946396555628011,0.6371523797895857,0.6371523797895857,0.22716217481924816,3,7.202973199786226,1.0,39,11,mejora
107989,vasos altos,1.0,1.0,0.9363792118010483,1.0,0.0,2,7.106338431628872,1.0,16,14,empata
107990,vasos cristal labrados,0.6609134825704245,0.7207934339526979,0.6301390267075182,0.7207934339526979,-0.05987995138227342,3,7.043188208601052,0.6666666666666666,16,9,empeora
107992,vasos luminarc colores,0.4985723557253839,0.2895229882348575,0.5473983622993503,0.5473983622993503,-0.04882600657396646,3,6.182144316419476,1.0,40,14,empeora
107995,vasos para máquina selladora,0.20438239758848611,0.3065735963827292,0.3065735963827292,0.3065735963827292,-0.10219119879424307,4,5.418768815973563,1.0,40,2,empeora
108000,vassoura criança,0.7877736340270853,0.31831916378105624,0.6722390270733758,0.6722390270733758,0.11553460695370954,2,10.308952660644293,0.0,36,21,mejora
108020,vci autocom,0.18507983333513942,0.20678808725291634,0.20678808725291634,0.20678808725291634,-0.02170825391777692,2,10.308952660644293,0.5,34,8,empeora
108116,vela organica,0.7751482523375256,0.5107574098602351,0.7402568920975974,0.7402568920975974,0.034891360239928226,2,7.852625217776266,0.5,16,6,mejora
108120,velas para masaje shunga,1.0,0.77990823370192,0.9148568823583791,0.9148568823583791,0.08514311764162086,4,5.861510990863309,0.5,16,14,mejora
108197,ventana ojo de buey,1.0,1.0,1.0,1.0,0.0,4,5.440230503412245,1.0,37,29,empata
108205,ventilador calefactor usb,0.7975167679274939,0.6410457898283654,0.7827392871477703,0.7827392871477703,0.014777480779723629,3,5.111144453854201,0.6666666666666666,16,12,mejora
108230,ver canales de tv de pago gratis sin programas,0.5806020001118019,0.6325414799409712,0.7104770117651427,0.7104770117651427,-0.1298750116533408,9,4.767540708702964,0.5555555555555556,23,15,empeora
108320,vesa escritorio soporte portatil monitor 29 ultrawide,1.0,0.5,0.43067655807339306,0.5,0.5,7,5.74641920081263,0.5714285714285714,16,1,mejora
108336,vestido ajustado negro mujer,0.8454256604216018,0.8357804136936722,0.8521705090845474,0.8521705090845474,-0.006744848662945557,4,4.4476407754352145,1.0,40,24,empeora
108337,vestido basico negro,1.0,1.0,1.0,1.0,0.0,3,5.35728940112327,1.0,16,15,empata
108338,vestido calvin klein mujer,0.6618313225363276,0.508473817692402,0.857980942822373,0.857980942822373,-0.19614962028604543,4,5.229056636221721,1.0,40,19,empeora
108340,vestido con tirantes algodon,1.0,1.0,0.9305687780632229,1.0,0.0,4,4.782423714925996,0.75,16,11,empata
108348,vestido fiesta largo escote,0.35917726695263485,0.7094198757978375,0.5694111640347342,0.7094198757978375,-0.35024260884520264,4,5.451010279515771,1.0,16,8,empeora
108353,vestido largo abertura lateral invierno,0.6879934754976503,0.8446905084406404,0.8393141109129421,0.8446905084406404,-0.1566970329429901,5,5.761771621977671,0.8,16,9,empeora
108356,vestido manga larga mujer,1.0,1.0,1.0,1.0,0.0,4,4.142236073365119,1.0,21,21,empata
108358,vestido mujer,1.0,1.0,1.0,1.0,0.0,2,3.885695155815247,1.0,16,16,empata
108361,vestido nochevieja mujer,1.0,1.0,1.0,1.0,0.0,3,5.7957319305716135,0.6666666666666666,16,16,empata
108363,vestido para boda civil invierno,1.0,1.0,1.0,1.0,0.0,5,4.81536247216779,0.6,16,15,empata
108364,vestido pin up mujer,0.88995411685096,0.7827392871477703,0.694765116060299,0.7827392871477703,0.10721482970318974,4,4.910525612348036,1.0,16,13,mejora
108367,vestido sexy mujer,1.0,1.0,0.8603818544462509,1.0,0.0,3,4.475460874039087,1.0,16,13,empata
108369,vestido suelto mujer invierno,0.88995411685096,1.0,1.0,1.0,-0.11004588314903996,4,4.862592590232701,1.0,40,26,empeora
108371,vestidod largos tay days,0.6547216238913565,0.46664232174566644,0.617585285916322,0.617585285916322,0.03713633797503446,4,8.90025525985198,0.25,25,10,mejora
108373,vestidos bebe,1.0,1.0,1.0,1.0,0.0,2,5.923810751095093,1.0,16,16,empata
108381,vestidos de niñas de fiesta con piedras,1.0,0.7111953650219202,0.8508957228074243,0.8508957228074243,0.14910427719257568,7,3.363882537789411,1.0,16,9,mejora
108383,vestidos de otoño invierno,1.0,0.77990823370192,0.88995411685096,0.88995411685096,0.11004588314903996,4,4.1711717657251715,1.0,16,15,mejora
108385,vestidos fiesta,1.0,0.5181190644203318,0.8630152897016883,0.8630152897016883,0.13698471029831172,2,5.252889451820565,1.0,31,17,mejora
108387,vestidos fin año mujer,1.0,1.0,0.7065443116025598,1.0,0.0,4,5.623233775325433,1.0,40,31,empata
108392,vestidos mujer blancos,0.8389574121760603,0.77990823370192,0.8482378089219648,0.8482378089219648,-0.009280396745904418,3,5.459470153812174,0.3333333333333333,16,14,empeora
108396,vestidos oficina,1.0,1.0,1.0,1.0,0.0,2,5.315774145465081,0.0,16,16,empata
108451,viagra para hombres,0.6509209298071326,0.5706417189553201,0.18457569677956817,0.5706417189553201,0.08027921085181244,3,4.9902652437672925,0.3333333333333333,13,2,mejora
108521,victor ruiz time,0.9896062251871525,0.7816510974258781,0.9565912771023182,0.9565912771023182,0.033014948084834295,3,8.570640741441297,0.3333333333333333,7,5,mejora
108585,video juego ps4 fifa,0.8072467605676945,0.8072467605676945,0.5316900945208328,0.8072467605676945,0.0,4,5.730159450730396,0.5,15,3,empata
108591,videocamaras,1.0,1.0,1.0,1.0,0.0,1,10.308952660644293,0.0,16,16,empata
108605,view2,1.0,0.0,0.11751610475642714,0.11751610475642714,0.8824838952435728,1,9.615805480084347,1.0,16,4,mejora
108676,vinilo decorativo,1.0,1.0,1.0,1.0,0.0,2,5.700096097491494,1.0,16,16,empata
108708,vino tinto sin sulfatos,0.5965377185773229,0.5836175861945263,0.510069131458292,0.5836175861945263,0.012920132382796545,4,5.4310294042465115,0.75,34,13,mejora
108892,visillo,1.0,1.0,1.0,1.0,0.0,1,8.922658299524402,1.0,22,22,empata
108893,visillo sin taladrar,0.9216017310213247,0.8200685179888284,0.9337457765456111,0.9337457765456111,-0.012144045524286384,3,6.029908782718727,1.0,38,26,empeora
108970,vitamina b,1.0,1.0,1.0,1.0,0.0,2,5.478882013692093,1.0,15,15,empata
108975,vitaminas magnesio y colageno,0.8315546295836225,0.4911492931622974,0.8503449055347546,0.8503449055347546,-0.01879027595113214,4,5.979214278410671,0.5,16,2,empeora
108991,vitis aloe vera manzana,0.4946396555628011,0.6020521034564039,0.6421867266689011,0.6421867266689011,-0.1475470711061,4,7.700423709744718,1.0,36,10,empeora
109015,viver kombucha,0.0,0.0,0.0,0.0,0.0,2,9.759646516310237,0.5,40,1,empata
109016,viviactive 3,1.0,0.831584429509448,0.7870111744655099,0.831584429509448,0.168415570490552,2,6.308442679982467,0.5,40,5,mejora
109038,vivrador anales hombre mando,0.5837154733670049,0.6563033086078547,0.6505132600483448,0.6563033086078547,-0.07258783524084977,4,6.957449327698616,0.5,39,24,empeora
109077,vodka ruso,1.0,0.88995411685096,1.0,1.0,0.0,2,9.413072926030265,1.0,16,14,empata
109092,voile straps,0.38685280723454163,0.0,0.6240505200038379,0.6240505200038379,-0.23719771276929624,2,9.413072926030265,0.0,18,2,empeora
109097,volante,0.41412294568879626,1.0,0.8539316501572937,1.0,-0.5858770543112037,1,6.104260041253326,1.0,16,5,empeora
109100,volante truthmaster t300 alcantara,0.8698774507711068,0.7937341100537232,0.8000715730078201,0.8000715730078201,0.06980587776328673,4,8.580766955521,0.75,31,8,mejora
109102,volca keys,1.0,0.38685280723454163,0.5,0.5,0.5,2,9.759646516310237,1.0,16,1,mejora
109251,vulca bicha zapatillas casa niña,0.8200685179888284,1.0,0.8643145546088339,1.0,-0.1799314820111716,5,6.7657709781621564,1.0,38,33,empeora
109288,wacom cintiq,1.0,0.8826130928198886,0.9121559825872435,0.9121559825872435,0.08784401741275649,2,8.86376678169621,1.0,16,5,mejora
109289,wacom cintiq pro,0.5943907508440193,0.5889837127672155,0.6105858728157117,0.6105858728157117,-0.016195121971692483,3,7.125730768117691,1.0,39,6,empeora
109294,wacon pro,0.5000544765641111,0.5946976087835997,0.6193198671454698,0.6193198671454698,-0.11926539058135877,2,6.979305700802474,0.5,40,8,empeora
109346,wahl sin cable,0.793584067764911,0.7467045958894682,0.6901935063354876,0.7467045958894682,0.046879471875442724,3,5.173542535715945,1.0,16,10,mejora
109413,walkie pmr,1.0,0.9337457765456111,0.9305687780632229,0.9337457765456111,0.06625422345438892,2,7.765154493028101,1.0,16,15,mejora
109414,walkie talkie,1.0,1.0,1.0,1.0,0.0,2,7.188814738058908,1.0,16,16,empata
109662,waluigi disfraz,0.38685280723454163,0.20438239758848611,0.2640681225725909,0.2640681225725909,0.12278468466195075,2,7.568633198973297,1.0,16,2,mejora
109665,wananfu,0.8207658584763088,0.7864489426433972,0.830419897363192,0.830419897363192,-0.00965403888688321,1,10.308952660644293,1.0,14,5,empeora
109697,warhammer fantasy,0.9363792118010483,1.0,0.9363792118010483,1.0,-0.06362078819895167,2,8.892345988616185,1.0,16,13,empeora
109800,watain vinilo,0.77990823370192,0.77990823370192,0.9148568823583791,0.9148568823583791,-0.13494864865645917,2,7.8171493497901245,0.5,14,13,empeora
109844,watch series 3,1.0,0.7122630665145961,0.6182885020492784,0.7122630665145961,0.28773693348540386,3,4.584572953817747,1.0,16,3,mejora
110270,wc quimico portatil caravana,0.8357804136936722,0.7975167679274939,0.9337457765456111,0.9337457765456111,-0.09796536285193891,4,7.565566152197748,1.0,40,20,empeora
110283,wd green,0.9560290452802053,0.8539316501572937,0.8687949224876582,0.8687949224876582,0.08723412279254705,2,6.4436456276124225,1.0,16,5,mejora
110310,we never learn,1.0,1.0,1.0,1.0,0.0,3,8.048978691486875,1.0,16,15,empata
110361,web cam,1.0,1.0,1.0,1.0,0.0,2,7.047906261559216,1.0,16,16,empata
110378,webcam sin microfono,0.0,0.3562071871080222,0.5,0.5,-0.5,3,5.6175092987339745,0.6666666666666666,39,1,empeora
110606,weishi,1.0,1.0,1.0,1.0,0.0,1,10.308952660644293,1.0,14,6,empata
110697,western,1.0,1.0,1.0,1.0,0.0,1,8.111728083308073,1.0,16,16,empata
110767,whall profesional magic clip,0.8701249883466594,0.718362797268624,0.7846170207230131,0.7846170207230131,0.08550796762364632,4,6.630700610447544,0.75,40,12,mejora
110908,whisky macallan,1.0,1.0,1.0,1.0,0.0,2,7.635398895285558,1.0,16,11,empata
111502,wickey,0.9148568823583791,1.0,1.0,1.0,-0.08514311764162086,1,9.615805480084347,1.0,40,33,empeora
111651,wii u consolas,0.92663607790064,0.5430029249822635,0.7682269253321375,0.7682269253321375,0.1584091525685024,3,7.38192108224342,0.6666666666666666,39,15,mejora
111685,wild tiger,0.9619991470595832,0.7365896932159578,0.9447176050778178,0.9447176050778178,0.017281541981765458,2,7.544238116888581,1.0,16,4,mejora
111755,wimpy kid 13,0.7511984400967533,0.8083286100076829,0.3967293407545449,0.8083286100076829,-0.05713016991092956,3,7.6599622080797625,1.0,40,9,empeora
112265,wirsbo,0.6105456988825855,0.46927872602275644,0.46927872602275644,0.46927872602275644,0.14126697285982903,1,10.308952660644293,1.0,36,3,mejora
112338,wmf espumadera,0.9838048780283076,0.9876712785649565,0.8090791338210653,0.9876712785649565,-0.003866400536648884,2,8.786691441782581,1.0,16,6,empeora
112850,womens black and white striped trousers,0.8315546295836225,0.5437713091520254,0.9197207891481876,0.9197207891481876,-0.08816615956456508,6,6.951212185532082,1.0,16,2,empeora
113768,woomax cocina de madera,1.0,0.8899603164338973,0.9178287402913374,0.9178287402913374,0.08217125970866257,4,4.1638792360233206,1.0,16,4,mejora
114014,wrapples fashion wraps,1.0,1.0,1.0,1.0,0.0,3,8.74212587204682,1.0,16,8,empata
114094,written in the stars,0.9305687780632229,0.7218018303820491,0.88995411685096,0.88995411685096,0.04061466121226287,4,6.863712013016699,1.0,40,32,mejora
114122,ww tiguan,0.0,0.0,0.0,0.0,0.0,2,9.759646516310237,0.5,39,3,empata
114128,wwe,1.0,1.0,1.0,1.0,0.0,1,10.308952660644293,1.0,14,14,empata
114198,x-wing miniaturas,1.0,1.0,0.7917063341896683,1.0,0.0,3,6.600650237155698,1.0,39,32,empata
114300,xbox one s,1.0,0.7162874455029682,0.9363792118010483,0.9363792118010483,0.06362078819895167,3,4.706699126872306,1.0,16,12,mejora
114328,xcaybh,0.47084972088011423,1.0,0.7461976723150332,1.0,-0.5291502791198858,1,10.308952660644293,0.0,10,3,empeora
114349,xevi verdaguer libros,0.5543110021543998,0.3391602052736161,0.44615333764087994,0.44615333764087994,0.10815766451351982,3,8.809016103867537,0.6666666666666666,33,5,mejora
114368,xiaomi 8 lite 128gb,1.0,1.0,0.6509209298071326,1.0,0.0,4,4.639137327839409,0.75,16,2,empata
114373,xiaomi amazfit gtr,0.5,1.0,0.5,1.0,-0.5,3,6.728534519742287,1.0,16,1,empeora
114374,xiaomi amazfit gts,1.0,1.0,1.0,1.0,0.0,3,7.09473861596499,0.6666666666666666,16,1,empata
114382,xiaomi cinta de correr plegable,1.0,1.0,0.9447176050778178,1.0,0.0,5,3.9542109009516055,1.0,40,4,empata
114383,xiaomi g1 aspirador,0.20210734650054757,0.0,0.0,0.0,0.20210734650054757,3,5.80347135176234,0.6666666666666666,40,3,mejora
114384,xiaomi go,1.0,0.4776237035032179,0.9674679834891693,0.9674679834891693,0.03253201651083071,2,5.213811795180986,1.0,16,3,mejora
114390,xiaomi mi 9,0.7532831509624124,0.34085783682463,0.6552438651310554,0.6552438651310554,0.09803928583135701,3,4.424840163384017,1.0,16,5,mejora
114398,xiaomi mi a 2,1.0,0.6366824387328317,0.39233405721184117,0.6366824387328317,0.3633175612671683,4,3.5506079085992797,1.0,16,4,mejora
114401,xiaomi mi a3,1.0,0.7951657524814092,1.0,1.0,0.0,3,5.21057555587544,1.0,18,15,empata
114403,xiaomi mi a3 pro,0.6049306994552042,0.5065745439910657,0.617319681505689,0.617319681505689,-0.012388982050484887,4,4.8203463521467445,0.75,16,3,empeora
114413,xiaomi mi9t,0.7909506325094736,0.7506372960520511,0.6830838076905166,0.7506372960520511,0.04031333645742252,2,7.423232099079285,0.5,16,10,mejora
114415,xiaomi mi9t pro,1.0,1.0,0.8006937664098821,1.0,0.0,3,6.165374313039742,0.6666666666666666,16,11,empata
114418,xiaomi my band 4,1.0,0.6378891765242929,0.8482378089219648,0.8482378089219648,0.15176219107803524,4,4.778167444966312,0.75,16,10,mejora
114423,xiaomi perro,1.0,1.0,1.0,1.0,0.0,2,4.981831137786099,0.5,16,1,empata
114431,xiaomi redmi note 7,0.9782917460822231,0.6895293891407199,0.9120345678990496,0.9120345678990496,0.06625717818317356,4,4.759918989720468,1.0,16,8,mejora
114433,xiaomi redmi note 8,1.0,1.0,1.0,1.0,0.0,4,4.669494420452729,1.0,18,18,empata
114440,xiaomi smart tv,1.0,1.0,0.7653606369886217,1.0,0.0,3,4.323669056636316,0.6666666666666666,16,3,empata
114442,xiaomi tv box s,1.0,0.8573475126545859,0.9833032486989473,0.9833032486989473,0.016696751301052748,4,4.403290854404374,1.0,16,6,mejora
114444,xihama mi band 2,0.9469024295259745,0.9066276098484507,0.8854598815714874,0.9066276098484507,0.04027481967752378,4,5.782901646346031,1.0,16,3,mejora
114447,xiomiredmi,1.0,0.9305687780632229,1.0,1.0,0.0,1,10.308952660644293,0.0,16,14,empata
114494,xls medical,0.9337457765456111,0.9052116356304495,0.77990823370192,0.9052116356304495,0.0285341409151616,2,8.71992574547032,1.0,16,13,mejora
114665,y s park,1.0,1.0,1.0,1.0,0.0,3,4.279408665540742,1.0,40,29,empata
114788,yatour citroen c4,0.7104770117651427,0.5747915663739763,0.8115558478722846,0.8115558478722846,-0.10107883610714197,3,8.748242251602887,0.6666666666666666,16,10,empeora
115017,yoga,1.0,1.0,1.0,1.0,0.0,1,5.221356325411908,1.0,16,16,empata
115068,yogures sin lactosa,0.3727892582642587,0.21629571830533073,0.27487633291429087,0.27487633291429087,0.09791292534996782,3,5.950165553030115,0.6666666666666666,40,7,mejora
115075,yohinbina,0.6508205185601091,0.0,0.46927872602275644,0.46927872602275644,0.1815417925373527,1,10.308952660644293,0.0,37,3,mejora
115136,young avengers omnibus,0.8480740740411332,0.7618870795651186,0.7618870795651186,0.7618870795651186,0.08618699447601463,3,8.272536799722838,1.0,40,6,mejora
115234,ysey miyake hombre,1.0,1.0,1.0,1.0,0.0,3,7.4968859832420565,0.6666666666666666,16,15,empata
115243,ytx7l bs bateria,1.0,0.7510916729774055,0.9305687780632229,0.9305687780632229,0.06943122193677709,3,8.421299167265644,1.0,40,18,mejora
115366,zapata bicicleta spinning,1.0,0.39639187290150935,0.461568684742548,0.461568684742548,0.538431315257452,3,6.675228019772867,0.6666666666666666,38,19,mejora
115370,zapatero alto blanco,1.0,1.0,1.0,1.0,0.0,3,4.898863104398033,1.0,16,15,empata
115378,zapatillas 11 años,0.36926780146674987,0.43334518829986224,0.5249161118977292,0.5249161118977292,-0.15564831043097938,3,4.066146013735967,0.3333333333333333,16,3,empeora
115381,zapatillas all star mujer converse,0.9363792118010483,0.9216017310213247,0.8572048559638626,0.9216017310213247,0.014777480779723629,5,4.997879943270407,1.0,40,32,mejora
115384,zapatillas asics niño 36 running,1.0,1.0,0.9148568823583791,1.0,0.0,5,5.135535583960095,0.8,16,15,empata
115387,zapatillas blancas plataforma,0.8643145546088339,0.7846170207230131,0.8521705090845474,0.8521705090845474,0.012144045524286495,3,5.585577399932334,1.0,16,13,mejora
115392,zapatillas catlike mtb,1.0,1.0,0.7003502195797513,1.0,0.0,3,6.668005940571423,1.0,16,5,empata
115396,zapatillas comodas mujer,1.0,0.9052116356304495,0.88995411685096,0.9052116356304495,0.09478836436955052,3,5.116174183946221,0.6666666666666666,16,14,mejora
115402,zapatillas de deporte mujer desigual blancas,0.430624116386567,0.8175295903539445,0.18457569677956817,0.8175295903539445,-0.38690547396737746,6,4.337268435562985,0.5,16,2,empeora
115405,zapatillas de hombre agua,0.9068250379649666,0.7064104889703594,0.951231200062686,0.951231200062686,-0.044406162097719415,4,2.806418883488972,1.0,16,5,empeora
115407,zapatillas de mujer fila,1.0,1.0,1.0,1.0,0.0,4,3.6584099931166145,0.75,16,14,empata
115413,zapatillas dunlop hombre vestir,0.5201261898372743,0.28379961835714673,0.4259504763732005,0.4259504763732005,0.09417571346407383,4,5.477390068243712,0.75,27,6,mejora
115420,zapatillas goretex surround mujer,0.7328286204777911,0.2960819109658652,0.8278123145308894,0.8278123145308894,-0.09498369405309837,4,5.793142140673739,0.75,16,3,empeora
115425,zapatillas hombre blancas,1.0,1.0,1.0,1.0,0.0,3,4.456796058279946,0.6666666666666666,16,15,empata
115429,zapatillas hombre sin cordones,0.9363792118010483,1.0,0.9305687780632229,1.0,-0.06362078819895167,4,3.8852321217288877,1.0,40,26,empeora
115431,zapatillas hospital,0.6049306994552042,0.7653606369886217,0.6049306994552042,0.7653606369886217,-0.1604299375334175,2,5.962539780614595,1.0,16,3,empeora
115437,zapatillas montaña de mujer,0.8701249883466594,0.92663607790064,0.92663607790064,0.92663607790064,-0.05651108955398054,4,3.107373738071416,1.0,16,12,empeora
115439,zapatillas mtb,0.9337457765456111,0.8669479898642711,1.0,1.0,-0.06625422345438892,2,4.84753258053499,1.0,16,11,empeora
115447,zapatillas mujer running saucony,1.0,1.0,1.0,1.0,0.0,4,4.748777273440587,1.0,16,16,empata
115452,zapatillas nike lunar gato,0.9674679834891693,0.49141527484330916,0.6112833214150002,0.6112833214150002,0.3561846620741691,4,5.889873730946783,1.0,12,3,mejora
115454,zapatillas niña puma,1.0,1.0,1.0,1.0,0.0,3,4.94268345156729,0.6666666666666666,16,16,empata
115457,zapatillas para niñas color blanco skecher,0.6913184887144799,0.6171698734294052,0.5595270501044359,0.6171698734294052,0.07414861528507466,6,4.137549270845413,0.6666666666666666,16,9,mejora
115461,zapatillas rebook niño,0.8701249883466594,0.7631925784528223,0.92663607790064,0.92663607790064,-0.05651108955398054,3,6.396503261383354,0.6666666666666666,16,10,empeora
115464,zapatillas skecher hombre,1.0,1.0,1.0,1.0,0.0,3,5.733009857109644,0.6666666666666666,19,19,empata
115472,zapato negro hebilla hombre vestir,0.8900174613068491,0.844330763384584,0.6625602459390023,0.844330763384584,0.045686697922265096,5,5.103012816772954,1.0,16,6,mejora
115474,zapato sin cordones,1.0,0.8611375561264456,1.0,1.0,0.0,3,5.3213573211070715,1.0,40,27,empata
115476,zapato trabajo hombre seguridad,0.9363792118010483,0.9363792118010483,0.8669479898642711,0.9363792118010483,0.0,4,5.0363810883715425,0.75,16,11,empata
115483,zapatos de esparto de mujer,0.9216017310213247,0.7909506325094736,0.8669479898642711,0.8669479898642711,0.05465374115705357,5,3.7853235196721693,1.0,40,27,mejora
115487,zapatos de mujer deportivos,0.7162874455029682,0.8357804136936722,0.8486026589039901,0.8486026589039901,-0.13231521340102192,4,3.4269161858654265,0.5,16,10,empeora
115494,zapatos deportivos hombre ofertas,1.0,1.0,1.0,1.0,0.0,4,5.779067775042186,0.5,16,15,empata
115498,zapatos flamenca niña,1.0,1.0,1.0,1.0,0.0,3,6.386089188648161,1.0,16,16,empata
115500,zapatos hippie,0.39399144290744104,0.7095272044910244,0.8667163765466582,0.8667163765466582,-0.4727249336392172,2,6.498600117225161,0.5,16,4,empeora
115503,zapatos mary jane tacon cuadrado,0.9594516125393133,0.8712396658637702,0.9766325382721557,0.9766325382721557,-0.017180925732842356,5,7.241965414306823,0.8,16,7,empeora
115504,zapatos mujer,1.0,1.0,1.0,1.0,0.0,2,3.8605642384248027,1.0,16,16,empata
115510,zapatos niños,1.0,1.0,1.0,1.0,0.0,2,4.052674238172017,1.0,16,16,empata
115512,zapatos rosa terciopelo,0.6992148198508501,0.45824474400474136,0.5684045686173149,0.5684045686173149,0.13081025123353518,3,5.238433590468678,1.0,16,5,mejora
115516,zapatos sevillana,1.0,1.0,1.0,1.0,0.0,2,7.3033190734422115,1.0,16,16,empata
115519,zapatos tacon corrido,1.0,1.0,0.38685280723454163,1.0,0.0,3,7.843098815469609,0.6666666666666666,16,1,empata
115520,zapatos tacón pikolinos de mujer,0.9148568823583791,0.8701249883466594,0.8486026589039901,0.8701249883466594,0.04473189401171973,5,4.624868309687143,1.0,16,13,mejora
115524,zapatos zaragoza mujer,0.08747171410140821,0.6073441914885231,0.6973975865011866,0.6973975865011866,-0.6099258723997784,3,6.0100270458313,0.3333333333333333,40,6,empeora
115582,zeiss prismaticos,1.0,0.5706291306523891,1.0,1.0,0.0,2,8.416857843685161,0.5,16,7,empata
115630,zephyrus g14,0.4935232796777482,0.6013124342022591,0.4935232796777482,0.6013124342022591,-0.10778915452451093,2,8.608353969813216,1.0,40,6,empeora
115639,zero fog plus gafas,0.24630238874073,0.44149241373678083,0.5204732013389002,0.5204732013389002,-0.2741708125981702,4,6.228871355231304,1.0,39,4,empeora
115895,zuecos sin agujeros,0.8006937664098821,0.8701249883466594,0.706583601726363,0.8701249883466594,-0.06943122193677731,3,5.801119618193872,1.0,40,21,empeora
115896,zuecos suela blanda,0.9305687780632229,1.0,1.0,1.0,-0.06943122193677709,3,7.5468628430499365,0.6666666666666666,39,31,empeora
115897,zueos feliz caminar,1.0,0.7917063341896683,0.9363792118010483,0.9363792118010483,0.06362078819895167,3,7.9389928396202025,0.6666666666666666,16,12,mejora
115902,zumba camiseta,1.0,1.0,1.0,1.0,0.0,2,7.357635993943609,1.0,16,14,empata
115934,zócalo autoadhesivo,0.8611375561264456,0.7967610662472993,0.7218018303820491,0.7967610662472993,0.06437648987914635,2,7.100586519388129,1.0,16,11,mejora
115939,álgebra y trigonometría,1.0,0.8389574121760603,1.0,1.0,0.0,3,7.360312249542953,1.0,15,13,empata
